problema,algoritmo,run,seed,f1,f2,f3
Truss2D,NSGA-II,0,42,0.0040369904138444785,99989.43828818515,
Truss2D,NSGA-II,0,42,0.05587869854894195,8432.74042711583,
Truss2D,NSGA-II,0,42,0.047864684457804854,8605.765358276924,
Truss2D,NSGA-II,0,42,0.05025384225404145,8482.935669559323,
Truss2D,NSGA-II,0,42,0.010921276121048078,36913.88027739473,
Truss2D,NSGA-II,0,42,0.015895499444218884,25364.516173687556,
Truss2D,NSGA-II,0,42,0.014834610215172865,27350.708272360618,
Truss2D,NSGA-II,0,42,0.005169889926140814,78875.90801386499,
Truss2D,NSGA-II,0,42,0.04624716234859187,8816.131550730779,
Truss2D,NSGA-II,0,42,0.01758093457462248,22826.01281711961,
Truss2D,NSGA-II,0,42,0.024011137299161656,16983.486184632933,
Truss2D,NSGA-II,0,42,0.022122685337005347,18219.869960000204,
Truss2D,NSGA-II,0,42,0.022847701621908887,17762.857908159833,
Truss2D,NSGA-II,0,42,0.03189830285946686,12554.83347353594,
Truss2D,NSGA-II,0,42,0.010386012003222485,39451.78798555332,
Truss2D,NSGA-II,0,42,0.030621279763282862,13108.016131272363,
Truss2D,NSGA-II,0,42,0.05336886025557417,8432.740427115887,
Truss2D,NSGA-II,0,42,0.007084585733371878,57667.19493423015,
Truss2D,NSGA-II,0,42,0.004787340194346001,84639.88223987713,
Truss2D,NSGA-II,0,42,0.041164495337905664,9813.6915251017,
Truss2D,NSGA-II,0,42,0.009850206886015431,41666.63367360246,
Truss2D,NSGA-II,0,42,0.004938983753010266,81099.10827233898,
Truss2D,NSGA-II,0,42,0.025339978988617104,15975.707295320855,
Truss2D,NSGA-II,0,42,0.005246283504620742,76629.05922973334,
Truss2D,NSGA-II,0,42,0.0181784906713155,22017.271261966896,
Truss2D,NSGA-II,0,42,0.009576881724353675,43321.13605463619,
Truss2D,NSGA-II,0,42,0.01687842035532726,24359.514959061744,
Truss2D,NSGA-II,0,42,0.005578535630994749,72533.4945753763,
Truss2D,NSGA-II,0,42,0.00723506056956363,55747.364670641124,
Truss2D,NSGA-II,0,42,0.0064063455552210834,63731.50943521699,
Truss2D,NSGA-II,0,42,0.00826817536063017,48446.61699382216,
Truss2D,NSGA-II,0,42,0.006108969829426328,66536.75899319863,
Truss2D,NSGA-II,0,42,0.004870589030185375,82580.64091697303,
Truss2D,NSGA-II,0,42,0.004198247449966509,95564.971182605,
Truss2D,NSGA-II,0,42,0.0044076138516601585,90942.41516877414,
Truss2D,NSGA-II,0,42,0.009086902091365597,44333.05822025584,
Truss2D,NSGA-II,0,42,0.03972048207265669,10217.362495546035,
Truss2D,NSGA-II,0,42,0.02648748490895462,15450.155020640173,
Truss2D,NSGA-II,0,42,0.05219414591011606,8432.740427116036,
Truss2D,NSGA-II,0,42,0.004491635653433995,89133.07325999306,
Truss2D,NSGA-II,0,42,0.04285231859713813,9598.689496058572,
Truss2D,NSGA-II,0,42,0.027672783862398,14676.673617777835,
Truss2D,NSGA-II,0,42,0.032857746303187954,12525.550334708292,
Truss2D,NSGA-II,0,42,0.005744529262454655,71441.02918988957,
Truss2D,NSGA-II,0,42,0.05132562767188914,8440.505694600442,
Truss2D,NSGA-II,0,42,0.006849571403344634,59471.02367962104,
Truss2D,NSGA-II,0,42,0.006005349899407742,68653.81853292254,
Truss2D,NSGA-II,0,42,0.004679680809792471,86604.30192497416,
Truss2D,NSGA-II,0,42,0.024618293510367994,16261.26635635939,
Truss2D,NSGA-II,0,42,0.03468601253909252,11800.008304400428,
Truss2D,NSGA-II,0,42,0.006228423523611162,65220.242375020054,
Truss2D,NSGA-II,0,42,0.005900612852843658,69597.9518146289,
Truss2D,NSGA-II,0,42,0.008894795223893677,45814.521936555735,
Truss2D,NSGA-II,0,42,0.004346741315514345,93786.07844919321,
Truss2D,NSGA-II,0,42,0.010083358742877193,39929.19420310486,
Truss2D,NSGA-II,0,42,0.01294593627410896,31276.846051059507,
Truss2D,NSGA-II,0,42,0.004109245459381188,97877.3281190681,
Truss2D,NSGA-II,0,42,0.04422425040770518,9140.178327785892,
Truss2D,NSGA-II,0,42,0.04538223965634697,8902.43391614675,
Truss2D,NSGA-II,0,42,0.005382527550618231,74788.10639019079,
Truss2D,NSGA-II,0,42,0.040549059966635714,9873.199911223492,
Truss2D,NSGA-II,0,42,0.004391637873642538,92721.67092680364,
Truss2D,NSGA-II,0,42,0.014419289640675539,27853.013316417855,
Truss2D,NSGA-II,0,42,0.011319592894241948,35482.66598201794,
Truss2D,NSGA-II,0,42,0.02104664873459378,19179.76693356995,
Truss2D,NSGA-II,0,42,0.00744026641765159,54352.523597236206,
Truss2D,NSGA-II,0,42,0.020145310571887308,20077.490382380027,
Truss2D,NSGA-II,0,42,0.006821973279052982,60679.12666872875,
Truss2D,NSGA-II,0,42,0.026853279483879125,15024.90530034261,
Truss2D,NSGA-II,0,42,0.004580280149719581,87661.45236122728,
Truss2D,NSGA-II,0,42,0.019558718143174704,20862.746805666262,
Truss2D,NSGA-II,0,42,0.02995552999862759,13581.377371452632,
Truss2D,NSGA-II,0,42,0.01254066709909156,32101.33946559303,
Truss2D,NSGA-II,0,42,0.016595303277220377,25079.061146069347,
Truss2D,NSGA-II,0,42,0.013339882505353312,30493.388096463797,
Truss2D,NSGA-II,0,42,0.008097918731781714,50385.44874774786,
Truss2D,NSGA-II,0,42,0.012122391977341048,33507.979595585486,
Truss2D,NSGA-II,0,42,0.014079809503223736,28964.119634892693,
Truss2D,NSGA-II,0,42,0.03356488815124232,11954.719302970507,
Truss2D,NSGA-II,0,42,0.035512527308444675,11280.81353140349,
Truss2D,NSGA-II,0,42,0.011695351096495329,34478.00429306162,
Truss2D,NSGA-II,0,42,0.018999408584586024,21309.863919138916,
Truss2D,NSGA-II,0,42,0.02852849630529774,14416.266751751238,
Truss2D,NSGA-II,0,42,0.029343987630066265,13672.001076786724,
Truss2D,NSGA-II,0,42,0.03654689492656636,11063.862399887279,
Truss2D,NSGA-II,0,42,0.04316590271170315,9328.190952176868,
Truss2D,NSGA-II,0,42,0.007985740953890682,52111.30377144045,
Truss2D,NSGA-II,0,42,0.00415339347882593,97213.8270730424,
Truss2D,NSGA-II,0,42,0.038773177081852794,10393.489113678294,
Truss2D,NSGA-II,0,42,0.008633920441073728,47441.68741176473,
Truss2D,NSGA-II,0,42,0.044727105736589015,9105.136456660404,
Truss2D,NSGA-II,0,42,0.007530969568383718,53361.971046298066,
Truss2D,NSGA-II,0,42,0.028870001064928295,14209.619627816564,
Truss2D,NSGA-II,0,42,0.00655823716697758,61894.948729048345,
Truss2D,NSGA-II,0,42,0.012466490900395873,33229.935879421406,
Truss2D,NSGA-II,0,42,0.03396412989330509,11885.108348692493,
Truss2D,NSGA-II,0,42,0.03797868702512969,10587.871164973832,
Truss2D,NSGA-II,0,42,0.008795656023321063,47048.956242044515,
Truss2D,NSGA-II,0,42,0.005373846162946285,75130.19548346603,
Truss2D,NSGA-II,0,42,0.05336886025557355,8432.740427115901,
Truss2D,NSGA-II,1,43,0.05172410341801456,8432.740427121284,
Truss2D,NSGA-II,1,43,0.004049701851266157,99999.90594953102,
Truss2D,NSGA-II,1,43,0.006701554936518863,59768.08420790761,
Truss2D,NSGA-II,1,43,0.00623291402050078,65868.03398488917,
Truss2D,NSGA-II,1,43,0.0055908401011411975,72384.98922707819,
Truss2D,NSGA-II,1,43,0.02837186763297942,14857.166457983265,
Truss2D,NSGA-II,1,43,0.047244002549946096,8758.393595656571,
Truss2D,NSGA-II,1,43,0.006441716270899885,63293.45004979279,
Truss2D,NSGA-II,1,43,0.03176396794123419,12766.218028879684,
Truss2D,NSGA-II,1,43,0.029482328570749578,13624.636569845237,
Truss2D,NSGA-II,1,43,0.004115860870681798,99058.94347171926,
Truss2D,NSGA-II,1,43,0.04408899021786118,9303.605293371174,
Truss2D,NSGA-II,1,43,0.011253889335542984,35893.06657581377,
Truss2D,NSGA-II,1,43,0.006045166248758944,68631.46276022842,
Truss2D,NSGA-II,1,43,0.004201161815796797,95596.97469924219,
Truss2D,NSGA-II,1,43,0.011906688518246816,33862.11944879541,
Truss2D,NSGA-II,1,43,0.012630292526556525,31943.82544139294,
Truss2D,NSGA-II,1,43,0.048215528210219835,8585.667629681457,
Truss2D,NSGA-II,1,43,0.013521773911056257,30522.292754405014,
Truss2D,NSGA-II,1,43,0.03434298071942536,11934.21911901921,
Truss2D,NSGA-II,1,43,0.043082287384803006,9453.119982867636,
Truss2D,NSGA-II,1,43,0.03874374179152225,10340.661460602187,
Truss2D,NSGA-II,1,43,0.005405106460680515,74666.38562414207,
Truss2D,NSGA-II,1,43,0.04584784221302918,8928.42119184542,
Truss2D,NSGA-II,1,43,0.01672410993198511,24174.862544068277,
Truss2D,NSGA-II,1,43,0.018463815929460635,21667.853367140626,
Truss2D,NSGA-II,1,43,0.020318832793729633,19825.677664391016,
Truss2D,NSGA-II,1,43,0.008321635501499258,48923.334232966314,
Truss2D,NSGA-II,1,43,0.02601535427017449,15503.346332776293,
Truss2D,NSGA-II,1,43,0.017604687529737366,23051.77050412451,
Truss2D,NSGA-II,1,43,0.03990502851032721,10085.297345376302,
Truss2D,NSGA-II,1,43,0.04525594034611055,9012.791661241037,
Truss2D,NSGA-II,1,43,0.04056533233011404,10048.822523638079,
Truss2D,NSGA-II,1,43,0.02410005102673839,16780.73375552765,
Truss2D,NSGA-II,1,43,0.015085613386094938,26828.468517861285,
Truss2D,NSGA-II,1,43,0.008163431263573601,50659.878896173606,
Truss2D,NSGA-II,1,43,0.0051215057801916,79114.69738283576,
Truss2D,NSGA-II,1,43,0.026921002107319375,15171.960122237655,
Truss2D,NSGA-II,1,43,0.007334369753107721,55295.32252283142,
Truss2D,NSGA-II,1,43,0.033020143807018856,12118.494577001791,
Truss2D,NSGA-II,1,43,0.03724974864386847,11157.561344497803,
Truss2D,NSGA-II,1,43,0.006859271757315412,58387.14039261935,
Truss2D,NSGA-II,1,43,0.008931778583548756,45280.54812358616,
Truss2D,NSGA-II,1,43,0.005244986640492588,76899.19246027041,
Truss2D,NSGA-II,1,43,0.0198387923844177,20864.648106299825,
Truss2D,NSGA-II,1,43,0.0049800846853509054,81801.61968695745,
Truss2D,NSGA-II,1,43,0.019247280182359452,21249.62759786555,
Truss2D,NSGA-II,1,43,0.010747681338011737,37316.236085138284,
Truss2D,NSGA-II,1,43,0.0146316508954225,27768.574055816687,
Truss2D,NSGA-II,1,43,0.03514310366099893,11427.134079311789,
Truss2D,NSGA-II,1,43,0.004646535115573234,88412.47493375586,
Truss2D,NSGA-II,1,43,0.004601950127064594,89670.43420946182,
Truss2D,NSGA-II,1,43,0.015610420219188221,25940.129447017214,
Truss2D,NSGA-II,1,43,0.0233374148795703,17556.401460407382,
Truss2D,NSGA-II,1,43,0.009367505708572196,42850.99305902058,
Truss2D,NSGA-II,1,43,0.04167237986975941,9748.050335059756,
Truss2D,NSGA-II,1,43,0.011690373642580652,34564.01943425014,
Truss2D,NSGA-II,1,43,0.012829357464500452,31216.053708889332,
Truss2D,NSGA-II,1,43,0.02759913817634798,14933.422453045474,
Truss2D,NSGA-II,1,43,0.0044566032706330975,91414.36729995585,
Truss2D,NSGA-II,1,43,0.02466844609473808,16404.414993338127,
Truss2D,NSGA-II,1,43,0.017897593341707173,22605.54719117651,
Truss2D,NSGA-II,1,43,0.01392704911278311,28999.5930974749,
Truss2D,NSGA-II,1,43,0.042056014709898976,9622.83814221724,
Truss2D,NSGA-II,1,43,0.009772632847539108,40975.839546655116,
Truss2D,NSGA-II,1,43,0.006290894181722658,63859.50659545317,
Truss2D,NSGA-II,1,43,0.0050375834108389445,80117.35530848465,
Truss2D,NSGA-II,1,43,0.004697248058925396,86476.53824706732,
Truss2D,NSGA-II,1,43,0.010087805381374711,40642.4748885928,
Truss2D,NSGA-II,1,43,0.00470606334108743,85576.50625921351,
Truss2D,NSGA-II,1,43,0.010436867572674792,39318.5845155721,
Truss2D,NSGA-II,1,43,0.022328410212444687,17966.681645075587,
Truss2D,NSGA-II,1,43,0.033274096603311466,12083.61641381348,
Truss2D,NSGA-II,1,43,0.008672871086620968,46972.69273514849,
Truss2D,NSGA-II,1,43,0.005727102532701351,70078.54377746017,
Truss2D,NSGA-II,1,43,0.016187958215153685,25637.902552144733,
Truss2D,NSGA-II,1,43,0.004781974279637358,83844.62841107072,
Truss2D,NSGA-II,1,43,0.030994544385709286,13088.458779199002,
Truss2D,NSGA-II,1,43,0.008595395674972103,47595.48289439891,
Truss2D,NSGA-II,1,43,0.009507057124429492,42513.994390696564,
Truss2D,NSGA-II,1,43,0.030136042498465954,13489.125170357938,
Truss2D,NSGA-II,1,43,0.03594919014583825,11172.489259260547,
Truss2D,NSGA-II,1,43,0.005280176951162237,75910.49492476639,
Truss2D,NSGA-II,1,43,0.007569892971234512,53593.44222820449,
Truss2D,NSGA-II,1,43,0.016306570816984993,24605.731895035813,
Truss2D,NSGA-II,1,43,0.007116163564918469,57033.357016568814,
Truss2D,NSGA-II,1,43,0.007901010433547339,51818.3606785305,
Truss2D,NSGA-II,1,43,0.004848847251763485,83213.02732206332,
Truss2D,NSGA-II,1,43,0.022996722263036694,17964.94372086789,
Truss2D,NSGA-II,1,43,0.05081037284531436,8478.266409444272,
Truss2D,NSGA-II,1,43,0.04938654337030702,8522.795649509344,
Truss2D,NSGA-II,1,43,0.049389669262571274,8520.227510647703,
Truss2D,NSGA-II,1,43,0.004285048933217666,94913.2064441068,
Truss2D,NSGA-II,1,43,0.050526033360936445,8479.328853031322,
Truss2D,NSGA-II,1,43,0.021551774551834067,18660.21993409586,
Truss2D,NSGA-II,1,43,0.008906565942548156,45484.95539341847,
Truss2D,NSGA-II,1,43,0.007220530364114491,56596.72901871137,
Truss2D,NSGA-II,1,43,0.007550667612260406,53641.52221621788,
Truss2D,NSGA-II,1,43,0.004369890437789703,92309.79649517057,
Truss2D,NSGA-II,1,43,0.03806402168348226,10692.899541278783,
Truss2D,NSGA-II,2,44,0.00401648136492146,99903.60403985056,
Truss2D,NSGA-II,2,44,0.05189472197884286,8432.740427115918,
Truss2D,NSGA-II,2,44,0.03218332415416326,12626.599945315349,
Truss2D,NSGA-II,2,44,0.026671418521296474,15240.506731294045,
Truss2D,NSGA-II,2,44,0.03351706328106106,11957.18179346042,
Truss2D,NSGA-II,2,44,0.03736456251353949,11104.888609190168,
Truss2D,NSGA-II,2,44,0.010657931915237054,38404.28083198031,
Truss2D,NSGA-II,2,44,0.006769317667907231,60051.6529135848,
Truss2D,NSGA-II,2,44,0.004996416106959091,80179.49359050939,
Truss2D,NSGA-II,2,44,0.03525034831178546,11416.806860306871,
Truss2D,NSGA-II,2,44,0.014511256049291859,28445.11333345544,
Truss2D,NSGA-II,2,44,0.01899470353065473,21247.47939226234,
Truss2D,NSGA-II,2,44,0.023191530900277348,17363.807032482975,
Truss2D,NSGA-II,2,44,0.031091584328919664,13052.383202655408,
Truss2D,NSGA-II,2,44,0.021696821463809052,18782.666326144095,
Truss2D,NSGA-II,2,44,0.013541228900223981,30112.256081696916,
Truss2D,NSGA-II,2,44,0.02243168141105883,18251.35272835842,
Truss2D,NSGA-II,2,44,0.010137771528686411,40036.641360396534,
Truss2D,NSGA-II,2,44,0.01974963924305001,20287.628258693127,
Truss2D,NSGA-II,2,44,0.004474143247428002,90966.97523169196,
Truss2D,NSGA-II,2,44,0.0464423183610016,8761.077446173058,
Truss2D,NSGA-II,2,44,0.004546967850504201,88790.43156979069,
Truss2D,NSGA-II,2,44,0.028043190088684264,14311.360209951825,
Truss2D,NSGA-II,2,44,0.008151333586832947,50132.53401757849,
Truss2D,NSGA-II,2,44,0.007442177927979823,54296.71833472901,
Truss2D,NSGA-II,2,44,0.03021308280201005,13280.978444895118,
Truss2D,NSGA-II,2,44,0.04789826934458154,8716.292724952533,
Truss2D,NSGA-II,2,44,0.049348847847189944,8571.62925654918,
Truss2D,NSGA-II,2,44,0.005750872360146793,70587.82084397778,
Truss2D,NSGA-II,2,44,0.006438431432899723,62665.46901282513,
Truss2D,NSGA-II,2,44,0.011463354357283361,35084.18969182567,
Truss2D,NSGA-II,2,44,0.0077375046393303,51837.134377228576,
Truss2D,NSGA-II,2,44,0.03441535025265263,11832.31125572442,
Truss2D,NSGA-II,2,44,0.008711448561041626,46424.02109913924,
Truss2D,NSGA-II,2,44,0.004777874183580224,84112.57496470511,
Truss2D,NSGA-II,2,44,0.009264325517858833,43403.84055817142,
Truss2D,NSGA-II,2,44,0.04308299192030357,9386.42734331829,
Truss2D,NSGA-II,2,44,0.004669926391977776,87244.37163902333,
Truss2D,NSGA-II,2,44,0.004348435282793961,92579.66609002864,
Truss2D,NSGA-II,2,44,0.0055784631011272096,72017.13564550437,
Truss2D,NSGA-II,2,44,0.005869437543995545,68849.02888770441,
Truss2D,NSGA-II,2,44,0.03972363057705199,10168.173612753535,
Truss2D,NSGA-II,2,44,0.004710557040381192,85607.682934562,
Truss2D,NSGA-II,2,44,0.02520936893268145,16330.753161036888,
Truss2D,NSGA-II,2,44,0.042161687653538726,9565.652370289394,
Truss2D,NSGA-II,2,44,0.005304808584544718,75707.5371812048,
Truss2D,NSGA-II,2,44,0.004228307265749728,97201.55635092451,
Truss2D,NSGA-II,2,44,0.0182561127492728,21915.784867269478,
Truss2D,NSGA-II,2,44,0.008287866569969521,48370.03418059664,
Truss2D,NSGA-II,2,44,0.015054452261471746,26815.08424399391,
Truss2D,NSGA-II,2,44,0.05181998196668654,8433.103769635678,
Truss2D,NSGA-II,2,44,0.012954704082218405,31515.30617060637,
Truss2D,NSGA-II,2,44,0.004246353081830396,94953.68396489172,
Truss2D,NSGA-II,2,44,0.045028109547052345,8959.305519486581,
Truss2D,NSGA-II,2,44,0.05033151269658969,8472.279138699214,
Truss2D,NSGA-II,2,44,0.024134284311570706,17077.772437083582,
Truss2D,NSGA-II,2,44,0.005187721170721348,77609.52572813693,
Truss2D,NSGA-II,2,44,0.00546973601433411,73446.11527109104,
Truss2D,NSGA-II,2,44,0.04837576233509712,8623.797416344343,
Truss2D,NSGA-II,2,44,0.029398397117783866,13648.95535600357,
Truss2D,NSGA-II,2,44,0.00990886336820477,41244.97574031657,
Truss2D,NSGA-II,2,44,0.016045131489851483,25377.717800121227,
Truss2D,NSGA-II,2,44,0.010993017575152367,36597.44338222354,
Truss2D,NSGA-II,2,44,0.006290119397249761,63961.72519986206,
Truss2D,NSGA-II,2,44,0.007044028575669756,57094.244135121204,
Truss2D,NSGA-II,2,44,0.02434053107016062,16618.322144203616,
Truss2D,NSGA-II,2,44,0.020601788263465114,20080.711510954916,
Truss2D,NSGA-II,2,44,0.012237351514348516,32898.465176538855,
Truss2D,NSGA-II,2,44,0.008573175673341177,47847.73942659298,
Truss2D,NSGA-II,2,44,0.017303990151695127,23722.96912289369,
Truss2D,NSGA-II,2,44,0.012606359544395465,32113.990542518226,
Truss2D,NSGA-II,2,44,0.04053716596334704,9947.861607516019,
Truss2D,NSGA-II,2,44,0.029193666790994992,14226.903578641293,
Truss2D,NSGA-II,2,44,0.007141133966119132,56015.979726332,
Truss2D,NSGA-II,2,44,0.004925110283154437,82497.42366457322,
Truss2D,NSGA-II,2,44,0.01473041109223694,27889.006891715515,
Truss2D,NSGA-II,2,44,0.008971814901977598,45028.10047009578,
Truss2D,NSGA-II,2,44,0.0380342193249395,10763.141137850838,
Truss2D,NSGA-II,2,44,0.005397400613771872,74598.24076046389,
Truss2D,NSGA-II,2,44,0.04154438827209107,9742.771852607779,
Truss2D,NSGA-II,2,44,0.013249828025436831,30323.310976130182,
Truss2D,NSGA-II,2,44,0.02605568240375769,15592.540386779188,
Truss2D,NSGA-II,2,44,0.007812027358129577,51373.444177084726,
Truss2D,NSGA-II,2,44,0.004948356414142366,81749.56875726709,
Truss2D,NSGA-II,2,44,0.010875983437145447,36808.43999041859,
Truss2D,NSGA-II,2,44,0.012125537917514664,33954.77885438522,
Truss2D,NSGA-II,2,44,0.020783205464625212,19476.104282337907,
Truss2D,NSGA-II,2,44,0.03896856552046385,10327.133519262668,
Truss2D,NSGA-II,2,44,0.011699065282865736,34315.182358345664,
Truss2D,NSGA-II,2,44,0.006095152650533138,67447.49093690362,
Truss2D,NSGA-II,2,44,0.015666226513873484,26618.545845593213,
Truss2D,NSGA-II,2,44,0.02562375693201077,15756.171277982918,
Truss2D,NSGA-II,2,44,0.007367675597936279,55003.015209042846,
Truss2D,NSGA-II,2,44,0.028295157702247328,14262.666017460877,
Truss2D,NSGA-II,2,44,0.038627169098531255,10514.37066380601,
Truss2D,NSGA-II,2,44,0.016495553675307372,24329.59609809212,
Truss2D,NSGA-II,2,44,0.00912101352241345,44566.22087682686,
Truss2D,NSGA-II,2,44,0.009634031203335603,42045.07623876457,
Truss2D,NSGA-II,2,44,0.006191935940532401,65661.93313384535,
Truss2D,NSGA-II,2,44,0.01748829489861858,23196.59070188751,
Truss2D,NSGA-II,3,45,0.004030826353338358,99851.68675253911,
Truss2D,NSGA-II,3,45,0.05186138592541918,8432.740689740142,
Truss2D,NSGA-II,3,45,0.004852439914601487,82970.13991934391,
Truss2D,NSGA-II,3,45,0.005141147718717783,80433.32661650612,
Truss2D,NSGA-II,3,45,0.019431672150589302,20800.055921855543,
Truss2D,NSGA-II,3,45,0.007181409797325299,56929.51445735653,
Truss2D,NSGA-II,3,45,0.050379332809592,8470.100013802099,
Truss2D,NSGA-II,3,45,0.007636679165351516,54020.59279577956,
Truss2D,NSGA-II,3,45,0.008843939558550205,45660.48596944716,
Truss2D,NSGA-II,3,45,0.021097854337112178,19073.648326864277,
Truss2D,NSGA-II,3,45,0.020510681323949686,19758.588735868663,
Truss2D,NSGA-II,3,45,0.039572007838948625,10421.845055625437,
Truss2D,NSGA-II,3,45,0.04897736843341935,8558.975456117823,
Truss2D,NSGA-II,3,45,0.00453465066885502,88539.50526084032,
Truss2D,NSGA-II,3,45,0.04083614010441998,9898.68658484291,
Truss2D,NSGA-II,3,45,0.004496142613163688,91277.79291578938,
Truss2D,NSGA-II,3,45,0.005984329503587491,69280.5720927567,
Truss2D,NSGA-II,3,45,0.024832122570279724,16251.42685507915,
Truss2D,NSGA-II,3,45,0.004241356904166961,94592.37797126808,
Truss2D,NSGA-II,3,45,0.007180225709738811,58615.7985030408,
Truss2D,NSGA-II,3,45,0.004692506075733292,85300.6611405797,
Truss2D,NSGA-II,3,45,0.008145666809129058,49455.567180333084,
Truss2D,NSGA-II,3,45,0.006484757439469413,62277.247030755905,
Truss2D,NSGA-II,3,45,0.031173558563671325,12891.260594780479,
Truss2D,NSGA-II,3,45,0.013318835797787,30092.58788244836,
Truss2D,NSGA-II,3,45,0.047941444756655405,8654.418854166675,
Truss2D,NSGA-II,3,45,0.0056798977187855395,70735.18285920231,
Truss2D,NSGA-II,3,45,0.006062773754070213,67015.31531892804,
Truss2D,NSGA-II,3,45,0.011761373236162796,34707.911688889566,
Truss2D,NSGA-II,3,45,0.006180769240370337,65040.71167794658,
Truss2D,NSGA-II,3,45,0.027120609594626782,14794.065607556753,
Truss2D,NSGA-II,3,45,0.01866370952025037,21868.311415923425,
Truss2D,NSGA-II,3,45,0.03192384718821167,12553.47885333843,
Truss2D,NSGA-II,3,45,0.030354943169602265,13594.114597752801,
Truss2D,NSGA-II,3,45,0.02576066029302973,15608.908394006892,
Truss2D,NSGA-II,3,45,0.004320868194144906,92652.63953482424,
Truss2D,NSGA-II,3,45,0.03663601202031688,10953.784589384448,
Truss2D,NSGA-II,3,45,0.011522216997716942,36220.47852676344,
Truss2D,NSGA-II,3,45,0.00928705057750453,43397.031790284665,
Truss2D,NSGA-II,3,45,0.007755226300575534,52751.85275048185,
Truss2D,NSGA-II,3,45,0.04478464447037045,8947.445943572537,
Truss2D,NSGA-II,3,45,0.04159209590561633,9631.103871057085,
Truss2D,NSGA-II,3,45,0.0222971488675923,18236.1669373799,
Truss2D,NSGA-II,3,45,0.04252243354227653,9434.430371784118,
Truss2D,NSGA-II,3,45,0.046936950791735516,8685.510372507462,
Truss2D,NSGA-II,3,45,0.0046412208656935305,86897.97765922967,
Truss2D,NSGA-II,3,45,0.01810369799850243,22167.59823823512,
Truss2D,NSGA-II,3,45,0.03858330401101892,10455.638609311254,
Truss2D,NSGA-II,3,45,0.02639294593603216,15388.95353625808,
Truss2D,NSGA-II,3,45,0.011303292367072164,37583.13380739215,
Truss2D,NSGA-II,3,45,0.005647305136567291,72650.35882060077,
Truss2D,NSGA-II,3,45,0.00414570235858645,96744.35621774463,
Truss2D,NSGA-II,3,45,0.004121887358523823,97711.28634741763,
Truss2D,NSGA-II,3,45,0.006706590894684764,60424.48068926486,
Truss2D,NSGA-II,3,45,0.009642173949882156,41702.87634319807,
Truss2D,NSGA-II,3,45,0.0328664205521977,12266.03178776711,
Truss2D,NSGA-II,3,45,0.005459870678365432,73692.98193507716,
Truss2D,NSGA-II,3,45,0.04332423725898191,9318.810707345527,
Truss2D,NSGA-II,3,45,0.005217530541305658,78009.44936057963,
Truss2D,NSGA-II,3,45,0.01600800925433426,25444.476958670442,
Truss2D,NSGA-II,3,45,0.04405270503574493,9090.166271792277,
Truss2D,NSGA-II,3,45,0.027911926852824225,14352.269074629507,
Truss2D,NSGA-II,3,45,0.012110237027059271,33390.88460432883,
Truss2D,NSGA-II,3,45,0.028426649048465986,14134.542772003924,
Truss2D,NSGA-II,3,45,0.008465353413960458,47280.26421940145,
Truss2D,NSGA-II,3,45,0.010651097682940092,37941.26109462583,
Truss2D,NSGA-II,3,45,0.015372662533351358,26093.812712707942,
Truss2D,NSGA-II,3,45,0.017605062268138752,23292.86270231185,
Truss2D,NSGA-II,3,45,0.03449582116183296,11626.496793020087,
Truss2D,NSGA-II,3,45,0.010005519295259585,40830.152854364074,
Truss2D,NSGA-II,3,45,0.051729410314286045,8455.467827330656,
Truss2D,NSGA-II,3,45,0.0352896917714887,11586.009858126206,
Truss2D,NSGA-II,3,45,0.012948574377930119,31085.390964990453,
Truss2D,NSGA-II,3,45,0.014369974669006911,28372.388770858804,
Truss2D,NSGA-II,3,45,0.04586097545291102,8832.877582244993,
Truss2D,NSGA-II,3,45,0.005354699400711333,75372.41149231451,
Truss2D,NSGA-II,3,45,0.03761276886928571,10860.272012238416,
Truss2D,NSGA-II,3,45,0.013907790526569295,28880.478270055126,
Truss2D,NSGA-II,3,45,0.029266473335315166,13882.167907094954,
Truss2D,NSGA-II,3,45,0.010335928146350835,40116.44092430119,
Truss2D,NSGA-II,3,45,0.016695794346173194,24618.624207369605,
Truss2D,NSGA-II,3,45,0.017257660355535994,23473.71017276624,
Truss2D,NSGA-II,3,45,0.03389814469965235,11844.090368021947,
Truss2D,NSGA-II,3,45,0.024055279722871113,16800.137266844264,
Truss2D,NSGA-II,3,45,0.01491698624920862,27321.139959748067,
Truss2D,NSGA-II,3,45,0.00796512891046602,50924.782704756806,
Truss2D,NSGA-II,3,45,0.03340925861475637,12099.119968769652,
Truss2D,NSGA-II,3,45,0.009470242140133388,43111.18503958825,
Truss2D,NSGA-II,3,45,0.029553162761847062,13653.072012868724,
Truss2D,NSGA-II,3,45,0.012290145048927992,32568.76087280225,
Truss2D,NSGA-II,3,45,0.008527875672345187,47154.33127609385,
Truss2D,NSGA-II,3,45,0.03799576995140021,10837.336106495237,
Truss2D,NSGA-II,3,45,0.016817014353330162,24376.483218661786,
Truss2D,NSGA-II,3,45,0.04611090688471631,8743.779229886666,
Truss2D,NSGA-II,3,45,0.006153206523671879,65593.49939810361,
Truss2D,NSGA-II,3,45,0.023475665844330168,17169.3818102409,
Truss2D,NSGA-II,3,45,0.014806405108258466,27522.228514696813,
Truss2D,NSGA-II,3,45,0.03581927459302917,11184.364569174488,
Truss2D,NSGA-II,3,45,0.015631697640325588,25749.369901704882,
Truss2D,NSGA-II,3,45,0.007976894812210748,50673.83655013802,
Truss2D,NSGA-II,4,46,0.004007114934036296,99990.61289436424,
Truss2D,NSGA-II,4,46,0.052603575314770314,8432.740427142842,
Truss2D,NSGA-II,4,46,0.023781105271185623,16895.387722575662,
Truss2D,NSGA-II,4,46,0.02530189019059567,15879.443721046535,
Truss2D,NSGA-II,4,46,0.01016821618320325,39824.837001739405,
Truss2D,NSGA-II,4,46,0.013892604343261214,29007.181156425264,
Truss2D,NSGA-II,4,46,0.004611020090218789,88995.70316704923,
Truss2D,NSGA-II,4,46,0.017055245141123027,23728.0837387186,
Truss2D,NSGA-II,4,46,0.004748237054208193,85289.01237252398,
Truss2D,NSGA-II,4,46,0.0072614851511165375,55520.557268699355,
Truss2D,NSGA-II,4,46,0.009836142727253553,41818.34735749943,
Truss2D,NSGA-II,4,46,0.009607471278319707,43625.06289466264,
Truss2D,NSGA-II,4,46,0.012109926072677316,33839.42350428832,
Truss2D,NSGA-II,4,46,0.02848813559735445,14183.694462889638,
Truss2D,NSGA-II,4,46,0.046903723767548026,8752.389302107013,
Truss2D,NSGA-II,4,46,0.007607302312432375,53482.66507495536,
Truss2D,NSGA-II,4,46,0.0041136035767774795,97610.06299373652,
Truss2D,NSGA-II,4,46,0.004910234253164849,82110.58460676545,
Truss2D,NSGA-II,4,46,0.01243183052945673,32476.927528233886,
Truss2D,NSGA-II,4,46,0.029442081973657906,13751.657822144543,
Truss2D,NSGA-II,4,46,0.008966614043763699,44961.87160335521,
Truss2D,NSGA-II,4,46,0.02256882629145401,17876.5490909808,
Truss2D,NSGA-II,4,46,0.027416699803923878,14636.115181513705,
Truss2D,NSGA-II,4,46,0.012978936179623889,31143.097690410297,
Truss2D,NSGA-II,4,46,0.017865080922436927,22416.092853369148,
Truss2D,NSGA-II,4,46,0.04565413403911063,8808.962046441367,
Truss2D,NSGA-II,4,46,0.004462015645881157,90104.68384420917,
Truss2D,NSGA-II,4,46,0.006338407839100801,64114.39653073101,
Truss2D,NSGA-II,4,46,0.011429907635605568,35303.20229474455,
Truss2D,NSGA-II,4,46,0.005216258157323212,77683.8777436465,
Truss2D,NSGA-II,4,46,0.016380306687914473,24909.586668748918,
Truss2D,NSGA-II,4,46,0.004378013315802265,92737.12406298032,
Truss2D,NSGA-II,4,46,0.010658642626011499,37888.387346114556,
Truss2D,NSGA-II,4,46,0.033305343734117414,12212.994095454114,
Truss2D,NSGA-II,4,46,0.032105788454385865,12720.271973161523,
Truss2D,NSGA-II,4,46,0.01339881874731004,30035.193568682622,
Truss2D,NSGA-II,4,46,0.034793173266570936,11865.750988342654,
Truss2D,NSGA-II,4,46,0.03551167163082074,11295.717360538236,
Truss2D,NSGA-II,4,46,0.021487295810297527,18680.55229335254,
Truss2D,NSGA-II,4,46,0.006281557787461933,65896.82925147397,
Truss2D,NSGA-II,4,46,0.00532875330320064,75702.4066682517,
Truss2D,NSGA-II,4,46,0.007966025575678042,51142.90076078177,
Truss2D,NSGA-II,4,46,0.01487449362816486,27432.746301511936,
Truss2D,NSGA-II,4,46,0.01846009619875153,22169.65941877265,
Truss2D,NSGA-II,4,46,0.005419099164496624,74346.45844680228,
Truss2D,NSGA-II,4,46,0.015551745966236078,26205.95866377893,
Truss2D,NSGA-II,4,46,0.0056879377179931325,72841.36582254058,
Truss2D,NSGA-II,4,46,0.005879680731522797,68445.82837670781,
Truss2D,NSGA-II,4,46,0.004871739703957748,84431.83715289761,
Truss2D,NSGA-II,4,46,0.037524109944412104,10671.60559146506,
Truss2D,NSGA-II,4,46,0.042009339660442874,9586.375224802387,
Truss2D,NSGA-II,4,46,0.00836475139091932,48580.7968316775,
Truss2D,NSGA-II,4,46,0.041023415078773724,9786.716249902656,
Truss2D,NSGA-II,4,46,0.0059618270601516695,67127.2583904147,
Truss2D,NSGA-II,4,46,0.049435919407199755,8539.482526361042,
Truss2D,NSGA-II,4,46,0.005793149857278913,70321.25407959498,
Truss2D,NSGA-II,4,46,0.05100938777813797,8497.122808580261,
Truss2D,NSGA-II,4,46,0.033788038713049695,11890.640000170359,
Truss2D,NSGA-II,4,46,0.02603465122410386,15598.03133602035,
Truss2D,NSGA-II,4,46,0.039557791128140216,10287.930540972582,
Truss2D,NSGA-II,4,46,0.030360799790327374,13383.282349378878,
Truss2D,NSGA-II,4,46,0.00500398164518668,80290.36883631564,
Truss2D,NSGA-II,4,46,0.051579370910756775,8435.751879539826,
Truss2D,NSGA-II,4,46,0.006985561005207008,57934.385668425784,
Truss2D,NSGA-II,4,46,0.04992205327909385,8520.653476266782,
Truss2D,NSGA-II,4,46,0.005134660481721457,79457.28394839966,
Truss2D,NSGA-II,4,46,0.04822494772969953,8574.81238050303,
Truss2D,NSGA-II,4,46,0.044799669587648416,8979.894420259301,
Truss2D,NSGA-II,4,46,0.00710820320544002,57485.94192239763,
Truss2D,NSGA-II,4,46,0.03875312117094726,10349.03679316801,
Truss2D,NSGA-II,4,46,0.011171611340474721,36213.999200772756,
Truss2D,NSGA-II,4,46,0.015962701238154894,25748.116005024334,
Truss2D,NSGA-II,4,46,0.0222648575358068,18354.93790192906,
Truss2D,NSGA-II,4,46,0.004345826030770784,93931.55301796897,
Truss2D,NSGA-II,4,46,0.01965878346441481,20594.599726621316,
Truss2D,NSGA-II,4,46,0.020106071919737983,20298.281563855096,
Truss2D,NSGA-II,4,46,0.005744951878934422,71435.84953290579,
Truss2D,NSGA-II,4,46,0.04791946296493042,8636.312249502527,
Truss2D,NSGA-II,4,46,0.010846466365666028,37100.97008280867,
Truss2D,NSGA-II,4,46,0.03818013367303316,10610.432096222252,
Truss2D,NSGA-II,4,46,0.02091616560361929,19558.326409795452,
Truss2D,NSGA-II,4,46,0.008824674204208188,46474.670362202734,
Truss2D,NSGA-II,4,46,0.006715097473636975,59998.56011759067,
Truss2D,NSGA-II,4,46,0.004179062003041738,95917.5776284425,
Truss2D,NSGA-II,4,46,0.00672814299832313,59830.98529465506,
Truss2D,NSGA-II,4,46,0.03653889135076273,10985.625000360338,
Truss2D,NSGA-II,4,46,0.006554514437257811,62104.18680288858,
Truss2D,NSGA-II,4,46,0.014904584624035582,27285.166469335658,
Truss2D,NSGA-II,4,46,0.043166167665876234,9348.173480106992,
Truss2D,NSGA-II,4,46,0.042638285954665525,9412.16890627052,
Truss2D,NSGA-II,4,46,0.006546423058717414,62221.24907515296,
Truss2D,NSGA-II,4,46,0.004222963200667896,95230.01233067186,
Truss2D,NSGA-II,4,46,0.04383991811196288,9214.792084644809,
Truss2D,NSGA-II,4,46,0.0207488752947159,19915.059695970733,
Truss2D,NSGA-II,4,46,0.03153034705103708,12852.140359988303,
Truss2D,NSGA-II,4,46,0.03647109458064027,11233.641358076706,
Truss2D,NSGA-II,4,46,0.019068993920061318,21125.855220694524,
Truss2D,NSGA-II,4,46,0.007730807403545396,51998.998680063574,
Truss2D,NSGA-II,4,46,0.026695650767197605,15078.746323731932,
Truss2D,NSGA-II,4,46,0.008486828135194427,47184.71360094958,
Truss2D,NSGA-II,5,47,0.05224586146127308,8432.740427176173,
Truss2D,NSGA-II,5,47,0.004049207241703981,99977.4809611875,
Truss2D,NSGA-II,5,47,0.04913943406393488,8551.022842732313,
Truss2D,NSGA-II,5,47,0.0045874875514738,87413.00494403485,
Truss2D,NSGA-II,5,47,0.04726909023865536,8663.521382318973,
Truss2D,NSGA-II,5,47,0.03960799947415941,10219.475677713162,
Truss2D,NSGA-II,5,47,0.04495685553375425,9001.780673316627,
Truss2D,NSGA-II,5,47,0.01760191537352352,23439.2141998866,
Truss2D,NSGA-II,5,47,0.05059852538303573,8494.927882389205,
Truss2D,NSGA-II,5,47,0.006921243068446194,58566.94919793974,
Truss2D,NSGA-II,5,47,0.00538931360450717,74993.75281387911,
Truss2D,NSGA-II,5,47,0.018319662160562675,22127.555168067567,
Truss2D,NSGA-II,5,47,0.030063407415092905,13443.691111521284,
Truss2D,NSGA-II,5,47,0.029099904735547605,13935.358148057128,
Truss2D,NSGA-II,5,47,0.008803983341828595,45766.94457188363,
Truss2D,NSGA-II,5,47,0.004523588946926,89283.56876137845,
Truss2D,NSGA-II,5,47,0.020748362883808772,19450.033607769667,
Truss2D,NSGA-II,5,47,0.005014964009460957,80293.67015415303,
Truss2D,NSGA-II,5,47,0.0051575093448506994,78218.01105361196,
Truss2D,NSGA-II,5,47,0.01885995219853155,21375.837809915676,
Truss2D,NSGA-II,5,47,0.026501967120768948,15350.696491211062,
Truss2D,NSGA-II,5,47,0.03560701777307127,11540.046188904089,
Truss2D,NSGA-II,5,47,0.01591097768577037,25379.352966510305,
Truss2D,NSGA-II,5,47,0.022750441996170042,17750.119709608938,
Truss2D,NSGA-II,5,47,0.010214276296312028,39254.21616203083,
Truss2D,NSGA-II,5,47,0.004432847409007303,91308.09812942175,
Truss2D,NSGA-II,5,47,0.008572748253732453,47359.90541522776,
Truss2D,NSGA-II,5,47,0.033809590560097864,11854.959300376566,
Truss2D,NSGA-II,5,47,0.04368582533149806,9234.5176791452,
Truss2D,NSGA-II,5,47,0.025571023718141572,15813.439937343617,
Truss2D,NSGA-II,5,47,0.009257437841899046,44434.48229244935,
Truss2D,NSGA-II,5,47,0.004773304792529893,84377.92026893463,
Truss2D,NSGA-II,5,47,0.03460760158932201,11669.621673724949,
Truss2D,NSGA-II,5,47,0.01179159261669449,34797.01356111582,
Truss2D,NSGA-II,5,47,0.008284027222927488,48628.865807161215,
Truss2D,NSGA-II,5,47,0.005251805539811152,76642.26781725565,
Truss2D,NSGA-II,5,47,0.014745612565058977,28603.266936750166,
Truss2D,NSGA-II,5,47,0.005783837462351466,69494.87117438698,
Truss2D,NSGA-II,5,47,0.04042581756157097,9945.040839684707,
Truss2D,NSGA-II,5,47,0.012085037953034287,33463.92960838811,
Truss2D,NSGA-II,5,47,0.009969404391459203,40872.72539405775,
Truss2D,NSGA-II,5,47,0.009420808232876412,43190.96163077099,
Truss2D,NSGA-II,5,47,0.015081140976358995,26957.647573827893,
Truss2D,NSGA-II,5,47,0.019677998882167154,20642.145659361697,
Truss2D,NSGA-II,5,47,0.010957293606624209,37338.61014345373,
Truss2D,NSGA-II,5,47,0.045965406992412576,8842.94555255007,
Truss2D,NSGA-II,5,47,0.0060569171580449905,66509.91819788385,
Truss2D,NSGA-II,5,47,0.005649707801191009,71362.45010202799,
Truss2D,NSGA-II,5,47,0.0215492867831331,18648.797078220203,
Truss2D,NSGA-II,5,47,0.009805103872232039,41988.21189194566,
Truss2D,NSGA-II,5,47,0.010808303681245551,38570.0136746395,
Truss2D,NSGA-II,5,47,0.027174578303337235,14794.276132750541,
Truss2D,NSGA-II,5,47,0.006740019298828547,60975.39401860835,
Truss2D,NSGA-II,5,47,0.020117219740254613,20299.316924573715,
Truss2D,NSGA-II,5,47,0.03641674587852745,11101.216329012506,
Truss2D,NSGA-II,5,47,0.004958320855970902,81967.43128899316,
Truss2D,NSGA-II,5,47,0.05151813088549918,8432.740452365695,
Truss2D,NSGA-II,5,47,0.016801089690292176,23885.84607053257,
Truss2D,NSGA-II,5,47,0.008161517975391655,50253.654802819205,
Truss2D,NSGA-II,5,47,0.01661917072254832,24760.261767145512,
Truss2D,NSGA-II,5,47,0.007086225486013656,57049.13990708102,
Truss2D,NSGA-II,5,47,0.01320156217369024,31168.27978881027,
Truss2D,NSGA-II,5,47,0.03813868229283393,10560.915256260623,
Truss2D,NSGA-II,5,47,0.004244476026580629,95230.60374950067,
Truss2D,NSGA-II,5,47,0.03217600314248721,12972.293373214721,
Truss2D,NSGA-II,5,47,0.01550448081077458,26563.57113285231,
Truss2D,NSGA-II,5,47,0.032879873085981184,12210.523402837702,
Truss2D,NSGA-II,5,47,0.007390870851740172,54324.904894751715,
Truss2D,NSGA-II,5,47,0.007667142060644241,52849.65267196234,
Truss2D,NSGA-II,5,47,0.04248841117117241,9628.707689111714,
Truss2D,NSGA-II,5,47,0.005535650095256329,72722.69205883844,
Truss2D,NSGA-II,5,47,0.041256905799893544,9712.244016390126,
Truss2D,NSGA-II,5,47,0.004150200171328564,98864.32016479695,
Truss2D,NSGA-II,5,47,0.004185229764578794,97504.06806032841,
Truss2D,NSGA-II,5,47,0.012702513083355672,32597.328341005144,
Truss2D,NSGA-II,5,47,0.043151460350316515,9384.127892514007,
Truss2D,NSGA-II,5,47,0.006551079861151334,61145.41433525283,
Truss2D,NSGA-II,5,47,0.046590820709241594,8714.830135590435,
Truss2D,NSGA-II,5,47,0.023821604022859436,17332.740552059524,
Truss2D,NSGA-II,5,47,0.014020058706849164,29380.195208480924,
Truss2D,NSGA-II,5,47,0.023982415545394237,16704.853380000528,
Truss2D,NSGA-II,5,47,0.004297854019011005,93243.32838219505,
Truss2D,NSGA-II,5,47,0.013493232413980377,30242.478586549616,
Truss2D,NSGA-II,5,47,0.008020021546893383,51311.63745957089,
Truss2D,NSGA-II,5,47,0.02303834622308105,17563.245811175013,
Truss2D,NSGA-II,5,47,0.04176043364631005,9634.727693281051,
Truss2D,NSGA-II,5,47,0.004820494274516515,83117.10065072497,
Truss2D,NSGA-II,5,47,0.004188123375782089,96206.88714180821,
Truss2D,NSGA-II,5,47,0.02788209768455381,14663.401995926164,
Truss2D,NSGA-II,5,47,0.024672681126937164,16308.74095737973,
Truss2D,NSGA-II,5,47,0.021502366249622033,18744.159440478736,
Truss2D,NSGA-II,5,47,0.011230375163526308,35938.73068134881,
Truss2D,NSGA-II,5,47,0.00638624050377338,62969.737537668,
Truss2D,NSGA-II,5,47,0.006238731929255911,64920.497044936106,
Truss2D,NSGA-II,5,47,0.031103219785847007,12975.682564177936,
Truss2D,NSGA-II,5,47,0.03093542512578748,13153.79911276861,
Truss2D,NSGA-II,5,47,0.006379143482195468,63107.56395711677,
Truss2D,NSGA-II,5,47,0.007733148001373893,51955.40338299284,
Truss2D,NSGA-II,5,47,0.007171477703134739,55858.7651836802,
Truss2D,NSGA-II,5,47,0.011396024478688507,35850.064230911725,
Truss2D,NSGA-II,6,48,0.004011123863062758,99931.62347873535,
Truss2D,NSGA-II,6,48,0.05142504848171126,8432.745825586808,
Truss2D,NSGA-II,6,48,0.01390699745871754,29832.486811013714,
Truss2D,NSGA-II,6,48,0.01919460524508243,21194.505166568644,
Truss2D,NSGA-II,6,48,0.046752335049193766,8963.485038430783,
Truss2D,NSGA-II,6,48,0.006645060272002238,60960.14412267204,
Truss2D,NSGA-II,6,48,0.044635905411587073,9075.895717508918,
Truss2D,NSGA-II,6,48,0.012771884127298157,31639.89613927406,
Truss2D,NSGA-II,6,48,0.0093938983900034,42724.90332383985,
Truss2D,NSGA-II,6,48,0.03326861899114887,12160.123998565765,
Truss2D,NSGA-II,6,48,0.02471306590428475,16627.17814577351,
Truss2D,NSGA-II,6,48,0.02337194185457614,17249.036208243786,
Truss2D,NSGA-II,6,48,0.020248998330583003,19805.55266698698,
Truss2D,NSGA-II,6,48,0.01676626746739178,24534.37498393854,
Truss2D,NSGA-II,6,48,0.009732673550661777,41307.01844502637,
Truss2D,NSGA-II,6,48,0.011769847611184011,34059.01680788803,
Truss2D,NSGA-II,6,48,0.0498286859020835,8507.681957426403,
Truss2D,NSGA-II,6,48,0.03438124923409401,11657.652578059982,
Truss2D,NSGA-II,6,48,0.007790250304587758,52264.28594045974,
Truss2D,NSGA-II,6,48,0.012707077405730014,32471.99042125293,
Truss2D,NSGA-II,6,48,0.03149525447205394,12703.122667031035,
Truss2D,NSGA-II,6,48,0.015879603205655245,25238.530960002776,
Truss2D,NSGA-II,6,48,0.0056201146661046045,71844.91877274973,
Truss2D,NSGA-II,6,48,0.015377705239409638,26161.83197030508,
Truss2D,NSGA-II,6,48,0.0058063148611502465,69326.109344244,
Truss2D,NSGA-II,6,48,0.008794923115599181,46315.68438814371,
Truss2D,NSGA-II,6,48,0.006456463513319377,63457.35036083602,
Truss2D,NSGA-II,6,48,0.004893512274131779,83390.03333414916,
Truss2D,NSGA-II,6,48,0.007270849513663111,57286.623465419674,
Truss2D,NSGA-II,6,48,0.004950575831916946,81372.17291524261,
Truss2D,NSGA-II,6,48,0.010594415380419397,37894.6723505156,
Truss2D,NSGA-II,6,48,0.00829609623778168,48292.68787998695,
Truss2D,NSGA-II,6,48,0.007462910358863489,54209.11544554923,
Truss2D,NSGA-II,6,48,0.032405638507734105,12572.682330327845,
Truss2D,NSGA-II,6,48,0.037837535854842216,10667.219194038731,
Truss2D,NSGA-II,6,48,0.02659946121349479,15233.980146408052,
Truss2D,NSGA-II,6,48,0.03516198392783487,11446.549123992727,
Truss2D,NSGA-II,6,48,0.021867760944025656,18700.186133690215,
Truss2D,NSGA-II,6,48,0.029494708904886344,13764.970095016344,
Truss2D,NSGA-II,6,48,0.0258644505569722,15661.161457146814,
Truss2D,NSGA-II,6,48,0.03899960332626978,10538.778602107745,
Truss2D,NSGA-II,6,48,0.018598204169245156,22461.650916088205,
Truss2D,NSGA-II,6,48,0.0046861363093287055,86236.75004550022,
Truss2D,NSGA-II,6,48,0.028566946316568094,14207.342076061854,
Truss2D,NSGA-II,6,48,0.004607889016793097,88448.80889546046,
Truss2D,NSGA-II,6,48,0.039470000516690175,10196.078962585249,
Truss2D,NSGA-II,6,48,0.02740689257045078,14796.622169725544,
Truss2D,NSGA-II,6,48,0.009199118827416582,45007.330411651266,
Truss2D,NSGA-II,6,48,0.01107326621116352,37055.02132626788,
Truss2D,NSGA-II,6,48,0.007347382388352716,55401.74082731742,
Truss2D,NSGA-II,6,48,0.00450267132689133,91715.50538024759,
Truss2D,NSGA-II,6,48,0.011368781122177313,35935.292716319535,
Truss2D,NSGA-II,6,48,0.030566448991480206,13362.462722819111,
Truss2D,NSGA-II,6,48,0.005048661956945742,79645.2767001757,
Truss2D,NSGA-II,6,48,0.03715292556381497,10894.418289689835,
Truss2D,NSGA-II,6,48,0.006393229536198017,64649.59756715114,
Truss2D,NSGA-II,6,48,0.00421416922352425,95119.65870374463,
Truss2D,NSGA-II,6,48,0.004716658801162926,85077.2426925806,
Truss2D,NSGA-II,6,48,0.025091462283014017,15994.39521067552,
Truss2D,NSGA-II,6,48,0.05086405161121126,8503.142183123677,
Truss2D,NSGA-II,6,48,0.04049975592375093,9905.758453823832,
Truss2D,NSGA-II,6,48,0.007926718057347876,50738.84042238321,
Truss2D,NSGA-II,6,48,0.006138421495973436,66160.75916804887,
Truss2D,NSGA-II,6,48,0.02262557956874782,17974.960477851997,
Truss2D,NSGA-II,6,48,0.04353156784022366,9317.26244780625,
Truss2D,NSGA-II,6,48,0.04863819421889223,8650.32491672381,
Truss2D,NSGA-II,6,48,0.04718135833304239,8709.515319120545,
Truss2D,NSGA-II,6,48,0.004089494735413168,99224.65404616941,
Truss2D,NSGA-II,6,48,0.017237226572145773,23435.82471071395,
Truss2D,NSGA-II,6,48,0.0051528117322356855,78425.47100591878,
Truss2D,NSGA-II,6,48,0.027954897573689186,14355.731893121716,
Truss2D,NSGA-II,6,48,0.010132956804477285,39740.45963633017,
Truss2D,NSGA-II,6,48,0.004318687241823137,93891.93036202696,
Truss2D,NSGA-II,6,48,0.01815031101043523,22767.580116399127,
Truss2D,NSGA-II,6,48,0.005967998308738363,68270.60864714294,
Truss2D,NSGA-II,6,48,0.014863846348151872,27535.454902496444,
Truss2D,NSGA-II,6,48,0.006805600721685791,59006.40816066561,
Truss2D,NSGA-II,6,48,0.010210054247309294,39403.529863479096,
Truss2D,NSGA-II,6,48,0.005522395963785665,74126.90722985336,
Truss2D,NSGA-II,6,48,0.011561812468544517,34644.33453470313,
Truss2D,NSGA-II,6,48,0.036103120637483166,11151.774683084615,
Truss2D,NSGA-II,6,48,0.02072147172045622,19702.79090640474,
Truss2D,NSGA-II,6,48,0.004350688840034225,92562.61031420964,
Truss2D,NSGA-II,6,48,0.004132330127441711,97313.41387906257,
Truss2D,NSGA-II,6,48,0.030209664517510476,13564.171775811748,
Truss2D,NSGA-II,6,48,0.005584021501375316,73167.1717956566,
Truss2D,NSGA-II,6,48,0.04866616747645859,8638.136465284479,
Truss2D,NSGA-II,6,48,0.006041839673445917,67007.01763963979,
Truss2D,NSGA-II,6,48,0.017437538879600714,22996.255030166227,
Truss2D,NSGA-II,6,48,0.04431356913079286,9253.80210959497,
Truss2D,NSGA-II,6,48,0.004152345525549413,96837.50699869968,
Truss2D,NSGA-II,6,48,0.004505281532818597,89464.27027965081,
Truss2D,NSGA-II,6,48,0.03630211785686632,11030.780318661926,
Truss2D,NSGA-II,6,48,0.00521499504134371,77137.35087180273,
Truss2D,NSGA-II,6,48,0.022984270169425947,17833.233132902675,
Truss2D,NSGA-II,6,48,0.006925063839242229,58677.379169046995,
Truss2D,NSGA-II,6,48,0.014194969738256197,28307.908783512732,
Truss2D,NSGA-II,6,48,0.008162101694034661,49931.27593632264,
Truss2D,NSGA-II,6,48,0.009072114093952897,45585.60801708824,
Truss2D,NSGA-II,6,48,0.014696653435997405,27597.370044529544,
Truss2D,NSGA-II,7,49,0.05215760938198158,8432.740427404893,
Truss2D,NSGA-II,7,49,0.004037690410725282,99997.51819048346,
Truss2D,NSGA-II,7,49,0.019073641671988335,21272.934413973202,
Truss2D,NSGA-II,7,49,0.020583833568458054,20446.98966874773,
Truss2D,NSGA-II,7,49,0.0054916621158753575,72854.94887012594,
Truss2D,NSGA-II,7,49,0.040238478762292695,9968.011563803813,
Truss2D,NSGA-II,7,49,0.017870529929186224,22982.76038742316,
Truss2D,NSGA-II,7,49,0.005255470417430087,78654.38111609883,
Truss2D,NSGA-II,7,49,0.029736367934376038,13498.399798620267,
Truss2D,NSGA-II,7,49,0.04266491340369395,9476.231483035595,
Truss2D,NSGA-II,7,49,0.010814646391760392,38058.28072717436,
Truss2D,NSGA-II,7,49,0.03893482112036058,10397.28460912672,
Truss2D,NSGA-II,7,49,0.03710619293659992,10794.850234454905,
Truss2D,NSGA-II,7,49,0.024667371771656326,16338.948569310283,
Truss2D,NSGA-II,7,49,0.023611645312409876,17272.071870370397,
Truss2D,NSGA-II,7,49,0.006268804371606863,64697.039406277814,
Truss2D,NSGA-II,7,49,0.03062119506421876,13148.894747448123,
Truss2D,NSGA-II,7,49,0.03592135070001891,11190.42983110496,
Truss2D,NSGA-II,7,49,0.035150773278689706,11483.192709467652,
Truss2D,NSGA-II,7,49,0.007538042451961033,53754.47474699965,
Truss2D,NSGA-II,7,49,0.011140804449710932,36271.585446009485,
Truss2D,NSGA-II,7,49,0.012715412843629923,31871.429696430103,
Truss2D,NSGA-II,7,49,0.011614656508432283,35457.621356766125,
Truss2D,NSGA-II,7,49,0.006723046454464686,59653.73994049061,
Truss2D,NSGA-II,7,49,0.004911749185501462,81926.65075966028,
Truss2D,NSGA-II,7,49,0.005364322727076409,76183.6065242004,
Truss2D,NSGA-II,7,49,0.007278958419186408,55675.57222274554,
Truss2D,NSGA-II,7,49,0.006492165145023045,61969.17101566556,
Truss2D,NSGA-II,7,49,0.028600922318817258,14136.33863085272,
Truss2D,NSGA-II,7,49,0.027066928829939007,14837.30088386824,
Truss2D,NSGA-II,7,49,0.03804994956595317,10569.133907332796,
Truss2D,NSGA-II,7,49,0.004652275116790498,87727.14088359366,
Truss2D,NSGA-II,7,49,0.009510399522173509,43040.39492697886,
Truss2D,NSGA-II,7,49,0.010191519200830588,39254.5824731176,
Truss2D,NSGA-II,7,49,0.004714269193131816,85862.4008257165,
Truss2D,NSGA-II,7,49,0.0316743202772006,12654.714040209654,
Truss2D,NSGA-II,7,49,0.0044379766310781435,90979.02634581045,
Truss2D,NSGA-II,7,49,0.0058348462188223755,70113.45807951245,
Truss2D,NSGA-II,7,49,0.04994549164909954,8503.390170930765,
Truss2D,NSGA-II,7,49,0.009751066822432578,41657.32518872622,
Truss2D,NSGA-II,7,49,0.004551744068348128,89362.40023299093,
Truss2D,NSGA-II,7,49,0.028084527656394437,14265.628488819477,
Truss2D,NSGA-II,7,49,0.008246199736730055,49110.26495988087,
Truss2D,NSGA-II,7,49,0.007053829844028187,58224.25720415416,
Truss2D,NSGA-II,7,49,0.03398944680753424,11896.979416730463,
Truss2D,NSGA-II,7,49,0.007977903492259918,50875.589321064755,
Truss2D,NSGA-II,7,49,0.02223965171896785,18189.172750520156,
Truss2D,NSGA-II,7,49,0.005660253664042998,71110.26789188715,
Truss2D,NSGA-II,7,49,0.012006666832937753,33812.242927995045,
Truss2D,NSGA-II,7,49,0.050989089990809894,8461.686448057417,
Truss2D,NSGA-II,7,49,0.00927510096466822,44534.67307282641,
Truss2D,NSGA-II,7,49,0.01425874732476777,29512.234416475836,
Truss2D,NSGA-II,7,49,0.01000707264994688,40295.11190188717,
Truss2D,NSGA-II,7,49,0.04623048287632479,8800.03819890077,
Truss2D,NSGA-II,7,49,0.02108643547626176,19436.654662674864,
Truss2D,NSGA-II,7,49,0.03225280649338659,12515.163113327299,
Truss2D,NSGA-II,7,49,0.008892537523387945,45153.41576624708,
Truss2D,NSGA-II,7,49,0.026560350186600287,15265.743857036548,
Truss2D,NSGA-II,7,49,0.047452126940554396,8656.892874911478,
Truss2D,NSGA-II,7,49,0.008548927834332944,48382.4446871239,
Truss2D,NSGA-II,7,49,0.013329774375289118,30034.864477148778,
Truss2D,NSGA-II,7,49,0.03309805406654863,12160.2328029316,
Truss2D,NSGA-II,7,49,0.04809555656924324,8628.958216508663,
Truss2D,NSGA-II,7,49,0.016340705455641216,25193.711608174915,
Truss2D,NSGA-II,7,49,0.016736808857303696,24417.938263726537,
Truss2D,NSGA-II,7,49,0.02580929421702407,15568.863574469744,
Truss2D,NSGA-II,7,49,0.0070914192933803685,56851.61120390044,
Truss2D,NSGA-II,7,49,0.025338138033994106,15926.375194279826,
Truss2D,NSGA-II,7,49,0.0043761026147342355,92762.80436803856,
Truss2D,NSGA-II,7,49,0.04143901472444482,9706.080610246398,
Truss2D,NSGA-II,7,49,0.04368773139971788,9179.483154195177,
Truss2D,NSGA-II,7,49,0.04497098990127753,8994.316992440428,
Truss2D,NSGA-II,7,49,0.004328861358061955,93659.64482654074,
Truss2D,NSGA-II,7,49,0.014691973156806443,28320.863330645418,
Truss2D,NSGA-II,7,49,0.006645289168057459,61496.82611193827,
Truss2D,NSGA-II,7,49,0.004776337930617203,84192.11758429457,
Truss2D,NSGA-II,7,49,0.015787881977352824,26771.34950753792,
Truss2D,NSGA-II,7,49,0.015994798492144042,26003.352302546482,
Truss2D,NSGA-II,7,49,0.04128251945481636,9712.701292471853,
Truss2D,NSGA-II,7,49,0.007715446087605523,52170.04467446371,
Truss2D,NSGA-II,7,49,0.004257565225715049,95334.66951749007,
Truss2D,NSGA-II,7,49,0.006004541799690261,68047.35459043433,
Truss2D,NSGA-II,7,49,0.004860194916976578,83403.72936020947,
Truss2D,NSGA-II,7,49,0.0465159102727479,8709.516283917153,
Truss2D,NSGA-II,7,49,0.006093476644141421,66005.61526135622,
Truss2D,NSGA-II,7,49,0.012561626981337696,32687.070736022226,
Truss2D,NSGA-II,7,49,0.005301136226121748,77784.6725663262,
Truss2D,NSGA-II,7,49,0.01334172246025555,29991.230027658243,
Truss2D,NSGA-II,7,49,0.051649085545249204,8452.658667057318,
Truss2D,NSGA-II,7,49,0.006008708101567421,67961.910845804,
Truss2D,NSGA-II,7,49,0.02167571899315808,18719.105771172533,
Truss2D,NSGA-II,7,49,0.012142850367558113,33116.8345772937,
Truss2D,NSGA-II,7,49,0.008625048754643849,46456.86946616916,
Truss2D,NSGA-II,7,49,0.014982048306770846,27080.13574212693,
Truss2D,NSGA-II,7,49,0.004077219108840855,98490.65520544395,
Truss2D,NSGA-II,7,49,0.008601386196806206,46712.19239304032,
Truss2D,NSGA-II,7,49,0.014307863706098371,28582.6394106114,
Truss2D,NSGA-II,7,49,0.017518572884269876,23202.033397301617,
Truss2D,NSGA-II,7,49,0.033559320542477136,11944.32315159676,
Truss2D,NSGA-II,7,49,0.04899231323624717,8585.076607706209,
Truss2D,NSGA-II,8,50,0.004016585660888611,99967.46998085953,
Truss2D,NSGA-II,8,50,0.05192538826036476,8432.74042711574,
Truss2D,NSGA-II,8,50,0.01106235639641038,36508.62233490954,
Truss2D,NSGA-II,8,50,0.012565458665973715,33527.80928859816,
Truss2D,NSGA-II,8,50,0.0051247715423631615,78446.19085496181,
Truss2D,NSGA-II,8,50,0.004306728463857176,93013.07636559644,
Truss2D,NSGA-II,8,50,0.03661987564163452,11030.237336538343,
Truss2D,NSGA-II,8,50,0.006597208456102932,62224.1637110527,
Truss2D,NSGA-II,8,50,0.008095121280666369,49889.9687114862,
Truss2D,NSGA-II,8,50,0.038017913432404404,10527.708992093683,
Truss2D,NSGA-II,8,50,0.02757136851455792,14611.694248124648,
Truss2D,NSGA-II,8,50,0.01657530964948868,24995.025133738378,
Truss2D,NSGA-II,8,50,0.026093545067989627,15479.915291657322,
Truss2D,NSGA-II,8,50,0.004746401638931736,86745.25097066544,
Truss2D,NSGA-II,8,50,0.010662347236793381,38509.8119460719,
Truss2D,NSGA-II,8,50,0.004850084987157361,83645.99909118854,
Truss2D,NSGA-II,8,50,0.040819966582561054,9926.118505833634,
Truss2D,NSGA-II,8,50,0.008604189853999798,47688.76761023348,
Truss2D,NSGA-II,8,50,0.0055788051474181324,72671.14045114681,
Truss2D,NSGA-II,8,50,0.02248112421073921,18236.318908006004,
Truss2D,NSGA-II,8,50,0.048236565853015306,8647.357621292938,
Truss2D,NSGA-II,8,50,0.04407108650944341,9122.100601458998,
Truss2D,NSGA-II,8,50,0.005806450307741764,69881.91168500544,
Truss2D,NSGA-II,8,50,0.03258829192300729,12427.488460944396,
Truss2D,NSGA-II,8,50,0.013723164890170331,29276.06406508658,
Truss2D,NSGA-II,8,50,0.0049111507019377176,81632.96620807539,
Truss2D,NSGA-II,8,50,0.031549870605027286,12812.636713671882,
Truss2D,NSGA-II,8,50,0.006758986763599564,59940.996831497265,
Truss2D,NSGA-II,8,50,0.014452946262139756,27888.891567727245,
Truss2D,NSGA-II,8,50,0.006292074911744893,64413.646963680316,
Truss2D,NSGA-II,8,50,0.039386378733713645,10325.469485749396,
Truss2D,NSGA-II,8,50,0.004143224295674561,97050.08933652224,
Truss2D,NSGA-II,8,50,0.005568164232580178,73996.97566142336,
Truss2D,NSGA-II,8,50,0.021642638347706335,18612.863887289048,
Truss2D,NSGA-II,8,50,0.006020879952606318,67129.20952838966,
Truss2D,NSGA-II,8,50,0.02485416138703231,16197.339351011564,
Truss2D,NSGA-II,8,50,0.02334781609708121,17333.257150586673,
Truss2D,NSGA-II,8,50,0.007937097789557996,51706.44739646101,
Truss2D,NSGA-II,8,50,0.020332891371004892,20505.707407424212,
Truss2D,NSGA-II,8,50,0.0044652973454649,90037.36301744825,
Truss2D,NSGA-II,8,50,0.049479184251803796,8570.256155894025,
Truss2D,NSGA-II,8,50,0.045001320181693893,8929.41004640873,
Truss2D,NSGA-II,8,50,0.018100445133737313,22573.477194603838,
Truss2D,NSGA-II,8,50,0.014897861079576873,27335.870205573454,
Truss2D,NSGA-II,8,50,0.0102461295916343,39677.06395839073,
Truss2D,NSGA-II,8,50,0.015481208128628236,26070.136778269207,
Truss2D,NSGA-II,8,50,0.004615226246324152,87926.35020633471,
Truss2D,NSGA-II,8,50,0.007507070364703583,53603.70159033057,
Truss2D,NSGA-II,8,50,0.0053574021385869655,76245.3758113402,
Truss2D,NSGA-II,8,50,0.01982184755025819,20824.114209585,
Truss2D,NSGA-II,8,50,0.00733456012099961,55499.84012424491,
Truss2D,NSGA-II,8,50,0.03356037043999885,12295.166750672131,
Truss2D,NSGA-II,8,50,0.030740251674241926,13204.25427048249,
Truss2D,NSGA-II,8,50,0.006140812597287423,65531.03166157325,
Truss2D,NSGA-II,8,50,0.019020684031700437,21285.499537905987,
Truss2D,NSGA-II,8,50,0.005901429050917752,68904.44851748683,
Truss2D,NSGA-II,8,50,0.004101495600170567,98995.54722302746,
Truss2D,NSGA-II,8,50,0.018605171124975853,21725.298642946214,
Truss2D,NSGA-II,8,50,0.008969548832454741,45021.17110281692,
Truss2D,NSGA-II,8,50,0.02925017762801202,13774.199776401118,
Truss2D,NSGA-II,8,50,0.035573038938943764,11288.261105832866,
Truss2D,NSGA-II,8,50,0.0071200205146647105,58163.70371309876,
Truss2D,NSGA-II,8,50,0.03893980136048087,10364.470244790242,
Truss2D,NSGA-II,8,50,0.016881281689453617,23766.47416737205,
Truss2D,NSGA-II,8,50,0.028608834239980018,14410.836061275137,
Truss2D,NSGA-II,8,50,0.007687396960492,52832.440874551234,
Truss2D,NSGA-II,8,50,0.051309462075821266,8476.947387769962,
Truss2D,NSGA-II,8,50,0.04292725186631924,9368.829510347063,
Truss2D,NSGA-II,8,50,0.005240222177858918,76673.28912266876,
Truss2D,NSGA-II,8,50,0.0174513445121061,23099.324968327557,
Truss2D,NSGA-II,8,50,0.046211648666287755,8901.728375162324,
Truss2D,NSGA-II,8,50,0.023888716181805124,16858.119164075495,
Truss2D,NSGA-II,8,50,0.0340066193503656,11872.813324741548,
Truss2D,NSGA-II,8,50,0.02103097206007611,19436.919420036458,
Truss2D,NSGA-II,8,50,0.0068860715603098884,58586.015959992845,
Truss2D,NSGA-II,8,50,0.012783921926613644,31635.807134396637,
Truss2D,NSGA-II,8,50,0.010087102302072607,40872.22777898937,
Truss2D,NSGA-II,8,50,0.013367617524126966,30681.822770862516,
Truss2D,NSGA-II,8,50,0.030206299902646998,13497.12077978021,
Truss2D,NSGA-II,8,50,0.0044785070618447165,89648.12773828687,
Truss2D,NSGA-II,8,50,0.00964479858862285,42747.756799107694,
Truss2D,NSGA-II,8,50,0.015378234841759618,26138.991503416833,
Truss2D,NSGA-II,8,50,0.004223818157729977,95008.01376931937,
Truss2D,NSGA-II,8,50,0.05057375660649473,8503.438587825625,
Truss2D,NSGA-II,8,50,0.04148524394079878,9664.000921780744,
Truss2D,NSGA-II,8,50,0.04584434671963121,8902.027220132017,
Truss2D,NSGA-II,8,50,0.04715351183923196,8655.986050716085,
Truss2D,NSGA-II,8,50,0.0042193131414576274,95198.28677101532,
Truss2D,NSGA-II,8,50,0.028162828780791835,14423.388776947235,
Truss2D,NSGA-II,8,50,0.050101129164025246,8519.085711375397,
Truss2D,NSGA-II,8,50,0.0048882042907665,82315.69961326201,
Truss2D,NSGA-II,8,50,0.034590286387923275,11730.505195854215,
Truss2D,NSGA-II,8,50,0.029698276164090057,13627.58312467667,
Truss2D,NSGA-II,8,50,0.013465787248847703,30354.44616606149,
Truss2D,NSGA-II,8,50,0.012849758493819103,31617.199813993637,
Truss2D,NSGA-II,8,50,0.008720004799986634,46446.12917940209,
Truss2D,NSGA-II,8,50,0.047053771508258485,8660.508599258317,
Truss2D,NSGA-II,8,50,0.007254743293484505,56452.72269727785,
Truss2D,NSGA-II,8,50,0.010007725193001187,41662.10863689135,
Truss2D,NSGA-II,8,50,0.04234724933528537,9543.835309007212,
Truss2D,NSGA-II,9,51,0.00400935763794689,99997.55391605973,
Truss2D,NSGA-II,9,51,0.05155274655504588,8432.740433009087,
Truss2D,NSGA-II,9,51,0.006031254905099399,67310.05020135615,
Truss2D,NSGA-II,9,51,0.004626618642705117,87292.58128549963,
Truss2D,NSGA-II,9,51,0.017029265519492146,23500.221642087414,
Truss2D,NSGA-II,9,51,0.012586360803057254,32436.09932480535,
Truss2D,NSGA-II,9,51,0.00529671967762386,76628.00827878245,
Truss2D,NSGA-II,9,51,0.004868606002291625,83066.09545040845,
Truss2D,NSGA-II,9,51,0.005024090499585585,80430.4794400833,
Truss2D,NSGA-II,9,51,0.043568044750482204,9372.14900691819,
Truss2D,NSGA-II,9,51,0.004759958612133115,84824.86821819817,
Truss2D,NSGA-II,9,51,0.007301459937210256,55855.65302564824,
Truss2D,NSGA-II,9,51,0.004113632537404084,97326.40269010521,
Truss2D,NSGA-II,9,51,0.007608938816249213,53807.57141701554,
Truss2D,NSGA-II,9,51,0.005493961735911318,73486.29912702038,
Truss2D,NSGA-II,9,51,0.008884834665250623,46573.27079960972,
Truss2D,NSGA-II,9,51,0.02348009986649139,17337.98896681225,
Truss2D,NSGA-II,9,51,0.02666774259294403,15125.62753195541,
Truss2D,NSGA-II,9,51,0.044538711367479854,9099.607889991832,
Truss2D,NSGA-II,9,51,0.04642212776800732,8750.14655390895,
Truss2D,NSGA-II,9,51,0.04093914502118526,9872.160053665253,
Truss2D,NSGA-II,9,51,0.028945575234526275,13899.973494112013,
Truss2D,NSGA-II,9,51,0.050501999789744116,8508.783090419147,
Truss2D,NSGA-II,9,51,0.018288044724537402,22476.023333549827,
Truss2D,NSGA-II,9,51,0.006800235255193792,58865.42885662288,
Truss2D,NSGA-II,9,51,0.04551722149940828,8982.496004000861,
Truss2D,NSGA-II,9,51,0.006988890799118174,57300.91773345782,
Truss2D,NSGA-II,9,51,0.03240441484909452,12450.441018998617,
Truss2D,NSGA-II,9,51,0.033272882861000594,12182.422272646249,
Truss2D,NSGA-II,9,51,0.007687400529588116,52074.38984436128,
Truss2D,NSGA-II,9,51,0.008450402993246843,47585.30644014188,
Truss2D,NSGA-II,9,51,0.006261534940625757,64128.6283093688,
Truss2D,NSGA-II,9,51,0.02129601761276178,19067.56913600119,
Truss2D,NSGA-II,9,51,0.004494473376810206,89933.23730713499,
Truss2D,NSGA-II,9,51,0.04852447727443664,8585.554239635769,
Truss2D,NSGA-II,9,51,0.009245714770055405,44734.847962830834,
Truss2D,NSGA-II,9,51,0.03053653449311146,13395.125754937475,
Truss2D,NSGA-II,9,51,0.016629355216690643,24601.736196650578,
Truss2D,NSGA-II,9,51,0.03416248244889304,11943.318393950714,
Truss2D,NSGA-II,9,51,0.020387642822941893,19761.15377661518,
Truss2D,NSGA-II,9,51,0.038321943669844996,10612.472101932353,
Truss2D,NSGA-II,9,51,0.015393910956459363,26295.70732699554,
Truss2D,NSGA-II,9,51,0.01599718562622574,25093.03626205741,
Truss2D,NSGA-II,9,51,0.013768889926671187,29802.577024023376,
Truss2D,NSGA-II,9,51,0.0056558111658363466,70972.44426590236,
Truss2D,NSGA-II,9,51,0.014665789815046876,27656.3443794993,
Truss2D,NSGA-II,9,51,0.013174873971954803,30487.522902853965,
Truss2D,NSGA-II,9,51,0.025706148059045204,15910.847277447925,
Truss2D,NSGA-II,9,51,0.035921098987708094,11274.139122093824,
Truss2D,NSGA-II,9,51,0.01422016539692765,28833.981979010256,
Truss2D,NSGA-II,9,51,0.00800983108830109,50773.98727588133,
Truss2D,NSGA-II,9,51,0.004446621340685446,90620.2492325179,
Truss2D,NSGA-II,9,51,0.031521005788844925,12704.918474691845,
Truss2D,NSGA-II,9,51,0.004342454915747321,95303.47631487613,
Truss2D,NSGA-II,9,51,0.022693008574865434,18369.936748301876,
Truss2D,NSGA-II,9,51,0.04029934068592467,9973.476280992198,
Truss2D,NSGA-II,9,51,0.03753693043785683,10800.910497822824,
Truss2D,NSGA-II,9,51,0.012067639386007856,33548.734249149275,
Truss2D,NSGA-II,9,51,0.009833474292654253,41119.404090534714,
Truss2D,NSGA-II,9,51,0.01181005392536032,34002.2509229368,
Truss2D,NSGA-II,9,51,0.042191279839091135,9572.826471237722,
Truss2D,NSGA-II,9,51,0.04229582417799621,9541.91854237387,
Truss2D,NSGA-II,9,51,0.005836651121643635,68930.64602108885,
Truss2D,NSGA-II,9,51,0.005539816375180825,72581.7519216293,
Truss2D,NSGA-II,9,51,0.021785172945060334,18729.003186007492,
Truss2D,NSGA-II,9,51,0.024855583241131816,16435.374314708923,
Truss2D,NSGA-II,9,51,0.008268675213420753,49152.86493512411,
Truss2D,NSGA-II,9,51,0.005163572842744909,78761.57770218035,
Truss2D,NSGA-II,9,51,0.011382169630852213,35220.517572006574,
Truss2D,NSGA-II,9,51,0.02733296555270226,14763.8420089543,
Truss2D,NSGA-II,9,51,0.03952704670209513,10275.99676150067,
Truss2D,NSGA-II,9,51,0.039069061574649205,10292.270370482664,
Truss2D,NSGA-II,9,51,0.019075445131506975,21159.809711399535,
Truss2D,NSGA-II,9,51,0.03105697906819317,13027.43958362841,
Truss2D,NSGA-II,9,51,0.027796375158389078,14602.202802598322,
Truss2D,NSGA-II,9,51,0.009353988070206515,43821.717515077275,
Truss2D,NSGA-II,9,51,0.010396526129468536,39428.32058975834,
Truss2D,NSGA-II,9,51,0.004189674156765852,95745.5208425032,
Truss2D,NSGA-II,9,51,0.004367048345652824,92917.5482431332,
Truss2D,NSGA-II,9,51,0.03493143306076935,11492.90821812783,
Truss2D,NSGA-II,9,51,0.004366648867789183,92929.56937819655,
Truss2D,NSGA-II,9,51,0.010104293632441447,39842.113753629805,
Truss2D,NSGA-II,9,51,0.009515401910334674,42733.69704236577,
Truss2D,NSGA-II,9,51,0.005786533026072891,69672.56051369329,
Truss2D,NSGA-II,9,51,0.005241041289035655,78137.91497783849,
Truss2D,NSGA-II,9,51,0.015535033615744775,25912.220892502704,
Truss2D,NSGA-II,9,51,0.020073876010725484,20207.66991503531,
Truss2D,NSGA-II,9,51,0.0066534931867870024,60650.599525502796,
Truss2D,NSGA-II,9,51,0.010610649793073797,37713.39889874044,
Truss2D,NSGA-II,9,51,0.01868980140664854,22057.9579147378,
Truss2D,NSGA-II,9,51,0.009603412289096152,41907.294381195214,
Truss2D,NSGA-II,9,51,0.0495133668470014,8536.812028038463,
Truss2D,NSGA-II,9,51,0.04747282804801716,8650.778842573953,
Truss2D,NSGA-II,9,51,0.011089508434869843,36485.146332437354,
Truss2D,NSGA-II,9,51,0.006641832491197961,60862.209356443374,
Truss2D,NSGA-II,9,51,0.024068623441351016,16702.235749789874,
Truss2D,NSGA-II,9,51,0.00808763476620284,49599.34932440195,
Truss2D,NSGA-II,9,51,0.022439973794876118,18458.651250821393,
Truss2D,NSGA-II,9,51,0.051552746555045464,8432.740433009198,
Truss2D,NSGA-II,9,51,0.04751494613718012,8641.799222069865,
Truss2D,NSGA-II,10,52,0.053569521783505575,8432.740427213732,
Truss2D,NSGA-II,10,52,0.004033335638439288,99942.2665160593,
Truss2D,NSGA-II,10,52,0.023756075873091483,17040.41049103272,
Truss2D,NSGA-II,10,52,0.007712958655670671,52574.73429586524,
Truss2D,NSGA-II,10,52,0.0072527082657219966,55739.19405078574,
Truss2D,NSGA-II,10,52,0.030549227122971385,13337.835663890704,
Truss2D,NSGA-II,10,52,0.018765734435067856,21679.434169379118,
Truss2D,NSGA-II,10,52,0.005448332337646494,73702.09339318115,
Truss2D,NSGA-II,10,52,0.010805804753807512,37379.50656380895,
Truss2D,NSGA-II,10,52,0.004183598805726559,95850.49342326596,
Truss2D,NSGA-II,10,52,0.038562177205935036,10561.971638480143,
Truss2D,NSGA-II,10,52,0.012732695958588936,31924.023925844434,
Truss2D,NSGA-II,10,52,0.04612944290674591,8863.196051041998,
Truss2D,NSGA-II,10,52,0.047823782347927175,8786.96179053714,
Truss2D,NSGA-II,10,52,0.005161850892377322,77695.5011719461,
Truss2D,NSGA-II,10,52,0.004319102786792069,92756.57527251878,
Truss2D,NSGA-II,10,52,0.017955567652847663,22931.959013219446,
Truss2D,NSGA-II,10,52,0.009202237065015266,44292.82100478328,
Truss2D,NSGA-II,10,52,0.025485686700395173,15996.021352297794,
Truss2D,NSGA-II,10,52,0.01654919084228926,24622.594228755486,
Truss2D,NSGA-II,10,52,0.01720572652201747,23295.488376644837,
Truss2D,NSGA-II,10,52,0.01133591577267588,36059.60137293244,
Truss2D,NSGA-II,10,52,0.00842028952459619,48466.0289102262,
Truss2D,NSGA-II,10,52,0.014265573720416872,28173.3501411496,
Truss2D,NSGA-II,10,52,0.023052554202792733,17423.83603799364,
Truss2D,NSGA-II,10,52,0.036967376862559576,10884.319236641959,
Truss2D,NSGA-II,10,52,0.052452075260936495,8433.06429891453,
Truss2D,NSGA-II,10,52,0.00871295576228957,46487.11062289468,
Truss2D,NSGA-II,10,52,0.00486642590924294,82980.39482348983,
Truss2D,NSGA-II,10,52,0.005858085062727338,69506.29988576229,
Truss2D,NSGA-II,10,52,0.05012460673749493,8499.571106610545,
Truss2D,NSGA-II,10,52,0.004707250031027567,86448.82896919444,
Truss2D,NSGA-II,10,52,0.013374984239150414,30030.861136544117,
Truss2D,NSGA-II,10,52,0.006704107531955807,60128.15449641234,
Truss2D,NSGA-II,10,52,0.028752094378608,13939.683468369267,
Truss2D,NSGA-II,10,52,0.02639301000770995,15280.082832955826,
Truss2D,NSGA-II,10,52,0.0059424876113093415,67485.91907998435,
Truss2D,NSGA-II,10,52,0.027112630251443268,15010.562793007017,
Truss2D,NSGA-II,10,52,0.0445015757761411,9001.866043749866,
Truss2D,NSGA-II,10,52,0.005034207084519727,79880.93374282154,
Truss2D,NSGA-II,10,52,0.031190183209362357,12864.84927566132,
Truss2D,NSGA-II,10,52,0.019569771470752756,20873.17751694531,
Truss2D,NSGA-II,10,52,0.035563920861165034,11313.234296227438,
Truss2D,NSGA-II,10,52,0.03477931501379933,11575.61400481107,
Truss2D,NSGA-II,10,52,0.00453925631977202,88568.57688064575,
Truss2D,NSGA-II,10,52,0.04363064109293251,9447.03758519628,
Truss2D,NSGA-II,10,52,0.04001442098656252,10004.822029364388,
Truss2D,NSGA-II,10,52,0.004423229473324632,91580.66877749181,
Truss2D,NSGA-II,10,52,0.02798085725692994,14409.409391599063,
Truss2D,NSGA-II,10,52,0.021259709129120327,18962.962323390013,
Truss2D,NSGA-II,10,52,0.014977920425188928,26728.42918157385,
Truss2D,NSGA-II,10,52,0.039304651187496986,10467.533762062534,
Truss2D,NSGA-II,10,52,0.045339528855938185,8873.349191211213,
Truss2D,NSGA-II,10,52,0.042076342484252585,9561.04008063376,
Truss2D,NSGA-II,10,52,0.04916696909454434,8569.439748758585,
Truss2D,NSGA-II,10,52,0.005686544045430033,71272.64659549757,
Truss2D,NSGA-II,10,52,0.009660019280843453,42589.77422638516,
Truss2D,NSGA-II,10,52,0.010614868530220901,39649.25044216273,
Truss2D,NSGA-II,10,52,0.0428366075563835,9453.471445386813,
Truss2D,NSGA-II,10,52,0.011646516957128115,34368.237608547184,
Truss2D,NSGA-II,10,52,0.012242058276136569,32982.10532004913,
Truss2D,NSGA-II,10,52,0.007986158780547889,50300.768088935285,
Truss2D,NSGA-II,10,52,0.03326226454323318,12192.231507100418,
Truss2D,NSGA-II,10,52,0.00609124380988515,66090.49734570594,
Truss2D,NSGA-II,10,52,0.0063349606494034,63662.88754824441,
Truss2D,NSGA-II,10,52,0.03397374716097096,11940.68874241152,
Truss2D,NSGA-II,10,52,0.04852192394532318,8654.329139149642,
Truss2D,NSGA-II,10,52,0.015828652206996613,25868.833066316773,
Truss2D,NSGA-II,10,52,0.006857865186643499,58872.25004497401,
Truss2D,NSGA-II,10,52,0.0199237371341405,20238.333895485437,
Truss2D,NSGA-II,10,52,0.040944104846409965,9991.51620629416,
Truss2D,NSGA-II,10,52,0.013925056225225567,28928.010383075292,
Truss2D,NSGA-II,10,52,0.007906368735836687,51070.45291170818,
Truss2D,NSGA-II,10,52,0.006580756486551702,62304.617966543934,
Truss2D,NSGA-II,10,52,0.01616990863382445,25701.091003416925,
Truss2D,NSGA-II,10,52,0.0093508163560178,43260.83368743566,
Truss2D,NSGA-II,10,52,0.04127505491554665,9697.695246052148,
Truss2D,NSGA-II,10,52,0.008567767989816434,47191.64075111769,
Truss2D,NSGA-II,10,52,0.032332935760393616,12573.77713714943,
Truss2D,NSGA-II,10,52,0.015159621961906079,26509.45080072291,
Truss2D,NSGA-II,10,52,0.004576328517819948,88333.3326899759,
Truss2D,NSGA-II,10,52,0.022292775695016843,18440.19671604759,
Truss2D,NSGA-II,10,52,0.021900630674434398,18498.352682672543,
Truss2D,NSGA-II,10,52,0.03214150008097727,12596.154688032873,
Truss2D,NSGA-II,10,52,0.025532426488362483,15961.198906795618,
Truss2D,NSGA-II,10,52,0.005333303760291692,75640.52360632751,
Truss2D,NSGA-II,10,52,0.005323265457902548,75855.33210615507,
Truss2D,NSGA-II,10,52,0.01002320588600928,41405.42192182328,
Truss2D,NSGA-II,10,52,0.010407649032856618,39666.3752549115,
Truss2D,NSGA-II,10,52,0.011589030682152095,34639.13551131085,
Truss2D,NSGA-II,10,52,0.0041447171680175756,97185.02713563552,
Truss2D,NSGA-II,10,52,0.05124546568308774,8442.813947652483,
Truss2D,NSGA-II,10,52,0.03641146004726742,11022.725290804787,
Truss2D,NSGA-II,10,52,0.05136072279637277,8435.328954255787,
Truss2D,NSGA-II,10,52,0.004094530525828059,98299.65146833689,
Truss2D,NSGA-II,10,52,0.004956853010977021,81029.86383570475,
Truss2D,NSGA-II,10,52,0.013592140675302344,29556.749385805495,
Truss2D,NSGA-II,10,52,0.005695693307831196,71051.72315299055,
Truss2D,NSGA-II,10,52,0.006929294002808216,57888.82175302144,
Truss2D,NSGA-II,10,52,0.010111480336043054,41018.52048085454,
Truss2D,NSGA-II,11,53,0.00400561344747968,99990.68558885135,
Truss2D,NSGA-II,11,53,0.05398891420435972,8432.740427860663,
Truss2D,NSGA-II,11,53,0.038961250087316296,10293.200997142632,
Truss2D,NSGA-II,11,53,0.023745432176112986,17601.478128732095,
Truss2D,NSGA-II,11,53,0.0048296295549315705,83406.44043138559,
Truss2D,NSGA-II,11,53,0.004296847430949944,95584.21569298558,
Truss2D,NSGA-II,11,53,0.026317594574417548,15246.784451877427,
Truss2D,NSGA-II,11,53,0.01067029859333728,38626.52761619207,
Truss2D,NSGA-II,11,53,0.027936605437103645,14454.194440184678,
Truss2D,NSGA-II,11,53,0.025003379940677452,16630.090536751864,
Truss2D,NSGA-II,11,53,0.02153222178366461,19120.90180023383,
Truss2D,NSGA-II,11,53,0.049784165259528654,8544.902963109625,
Truss2D,NSGA-II,11,53,0.0053734521303462025,75963.47709304868,
Truss2D,NSGA-II,11,53,0.018497819154503804,21697.15970489401,
Truss2D,NSGA-II,11,53,0.004382559906160884,92128.93198012443,
Truss2D,NSGA-II,11,53,0.007028645438280907,57711.492581365026,
Truss2D,NSGA-II,11,53,0.019650526379805487,20628.20691788842,
Truss2D,NSGA-II,11,53,0.047633381563195326,8682.70325234858,
Truss2D,NSGA-II,11,53,0.04614243677822553,8808.509800904338,
Truss2D,NSGA-II,11,53,0.037121214070144584,10850.109527172146,
Truss2D,NSGA-II,11,53,0.009454204091575035,43739.85206558073,
Truss2D,NSGA-II,11,53,0.005059303286195198,81087.5885216601,
Truss2D,NSGA-II,11,53,0.005167645766131329,78001.99076114625,
Truss2D,NSGA-II,11,53,0.01201568130137935,35050.547706255675,
Truss2D,NSGA-II,11,53,0.008579929140856169,46994.4300580859,
Truss2D,NSGA-II,11,53,0.03297151760726409,12273.43031155353,
Truss2D,NSGA-II,11,53,0.004752520290923832,85824.5157966476,
Truss2D,NSGA-II,11,53,0.005427302808947673,73848.00004981422,
Truss2D,NSGA-II,11,53,0.03617236353806898,11378.15130184523,
Truss2D,NSGA-II,11,53,0.00651097212059814,61869.14292034629,
Truss2D,NSGA-II,11,53,0.006362261612245758,63557.091441898876,
Truss2D,NSGA-II,11,53,0.01742502849049223,23392.547901630285,
Truss2D,NSGA-II,11,53,0.008095683054485586,49722.85077324073,
Truss2D,NSGA-II,11,53,0.010969397537106771,36672.03278918851,
Truss2D,NSGA-II,11,53,0.006223338181184677,65402.72196639189,
Truss2D,NSGA-II,11,53,0.015778244789997717,25366.753743336852,
Truss2D,NSGA-II,11,53,0.029493605615979995,14014.19298944517,
Truss2D,NSGA-II,11,53,0.03512352195660714,11603.430694143908,
Truss2D,NSGA-II,11,53,0.020580722460935664,19503.357941678667,
Truss2D,NSGA-II,11,53,0.010329724457020144,40587.74579739802,
Truss2D,NSGA-II,11,53,0.018197631971515395,22542.352996465666,
Truss2D,NSGA-II,11,53,0.009818531989826056,41428.108189232,
Truss2D,NSGA-II,11,53,0.007485671638731553,54346.48242144875,
Truss2D,NSGA-II,11,53,0.009002470705428126,44627.88759853983,
Truss2D,NSGA-II,11,53,0.005809964489220977,69135.90342559465,
Truss2D,NSGA-II,11,53,0.011390778894361074,36039.58115964645,
Truss2D,NSGA-II,11,53,0.022514607189960848,18115.570480738927,
Truss2D,NSGA-II,11,53,0.015059998067036794,26601.33673426036,
Truss2D,NSGA-II,11,53,0.005740950731067342,71317.73881705716,
Truss2D,NSGA-II,11,53,0.042344944222645675,9538.755262272058,
Truss2D,NSGA-II,11,53,0.012920348502526408,31295.118633722832,
Truss2D,NSGA-II,11,53,0.05328116398663765,8432.740428395071,
Truss2D,NSGA-II,11,53,0.04134986273752486,10071.141799288955,
Truss2D,NSGA-II,11,53,0.004163610626375703,96978.93645763109,
Truss2D,NSGA-II,11,53,0.044734373369002475,9007.70300295722,
Truss2D,NSGA-II,11,53,0.052115633356094426,8432.74043199604,
Truss2D,NSGA-II,11,53,0.004137924108979777,98702.90104592114,
Truss2D,NSGA-II,11,53,0.028477546356008326,14146.535716160393,
Truss2D,NSGA-II,11,53,0.005097129399702728,79675.58959851573,
Truss2D,NSGA-II,11,53,0.006054555884908257,66850.55637834266,
Truss2D,NSGA-II,11,53,0.016192499465014,24818.80508567538,
Truss2D,NSGA-II,11,53,0.007786020477199307,51902.2509840218,
Truss2D,NSGA-II,11,53,0.05137780228266024,8504.509259815548,
Truss2D,NSGA-II,11,53,0.005685665579591171,72394.23437528903,
Truss2D,NSGA-II,11,53,0.04001252358284199,10088.176549560796,
Truss2D,NSGA-II,11,53,0.006749204468579434,59467.6154203507,
Truss2D,NSGA-II,11,53,0.03406388934751771,12067.262159977654,
Truss2D,NSGA-II,11,53,0.004499260956510157,89081.2164772841,
Truss2D,NSGA-II,11,53,0.01383464598064069,29228.604975737104,
Truss2D,NSGA-II,11,53,0.006675422392912298,60050.28917430951,
Truss2D,NSGA-II,11,53,0.012534736743506723,31956.39431822647,
Truss2D,NSGA-II,11,53,0.030208860871241763,13522.532661726962,
Truss2D,NSGA-II,11,53,0.043369764875990244,9356.127416498348,
Truss2D,NSGA-II,11,53,0.045445400427717345,8933.709147209123,
Truss2D,NSGA-II,11,53,0.02282381137256987,17985.623112737787,
Truss2D,NSGA-II,11,53,0.0059945383847473215,68234.69208140038,
Truss2D,NSGA-II,11,53,0.007216466588877907,56021.307716376614,
Truss2D,NSGA-II,11,53,0.04873668462360112,8564.77441034304,
Truss2D,NSGA-II,11,53,0.014510616246448355,28140.785660099868,
Truss2D,NSGA-II,11,53,0.012146386963235146,33238.68894757009,
Truss2D,NSGA-II,11,53,0.00825737133346005,48779.731402259735,
Truss2D,NSGA-II,11,53,0.015005816705362288,27449.631338442723,
Truss2D,NSGA-II,11,53,0.00446891911598514,89997.7944467597,
Truss2D,NSGA-II,11,53,0.007637493595262461,52478.81396057744,
Truss2D,NSGA-II,11,53,0.032063130958866204,12583.41871749122,
Truss2D,NSGA-II,11,53,0.02559003850366044,15997.598362416682,
Truss2D,NSGA-II,11,53,0.034293917238180815,11712.35803377122,
Truss2D,NSGA-II,11,53,0.008499900050961092,47889.95219315882,
Truss2D,NSGA-II,11,53,0.04173897784716511,9830.385339731189,
Truss2D,NSGA-II,11,53,0.01414335938864477,28473.30597218585,
Truss2D,NSGA-II,11,53,0.004427962337794359,91475.45906787051,
Truss2D,NSGA-II,11,53,0.036995100103994816,10938.359676911323,
Truss2D,NSGA-II,11,53,0.007283232488860886,55455.98393191898,
Truss2D,NSGA-II,11,53,0.013345954318335356,30009.81170503534,
Truss2D,NSGA-II,11,53,0.048356854036612745,8576.331565452256,
Truss2D,NSGA-II,11,53,0.03974038476528437,10117.06252473314,
Truss2D,NSGA-II,11,53,0.043727668801423286,9175.956793282936,
Truss2D,NSGA-II,11,53,0.004587151121398488,87245.93780662889,
Truss2D,NSGA-II,11,53,0.03056070183098287,13163.354660583322,
Truss2D,NSGA-II,11,53,0.02585002645245231,15746.11845674278,
Truss2D,NSGA-II,12,54,0.004009805894914777,99900.99899005682,
Truss2D,NSGA-II,12,54,0.05146238430875678,8432.740427505485,
Truss2D,NSGA-II,12,54,0.006316167357102214,63422.06039020717,
Truss2D,NSGA-II,12,54,0.03183633007772026,12861.865626396779,
Truss2D,NSGA-II,12,54,0.030613185539004256,13250.025812802793,
Truss2D,NSGA-II,12,54,0.03536433842588113,11403.506485969598,
Truss2D,NSGA-II,12,54,0.03755551849136295,10655.365458574375,
Truss2D,NSGA-II,12,54,0.036489625828807215,11147.775652756094,
Truss2D,NSGA-II,12,54,0.008692953459416595,46787.787018948446,
Truss2D,NSGA-II,12,54,0.005544991087829524,73415.27097585418,
Truss2D,NSGA-II,12,54,0.04497387651828453,8962.084198814975,
Truss2D,NSGA-II,12,54,0.00805201616280285,50859.61482371194,
Truss2D,NSGA-II,12,54,0.04129982501486998,9809.748179147968,
Truss2D,NSGA-II,12,54,0.0050835191610747454,79921.2170633999,
Truss2D,NSGA-II,12,54,0.011331413318831099,35583.63103437438,
Truss2D,NSGA-II,12,54,0.022845865727778743,17571.303282438173,
Truss2D,NSGA-II,12,54,0.02488675931402353,16092.135380854059,
Truss2D,NSGA-II,12,54,0.00523966935453184,77280.59261540572,
Truss2D,NSGA-II,12,54,0.04964305453567801,8551.869022872914,
Truss2D,NSGA-II,12,54,0.03301513638995254,12256.5060119835,
Truss2D,NSGA-II,12,54,0.019530452457475804,20784.827452370988,
Truss2D,NSGA-II,12,54,0.0061906453454979495,65934.80581461976,
Truss2D,NSGA-II,12,54,0.015620492194959566,26483.240479200354,
Truss2D,NSGA-II,12,54,0.01458531810255916,27567.79947735568,
Truss2D,NSGA-II,12,54,0.0056511772663228235,71245.39155018763,
Truss2D,NSGA-II,12,54,0.005835259827675502,69858.82108999607,
Truss2D,NSGA-II,12,54,0.004507116124926957,90042.0888690751,
Truss2D,NSGA-II,12,54,0.006667658515852099,60689.12896520955,
Truss2D,NSGA-II,12,54,0.018655774613635493,21492.31454226483,
Truss2D,NSGA-II,12,54,0.009850394543049404,40917.27159649952,
Truss2D,NSGA-II,12,54,0.034142658324275,11774.595877159214,
Truss2D,NSGA-II,12,54,0.046312351641049285,8752.677186294566,
Truss2D,NSGA-II,12,54,0.004374305412514816,91568.84388929274,
Truss2D,NSGA-II,12,54,0.047742230786456424,8632.461866592086,
Truss2D,NSGA-II,12,54,0.048175372543194955,8591.195700311682,
Truss2D,NSGA-II,12,54,0.016552538378778868,24725.62405971198,
Truss2D,NSGA-II,12,54,0.0042996086688775895,93497.35670298268,
Truss2D,NSGA-II,12,54,0.05047590399686961,8545.36309429214,
Truss2D,NSGA-II,12,54,0.03985829572409309,10136.936010792351,
Truss2D,NSGA-II,12,54,0.008301380708799433,48407.12466158933,
Truss2D,NSGA-II,12,54,0.04363374253506308,9314.37263922484,
Truss2D,NSGA-II,12,54,0.004870863420170027,82604.23395308414,
Truss2D,NSGA-II,12,54,0.015706723353527734,25557.595935810692,
Truss2D,NSGA-II,12,54,0.012339150055304365,33091.19392447996,
Truss2D,NSGA-II,12,54,0.011012952240841126,37796.24900703839,
Truss2D,NSGA-II,12,54,0.009629438238426557,42406.9808721967,
Truss2D,NSGA-II,12,54,0.007568658950637136,53009.80494022912,
Truss2D,NSGA-II,12,54,0.01434722723001409,28147.71840892838,
Truss2D,NSGA-II,12,54,0.028805701087803007,14202.715900850768,
Truss2D,NSGA-II,12,54,0.009105215844504234,44381.658494193376,
Truss2D,NSGA-II,12,54,0.01689175640508149,24122.271261686034,
Truss2D,NSGA-II,12,54,0.004800111963041156,84576.7686621448,
Truss2D,NSGA-II,12,54,0.04198716850374358,9589.355861307089,
Truss2D,NSGA-II,12,54,0.004235988471799691,96179.98124333043,
Truss2D,NSGA-II,12,54,0.022041559602888575,18196.097735985746,
Truss2D,NSGA-II,12,54,0.005926910073891046,67688.5546555655,
Truss2D,NSGA-II,12,54,0.02950830197001867,13605.53786123895,
Truss2D,NSGA-II,12,54,0.007255005208249299,57255.029372156714,
Truss2D,NSGA-II,12,54,0.004933920654734105,81271.13858137552,
Truss2D,NSGA-II,12,54,0.0077366704601791875,52003.55051937574,
Truss2D,NSGA-II,12,54,0.023894575596235243,17046.10013767052,
Truss2D,NSGA-II,12,54,0.013204896426729488,30448.54861671382,
Truss2D,NSGA-II,12,54,0.004614935698517602,87958.54248033508,
Truss2D,NSGA-II,12,54,0.03872524773654588,10336.44053073012,
Truss2D,NSGA-II,12,54,0.004784654857478422,85734.70555278717,
Truss2D,NSGA-II,12,54,0.010162821454883992,39552.797427390025,
Truss2D,NSGA-II,12,54,0.027858739620688074,14442.38064109391,
Truss2D,NSGA-II,12,54,0.012673899954469114,31880.48909317021,
Truss2D,NSGA-II,12,54,0.013778736251146576,29376.94441108569,
Truss2D,NSGA-II,12,54,0.005463346678706367,75693.68761236746,
Truss2D,NSGA-II,12,54,0.009431580616534837,43535.719685161304,
Truss2D,NSGA-II,12,54,0.007364520569052224,54654.52406544489,
Truss2D,NSGA-II,12,54,0.01173880973004623,34622.18156461043,
Truss2D,NSGA-II,12,54,0.006885174109078103,58853.21702777304,
Truss2D,NSGA-II,12,54,0.007309665507458122,55337.81443329555,
Truss2D,NSGA-II,12,54,0.0428663744934415,9540.319775086105,
Truss2D,NSGA-II,12,54,0.004260803442354525,95036.3336139747,
Truss2D,NSGA-II,12,54,0.04583170975527254,8810.855716313477,
Truss2D,NSGA-II,12,54,0.01062925639433955,39475.03983725934,
Truss2D,NSGA-II,12,54,0.004172091320258904,98024.91614486577,
Truss2D,NSGA-II,12,54,0.021719467620819936,18549.329172890783,
Truss2D,NSGA-II,12,54,0.012129548484951687,34300.11546117652,
Truss2D,NSGA-II,12,54,0.021008028572815043,19235.782993522032,
Truss2D,NSGA-II,12,54,0.03363213609878249,11938.868001189092,
Truss2D,NSGA-II,12,54,0.004714829966005836,87422.01581131502,
Truss2D,NSGA-II,12,54,0.023845165244808692,17111.812151603484,
Truss2D,NSGA-II,12,54,0.020143336082847203,19929.169453788927,
Truss2D,NSGA-II,12,54,0.026440674590960552,15329.201006964598,
Truss2D,NSGA-II,12,54,0.013105926712400023,31668.261941158224,
Truss2D,NSGA-II,12,54,0.010807390483683472,38030.61686487138,
Truss2D,NSGA-II,12,54,0.01813162494389312,22136.83360600035,
Truss2D,NSGA-II,12,54,0.008545567289246605,48210.8351755552,
Truss2D,NSGA-II,12,54,0.017411402264741915,23070.22950331899,
Truss2D,NSGA-II,12,54,0.0069503560574394364,57763.24678680899,
Truss2D,NSGA-II,12,54,0.005994845473040558,67020.71954299096,
Truss2D,NSGA-II,12,54,0.0067916216987255265,60270.77507401877,
Truss2D,NSGA-II,12,54,0.025655224061744,15897.723477184072,
Truss2D,NSGA-II,12,54,0.01367968810131407,29747.915991707425,
Truss2D,NSGA-II,12,54,0.021089955369798484,19084.941854081197,
Truss2D,NSGA-II,12,54,0.02009839771106208,20017.260584413652,
Truss2D,NSGA-II,13,55,0.0040081746399860865,99978.57496686078,
Truss2D,NSGA-II,13,55,0.05175350307077949,8432.740427119801,
Truss2D,NSGA-II,13,55,0.00515627194604958,78234.64013960013,
Truss2D,NSGA-II,13,55,0.011718017600131192,34654.57097154679,
Truss2D,NSGA-II,13,55,0.04270644600033817,9500.998781223576,
Truss2D,NSGA-II,13,55,0.007158126922624488,57487.21550267289,
Truss2D,NSGA-II,13,55,0.013794007577613829,29141.37307084987,
Truss2D,NSGA-II,13,55,0.0052945277861936105,76191.15003697122,
Truss2D,NSGA-II,13,55,0.040357263412522854,9948.745303996697,
Truss2D,NSGA-II,13,55,0.005483662274822332,73739.44217876991,
Truss2D,NSGA-II,13,55,0.041875060539648734,9845.98629557458,
Truss2D,NSGA-II,13,55,0.01352930093837822,31036.53504719157,
Truss2D,NSGA-II,13,55,0.00813786464094786,49758.43010173537,
Truss2D,NSGA-II,13,55,0.007929898959469928,52415.29767565911,
Truss2D,NSGA-II,13,55,0.04422208307591585,9182.1130190328,
Truss2D,NSGA-II,13,55,0.03631071590560508,11084.7797136616,
Truss2D,NSGA-II,13,55,0.020281301407420915,20049.155127599217,
Truss2D,NSGA-II,13,55,0.034232910989907994,11785.92710952728,
Truss2D,NSGA-II,13,55,0.004342364911521141,93204.57056263607,
Truss2D,NSGA-II,13,55,0.014585383819804128,27926.82299697282,
Truss2D,NSGA-II,13,55,0.00444242553830299,91259.72630411302,
Truss2D,NSGA-II,13,55,0.0293311881225476,13786.37376245558,
Truss2D,NSGA-II,13,55,0.0066797680848505,61290.9729976036,
Truss2D,NSGA-II,13,55,0.005917764654952839,68857.60070419406,
Truss2D,NSGA-II,13,55,0.004296715821740862,94980.46513496099,
Truss2D,NSGA-II,13,55,0.049037848211508965,8568.197318792943,
Truss2D,NSGA-II,13,55,0.015550818807289438,26094.576835228137,
Truss2D,NSGA-II,13,55,0.010343399408386265,39233.94037222326,
Truss2D,NSGA-II,13,55,0.00602451943665717,67252.43023034575,
Truss2D,NSGA-II,13,55,0.0062964617429539125,64215.99202106522,
Truss2D,NSGA-II,13,55,0.00642699670160499,62405.80540397226,
Truss2D,NSGA-II,13,55,0.039380367345447156,10181.087305996107,
Truss2D,NSGA-II,13,55,0.006128237462723738,65536.24845365748,
Truss2D,NSGA-II,13,55,0.004899870798136323,83663.90558832239,
Truss2D,NSGA-II,13,55,0.010851048773962153,37676.96694391781,
Truss2D,NSGA-II,13,55,0.018501401095023795,21657.159737023612,
Truss2D,NSGA-II,13,55,0.007469581191812708,54549.083681200624,
Truss2D,NSGA-II,13,55,0.020875200804442502,19812.23020001326,
Truss2D,NSGA-II,13,55,0.005672386138645542,71920.31552097481,
Truss2D,NSGA-II,13,55,0.016191006288439565,24993.9955139461,
Truss2D,NSGA-II,13,55,0.028411118266157775,14239.872910215678,
Truss2D,NSGA-II,13,55,0.009125108489514335,45530.61674761211,
Truss2D,NSGA-II,13,55,0.030956082509311502,13033.210796892568,
Truss2D,NSGA-II,13,55,0.01928090152754504,20780.637056854284,
Truss2D,NSGA-II,13,55,0.012741469577313019,32012.28531744538,
Truss2D,NSGA-II,13,55,0.004512024523244004,89598.37196063338,
Truss2D,NSGA-II,13,55,0.02687656240361327,15214.970612412522,
Truss2D,NSGA-II,13,55,0.0049831256439733995,81127.9143777456,
Truss2D,NSGA-II,13,55,0.025632222483486095,15679.848949810827,
Truss2D,NSGA-II,13,55,0.022833057388658214,18295.879591286506,
Truss2D,NSGA-II,13,55,0.02804258354401443,14770.367116411007,
Truss2D,NSGA-II,13,55,0.021550481191478087,18617.62408117728,
Truss2D,NSGA-II,13,55,0.006809758452559822,59258.432425184976,
Truss2D,NSGA-II,13,55,0.038371377275129875,10557.915817005345,
Truss2D,NSGA-II,13,55,0.012255731505990335,32699.872450724208,
Truss2D,NSGA-II,13,55,0.025100924624673636,16303.299579662318,
Truss2D,NSGA-II,13,55,0.009302129785913136,43737.65768431849,
Truss2D,NSGA-II,13,55,0.007590066750676246,53253.99090482683,
Truss2D,NSGA-II,13,55,0.03191395840201017,12541.254378214953,
Truss2D,NSGA-II,13,55,0.05005997542972428,8554.655765664622,
Truss2D,NSGA-II,13,55,0.04774376192622111,8652.236061283018,
Truss2D,NSGA-II,13,55,0.017947676474978184,22534.11723184781,
Truss2D,NSGA-II,13,55,0.03001702945922699,13393.761890807082,
Truss2D,NSGA-II,13,55,0.008895752327297498,46407.88850857047,
Truss2D,NSGA-II,13,55,0.017291740193882972,23349.781628646604,
Truss2D,NSGA-II,13,55,0.004090564477961614,98977.93553505815,
Truss2D,NSGA-II,13,55,0.004982146926985603,81154.84725692951,
Truss2D,NSGA-II,13,55,0.008632323322698914,47315.62911753385,
Truss2D,NSGA-II,13,55,0.04586989711185531,8908.831513288742,
Truss2D,NSGA-II,13,55,0.004138665966076865,96665.13542066948,
Truss2D,NSGA-II,13,55,0.016761448445318856,23964.851693138786,
Truss2D,NSGA-II,13,55,0.033061096616966074,12162.047062002384,
Truss2D,NSGA-II,13,55,0.03220326994076722,12493.887505002183,
Truss2D,NSGA-II,13,55,0.04808584412383831,8620.515969383778,
Truss2D,NSGA-II,13,55,0.03528858179774963,11391.07369547551,
Truss2D,NSGA-II,13,55,0.03730882038692506,10764.84997089037,
Truss2D,NSGA-II,13,55,0.021440318626622025,18736.355984535785,
Truss2D,NSGA-II,13,55,0.011295057968328085,36072.68893845972,
Truss2D,NSGA-II,13,55,0.006903688186183951,58619.14957690365,
Truss2D,NSGA-II,13,55,0.024265533441014706,16511.927494972897,
Truss2D,NSGA-II,13,55,0.01534232211641929,27153.769834644452,
Truss2D,NSGA-II,13,55,0.004667629813540561,86487.18002830549,
Truss2D,NSGA-II,13,55,0.051136389279377054,8447.715861152992,
Truss2D,NSGA-II,13,55,0.004878184457139256,84507.91551264223,
Truss2D,NSGA-II,13,55,0.004127305696602456,97305.67027955185,
Truss2D,NSGA-II,13,55,0.004851629369216254,85982.66505704424,
Truss2D,NSGA-II,13,55,0.009403327373003909,43013.33470952834,
Truss2D,NSGA-II,13,55,0.019276693189930177,21542.176943747505,
Truss2D,NSGA-II,13,55,0.02291438416783952,18012.385410555624,
Truss2D,NSGA-II,13,55,0.046601584949426164,8699.595442076386,
Truss2D,NSGA-II,13,55,0.03879852876584479,10530.504380525286,
Truss2D,NSGA-II,13,55,0.03534535188274354,11358.786095399964,
Truss2D,NSGA-II,13,55,0.02716129689638313,15052.981880762181,
Truss2D,NSGA-II,13,55,0.011114100406963076,37165.3406846888,
Truss2D,NSGA-II,13,55,0.037203269723110874,10834.738259942158,
Truss2D,NSGA-II,13,55,0.015025919069733605,27515.26710694007,
Truss2D,NSGA-II,13,55,0.005780333644102669,70636.41698788034,
Truss2D,NSGA-II,13,55,0.05053957919068104,8519.12548234989,
Truss2D,NSGA-II,13,55,0.030479473202797754,13219.92140241092,
Truss2D,NSGA-II,13,55,0.00836345417950841,48628.81785070435,
Truss2D,NSGA-II,14,56,0.05407557005007653,8432.740427625173,
Truss2D,NSGA-II,14,56,0.004024245513937875,99966.20665804244,
Truss2D,NSGA-II,14,56,0.011071073936532196,37136.944665513154,
Truss2D,NSGA-II,14,56,0.012043771861227766,33411.62295492814,
Truss2D,NSGA-II,14,56,0.005201717566487709,77400.54342912132,
Truss2D,NSGA-II,14,56,0.005493744985051558,73121.4923907019,
Truss2D,NSGA-II,14,56,0.01937597705805954,21111.709303128795,
Truss2D,NSGA-II,14,56,0.01561273859881608,25747.776092433032,
Truss2D,NSGA-II,14,56,0.03827711570472761,10482.725869292814,
Truss2D,NSGA-II,14,56,0.05142727477336982,8432.740427867708,
Truss2D,NSGA-II,14,56,0.040041206495378664,10026.393564413802,
Truss2D,NSGA-II,14,56,0.03250419808821131,12325.093726648196,
Truss2D,NSGA-II,14,56,0.044721326570637265,9183.233400548777,
Truss2D,NSGA-II,14,56,0.04609323462175266,8816.00924914875,
Truss2D,NSGA-II,14,56,0.018227809801773437,22002.92563252502,
Truss2D,NSGA-II,14,56,0.04266797802263584,9480.575347388763,
Truss2D,NSGA-II,14,56,0.01055910055004691,38178.51673178375,
Truss2D,NSGA-II,14,56,0.015012962974705165,27702.352598307178,
Truss2D,NSGA-II,14,56,0.0049182549218461285,81400.27586139188,
Truss2D,NSGA-II,14,56,0.0071686382784458096,56851.554089455945,
Truss2D,NSGA-II,14,56,0.006631767724844171,60382.48144731277,
Truss2D,NSGA-II,14,56,0.0202759360363963,19850.47136137344,
Truss2D,NSGA-II,14,56,0.03545061540841775,11367.871769021678,
Truss2D,NSGA-II,14,56,0.036558009072584885,11134.474521492726,
Truss2D,NSGA-II,14,56,0.0436010316944641,9232.087791539207,
Truss2D,NSGA-II,14,56,0.04878251927024427,8605.80046199509,
Truss2D,NSGA-II,14,56,0.029686229707631948,13610.06780863393,
Truss2D,NSGA-II,14,56,0.004803311417087248,83501.25650973362,
Truss2D,NSGA-II,14,56,0.006185497356955023,65177.594762071036,
Truss2D,NSGA-II,14,56,0.03737676131654924,10790.719013493817,
Truss2D,NSGA-II,14,56,0.004095413943891092,98331.51595460564,
Truss2D,NSGA-II,14,56,0.04133254478099751,9808.264687868594,
Truss2D,NSGA-II,14,56,0.008470359479829609,47890.40232491432,
Truss2D,NSGA-II,14,56,0.00420781064822766,96536.95788378331,
Truss2D,NSGA-II,14,56,0.02179194387961539,18449.494921188634,
Truss2D,NSGA-II,14,56,0.012924008366004065,31134.553304935464,
Truss2D,NSGA-II,14,56,0.006601457808962107,62634.14696900921,
Truss2D,NSGA-II,14,56,0.025589965249999316,15738.051751171159,
Truss2D,NSGA-II,14,56,0.013810716890449609,30120.807215019067,
Truss2D,NSGA-II,14,56,0.0059298600617767,69392.5864066422,
Truss2D,NSGA-II,14,56,0.03104213413304839,13030.971473273146,
Truss2D,NSGA-II,14,56,0.010125273593048396,39914.04749406805,
Truss2D,NSGA-II,14,56,0.006321202453872424,63337.897173476835,
Truss2D,NSGA-II,14,56,0.02890669553777003,13902.542076291538,
Truss2D,NSGA-II,14,56,0.007370791445806473,54374.86420401596,
Truss2D,NSGA-II,14,56,0.008898240122360778,45941.43971533831,
Truss2D,NSGA-II,14,56,0.04766040321162425,8647.924424982702,
Truss2D,NSGA-II,14,56,0.009723111481191083,41859.61740444351,
Truss2D,NSGA-II,14,56,0.030624787177292924,13136.08781588836,
Truss2D,NSGA-II,14,56,0.008421116606090491,49430.70978433258,
Truss2D,NSGA-II,14,56,0.047132824301881523,8682.867081910095,
Truss2D,NSGA-II,14,56,0.007656096757308462,52341.25574185745,
Truss2D,NSGA-II,14,56,0.004620731672944299,88022.27756196905,
Truss2D,NSGA-II,14,56,0.0069284202714172,58871.32446415282,
Truss2D,NSGA-II,14,56,0.006049486220323912,66690.8486048457,
Truss2D,NSGA-II,14,56,0.012331173219035686,32754.705022936214,
Truss2D,NSGA-II,14,56,0.009433484813761045,42531.115232537,
Truss2D,NSGA-II,14,56,0.005967802980582115,67738.42357783228,
Truss2D,NSGA-II,14,56,0.024572719742626828,16397.223778273645,
Truss2D,NSGA-II,14,56,0.016512859731369196,24710.995289260347,
Truss2D,NSGA-II,14,56,0.005594060410756601,71592.3955812969,
Truss2D,NSGA-II,14,56,0.005668960566320698,70613.90566671375,
Truss2D,NSGA-II,14,56,0.02673298665585513,15144.25261515398,
Truss2D,NSGA-II,14,56,0.004687315586629128,86469.58931979722,
Truss2D,NSGA-II,14,56,0.02121589267672888,19057.76116630196,
Truss2D,NSGA-II,14,56,0.005110398347598372,79658.00685222159,
Truss2D,NSGA-II,14,56,0.008849435483045313,46500.80085727205,
Truss2D,NSGA-II,14,56,0.0042886708526262704,93635.11953786227,
Truss2D,NSGA-II,14,56,0.012701862661305942,31672.64692584727,
Truss2D,NSGA-II,14,56,0.026010481715275268,15529.697089666735,
Truss2D,NSGA-II,14,56,0.009928730283422083,40356.37232842359,
Truss2D,NSGA-II,14,56,0.004508943554139833,89852.40908768344,
Truss2D,NSGA-II,14,56,0.009163392521314054,43973.70513146995,
Truss2D,NSGA-II,14,56,0.04984072336793441,8604.170053497124,
Truss2D,NSGA-II,14,56,0.0408655995678638,9900.63190065995,
Truss2D,NSGA-II,14,56,0.007394208002015949,54109.5276057438,
Truss2D,NSGA-II,14,56,0.017678277094582213,22866.675580443458,
Truss2D,NSGA-II,14,56,0.034392710589055506,11823.368226129347,
Truss2D,NSGA-II,14,56,0.020967349960873446,19698.08567220091,
Truss2D,NSGA-II,14,56,0.023760796987322357,17358.752661549293,
Truss2D,NSGA-II,14,56,0.028241700980385427,14254.750528410439,
Truss2D,NSGA-II,14,56,0.022499575214156957,17795.117155743756,
Truss2D,NSGA-II,14,56,0.006994076325764166,58057.75217890429,
Truss2D,NSGA-II,14,56,0.05018509548613474,8507.936433137691,
Truss2D,NSGA-II,14,56,0.024379045022720716,16441.769346672754,
Truss2D,NSGA-II,14,56,0.005115748965769174,79009.00416270149,
Truss2D,NSGA-II,14,56,0.03459705685630436,11667.619151175568,
Truss2D,NSGA-II,14,56,0.014218717972741888,28616.295756189123,
Truss2D,NSGA-II,14,56,0.014566693070274615,28296.062945313937,
Truss2D,NSGA-II,14,56,0.05110714864218013,8466.867884660844,
Truss2D,NSGA-II,14,56,0.0043865060782092135,91594.7943987343,
Truss2D,NSGA-II,14,56,0.027918005805586413,14593.877412717984,
Truss2D,NSGA-II,14,56,0.022742289955485676,17688.22516876482,
Truss2D,NSGA-II,14,56,0.013972747454657687,29590.16007511464,
Truss2D,NSGA-II,14,56,0.004368155084062259,91926.17127274019,
Truss2D,NSGA-II,14,56,0.023542303999012255,17415.712853538545,
Truss2D,NSGA-II,14,56,0.004250505907906984,94978.23814245363,
Truss2D,NSGA-II,14,56,0.016969142821556274,23599.237677687102,
Truss2D,NSGA-II,14,56,0.007993983675314224,51297.17773783504,
Truss2D,NSGA-II,14,56,0.004732645736894978,84952.31947473196,
Truss2D,NSGA-II,15,57,0.004031336308850358,99965.89816445824,
Truss2D,NSGA-II,15,57,0.05220828821126653,8432.740427115792,
Truss2D,NSGA-II,15,57,0.01850233464843661,22685.993503063455,
Truss2D,NSGA-II,15,57,0.037010763253300064,10911.58036523179,
Truss2D,NSGA-II,15,57,0.004296701268882145,94562.23468050727,
Truss2D,NSGA-II,15,57,0.006078329811854354,66020.00057656763,
Truss2D,NSGA-II,15,57,0.004953725961221635,82000.23858512676,
Truss2D,NSGA-II,15,57,0.03570554121374597,11590.575147420765,
Truss2D,NSGA-II,15,57,0.03859721352246362,10465.83662009136,
Truss2D,NSGA-II,15,57,0.0052350242414663725,76667.72189464174,
Truss2D,NSGA-II,15,57,0.01715727175953767,23972.907171809864,
Truss2D,NSGA-II,15,57,0.00772067228647853,52964.527894756844,
Truss2D,NSGA-II,15,57,0.005044597620179329,79909.95238159232,
Truss2D,NSGA-II,15,57,0.010670333683738828,37666.80773538892,
Truss2D,NSGA-II,15,57,0.023208319949589665,17950.109348580365,
Truss2D,NSGA-II,15,57,0.012785724743858123,31623.64783946628,
Truss2D,NSGA-II,15,57,0.005845551514171628,69323.93930874925,
Truss2D,NSGA-II,15,57,0.02524927119529724,15983.26059472928,
Truss2D,NSGA-II,15,57,0.006428830707221418,62489.41582573725,
Truss2D,NSGA-II,15,57,0.02421243572506307,16644.358958742083,
Truss2D,NSGA-II,15,57,0.004799671624999945,84920.63825177346,
Truss2D,NSGA-II,15,57,0.01943289343967198,20975.585223034428,
Truss2D,NSGA-II,15,57,0.005500085346374905,73343.1266482176,
Truss2D,NSGA-II,15,57,0.006424465940137796,64930.31931514144,
Truss2D,NSGA-II,15,57,0.0043699762176518005,91941.73463340485,
Truss2D,NSGA-II,15,57,0.00885034809119356,45582.45899776431,
Truss2D,NSGA-II,15,57,0.04470819052646821,9053.902168437877,
Truss2D,NSGA-II,15,57,0.007411927903526915,55569.3459057095,
Truss2D,NSGA-II,15,57,0.0040883625600041835,97979.66979588044,
Truss2D,NSGA-II,15,57,0.004436070877428363,90936.19286782455,
Truss2D,NSGA-II,15,57,0.014989524165060945,27122.27957561953,
Truss2D,NSGA-II,15,57,0.014415787089983407,27860.309610695753,
Truss2D,NSGA-II,15,57,0.020315017364642862,19838.278064438917,
Truss2D,NSGA-II,15,57,0.011968328602627417,35021.38878404507,
Truss2D,NSGA-II,15,57,0.005214035435348602,77888.82207809291,
Truss2D,NSGA-II,15,57,0.01118111498770466,36471.18145052998,
Truss2D,NSGA-II,15,57,0.028387859688187814,14152.895627692711,
Truss2D,NSGA-II,15,57,0.0045312340353809,88406.739030642,
Truss2D,NSGA-II,15,57,0.009703901599346998,41845.744402128934,
Truss2D,NSGA-II,15,57,0.021885737202278578,18337.93201193393,
Truss2D,NSGA-II,15,57,0.007818424199879992,51366.456259147984,
Truss2D,NSGA-II,15,57,0.008335558857250281,47996.04550603195,
Truss2D,NSGA-II,15,57,0.01410466167143614,29140.90693295013,
Truss2D,NSGA-II,15,57,0.00705136572184398,57131.52100899783,
Truss2D,NSGA-II,15,57,0.027182866536757395,14896.096645455247,
Truss2D,NSGA-II,15,57,0.010640887146972509,40042.47341080746,
Truss2D,NSGA-II,15,57,0.013494011094868023,30282.07427792668,
Truss2D,NSGA-II,15,57,0.008574457129986677,46895.04261516555,
Truss2D,NSGA-II,15,57,0.040362067391213355,9944.002290824961,
Truss2D,NSGA-II,15,57,0.04117557624449174,9896.9264921186,
Truss2D,NSGA-II,15,57,0.015448476558725836,25988.895056701185,
Truss2D,NSGA-II,15,57,0.006837371348636099,58579.31081067005,
Truss2D,NSGA-II,15,57,0.009379700640115458,43312.16483574899,
Truss2D,NSGA-II,15,57,0.030124188291727756,13436.069662587995,
Truss2D,NSGA-II,15,57,0.00928139486714706,44358.7508343244,
Truss2D,NSGA-II,15,57,0.012229266438107143,33421.723889592584,
Truss2D,NSGA-II,15,57,0.006597091474628074,60871.64738603595,
Truss2D,NSGA-II,15,57,0.023591423409940984,17082.29306442743,
Truss2D,NSGA-II,15,57,0.04198255417995689,9657.168457649019,
Truss2D,NSGA-II,15,57,0.0046777383977643135,85721.89870951834,
Truss2D,NSGA-II,15,57,0.043953846878985826,9139.505590444782,
Truss2D,NSGA-II,15,57,0.03310495626845161,12117.852946732624,
Truss2D,NSGA-II,15,57,0.031883119318837326,12624.981318817861,
Truss2D,NSGA-II,15,57,0.021005583704921928,19524.910721238077,
Truss2D,NSGA-II,15,57,0.027839292695093956,14548.016254293336,
Truss2D,NSGA-II,15,57,0.02642302231836228,15278.388679625446,
Truss2D,NSGA-II,15,57,0.05076584929936454,8502.619660221437,
Truss2D,NSGA-II,15,57,0.0046287771425814455,87752.95660953886,
Truss2D,NSGA-II,15,57,0.011348337287544929,35389.37113891906,
Truss2D,NSGA-II,15,57,0.0260127234893591,15675.594139360554,
Truss2D,NSGA-II,15,57,0.0471708252713659,8794.607865510905,
Truss2D,NSGA-II,15,57,0.03470871713895424,11762.501828271408,
Truss2D,NSGA-II,15,57,0.012406726883002414,32634.18038412368,
Truss2D,NSGA-II,15,57,0.043239444360888446,9330.237007258818,
Truss2D,NSGA-II,15,57,0.03237770502947772,12416.868000175029,
Truss2D,NSGA-II,15,57,0.04735436680052531,8715.321559575808,
Truss2D,NSGA-II,15,57,0.01967269273475729,20669.052128751926,
Truss2D,NSGA-II,15,57,0.05180801954869227,8442.316098715677,
Truss2D,NSGA-II,15,57,0.01591500468784045,25516.641097572876,
Truss2D,NSGA-II,15,57,0.01635377918596681,24907.7608040835,
Truss2D,NSGA-II,15,57,0.006750662148548282,59883.43928130541,
Truss2D,NSGA-II,15,57,0.04269740351048881,9580.946591546883,
Truss2D,NSGA-II,15,57,0.008137682765865798,49522.64597250918,
Truss2D,NSGA-II,15,57,0.033735194077882266,11938.012059574883,
Truss2D,NSGA-II,15,57,0.010086612017970373,41146.16013515922,
Truss2D,NSGA-II,15,57,0.04589902677593681,8812.206584349484,
Truss2D,NSGA-II,15,57,0.04936005836135593,8543.85921370242,
Truss2D,NSGA-II,15,57,0.029320098667047934,13807.353578494181,
Truss2D,NSGA-II,15,57,0.04583682434539205,8844.767475317207,
Truss2D,NSGA-II,15,57,0.016700281027308896,24255.642682234797,
Truss2D,NSGA-II,15,57,0.008105968695816482,50225.453757855874,
Truss2D,NSGA-II,15,57,0.0056648454577533786,70964.27600522635,
Truss2D,NSGA-II,15,57,0.04856397096258283,8615.599959772015,
Truss2D,NSGA-II,15,57,0.031072511411556383,12993.166903437505,
Truss2D,NSGA-II,15,57,0.005567813834494159,71879.73909937919,
Truss2D,NSGA-II,15,57,0.01380561490265185,30156.465679813326,
Truss2D,NSGA-II,15,57,0.02145295529578673,18963.969477394727,
Truss2D,NSGA-II,15,57,0.00723456052082075,55894.36800349802,
Truss2D,NSGA-II,15,57,0.030886705324816157,13057.305216306664,
Truss2D,NSGA-II,15,57,0.03959761366991506,10266.859170001393,
Truss2D,NSGA-II,16,58,0.05145023869290935,8432.740427115683,
Truss2D,NSGA-II,16,58,0.004027861932224817,99964.5873933527,
Truss2D,NSGA-II,16,58,0.011522032196816082,36859.514404207956,
Truss2D,NSGA-II,16,58,0.01225195551138279,33348.87393920266,
Truss2D,NSGA-II,16,58,0.008839542921449183,45658.05467507482,
Truss2D,NSGA-II,16,58,0.03528573850756635,11424.501255176596,
Truss2D,NSGA-II,16,58,0.020742424370296705,19288.498456463174,
Truss2D,NSGA-II,16,58,0.027023623148877362,15009.72761074071,
Truss2D,NSGA-II,16,58,0.0078517259153619,51529.79648793295,
Truss2D,NSGA-II,16,58,0.008195453572808865,48874.82108172766,
Truss2D,NSGA-II,16,58,0.004187417103656013,95826.32817504421,
Truss2D,NSGA-II,16,58,0.04019282523241009,10070.742454604268,
Truss2D,NSGA-II,16,58,0.00540346225857064,74153.4497834079,
Truss2D,NSGA-II,16,58,0.019719431570214753,20418.82697259499,
Truss2D,NSGA-II,16,58,0.00471731108721215,86751.49793060542,
Truss2D,NSGA-II,16,58,0.01030978099085983,38960.630959800204,
Truss2D,NSGA-II,16,58,0.028148387174432896,14238.564415668108,
Truss2D,NSGA-II,16,58,0.04328312711838928,9316.623847744717,
Truss2D,NSGA-II,16,58,0.04800473037397182,8617.036983602391,
Truss2D,NSGA-II,16,58,0.0494272931332416,8616.551270190013,
Truss2D,NSGA-II,16,58,0.008483954485596839,47624.30478540011,
Truss2D,NSGA-II,16,58,0.010869631576493354,37178.64862451252,
Truss2D,NSGA-II,16,58,0.03649992069107477,11116.46831863359,
Truss2D,NSGA-II,16,58,0.005014929155948462,79798.91183389933,
Truss2D,NSGA-II,16,58,0.009781942727350829,41677.39769307127,
Truss2D,NSGA-II,16,58,0.0319585953915049,12566.476213112082,
Truss2D,NSGA-II,16,58,0.014960354152091963,26836.90943767424,
Truss2D,NSGA-II,16,58,0.03406003856774978,12019.997419064384,
Truss2D,NSGA-II,16,58,0.025874878883499035,15966.49333210482,
Truss2D,NSGA-II,16,58,0.005935880789335945,68111.2689843564,
Truss2D,NSGA-II,16,58,0.029748223189247212,13569.614791824544,
Truss2D,NSGA-II,16,58,0.015718095486745888,25817.052873887944,
Truss2D,NSGA-II,16,58,0.007367573797641385,54421.09296423813,
Truss2D,NSGA-II,16,58,0.004885589965258872,82233.24585342614,
Truss2D,NSGA-II,16,58,0.03878121577418457,10444.67465258866,
Truss2D,NSGA-II,16,58,0.00441923519677828,90899.94538821258,
Truss2D,NSGA-II,16,58,0.017513782595866077,23266.650091245137,
Truss2D,NSGA-II,16,58,0.006350335098536354,64886.95974577489,
Truss2D,NSGA-II,16,58,0.007589157025336614,52907.149272557734,
Truss2D,NSGA-II,16,58,0.02892609618342374,13866.028567700669,
Truss2D,NSGA-II,16,58,0.024559277351276373,16750.934011265064,
Truss2D,NSGA-II,16,58,0.009982067428803086,40294.55444355798,
Truss2D,NSGA-II,16,58,0.046217089431407024,8842.691426163115,
Truss2D,NSGA-II,16,58,0.04702986050247994,8694.921521488384,
Truss2D,NSGA-II,16,58,0.023590807042125107,17033.092288166037,
Truss2D,NSGA-II,16,58,0.045201999529643405,8882.623471466955,
Truss2D,NSGA-II,16,58,0.004777278192139127,84123.82114051467,
Truss2D,NSGA-II,16,58,0.030694611187894773,13278.719206374992,
Truss2D,NSGA-II,16,58,0.01424091335883099,28630.215966955537,
Truss2D,NSGA-II,16,58,0.013653060800012131,29769.28064270731,
Truss2D,NSGA-II,16,58,0.004162796566387026,97726.90146176485,
Truss2D,NSGA-II,16,58,0.041921426784096466,9573.983631609424,
Truss2D,NSGA-II,16,58,0.03328777122233641,12564.971314095581,
Truss2D,NSGA-II,16,58,0.00514035362534024,78382.57662202472,
Truss2D,NSGA-II,16,58,0.00933626347245677,43386.39748098192,
Truss2D,NSGA-II,16,58,0.04102399750334004,9836.039849374205,
Truss2D,NSGA-II,16,58,0.0045333385294035935,88482.0786564283,
Truss2D,NSGA-II,16,58,0.026018268105919617,15461.866764638646,
Truss2D,NSGA-II,16,58,0.03130124856255369,12994.912838612992,
Truss2D,NSGA-II,16,58,0.004316388659550299,93054.66511902808,
Truss2D,NSGA-II,16,58,0.005259340819802902,76430.68319712287,
Truss2D,NSGA-II,16,58,0.021807665753340692,18957.208700286406,
Truss2D,NSGA-II,16,58,0.006454041699874932,62918.50250889766,
Truss2D,NSGA-II,16,58,0.018467142539520448,23056.22780580736,
Truss2D,NSGA-II,16,58,0.022954950714850916,17741.654936635114,
Truss2D,NSGA-II,16,58,0.007230332155283003,56175.3822270988,
Truss2D,NSGA-II,16,58,0.0064863762262410765,62170.06246545493,
Truss2D,NSGA-II,16,58,0.0372999414008144,10911.295933912777,
Truss2D,NSGA-II,16,58,0.022679513148186378,18179.52446475252,
Truss2D,NSGA-II,16,58,0.013244012324615848,30228.164977905413,
Truss2D,NSGA-II,16,58,0.018655625922383165,22534.548545671005,
Truss2D,NSGA-II,16,58,0.005685611749940893,72330.26099855393,
Truss2D,NSGA-II,16,58,0.01692742142066865,23942.01479950245,
Truss2D,NSGA-II,16,58,0.016624436891730206,24222.143961826867,
Truss2D,NSGA-II,16,58,0.012980117995379504,31201.22021051555,
Truss2D,NSGA-II,16,58,0.004505196476384605,89525.08825006253,
Truss2D,NSGA-II,16,58,0.00935093042151034,43345.79733282733,
Truss2D,NSGA-II,16,58,0.0441598449986004,9115.761505116121,
Truss2D,NSGA-II,16,58,0.037728982863333406,10685.933636318037,
Truss2D,NSGA-II,16,58,0.004086064461735409,99141.04980440532,
Truss2D,NSGA-II,16,58,0.0067183405042418685,60598.969416032654,
Truss2D,NSGA-II,16,58,0.021834035775325396,18371.874596137306,
Truss2D,NSGA-II,16,58,0.0059053528174565825,70425.76926127798,
Truss2D,NSGA-II,16,58,0.019147718945598996,21642.18822721149,
Truss2D,NSGA-II,16,58,0.012414028427025256,32435.111537473487,
Truss2D,NSGA-II,16,58,0.006046276076733272,66613.6576685944,
Truss2D,NSGA-II,16,58,0.004318190758689628,93038.37902831433,
Truss2D,NSGA-II,16,58,0.007010400409589104,58018.92408829709,
Truss2D,NSGA-II,16,58,0.019354687581598203,21442.691505550203,
Truss2D,NSGA-II,16,58,0.012735676953009253,31886.02277123513,
Truss2D,NSGA-II,16,58,0.006078033439147525,66026.09777109443,
Truss2D,NSGA-II,16,58,0.038362290191852666,10446.684810042436,
Truss2D,NSGA-II,16,58,0.007205903218818487,57004.6875395203,
Truss2D,NSGA-II,16,58,0.005820462919597559,72248.3666367361,
Truss2D,NSGA-II,16,58,0.04448245036642965,9093.994995467247,
Truss2D,NSGA-II,16,58,0.005214463894999196,76819.2452283684,
Truss2D,NSGA-II,16,58,0.05044656354417895,8468.969424644916,
Truss2D,NSGA-II,16,58,0.024409072243840417,16889.77153266039,
Truss2D,NSGA-II,16,58,0.05034987416138759,8484.832971937896,
Truss2D,NSGA-II,16,58,0.004813532318188746,83342.79002542039,
Truss2D,NSGA-II,17,59,0.00401831238892255,99992.27735521612,
Truss2D,NSGA-II,17,59,0.053434684492889184,8432.740427179975,
Truss2D,NSGA-II,17,59,0.0041389628134404916,96895.52640527728,
Truss2D,NSGA-II,17,59,0.008588363591747881,46783.23439854944,
Truss2D,NSGA-II,17,59,0.015158952168864108,26871.751974442428,
Truss2D,NSGA-II,17,59,0.009179174386464104,44301.54379810969,
Truss2D,NSGA-II,17,59,0.016292790054812864,25435.87600232904,
Truss2D,NSGA-II,17,59,0.031347538854939974,12788.55628538485,
Truss2D,NSGA-II,17,59,0.022670131682616442,18022.53028871604,
Truss2D,NSGA-II,17,59,0.043684673116902134,9209.843593419237,
Truss2D,NSGA-II,17,59,0.004269421601783289,94128.84814218155,
Truss2D,NSGA-II,17,59,0.006637252118452945,62641.085747233774,
Truss2D,NSGA-II,17,59,0.013157088654422664,31216.6103220787,
Truss2D,NSGA-II,17,59,0.006048152304288847,66181.14187313039,
Truss2D,NSGA-II,17,59,0.04153478998581335,9652.05047780667,
Truss2D,NSGA-II,17,59,0.03222691465189406,12444.549983721161,
Truss2D,NSGA-II,17,59,0.04244785495053656,9523.145987779382,
Truss2D,NSGA-II,17,59,0.00979394026890434,41105.83468282282,
Truss2D,NSGA-II,17,59,0.004845063533074052,83230.33456226157,
Truss2D,NSGA-II,17,59,0.004778625691425932,85163.490036861,
Truss2D,NSGA-II,17,59,0.005318856950077439,77393.21805077483,
Truss2D,NSGA-II,17,59,0.009374888150082007,42837.343821191906,
Truss2D,NSGA-II,17,59,0.039182886071044684,10384.035549956154,
Truss2D,NSGA-II,17,59,0.012291955307640845,32932.141555440125,
Truss2D,NSGA-II,17,59,0.006673656451525378,59976.55332499245,
Truss2D,NSGA-II,17,59,0.020744472964433436,19354.451567629458,
Truss2D,NSGA-II,17,59,0.033474723762746184,12277.945794405332,
Truss2D,NSGA-II,17,59,0.017337223201589223,23670.00349099619,
Truss2D,NSGA-II,17,59,0.004602029955381351,87187.34868751884,
Truss2D,NSGA-II,17,59,0.035551540198379104,11336.797521064429,
Truss2D,NSGA-II,17,59,0.01383896403079694,29211.902675922145,
Truss2D,NSGA-II,17,59,0.008237829482742924,48745.497137539496,
Truss2D,NSGA-II,17,59,0.02326487744063723,17313.585465777327,
Truss2D,NSGA-II,17,59,0.00496052697903218,81092.0791314279,
Truss2D,NSGA-II,17,59,0.016862713537701152,24693.087586754373,
Truss2D,NSGA-II,17,59,0.026239340629194773,15475.195399346076,
Truss2D,NSGA-II,17,59,0.02998729670445946,13368.507762144965,
Truss2D,NSGA-II,17,59,0.049093574387346954,8540.468374414437,
Truss2D,NSGA-II,17,59,0.011061060428809038,36858.64557576515,
Truss2D,NSGA-II,17,59,0.019022022186371133,21648.69048306525,
Truss2D,NSGA-II,17,59,0.02762236769931207,14757.383854980779,
Truss2D,NSGA-II,17,59,0.007836412151700441,52553.261555615165,
Truss2D,NSGA-II,17,59,0.044867488371641576,9079.499819469076,
Truss2D,NSGA-II,17,59,0.007881847010853555,50807.88742516325,
Truss2D,NSGA-II,17,59,0.02692475164071991,14983.670495243938,
Truss2D,NSGA-II,17,59,0.04675779364895033,8706.622356453716,
Truss2D,NSGA-II,17,59,0.013465455602837642,30422.64274748511,
Truss2D,NSGA-II,17,59,0.007219864695275725,55622.2865915187,
Truss2D,NSGA-II,17,59,0.028506559060992573,14527.664573365946,
Truss2D,NSGA-II,17,59,0.0345277930517318,11663.178158288034,
Truss2D,NSGA-II,17,59,0.051739871654415195,8432.74042736205,
Truss2D,NSGA-II,17,59,0.021414316732163256,18831.290193676046,
Truss2D,NSGA-II,17,59,0.05343468449252636,8432.740427276727,
Truss2D,NSGA-II,17,59,0.03814807228721692,10495.834116547354,
Truss2D,NSGA-II,17,59,0.011766900142031442,34278.491779559656,
Truss2D,NSGA-II,17,59,0.024348073787157594,16610.556177373473,
Truss2D,NSGA-II,17,59,0.04798631387616442,8599.965599585814,
Truss2D,NSGA-II,17,59,0.005822079879424494,71389.26285857317,
Truss2D,NSGA-II,17,59,0.0045731416056535535,88673.41317580848,
Truss2D,NSGA-II,17,59,0.005259476448446611,79867.17653582734,
Truss2D,NSGA-II,17,59,0.040340698938567954,10146.63496752688,
Truss2D,NSGA-II,17,59,0.045846197645881145,8799.924714523357,
Truss2D,NSGA-II,17,59,0.028912861158240884,13922.965194645732,
Truss2D,NSGA-II,17,59,0.005988334371014817,68056.80983882738,
Truss2D,NSGA-II,17,59,0.017854144760595037,22560.65701289877,
Truss2D,NSGA-II,17,59,0.019859649300214565,20827.654125108795,
Truss2D,NSGA-II,17,59,0.014577093938613731,27817.132630994038,
Truss2D,NSGA-II,17,59,0.0070695176542906815,56835.64509733777,
Truss2D,NSGA-II,17,59,0.004470346450219084,89898.7325303154,
Truss2D,NSGA-II,17,59,0.010645595178278532,38082.466950167065,
Truss2D,NSGA-II,17,59,0.014524429058892351,28514.22017829396,
Truss2D,NSGA-II,17,59,0.025235060456427226,15978.167696383687,
Truss2D,NSGA-II,17,59,0.00810547001446257,49741.88304293064,
Truss2D,NSGA-II,17,59,0.00742153718998149,54244.28702265375,
Truss2D,NSGA-II,17,59,0.024006779312260685,16725.297745154967,
Truss2D,NSGA-II,17,59,0.004423563135402317,91175.19804845499,
Truss2D,NSGA-II,17,59,0.00631595958283368,64054.690240775715,
Truss2D,NSGA-II,17,59,0.020083738451901312,20475.381256794368,
Truss2D,NSGA-II,17,59,0.03635870189354677,11173.659048150581,
Truss2D,NSGA-II,17,59,0.010097776892381855,39755.17467311245,
Truss2D,NSGA-II,17,59,0.005848212714539896,69919.79188823783,
Truss2D,NSGA-II,17,59,0.03428776688446094,12206.08895624837,
Truss2D,NSGA-II,17,59,0.005491679157360448,73190.58363119948,
Truss2D,NSGA-II,17,59,0.04983021685253128,8540.173568809276,
Truss2D,NSGA-II,17,59,0.00694538313909092,57907.4182189826,
Truss2D,NSGA-II,17,59,0.007626614776761681,53663.05835386774,
Truss2D,NSGA-II,17,59,0.011381704553174003,35793.28431404205,
Truss2D,NSGA-II,17,59,0.005533159776584395,72310.01816885511,
Truss2D,NSGA-II,17,59,0.0475634932369612,8704.878571728941,
Truss2D,NSGA-II,17,59,0.04025179511004897,10159.759832546291,
Truss2D,NSGA-II,17,59,0.025383453240113693,15804.734555616724,
Truss2D,NSGA-II,17,59,0.0053442830986830635,75630.1072367155,
Truss2D,NSGA-II,17,59,0.018553727627308843,21837.108006235103,
Truss2D,NSGA-II,17,59,0.005394246061664897,74593.99981155212,
Truss2D,NSGA-II,17,59,0.029560187051075236,13629.007080140815,
Truss2D,NSGA-II,17,59,0.04530609952684014,8893.497073868479,
Truss2D,NSGA-II,17,59,0.05042528471590303,8526.649972657144,
Truss2D,NSGA-II,17,59,0.018090692997359464,22224.30314362663,
Truss2D,NSGA-II,17,59,0.006319044784161142,64012.2287226883,
Truss2D,NSGA-II,17,59,0.010430464628566968,38460.49866460745,
Truss2D,NSGA-II,18,60,0.004031265709094635,99984.69647156911,
Truss2D,NSGA-II,18,60,0.05207555614732262,8432.740427302402,
Truss2D,NSGA-II,18,60,0.004794007531501888,83843.40128365673,
Truss2D,NSGA-II,18,60,0.028390145994616346,14246.859388933517,
Truss2D,NSGA-II,18,60,0.008613868870888846,48988.61262809997,
Truss2D,NSGA-II,18,60,0.040147039065029165,10231.328429260124,
Truss2D,NSGA-II,18,60,0.019026879123958156,21098.245300020008,
Truss2D,NSGA-II,18,60,0.008729815670171583,46204.852124659956,
Truss2D,NSGA-II,18,60,0.029519401349113475,13761.118284280137,
Truss2D,NSGA-II,18,60,0.013617724636426432,29472.24860392649,
Truss2D,NSGA-II,18,60,0.006445443422654769,62572.24605306818,
Truss2D,NSGA-II,18,60,0.014426160699515148,28082.7100079474,
Truss2D,NSGA-II,18,60,0.012395499950406499,32637.692360654248,
Truss2D,NSGA-II,18,60,0.03854656557597544,10547.7876893056,
Truss2D,NSGA-II,18,60,0.04089951047966649,9788.881737201753,
Truss2D,NSGA-II,18,60,0.0059482890488757635,68763.45360456516,
Truss2D,NSGA-II,18,60,0.01793698565350506,22351.626501830116,
Truss2D,NSGA-II,18,60,0.04597584479897825,8898.830700226474,
Truss2D,NSGA-II,18,60,0.03046575313469924,13281.829761117204,
Truss2D,NSGA-II,18,60,0.01968045855753818,20551.94844577199,
Truss2D,NSGA-II,18,60,0.03224589311543856,12534.99004105898,
Truss2D,NSGA-II,18,60,0.006290726270243782,64288.48259593217,
Truss2D,NSGA-II,18,60,0.03127161229051855,12869.953649330197,
Truss2D,NSGA-II,18,60,0.02089552714398797,20449.38933870236,
Truss2D,NSGA-II,18,60,0.03614328067453566,11173.831946050019,
Truss2D,NSGA-II,18,60,0.044870947561575614,8962.43114273699,
Truss2D,NSGA-II,18,60,0.004519294283922894,89065.17809281846,
Truss2D,NSGA-II,18,60,0.004927383948482142,81267.95857739839,
Truss2D,NSGA-II,18,60,0.033342599725347845,12069.175527389305,
Truss2D,NSGA-II,18,60,0.004308563627649887,93302.5877850932,
Truss2D,NSGA-II,18,60,0.02107108596670959,19079.300657879612,
Truss2D,NSGA-II,18,60,0.011870421430631741,34141.405892245755,
Truss2D,NSGA-II,18,60,0.04700759157591798,8795.698102697817,
Truss2D,NSGA-II,18,60,0.016635927754705702,24325.463692114725,
Truss2D,NSGA-II,18,60,0.012893292250200594,31483.88258661145,
Truss2D,NSGA-II,18,60,0.03480242278614065,11606.934516964535,
Truss2D,NSGA-II,18,60,0.0052600253041049745,76572.54422687319,
Truss2D,NSGA-II,18,60,0.005156626272998153,77950.52109890025,
Truss2D,NSGA-II,18,60,0.011192740625099062,36557.24525649273,
Truss2D,NSGA-II,18,60,0.009282613166170978,43802.88881755957,
Truss2D,NSGA-II,18,60,0.004641609870759265,86220.5486393698,
Truss2D,NSGA-II,18,60,0.01075267771243979,37785.23686588695,
Truss2D,NSGA-II,18,60,0.017737141569835684,23049.310413704672,
Truss2D,NSGA-II,18,60,0.0132729347867678,30745.219347388433,
Truss2D,NSGA-II,18,60,0.023678808329229237,17017.356300769836,
Truss2D,NSGA-II,18,60,0.005571416972439387,72718.9258261035,
Truss2D,NSGA-II,18,60,0.04897533989339765,8581.639655583178,
Truss2D,NSGA-II,18,60,0.04355034082124071,9193.048461819988,
Truss2D,NSGA-II,18,60,0.026213727671501985,15501.45493374188,
Truss2D,NSGA-II,18,60,0.0041417755531866175,97494.6780439027,
Truss2D,NSGA-II,18,60,0.009615958184611452,41875.09996632792,
Truss2D,NSGA-II,18,60,0.010198112282707693,39372.94035279508,
Truss2D,NSGA-II,18,60,0.02722257262238648,14808.766669232884,
Truss2D,NSGA-II,18,60,0.00756627102261129,53516.72513965453,
Truss2D,NSGA-II,18,60,0.005410959529778605,74890.53334116837,
Truss2D,NSGA-II,18,60,0.01488567826578921,27221.479509064797,
Truss2D,NSGA-II,18,60,0.02447651704679901,16499.401357269693,
Truss2D,NSGA-II,18,60,0.05142052547375503,8462.176125822905,
Truss2D,NSGA-II,18,60,0.004620332917173361,86926.89617261654,
Truss2D,NSGA-II,18,60,0.04223347072140176,9513.79693343079,
Truss2D,NSGA-II,18,60,0.006678752939009879,60187.26373024996,
Truss2D,NSGA-II,18,60,0.005682806030830573,70804.63691300327,
Truss2D,NSGA-II,18,60,0.006075509988356608,66247.23619432485,
Truss2D,NSGA-II,18,60,0.004392974925300692,91812.53555144208,
Truss2D,NSGA-II,18,60,0.03489709905707304,11477.99826794843,
Truss2D,NSGA-II,18,60,0.004438837499026128,90560.27264384287,
Truss2D,NSGA-II,18,60,0.009953801102904954,41407.16404096128,
Truss2D,NSGA-II,18,60,0.025689796814106408,15678.699367601108,
Truss2D,NSGA-II,18,60,0.021828509966706315,18517.487189345407,
Truss2D,NSGA-II,18,60,0.04771678714992233,8617.779213207627,
Truss2D,NSGA-II,18,60,0.022192034878463586,18349.56878777821,
Truss2D,NSGA-II,18,60,0.007113537697584655,56390.16693103634,
Truss2D,NSGA-II,18,60,0.04214073843479547,9549.556371841787,
Truss2D,NSGA-II,18,60,0.022839833025308093,17611.878908666265,
Truss2D,NSGA-II,18,60,0.0367755855279041,10970.117457923416,
Truss2D,NSGA-II,18,60,0.004122848056627233,98842.80161714272,
Truss2D,NSGA-II,18,60,0.0042554178388325425,95281.37437134728,
Truss2D,NSGA-II,18,60,0.037379288353985345,10776.185088211369,
Truss2D,NSGA-II,18,60,0.005080079055002231,79765.78427107121,
Truss2D,NSGA-II,18,60,0.015969611959187273,25429.57831260956,
Truss2D,NSGA-II,18,60,0.027090162915098817,15005.540567964299,
Truss2D,NSGA-II,18,60,0.03319342700873889,12330.282812132788,
Truss2D,NSGA-II,18,60,0.00579318917268451,70137.35867182516,
Truss2D,NSGA-II,18,60,0.05010032101425183,8481.990123429065,
Truss2D,NSGA-II,18,60,0.009020342909750172,44703.49167732828,
Truss2D,NSGA-II,18,60,0.005497631953236555,73810.5092236006,
Truss2D,NSGA-II,18,60,0.03797689542210167,10620.882995430644,
Truss2D,NSGA-II,18,60,0.048399708835044075,8590.735785316487,
Truss2D,NSGA-II,18,60,0.004243330666839453,95822.84408019869,
Truss2D,NSGA-II,18,60,0.0069992185825745535,58189.04582409716,
Truss2D,NSGA-II,18,60,0.016542421300017245,24370.334143930726,
Truss2D,NSGA-II,18,60,0.006089393201527987,66032.82119670264,
Truss2D,NSGA-II,18,60,0.007992422167874116,50118.22008795106,
Truss2D,NSGA-II,18,60,0.007813045039171428,52008.284473021624,
Truss2D,NSGA-II,18,60,0.050100321009293854,8481.99012482649,
Truss2D,NSGA-II,18,60,0.04399279496258825,9143.676947863862,
Truss2D,NSGA-II,18,60,0.0116399541608994,34887.09203478141,
Truss2D,NSGA-II,18,60,0.00784037515254055,51724.313321522204,
Truss2D,NSGA-II,18,60,0.023197037363135418,17448.347100471223,
Truss2D,NSGA-II,18,60,0.006785410880558838,59085.130303045065,
Truss2D,NSGA-II,19,61,0.004039273820806576,99995.1114535493,
Truss2D,NSGA-II,19,61,0.05229707828618789,8432.740427115701,
Truss2D,NSGA-II,19,61,0.006107990784832479,65512.15639303669,
Truss2D,NSGA-II,19,61,0.004232367606611632,95629.40835378792,
Truss2D,NSGA-II,19,61,0.019570404134667638,20734.643017576687,
Truss2D,NSGA-II,19,61,0.004420509416446314,92341.63863500365,
Truss2D,NSGA-II,19,61,0.006460065646392097,62109.75634337161,
Truss2D,NSGA-II,19,61,0.030773340802826316,13069.64041324976,
Truss2D,NSGA-II,19,61,0.018212792544172712,22012.834956756626,
Truss2D,NSGA-II,19,61,0.02926089883356263,14069.325441381989,
Truss2D,NSGA-II,19,61,0.005393619345441766,74591.9105796952,
Truss2D,NSGA-II,19,61,0.02060088919184406,19886.81654980022,
Truss2D,NSGA-II,19,61,0.021482334933596074,19340.252053080465,
Truss2D,NSGA-II,19,61,0.004094794063957579,98438.86112088818,
Truss2D,NSGA-II,19,61,0.007715089850891646,52438.39835815183,
Truss2D,NSGA-II,19,61,0.004733655036229061,85115.48575620749,
Truss2D,NSGA-II,19,61,0.01332611644032951,30536.964269800246,
Truss2D,NSGA-II,19,61,0.04725954709281328,8673.443906335899,
Truss2D,NSGA-II,19,61,0.006952091124037362,58758.1429253052,
Truss2D,NSGA-II,19,61,0.05112612270871467,8461.707584027663,
Truss2D,NSGA-II,19,61,0.012503242885787587,32172.394848072592,
Truss2D,NSGA-II,19,61,0.04937671896688235,8547.290417044083,
Truss2D,NSGA-II,19,61,0.011507827545676981,34848.85645982129,
Truss2D,NSGA-II,19,61,0.0489245827614522,8563.384924487638,
Truss2D,NSGA-II,19,61,0.007918818661262768,50658.730855792186,
Truss2D,NSGA-II,19,61,0.009157827262722854,44248.0227685658,
Truss2D,NSGA-II,19,61,0.026222986660852703,15278.878932285535,
Truss2D,NSGA-II,19,61,0.0051888663287965155,77316.74130825195,
Truss2D,NSGA-II,19,61,0.014152722467751205,28939.044584296083,
Truss2D,NSGA-II,19,61,0.0098769175763656,40515.22185555924,
Truss2D,NSGA-II,19,61,0.008581476602760962,49504.46179073453,
Truss2D,NSGA-II,19,61,0.02231700485948581,18156.812953534998,
Truss2D,NSGA-II,19,61,0.008673596914033558,46245.08460526251,
Truss2D,NSGA-II,19,61,0.014542612549939608,27577.216551969665,
Truss2D,NSGA-II,19,61,0.023378810064202855,17165.898938973896,
Truss2D,NSGA-II,19,61,0.03678917370952056,11076.3018991039,
Truss2D,NSGA-II,19,61,0.02405562852070747,16813.90348241984,
Truss2D,NSGA-II,19,61,0.0044314241156912515,90484.00828590733,
Truss2D,NSGA-II,19,61,0.04610597261170438,8891.091469820747,
Truss2D,NSGA-II,19,61,0.011899710571165553,33644.32323155901,
Truss2D,NSGA-II,19,61,0.00714224251257489,56135.81827927025,
Truss2D,NSGA-II,19,61,0.03221361589718061,12473.681827846316,
Truss2D,NSGA-II,19,61,0.004884440388734058,82372.73180833647,
Truss2D,NSGA-II,19,61,0.0314283120249948,12776.00567698675,
Truss2D,NSGA-II,19,61,0.042423245142967005,9576.217760971003,
Truss2D,NSGA-II,19,61,0.016665301126519393,24578.089469763134,
Truss2D,NSGA-II,19,61,0.005036390010544461,79564.62039314288,
Truss2D,NSGA-II,19,61,0.01077590202729296,37642.145560859266,
Truss2D,NSGA-II,19,61,0.017922423510320935,22799.279047560703,
Truss2D,NSGA-II,19,61,0.004508090075202517,89003.40308767385,
Truss2D,NSGA-II,19,61,0.0270692298694919,15069.427377259786,
Truss2D,NSGA-II,19,61,0.00590882815992364,67847.25485231285,
Truss2D,NSGA-II,19,61,0.04100751358390814,9770.396501917927,
Truss2D,NSGA-II,19,61,0.036375491814104016,11318.944597973594,
Truss2D,NSGA-II,19,61,0.03401876138081952,11864.739159770199,
Truss2D,NSGA-II,19,61,0.022774302264697975,18010.994524359954,
Truss2D,NSGA-II,19,61,0.011050869639046251,36273.89779300663,
Truss2D,NSGA-II,19,61,0.02542800129471302,15970.592295410499,
Truss2D,NSGA-II,19,61,0.007048812852283304,57433.79412187114,
Truss2D,NSGA-II,19,61,0.009298037467990461,43150.10570521899,
Truss2D,NSGA-II,19,61,0.016360287076532316,25450.344683904234,
Truss2D,NSGA-II,19,61,0.008735947272611152,46103.596713747545,
Truss2D,NSGA-II,19,61,0.037969218898491267,10765.32194469805,
Truss2D,NSGA-II,19,61,0.04161575488569719,9678.674934778457,
Truss2D,NSGA-II,19,61,0.005831638178959992,70332.23634865551,
Truss2D,NSGA-II,19,61,0.006596667783818339,60898.040379876205,
Truss2D,NSGA-II,19,61,0.007480379670047832,54507.47253400054,
Truss2D,NSGA-II,19,61,0.028811599828015143,14474.899825559683,
Truss2D,NSGA-II,19,61,0.004715494791990012,86698.96217288263,
Truss2D,NSGA-II,19,61,0.004993745203545984,81603.64179108218,
Truss2D,NSGA-II,19,61,0.03470958876607111,11616.256280557578,
Truss2D,NSGA-II,19,61,0.004639075199531761,87716.26756031244,
Truss2D,NSGA-II,19,61,0.005794488682693225,70937.88964789717,
Truss2D,NSGA-II,19,61,0.024770832555509333,16280.27932774811,
Truss2D,NSGA-II,19,61,0.039472057551577344,10266.94550654712,
Truss2D,NSGA-II,19,61,0.040170414036796415,10069.922210450995,
Truss2D,NSGA-II,19,61,0.005891184921409254,68241.63511283514,
Truss2D,NSGA-II,19,61,0.012341574789793287,32979.23950119422,
Truss2D,NSGA-II,19,61,0.04501011719851246,8945.372994712825,
Truss2D,NSGA-II,19,61,0.02810603456978353,14661.788507449459,
Truss2D,NSGA-II,19,61,0.04427039480566668,9165.587626722034,
Truss2D,NSGA-II,19,61,0.010417021376273702,39412.458073991555,
Truss2D,NSGA-II,19,61,0.032929773689979326,12190.878362599291,
Truss2D,NSGA-II,19,61,0.005615775956497626,72616.36522999391,
Truss2D,NSGA-II,19,61,0.010467158932608665,39087.12893776046,
Truss2D,NSGA-II,19,61,0.03861917495370494,10518.20938917074,
Truss2D,NSGA-II,19,61,0.008548522503188837,49907.28005878918,
Truss2D,NSGA-II,19,61,0.04680266673739222,8871.974691657186,
Truss2D,NSGA-II,19,61,0.005592343698290099,73022.46485973363,
Truss2D,NSGA-II,19,61,0.033349191621354336,12131.318830120405,
Truss2D,NSGA-II,19,61,0.027575895167058835,14693.0078335259,
Truss2D,NSGA-II,19,61,0.017388998200677415,23648.00662338606,
Truss2D,NSGA-II,19,61,0.04319478591637514,9374.76223868162,
Truss2D,NSGA-II,19,61,0.017236359419623044,23827.946198830672,
Truss2D,NSGA-II,19,61,0.03540204836092412,11549.797625377885,
Truss2D,NSGA-II,19,61,0.0073442645995722925,54552.28991051473,
Truss2D,NSGA-II,19,61,0.05159258996054472,8434.456982230906,
Truss2D,NSGA-II,19,61,0.015248552158757075,26387.216415052157,
Truss2D,NSGA-II,19,61,0.009572071748661103,42063.90101979781,
Truss2D,NSGA-II,19,61,0.010960764426868174,36804.14919575207,
Truss2D,NSGA-II,20,62,0.004005300328255801,99937.21653147765,
Truss2D,NSGA-II,20,62,0.054055830630036376,8432.740428324465,
Truss2D,NSGA-II,20,62,0.01999735459223392,20019.53102059106,
Truss2D,NSGA-II,20,62,0.01907190986155492,22060.238330267686,
Truss2D,NSGA-II,20,62,0.015460377821843877,26060.372934162337,
Truss2D,NSGA-II,20,62,0.03288243572153187,12279.284304585186,
Truss2D,NSGA-II,20,62,0.03173683749597502,12736.466979871167,
Truss2D,NSGA-II,20,62,0.007317458451443354,57266.098187335694,
Truss2D,NSGA-II,20,62,0.04027480464616267,10107.278337941843,
Truss2D,NSGA-II,20,62,0.021250090025313334,19597.65009158373,
Truss2D,NSGA-II,20,62,0.006953356936313593,59080.53086135575,
Truss2D,NSGA-II,20,62,0.00957711652038784,42399.088695549326,
Truss2D,NSGA-II,20,62,0.02866694106698278,14545.058122579034,
Truss2D,NSGA-II,20,62,0.03472822796680289,11633.683160548031,
Truss2D,NSGA-II,20,62,0.006277167125716725,63777.788649873604,
Truss2D,NSGA-II,20,62,0.024869784938925867,16663.104384476257,
Truss2D,NSGA-II,20,62,0.04922480992309841,8577.709037559809,
Truss2D,NSGA-II,20,62,0.004371584683667355,91728.84406712595,
Truss2D,NSGA-II,20,62,0.01065724067209727,38299.506331763914,
Truss2D,NSGA-II,20,62,0.016602697340244155,24771.409054733194,
Truss2D,NSGA-II,20,62,0.030671558613104024,13204.388717619511,
Truss2D,NSGA-II,20,62,0.007318591436306579,54932.75651155554,
Truss2D,NSGA-II,20,62,0.008234931542708514,48893.84302758238,
Truss2D,NSGA-II,20,62,0.004903443418081438,84044.70833522794,
Truss2D,NSGA-II,20,62,0.04468352131861415,9019.536611068752,
Truss2D,NSGA-II,20,62,0.01805500114070897,22210.616265201636,
Truss2D,NSGA-II,20,62,0.03422318181102033,12243.934993536284,
Truss2D,NSGA-II,20,62,0.04149940706532719,9761.721679045586,
Truss2D,NSGA-II,20,62,0.007956594284512673,50525.801315035715,
Truss2D,NSGA-II,20,62,0.03604841770931688,11119.563215758311,
Truss2D,NSGA-II,20,62,0.01494475126846706,27045.542916165414,
Truss2D,NSGA-II,20,62,0.006469194714817435,62016.76006606335,
Truss2D,NSGA-II,20,62,0.023995271352560472,16965.99237890705,
Truss2D,NSGA-II,20,62,0.006760176179501349,60806.490603304985,
Truss2D,NSGA-II,20,62,0.03657523700155356,11075.077268251602,
Truss2D,NSGA-II,20,62,0.007748035600080712,51950.924466664466,
Truss2D,NSGA-II,20,62,0.007660051487688457,53754.11219244879,
Truss2D,NSGA-II,20,62,0.00462702594509183,89082.8772863889,
Truss2D,NSGA-II,20,62,0.006178384799156782,65945.28638817352,
Truss2D,NSGA-II,20,62,0.010322137806379757,40294.29490171567,
Truss2D,NSGA-II,20,62,0.0046983196868407035,86337.38137402557,
Truss2D,NSGA-II,20,62,0.014456011944160269,28123.985366304907,
Truss2D,NSGA-II,20,62,0.006045536250829465,66944.02256381708,
Truss2D,NSGA-II,20,62,0.03799022060410312,10881.259566373716,
Truss2D,NSGA-II,20,62,0.04806966429318413,8619.140083211281,
Truss2D,NSGA-II,20,62,0.004063148632085111,98545.70246434417,
Truss2D,NSGA-II,20,62,0.043661877701945406,9237.394631678962,
Truss2D,NSGA-II,20,62,0.025736211687254613,15741.330867000399,
Truss2D,NSGA-II,20,62,0.004205564421332516,96873.9464179603,
Truss2D,NSGA-II,20,62,0.01295687597041713,31609.20799723359,
Truss2D,NSGA-II,20,62,0.0463200646595738,8722.688323789527,
Truss2D,NSGA-II,20,62,0.04738642215209668,8647.728961130966,
Truss2D,NSGA-II,20,62,0.04573037831212086,8949.125569788728,
Truss2D,NSGA-II,20,62,0.022190461502778473,18167.1521997186,
Truss2D,NSGA-II,20,62,0.01204915361731035,33354.61934622127,
Truss2D,NSGA-II,20,62,0.05340422784123696,8432.74052613914,
Truss2D,NSGA-II,20,62,0.013290241643128628,30416.18521214583,
Truss2D,NSGA-II,20,62,0.05227716394009274,8433.72602256179,
Truss2D,NSGA-II,20,62,0.02181872225487573,18773.49321714569,
Truss2D,NSGA-II,20,62,0.00565977446499104,71764.62808562163,
Truss2D,NSGA-II,20,62,0.0045646177979171065,89823.56956833479,
Truss2D,NSGA-II,20,62,0.011782145318698572,34563.63659866925,
Truss2D,NSGA-II,20,62,0.0050302377205183055,79895.38216831644,
Truss2D,NSGA-II,20,62,0.027423777289422052,14799.81371456944,
Truss2D,NSGA-II,20,62,0.04297482592772551,9316.627533138715,
Truss2D,NSGA-II,20,62,0.013979521342643552,28757.056729086242,
Truss2D,NSGA-II,20,62,0.013659475219370313,29649.327846659864,
Truss2D,NSGA-II,20,62,0.0042448532975289735,95492.50345237121,
Truss2D,NSGA-II,20,62,0.0054026822489597935,74277.91424579395,
Truss2D,NSGA-II,20,62,0.010971800125004297,37205.262747411434,
Truss2D,NSGA-II,20,62,0.005285923983739329,76442.24042206533,
Truss2D,NSGA-II,20,62,0.008737052018158078,47100.02591649582,
Truss2D,NSGA-II,20,62,0.005994640346047875,69085.21282854819,
Truss2D,NSGA-II,20,62,0.008642457658704882,47658.19821417979,
Truss2D,NSGA-II,20,62,0.017536641979335285,23302.166419696736,
Truss2D,NSGA-II,20,62,0.004718387151376184,85764.37161853128,
Truss2D,NSGA-II,20,62,0.005267838052373703,76853.1680806586,
Truss2D,NSGA-II,20,62,0.02986646577166181,13502.99809428377,
Truss2D,NSGA-II,20,62,0.02658579840853489,15321.414955331365,
Truss2D,NSGA-II,20,62,0.004325402674065334,93731.5634950729,
Truss2D,NSGA-II,20,62,0.009953252734937995,40551.6249516992,
Truss2D,NSGA-II,20,62,0.016916844082571512,24467.879557199285,
Truss2D,NSGA-II,20,62,0.011244609947216145,36533.176193908075,
Truss2D,NSGA-II,20,62,0.008857207876564304,45231.77061255431,
Truss2D,NSGA-II,20,62,0.005458932267650851,73658.83995184892,
Truss2D,NSGA-II,20,62,0.005192584096748283,78904.32131462438,
Truss2D,NSGA-II,20,62,0.02319174828907032,17434.19118917297,
Truss2D,NSGA-II,20,62,0.02943604060156598,14011.259355978968,
Truss2D,NSGA-II,20,62,0.03825649531950537,10687.215935146729,
Truss2D,NSGA-II,20,62,0.004926745277057083,81780.69190389641,
Truss2D,NSGA-II,20,62,0.004919418722465317,82013.54396339452,
Truss2D,NSGA-II,20,62,0.01721868641193019,23355.04607144816,
Truss2D,NSGA-II,20,62,0.050409686221178404,8500.259430575492,
Truss2D,NSGA-II,20,62,0.051090532151546734,8468.196940055697,
Truss2D,NSGA-II,20,62,0.03897591417963535,10317.004014264483,
Truss2D,NSGA-II,20,62,0.0516322984818741,8437.575450259845,
Truss2D,NSGA-II,20,62,0.009058560394982974,45170.345125379295,
Truss2D,NSGA-II,20,62,0.022926421590286326,17513.359610570373,
Truss2D,NSGA-II,20,62,0.03925085010114865,10275.6445231564,
Truss2D,NSGA-II,20,62,0.027236412520650195,14985.767528553091,
WeldedBeam,NSGA-II,0,42,38.3000290671246,0.00043904000002627485,
WeldedBeam,NSGA-II,0,42,3.4957691592397415,0.008726829173336129,
WeldedBeam,NSGA-II,0,42,3.7046647598238325,0.0069488621010557776,
WeldedBeam,NSGA-II,0,42,3.7133672811962435,0.005424904767636348,
WeldedBeam,NSGA-II,0,42,3.5467370151692776,0.007897493244056074,
WeldedBeam,NSGA-II,0,42,21.565446181271305,0.000768242783307411,
WeldedBeam,NSGA-II,0,42,22.71878323850037,0.0007281992146941296,
WeldedBeam,NSGA-II,0,42,37.02696846088815,0.00043904000041475,
WeldedBeam,NSGA-II,0,42,4.525509569444837,0.004285994612666599,
WeldedBeam,NSGA-II,0,42,24.746640030134753,0.0006615890118106585,
WeldedBeam,NSGA-II,0,42,29.129273189323786,0.0005578611993640701,
WeldedBeam,NSGA-II,0,42,19.606105887456394,0.0008488381460068141,
WeldedBeam,NSGA-II,0,42,23.967413396199195,0.0006835027359289406,
WeldedBeam,NSGA-II,0,42,8.893572293348285,0.0019912249756305713,
WeldedBeam,NSGA-II,0,42,30.176625152682597,0.0005425618728541044,
WeldedBeam,NSGA-II,0,42,12.794660523289041,0.0013361107654519036,
WeldedBeam,NSGA-II,0,42,5.868877170130283,0.0032295231673366365,
WeldedBeam,NSGA-II,0,42,5.6159389229175485,0.0033322262653839104,
WeldedBeam,NSGA-II,0,42,20.918075224396095,0.0007900273050531997,
WeldedBeam,NSGA-II,0,42,4.170183578389958,0.004751433040088997,
WeldedBeam,NSGA-II,0,42,31.647727770477417,0.0005128840867632759,
WeldedBeam,NSGA-II,0,42,8.482272889134979,0.0021011804707961918,
WeldedBeam,NSGA-II,0,42,7.079812802402487,0.0025568131234052277,
WeldedBeam,NSGA-II,0,42,6.256654503128822,0.0029686930093138215,
WeldedBeam,NSGA-II,0,42,23.392512784429783,0.0007221919517815148,
WeldedBeam,NSGA-II,0,42,6.581488437728086,0.002846342371320604,
WeldedBeam,NSGA-II,0,42,5.087363367365784,0.0037718734004261703,
WeldedBeam,NSGA-II,0,42,16.190527347397815,0.0010375638918701721,
WeldedBeam,NSGA-II,0,42,25.620349494870627,0.0006371463079065481,
WeldedBeam,NSGA-II,0,42,9.264433827873118,0.0019044074260662145,
WeldedBeam,NSGA-II,0,42,4.934032715825841,0.003874399404670986,
WeldedBeam,NSGA-II,0,42,33.43240087766639,0.00048048537374865546,
WeldedBeam,NSGA-II,0,42,32.29068095109484,0.0005051786210893253,
WeldedBeam,NSGA-II,0,42,4.305528615758727,0.004531357372256003,
WeldedBeam,NSGA-II,0,42,14.268305390048829,0.0011882134070806457,
WeldedBeam,NSGA-II,0,42,35.32192966712434,0.0004569526797771677,
WeldedBeam,NSGA-II,0,42,3.5955631627276903,0.007513339431761893,
WeldedBeam,NSGA-II,0,42,26.906705191723816,0.0006034720747076115,
WeldedBeam,NSGA-II,0,42,18.292331270732486,0.000921376243783743,
WeldedBeam,NSGA-II,0,42,32.91858348502588,0.0004960030890110583,
WeldedBeam,NSGA-II,0,42,17.680280010720168,0.0009465821412813589,
WeldedBeam,NSGA-II,0,42,7.366647023778567,0.0024642362355576934,
WeldedBeam,NSGA-II,0,42,5.246660431356349,0.003611816539803221,
WeldedBeam,NSGA-II,0,42,10.114233227759279,0.001727580284551943,
WeldedBeam,NSGA-II,0,42,12.150812935690787,0.0014345069810085547,
WeldedBeam,NSGA-II,0,42,3.958562106026089,0.005027471605661424,
WeldedBeam,NSGA-II,0,42,4.806676509623836,0.0040288938926309244,
WeldedBeam,NSGA-II,0,42,13.449825324197157,0.0012659215779319724,
WeldedBeam,NSGA-II,0,42,17.24681290575916,0.000968235336311338,
WeldedBeam,NSGA-II,0,42,11.541763474324446,0.0015009465552980855,
WeldedBeam,NSGA-II,0,42,5.412586997643211,0.0034863467657055194,
WeldedBeam,NSGA-II,0,42,36.22608785253308,0.0004450306451463131,
WeldedBeam,NSGA-II,0,42,30.869460426516554,0.0005223473966980335,
WeldedBeam,NSGA-II,0,42,34.16059675889994,0.00046983876532127433,
WeldedBeam,NSGA-II,0,42,3.842359493642663,0.005200641681764453,
WeldedBeam,NSGA-II,0,42,9.588276831988752,0.0018284894690883808,
WeldedBeam,NSGA-II,0,42,3.6852069039312014,0.0070589897110722236,
WeldedBeam,NSGA-II,0,42,18.713557001297342,0.0008910872626509318,
WeldedBeam,NSGA-II,0,42,10.944350821635284,0.001581030239408769,
WeldedBeam,NSGA-II,0,42,4.088922357484813,0.004862232390068193,
WeldedBeam,NSGA-II,0,42,26.352619627348158,0.000618841361263024,
WeldedBeam,NSGA-II,0,42,28.250515885863813,0.0005877200302239581,
WeldedBeam,NSGA-II,0,42,28.60687125284004,0.0005778005414729941,
WeldedBeam,NSGA-II,0,42,3.6120144242059466,0.007391671553869045,
WeldedBeam,NSGA-II,0,42,7.678716831280808,0.0024055841758430954,
WeldedBeam,NSGA-II,0,42,3.6566168669899612,0.007195529701193808,
WeldedBeam,NSGA-II,0,42,14.89528133897348,0.0011659828973639035,
WeldedBeam,NSGA-II,0,42,4.291743964383828,0.004547896880336547,
WeldedBeam,NSGA-II,0,42,7.934640686672622,0.0022695166626908554,
WeldedBeam,NSGA-II,0,42,9.913490229543795,0.00179699881538455,
WeldedBeam,NSGA-II,0,42,4.654140013942703,0.004157978686338674,
WeldedBeam,NSGA-II,0,42,15.703545612752066,0.0010870515798113828,
WeldedBeam,NSGA-II,0,42,6.854547708643776,0.0026887559733660012,
WeldedBeam,NSGA-II,0,42,13.909375055700549,0.0012464892058891336,
WeldedBeam,NSGA-II,0,42,20.25800657130933,0.0008209802859756517,
WeldedBeam,NSGA-II,0,42,3.581878490973374,0.007688384069691034,
WeldedBeam,NSGA-II,0,42,3.810067002622571,0.0052544397842593255,
WeldedBeam,NSGA-II,0,42,15.151616987118352,0.001161590084119999,
WeldedBeam,NSGA-II,0,42,35.01365094544137,0.0004651840810111829,
WeldedBeam,NSGA-II,0,42,6.120009334183988,0.0030808350890797202,
WeldedBeam,NSGA-II,0,42,34.473315339953565,0.00046566225651958627,
WeldedBeam,NSGA-II,0,42,3.652098589689001,0.007288537478520586,
WeldedBeam,NSGA-II,0,42,15.500319794262278,0.0010979825395341937,
WeldedBeam,NSGA-II,0,42,7.776658159012038,0.002324375007089303,
WeldedBeam,NSGA-II,0,42,36.380149199126734,0.00044026019084416896,
WeldedBeam,NSGA-II,0,42,4.070922560733069,0.0049691940232056385,
WeldedBeam,NSGA-II,0,42,3.721965715267106,0.005389375818635629,
WeldedBeam,NSGA-II,0,42,26.002881415901463,0.0006284600923767505,
WeldedBeam,NSGA-II,0,42,3.5672359629789048,0.0077266710358973685,
WeldedBeam,NSGA-II,0,42,27.52037791483347,0.0005931822215430935,
WeldedBeam,NSGA-II,0,42,10.524422302812484,0.0016498309823631953,
WeldedBeam,NSGA-II,0,42,30.617195326906852,0.0005329107265371615,
WeldedBeam,NSGA-II,0,42,6.683734452894166,0.0027309181306755612,
WeldedBeam,NSGA-II,0,42,20.125750735497007,0.0008230254403477332,
WeldedBeam,NSGA-II,0,42,27.66246970022106,0.0005928520573290418,
WeldedBeam,NSGA-II,0,42,3.560978999714128,0.007875707760784967,
WeldedBeam,NSGA-II,0,42,12.381859860479937,0.001385061843690824,
WeldedBeam,NSGA-II,0,42,16.7946001236851,0.0010123198474413658,
WeldedBeam,NSGA-II,0,42,10.560799293322015,0.0016462465861098465,
WeldedBeam,NSGA-II,0,42,4.776304671253003,0.004120878019455076,
WeldedBeam,NSGA-II,1,43,36.821996674852045,0.00043904000002083,
WeldedBeam,NSGA-II,1,43,2.926774465756897,0.01161763654821705,
WeldedBeam,NSGA-II,1,43,3.1547578442780466,0.007055167502249727,
WeldedBeam,NSGA-II,1,43,3.055077237142281,0.009695837660882141,
WeldedBeam,NSGA-II,1,43,2.9919996627491496,0.01044267483184167,
WeldedBeam,NSGA-II,1,43,24.390701576171484,0.0006727892538278661,
WeldedBeam,NSGA-II,1,43,3.1944936148510417,0.006540275230608598,
WeldedBeam,NSGA-II,1,43,11.116488326277697,0.0015767681519638667,
WeldedBeam,NSGA-II,1,43,20.180305091875283,0.0008183467586527317,
WeldedBeam,NSGA-II,1,43,9.331526707468743,0.0019031095183011401,
WeldedBeam,NSGA-II,1,43,9.982722287962075,0.0017716040956603301,
WeldedBeam,NSGA-II,1,43,5.146499465129493,0.0036886492464168192,
WeldedBeam,NSGA-II,1,43,3.1733890188153127,0.00695772509768797,
WeldedBeam,NSGA-II,1,43,3.2726208536563144,0.006359216525340146,
WeldedBeam,NSGA-II,1,43,18.551527543146474,0.0008951425991596514,
WeldedBeam,NSGA-II,1,43,12.094768936174695,0.001437846690377624,
WeldedBeam,NSGA-II,1,43,12.615023251677863,0.0013575983508517723,
WeldedBeam,NSGA-II,1,43,4.213289042010058,0.004698325072486947,
WeldedBeam,NSGA-II,1,43,3.0297279356500697,0.009983015512935551,
WeldedBeam,NSGA-II,1,43,7.204219098621058,0.0025183948123470817,
WeldedBeam,NSGA-II,1,43,25.12120075088818,0.0006498648036214162,
WeldedBeam,NSGA-II,1,43,6.869325770333391,0.0026713682158103894,
WeldedBeam,NSGA-II,1,43,31.511799303554216,0.0005123620662605275,
WeldedBeam,NSGA-II,1,43,29.574850245256478,0.000547827258015856,
WeldedBeam,NSGA-II,1,43,11.522478137684,0.0015022435343405914,
WeldedBeam,NSGA-II,1,43,8.46827611220924,0.0021080487100088394,
WeldedBeam,NSGA-II,1,43,4.383356190347637,0.004497566126128016,
WeldedBeam,NSGA-II,1,43,5.428769092310101,0.003452181443208502,
WeldedBeam,NSGA-II,1,43,27.19338449522413,0.0005982506800641156,
WeldedBeam,NSGA-II,1,43,3.398934603596773,0.006090860109979192,
WeldedBeam,NSGA-II,1,43,6.573966472077778,0.002783797635170021,
WeldedBeam,NSGA-II,1,43,3.908393263085202,0.005109460303105967,
WeldedBeam,NSGA-II,1,43,4.9873427472715735,0.003840677059581841,
WeldedBeam,NSGA-II,1,43,23.326110445595017,0.0007081208730079163,
WeldedBeam,NSGA-II,1,43,19.495434296007236,0.0008488945705937309,
WeldedBeam,NSGA-II,1,43,4.475564979598435,0.004329456771544366,
WeldedBeam,NSGA-II,1,43,21.159690790493553,0.0007830830757542199,
WeldedBeam,NSGA-II,1,43,25.742781206771095,0.0006396946657509944,
WeldedBeam,NSGA-II,1,43,13.847043791971295,0.001242127351015581,
WeldedBeam,NSGA-II,1,43,13.15494619260512,0.0012968175085194505,
WeldedBeam,NSGA-II,1,43,18.209146901391094,0.0009350197962023445,
WeldedBeam,NSGA-II,1,43,17.459850717359796,0.0009550313358177306,
WeldedBeam,NSGA-II,1,43,10.352065079772046,0.0016962129010845164,
WeldedBeam,NSGA-II,1,43,15.210642262400075,0.001107884462845281,
WeldedBeam,NSGA-II,1,43,14.406751322400973,0.001174458862647027,
WeldedBeam,NSGA-II,1,43,28.643296294476116,0.0005688315694924291,
WeldedBeam,NSGA-II,1,43,30.438585815128324,0.0005345566468898126,
WeldedBeam,NSGA-II,1,43,3.8179761042938662,0.005237559300315882,
WeldedBeam,NSGA-II,1,43,36.028880892642185,0.00045015374521062954,
WeldedBeam,NSGA-II,1,43,32.443761209371075,0.0004991566379766723,
WeldedBeam,NSGA-II,1,43,16.62023096327084,0.0010068114609580474,
WeldedBeam,NSGA-II,1,43,3.5993048938769774,0.005707742761542839,
WeldedBeam,NSGA-II,1,43,26.58932707093401,0.0006123206887481595,
WeldedBeam,NSGA-II,1,43,35.344232968298684,0.0004556963345627951,
WeldedBeam,NSGA-II,1,43,3.6748535852082553,0.0055027578388631496,
WeldedBeam,NSGA-II,1,43,3.472653748551303,0.005979718990048312,
WeldedBeam,NSGA-II,1,43,21.99800938157956,0.0007481985131250158,
WeldedBeam,NSGA-II,1,43,7.533951782086907,0.002407424470096479,
WeldedBeam,NSGA-II,1,43,6.5069345678209505,0.002993231080724121,
WeldedBeam,NSGA-II,1,43,29.108996572625298,0.0005596670902107136,
WeldedBeam,NSGA-II,1,43,33.744955320266115,0.00047810271162483203,
WeldedBeam,NSGA-II,1,43,8.081819513910558,0.0022232232785941,
WeldedBeam,NSGA-II,1,43,3.58464915061572,0.005822283957570497,
WeldedBeam,NSGA-II,1,43,3.7204434996491784,0.005413584434448123,
WeldedBeam,NSGA-II,1,43,31.111250565893627,0.0005242622760942859,
WeldedBeam,NSGA-II,1,43,26.260132415771434,0.0006263528498167994,
WeldedBeam,NSGA-II,1,43,22.744715595927087,0.0007373814150556025,
WeldedBeam,NSGA-II,1,43,27.86036860277192,0.0005834222411765843,
WeldedBeam,NSGA-II,1,43,34.327913196762125,0.00047167973750844133,
WeldedBeam,NSGA-II,1,43,5.986018987722851,0.0030898260219339936,
WeldedBeam,NSGA-II,1,43,8.834539453235585,0.0020152456987499417,
WeldedBeam,NSGA-II,1,43,7.68517547725514,0.0023477160945041165,
WeldedBeam,NSGA-II,1,43,32.96608967883197,0.0004890189379097948,
WeldedBeam,NSGA-II,1,43,13.52263999415145,0.0012748332993511417,
WeldedBeam,NSGA-II,1,43,4.132536666390172,0.004905889629706993,
WeldedBeam,NSGA-II,1,43,3.045118960080919,0.009850691176674,
WeldedBeam,NSGA-II,1,43,8.978946309593324,0.0019871029051593703,
WeldedBeam,NSGA-II,1,43,28.053480830425652,0.0005791161512390323,
WeldedBeam,NSGA-II,1,43,36.41150612166965,0.0004419696041352355,
WeldedBeam,NSGA-II,1,43,21.79680091613372,0.0007544828137608641,
WeldedBeam,NSGA-II,1,43,33.37957546491642,0.00048238262192252997,
WeldedBeam,NSGA-II,1,43,17.577078680089755,0.0009481135768155302,
WeldedBeam,NSGA-II,1,43,19.637142252129856,0.0008477079372348945,
WeldedBeam,NSGA-II,1,43,7.952896872499846,0.002258542141407383,
WeldedBeam,NSGA-II,1,43,35.0398513626816,0.0004598535292987432,
WeldedBeam,NSGA-II,1,43,34.61698368169944,0.00046566226489716723,
WeldedBeam,NSGA-II,1,43,21.25864844946389,0.0007746861268569683,
WeldedBeam,NSGA-II,1,43,4.1330160651022725,0.004903991466276087,
WeldedBeam,NSGA-II,1,43,4.638077522992818,0.004180418893199195,
WeldedBeam,NSGA-II,1,43,30.633239975258277,0.0005306923024450054,
WeldedBeam,NSGA-II,1,43,5.7176114023890126,0.0032532870260926707,
WeldedBeam,NSGA-II,1,43,4.851920731506164,0.0040145457965554045,
WeldedBeam,NSGA-II,1,43,14.711910037326124,0.0011482695381847593,
WeldedBeam,NSGA-II,1,43,4.676130906866626,0.004157047772678638,
WeldedBeam,NSGA-II,1,43,16.591158729283883,0.0010265109379810533,
WeldedBeam,NSGA-II,1,43,4.851919335434799,0.004014549620180322,
WeldedBeam,NSGA-II,1,43,16.10825923901495,0.0010411193885420914,
WeldedBeam,NSGA-II,1,43,15.617531074509213,0.0010767606230489839,
WeldedBeam,NSGA-II,1,43,10.35206498591851,0.0016962129505840833,
WeldedBeam,NSGA-II,1,43,22.855343115004136,0.0007273294769731089,
WeldedBeam,NSGA-II,2,44,40.11072794016832,0.00043904000002009105,
WeldedBeam,NSGA-II,2,44,3.40712725376925,0.01842869199615991,
WeldedBeam,NSGA-II,2,44,3.768261832816969,0.012269462261776495,
WeldedBeam,NSGA-II,2,44,3.978595224663974,0.005546901092286048,
WeldedBeam,NSGA-II,2,44,3.6907865356113905,0.014748073252782032,
WeldedBeam,NSGA-II,2,44,3.4859750402267338,0.01680941359532679,
WeldedBeam,NSGA-II,2,44,3.7337654967472904,0.012807133356871718,
WeldedBeam,NSGA-II,2,44,3.511473541537175,0.015601886937130596,
WeldedBeam,NSGA-II,2,44,36.59089138706945,0.00043904000015724626,
WeldedBeam,NSGA-II,2,44,39.675755967387,0.0004390400000601179,
WeldedBeam,NSGA-II,2,44,14.25117304415474,0.001211143815895175,
WeldedBeam,NSGA-II,2,44,6.730877454129224,0.002726836584076982,
WeldedBeam,NSGA-II,2,44,8.680227723592424,0.002047763992936168,
WeldedBeam,NSGA-II,2,44,24.613681230959727,0.0006644690926792591,
WeldedBeam,NSGA-II,2,44,14.941741784544064,0.00113258301019051,
WeldedBeam,NSGA-II,2,44,20.536797456733854,0.0008039938181640864,
WeldedBeam,NSGA-II,2,44,19.711020676398014,0.0008411322928735987,
WeldedBeam,NSGA-II,2,44,8.185107093792382,0.002191932739897988,
WeldedBeam,NSGA-II,2,44,25.38929846211103,0.0006426966074841488,
WeldedBeam,NSGA-II,2,44,19.29168876874893,0.0008607129767816252,
WeldedBeam,NSGA-II,2,44,10.755586421020713,0.0016190316953575772,
WeldedBeam,NSGA-II,2,44,4.197315213594123,0.004740312948280707,
WeldedBeam,NSGA-II,2,44,31.74858913469126,0.0005074967257415003,
WeldedBeam,NSGA-II,2,44,32.56241243503343,0.0004993426915082875,
WeldedBeam,NSGA-II,2,44,24.07423674119413,0.0006802364675569881,
WeldedBeam,NSGA-II,2,44,11.119465178331334,0.0015583026731083164,
WeldedBeam,NSGA-II,2,44,5.4516017462274355,0.003505880877765639,
WeldedBeam,NSGA-II,2,44,11.66755373338739,0.0014859050754874304,
WeldedBeam,NSGA-II,2,44,29.604247736684613,0.0005483935257144513,
WeldedBeam,NSGA-II,2,44,9.147156858581143,0.0019366909738276052,
WeldedBeam,NSGA-II,2,44,5.005298627173707,0.0038635667741280318,
WeldedBeam,NSGA-II,2,44,5.669413186331031,0.003340480606985898,
WeldedBeam,NSGA-II,2,44,7.293744623566846,0.0025366943668076606,
WeldedBeam,NSGA-II,2,44,4.175043739761722,0.00521974389359364,
WeldedBeam,NSGA-II,2,44,13.00477208241237,0.0013148508068738741,
WeldedBeam,NSGA-II,2,44,12.620770903916128,0.0013794999517636162,
WeldedBeam,NSGA-II,2,44,17.25889025196668,0.0009679876943478889,
WeldedBeam,NSGA-II,2,44,7.376816805033938,0.0025019942283316075,
WeldedBeam,NSGA-II,2,44,35.31093679780711,0.0004542548904482062,
WeldedBeam,NSGA-II,2,44,16.265828931237266,0.0010318296846676949,
WeldedBeam,NSGA-II,2,44,4.325503944981375,0.0044928794397389085,
WeldedBeam,NSGA-II,2,44,13.571672514118404,0.0012637479629259646,
WeldedBeam,NSGA-II,2,44,34.188920740467225,0.00047403901294040167,
WeldedBeam,NSGA-II,2,44,27.572059178300684,0.0005897515978611681,
WeldedBeam,NSGA-II,2,44,28.14355153310013,0.0005779657306348331,
WeldedBeam,NSGA-II,2,44,25.77892924208509,0.0006326790765252744,
WeldedBeam,NSGA-II,2,44,36.09789745403162,0.00044395598129253746,
WeldedBeam,NSGA-II,2,44,17.723164791626242,0.0009423135703583879,
WeldedBeam,NSGA-II,2,44,7.802848172329304,0.00230825834215204,
WeldedBeam,NSGA-II,2,44,28.444895782270216,0.0005756144616719238,
WeldedBeam,NSGA-II,2,44,5.891206556119515,0.0031793083565356223,
WeldedBeam,NSGA-II,2,44,30.95260500277052,0.0005229005482402064,
WeldedBeam,NSGA-II,2,44,32.911757533333876,0.0004925171902890478,
WeldedBeam,NSGA-II,2,44,6.113191194322523,0.003085908727775298,
WeldedBeam,NSGA-II,2,44,22.806937432284816,0.0007189895732700128,
WeldedBeam,NSGA-II,2,44,31.39482697514699,0.0005132209059445854,
WeldedBeam,NSGA-II,2,44,21.86243489929157,0.0007516791287038687,
WeldedBeam,NSGA-II,2,44,33.69393940243003,0.00048201372521294026,
WeldedBeam,NSGA-II,2,44,4.105016899891201,0.005496713494983397,
WeldedBeam,NSGA-II,2,44,35.71805393283168,0.00045002787156680677,
WeldedBeam,NSGA-II,2,44,33.394311529404035,0.0004825748748797915,
WeldedBeam,NSGA-II,2,44,4.732927925032115,0.00406481430514856,
WeldedBeam,NSGA-II,2,44,6.452138430871111,0.0028750359505539474,
WeldedBeam,NSGA-II,2,44,18.605106193300536,0.0008987687901909698,
WeldedBeam,NSGA-II,2,44,9.852572073612347,0.0017846622828607108,
WeldedBeam,NSGA-II,2,44,34.804217890799464,0.000462895183632023,
WeldedBeam,NSGA-II,2,44,10.218239860822719,0.0017152496430491153,
WeldedBeam,NSGA-II,2,44,5.18429274933981,0.0036821908835112634,
WeldedBeam,NSGA-II,2,44,21.3689104342867,0.0007700779925786332,
WeldedBeam,NSGA-II,2,44,9.451294578882429,0.001876930588868089,
WeldedBeam,NSGA-II,2,44,30.55809027341425,0.0005294745924244201,
WeldedBeam,NSGA-II,2,44,23.496530895490213,0.0007000160441486774,
WeldedBeam,NSGA-II,2,44,15.478894895744931,0.001132582656803288,
WeldedBeam,NSGA-II,2,44,28.986551766999558,0.0005639931536730403,
WeldedBeam,NSGA-II,2,44,22.362909271239094,0.0007352038841808894,
WeldedBeam,NSGA-II,2,44,12.18839737574907,0.0014171747687532804,
WeldedBeam,NSGA-II,2,44,20.994276872234625,0.0007930537791594263,
WeldedBeam,NSGA-II,2,44,4.523334777974922,0.004269457934058098,
WeldedBeam,NSGA-II,2,44,13.446094570338797,0.001276899845572868,
WeldedBeam,NSGA-II,2,44,30.232145550052376,0.000536868103450071,
WeldedBeam,NSGA-II,2,44,26.42749116747008,0.0006149901206064485,
WeldedBeam,NSGA-II,2,44,16.8061707376886,0.0010088407072700353,
WeldedBeam,NSGA-II,2,44,12.050500294361623,0.0014420467718877453,
WeldedBeam,NSGA-II,2,44,4.476392206416945,0.004320429580688743,
WeldedBeam,NSGA-II,2,44,29.13212475187767,0.0005568587977588226,
WeldedBeam,NSGA-II,2,44,34.58309650817424,0.00046750847791087683,
WeldedBeam,NSGA-II,2,44,4.169721911637319,0.005242725867789039,
WeldedBeam,NSGA-II,2,44,4.2148113324661125,0.004652650682080923,
WeldedBeam,NSGA-II,2,44,4.704644831602897,0.0040987466235107,
WeldedBeam,NSGA-II,2,44,18.040755636031655,0.0009221911290154564,
WeldedBeam,NSGA-II,2,44,7.833656424213275,0.0022987434604891986,
WeldedBeam,NSGA-II,2,44,23.16823042062093,0.0007189776446417178,
WeldedBeam,NSGA-II,2,44,15.568656310320053,0.001083645227047332,
WeldedBeam,NSGA-II,2,44,18.278529547307365,0.0009100628561279064,
WeldedBeam,NSGA-II,2,44,27.26663918641148,0.0005963585309890563,
WeldedBeam,NSGA-II,2,44,26.998641983694505,0.0006140163745169632,
WeldedBeam,NSGA-II,2,44,9.66253515107814,0.0018273025278716674,
WeldedBeam,NSGA-II,2,44,26.239797223654193,0.0006205579932140582,
WeldedBeam,NSGA-II,2,44,6.457045127445715,0.0028729882738585282,
WeldedBeam,NSGA-II,2,44,5.122517815483157,0.0037105877290494215,
WeldedBeam,NSGA-II,3,45,2.509363163653501,0.00920634428942661,
WeldedBeam,NSGA-II,3,45,36.64305991562494,0.00043904000005375634,
WeldedBeam,NSGA-II,3,45,3.1932466687687073,0.006624270930236605,
WeldedBeam,NSGA-II,3,45,2.9336186361552206,0.007446978804059204,
WeldedBeam,NSGA-II,3,45,29.119130833284004,0.0005580176801220334,
WeldedBeam,NSGA-II,3,45,6.255901386444218,0.0029561625919801338,
WeldedBeam,NSGA-II,3,45,6.69931012528036,0.002774542246326616,
WeldedBeam,NSGA-II,3,45,2.633668445235754,0.008709244811310714,
WeldedBeam,NSGA-II,3,45,30.336164455291744,0.0005341534018342064,
WeldedBeam,NSGA-II,3,45,3.6711579433315933,0.0055498553244637,
WeldedBeam,NSGA-II,3,45,3.027378570042345,0.007033147139699243,
WeldedBeam,NSGA-II,3,45,32.828733565109935,0.0004925105855740703,
WeldedBeam,NSGA-II,3,45,3.3696382871398214,0.00612088077563346,
WeldedBeam,NSGA-II,3,45,2.5856436459277155,0.008894116503615216,
WeldedBeam,NSGA-II,3,45,3.0187477054505605,0.007062260878321003,
WeldedBeam,NSGA-II,3,45,3.524791321422595,0.00588918445762801,
WeldedBeam,NSGA-II,3,45,16.518827516064654,0.0010322059017060226,
WeldedBeam,NSGA-II,3,45,2.8545183890780503,0.007676709372497531,
WeldedBeam,NSGA-II,3,45,4.514729168124687,0.004506902010901435,
WeldedBeam,NSGA-II,3,45,13.989762301630298,0.0012324080230932766,
WeldedBeam,NSGA-II,3,45,20.210115590211885,0.0008235148088257721,
WeldedBeam,NSGA-II,3,45,2.769607266043133,0.008006535965424538,
WeldedBeam,NSGA-II,3,45,3.8067008241238374,0.005314567524115882,
WeldedBeam,NSGA-II,3,45,2.7453286281532896,0.008055892628319588,
WeldedBeam,NSGA-II,3,45,17.092708652708296,0.0009775056965018406,
WeldedBeam,NSGA-II,3,45,30.9130968615513,0.0005333798499568293,
WeldedBeam,NSGA-II,3,45,8.332013487908206,0.0021729159867044027,
WeldedBeam,NSGA-II,3,45,2.727325357103855,0.008385976446002624,
WeldedBeam,NSGA-II,3,45,3.2679120481764588,0.006447108807862584,
WeldedBeam,NSGA-II,3,45,28.419565736879647,0.0005807794206733076,
WeldedBeam,NSGA-II,3,45,36.034835542943455,0.0004544891946546852,
WeldedBeam,NSGA-II,3,45,19.470000981503127,0.0008599422426251561,
WeldedBeam,NSGA-II,3,45,14.584894699087883,0.0011861369700106852,
WeldedBeam,NSGA-II,3,45,21.542088781626237,0.0007647154944298278,
WeldedBeam,NSGA-II,3,45,15.018780401315318,0.001127127961997301,
WeldedBeam,NSGA-II,3,45,23.076357379162285,0.0007106168184872428,
WeldedBeam,NSGA-II,3,45,3.341495366355878,0.006284813251326265,
WeldedBeam,NSGA-II,3,45,11.316096426845924,0.0015365267087074238,
WeldedBeam,NSGA-II,3,45,5.4014717310675495,0.0035125247781334643,
WeldedBeam,NSGA-II,3,45,2.7123581691813334,0.008426337064816717,
WeldedBeam,NSGA-II,3,45,12.556248669533563,0.0013665459286742996,
WeldedBeam,NSGA-II,3,45,7.91805448081771,0.002280536204194882,
WeldedBeam,NSGA-II,3,45,4.018160147105625,0.005006767103554236,
WeldedBeam,NSGA-II,3,45,4.699690361867773,0.00421994360783095,
WeldedBeam,NSGA-II,3,45,2.529557225073328,0.009122237915116122,
WeldedBeam,NSGA-II,3,45,4.849944888952831,0.003933531779089586,
WeldedBeam,NSGA-II,3,45,13.338779585744385,0.0012804151103071532,
WeldedBeam,NSGA-II,3,45,5.6672152574915104,0.0033133314709086325,
WeldedBeam,NSGA-II,3,45,4.754021498109107,0.004162083347746218,
WeldedBeam,NSGA-II,3,45,11.92053365200813,0.001447522771639132,
WeldedBeam,NSGA-II,3,45,8.859165203325711,0.0021390372637940308,
WeldedBeam,NSGA-II,3,45,18.981709842151584,0.0009072655718345299,
WeldedBeam,NSGA-II,3,45,25.99897205883515,0.0006270593272056237,
WeldedBeam,NSGA-II,3,45,6.964975016337084,0.0026217714545271917,
WeldedBeam,NSGA-II,3,45,26.840068756570574,0.0006222931884394985,
WeldedBeam,NSGA-II,3,45,33.52935045426736,0.00048284538410794264,
WeldedBeam,NSGA-II,3,45,31.869834018939944,0.0005074874459168312,
WeldedBeam,NSGA-II,3,45,4.316405084626215,0.004609295020964588,
WeldedBeam,NSGA-II,3,45,9.022443925494473,0.0020353372690189602,
WeldedBeam,NSGA-II,3,45,35.25129954969797,0.00045722106538359964,
WeldedBeam,NSGA-II,3,45,13.037728767708433,0.0013131662777538338,
WeldedBeam,NSGA-II,3,45,15.788041175973277,0.0010650474429793578,
WeldedBeam,NSGA-II,3,45,27.758185911226693,0.0005855454367634608,
WeldedBeam,NSGA-II,3,45,10.216258416106953,0.0017100224922568983,
WeldedBeam,NSGA-II,3,45,7.715284177133393,0.002358066223890101,
WeldedBeam,NSGA-II,3,45,17.96663043852906,0.0009280236813650014,
WeldedBeam,NSGA-II,3,45,9.399277342080413,0.0019141647876050492,
WeldedBeam,NSGA-II,3,45,31.754743210085486,0.000513239964424317,
WeldedBeam,NSGA-II,3,45,22.42733662838474,0.0007319036228482946,
WeldedBeam,NSGA-II,3,45,34.39973579108165,0.0004686759775902048,
WeldedBeam,NSGA-II,3,45,5.286599918528257,0.003563980272309116,
WeldedBeam,NSGA-II,3,45,5.729635497966216,0.0032726409690228674,
WeldedBeam,NSGA-II,3,45,22.14758344058189,0.0007419781284665674,
WeldedBeam,NSGA-II,3,45,15.591857229012847,0.0010796636443745253,
WeldedBeam,NSGA-II,3,45,4.164413486791144,0.004792622889416784,
WeldedBeam,NSGA-II,3,45,10.877532034397673,0.0016381836782261097,
WeldedBeam,NSGA-II,3,45,4.912258985448842,0.0038766156601077657,
WeldedBeam,NSGA-II,3,45,4.1494310377796495,0.00482396454547865,
WeldedBeam,NSGA-II,3,45,2.8759271156313755,0.007617522872607138,
WeldedBeam,NSGA-II,3,45,5.9965434588018525,0.0031219373259727375,
WeldedBeam,NSGA-II,3,45,12.21383313599651,0.0014467972341932153,
WeldedBeam,NSGA-II,3,45,10.493262219923016,0.0016890206651991155,
WeldedBeam,NSGA-II,3,45,23.647343666135683,0.0006925681935102886,
WeldedBeam,NSGA-II,3,45,7.0951042072331365,0.00256966064715618,
WeldedBeam,NSGA-II,3,45,33.94885222357207,0.00047597946546488605,
WeldedBeam,NSGA-II,3,45,25.032736308565426,0.000652677708944645,
WeldedBeam,NSGA-II,3,45,3.8968680836212455,0.0052030722541768935,
WeldedBeam,NSGA-II,3,45,17.785801893118006,0.0009689499081573293,
WeldedBeam,NSGA-II,3,45,34.960330942612856,0.00046817613973082364,
WeldedBeam,NSGA-II,3,45,5.151498706655599,0.0037140512164988313,
WeldedBeam,NSGA-II,3,45,3.9546379273706624,0.005117489441280893,
WeldedBeam,NSGA-II,3,45,5.072622001473379,0.0037380360288645884,
WeldedBeam,NSGA-II,3,45,9.777562143323163,0.0018077534912461304,
WeldedBeam,NSGA-II,3,45,23.906491175028396,0.0006847010014294806,
WeldedBeam,NSGA-II,3,45,24.43314082343569,0.0006745847258942998,
WeldedBeam,NSGA-II,3,45,5.961887323246486,0.0031269970885817724,
WeldedBeam,NSGA-II,3,45,7.332513184730296,0.0024775242430276232,
WeldedBeam,NSGA-II,3,45,9.241108017308301,0.0019443729345730088,
WeldedBeam,NSGA-II,3,45,3.5845392750025655,0.0057422334552191985,
WeldedBeam,NSGA-II,3,45,7.486816979022709,0.0024513704184164708,
WeldedBeam,NSGA-II,4,46,2.830062511771575,0.010874047811501572,
WeldedBeam,NSGA-II,4,46,38.99602727773361,0.000439040000000135,
WeldedBeam,NSGA-II,4,46,2.9056289911916284,0.00844893633548675,
WeldedBeam,NSGA-II,4,46,2.8905785619479105,0.009823357184803002,
WeldedBeam,NSGA-II,4,46,2.9934284184222397,0.007879007460806721,
WeldedBeam,NSGA-II,4,46,36.466204638083845,0.0004390400002536589,
WeldedBeam,NSGA-II,4,46,3.0088060229501505,0.007186202609861211,
WeldedBeam,NSGA-II,4,46,27.778295731975376,0.000585799160627896,
WeldedBeam,NSGA-II,4,46,38.99602727773284,0.0004390400000001612,
WeldedBeam,NSGA-II,4,46,25.955799999138662,0.0006314094184004722,
WeldedBeam,NSGA-II,4,46,2.9850979071170283,0.008146235221863352,
WeldedBeam,NSGA-II,4,46,4.728615049904035,0.004076840113345259,
WeldedBeam,NSGA-II,4,46,10.728024242085159,0.0016181924324464993,
WeldedBeam,NSGA-II,4,46,3.8054025988218045,0.005252511520153233,
WeldedBeam,NSGA-II,4,46,34.10591446551614,0.0004715350199858175,
WeldedBeam,NSGA-II,4,46,35.252856501393936,0.00045556624481947515,
WeldedBeam,NSGA-II,4,46,4.432103549678402,0.004384707672472125,
WeldedBeam,NSGA-II,4,46,7.003945983462188,0.002590078574414821,
WeldedBeam,NSGA-II,4,46,22.96926297735381,0.0007172136504439608,
WeldedBeam,NSGA-II,4,46,13.851987853460326,0.001262118993457806,
WeldedBeam,NSGA-II,4,46,3.6935808566093553,0.005587893862927304,
WeldedBeam,NSGA-II,4,46,11.506803853424165,0.0015229277774059047,
WeldedBeam,NSGA-II,4,46,23.904026044411278,0.0006855824039083576,
WeldedBeam,NSGA-II,4,46,6.254780038104596,0.0029835868366474942,
WeldedBeam,NSGA-II,4,46,14.333691147408338,0.0012006964433892598,
WeldedBeam,NSGA-II,4,46,8.296854369246677,0.0022395538446074587,
WeldedBeam,NSGA-II,4,46,14.930342196649853,0.0011325650923536127,
WeldedBeam,NSGA-II,4,46,5.969330021009163,0.003136716565227043,
WeldedBeam,NSGA-II,4,46,3.6508886691268665,0.00569111243146749,
WeldedBeam,NSGA-II,4,46,18.533138481168365,0.0009046486356702623,
WeldedBeam,NSGA-II,4,46,7.642453158969083,0.002410543988223496,
WeldedBeam,NSGA-II,4,46,32.89974887336303,0.0004897196271235703,
WeldedBeam,NSGA-II,4,46,2.875706019453691,0.010116948575838964,
WeldedBeam,NSGA-II,4,46,29.821105511939503,0.000542104055838839,
WeldedBeam,NSGA-II,4,46,10.294841838636923,0.0017469581164539364,
WeldedBeam,NSGA-II,4,46,15.538066416486345,0.0011113897573991568,
WeldedBeam,NSGA-II,4,46,5.046930472681229,0.0038043086052507342,
WeldedBeam,NSGA-II,4,46,28.506663849515917,0.0005697556374769863,
WeldedBeam,NSGA-II,4,46,5.47923736138744,0.003452916662636626,
WeldedBeam,NSGA-II,4,46,6.593761858884755,0.0028432017579860347,
WeldedBeam,NSGA-II,4,46,17.016396989017736,0.0009968326291435626,
WeldedBeam,NSGA-II,4,46,4.1322019051877605,0.004798887490310587,
WeldedBeam,NSGA-II,4,46,9.894488250222954,0.0017815181205213275,
WeldedBeam,NSGA-II,4,46,9.015092347444648,0.0020009982368419644,
WeldedBeam,NSGA-II,4,46,30.708882566826066,0.0005261033516547367,
WeldedBeam,NSGA-II,4,46,35.95845122825479,0.0004468307936852753,
WeldedBeam,NSGA-II,4,46,33.37128876793769,0.0004825225479635259,
WeldedBeam,NSGA-II,4,46,12.40322415053043,0.0013846101713489182,
WeldedBeam,NSGA-II,4,46,4.927312097475294,0.00394614081734131,
WeldedBeam,NSGA-II,4,46,17.910394912175526,0.0009632572841822309,
WeldedBeam,NSGA-II,4,46,32.02104550106627,0.0005057175003488265,
WeldedBeam,NSGA-II,4,46,3.22390999149215,0.0065062711092658855,
WeldedBeam,NSGA-II,4,46,4.317451618178409,0.0045164031056649755,
WeldedBeam,NSGA-II,4,46,3.2916763631595467,0.006397119868237615,
WeldedBeam,NSGA-II,4,46,3.9887960204017054,0.0049840950178254234,
WeldedBeam,NSGA-II,4,46,24.9594432110325,0.0006567851006115255,
WeldedBeam,NSGA-II,4,46,5.2450184949867085,0.0036417740352303997,
WeldedBeam,NSGA-II,4,46,16.416969760738738,0.0010381283633053289,
WeldedBeam,NSGA-II,4,46,4.22867882562405,0.0046768860715539875,
WeldedBeam,NSGA-II,4,46,24.42540762764544,0.0006705596257468933,
WeldedBeam,NSGA-II,4,46,13.008572984225047,0.0013159409867690916,
WeldedBeam,NSGA-II,4,46,16.055169834116846,0.0010578698366515552,
WeldedBeam,NSGA-II,4,46,22.361687509858744,0.0007394990550291719,
WeldedBeam,NSGA-II,4,46,25.517608252437743,0.0006428914131811202,
WeldedBeam,NSGA-II,4,46,3.486279900874334,0.005954038696137748,
WeldedBeam,NSGA-II,4,46,31.02601291275607,0.0005228119406062105,
WeldedBeam,NSGA-II,4,46,7.289675847348201,0.002507619208724259,
WeldedBeam,NSGA-II,4,46,31.71856948748136,0.0005088299380596728,
WeldedBeam,NSGA-II,4,46,2.881068073229144,0.009938669386847206,
WeldedBeam,NSGA-II,4,46,3.1702469136936795,0.006719960923383554,
WeldedBeam,NSGA-II,4,46,2.8415939069726943,0.010607988262366874,
WeldedBeam,NSGA-II,4,46,17.488402187508264,0.0009671470466967011,
WeldedBeam,NSGA-II,4,46,3.386631481170297,0.0061664086462331425,
WeldedBeam,NSGA-II,4,46,3.0605709548472557,0.007016008901213595,
WeldedBeam,NSGA-II,4,46,29.037548476221296,0.0005574340640773163,
WeldedBeam,NSGA-II,4,46,2.8340636368266057,0.010850747897188663,
WeldedBeam,NSGA-II,4,46,21.703954983092576,0.0007629389755154886,
WeldedBeam,NSGA-II,4,46,3.072117650769653,0.006923823445343376,
WeldedBeam,NSGA-II,4,46,5.748249285304618,0.0032763986441633904,
WeldedBeam,NSGA-II,4,46,2.845117621657913,0.010561223040376232,
WeldedBeam,NSGA-II,4,46,19.073429605760634,0.0008736613300942294,
WeldedBeam,NSGA-II,4,46,3.3799271654327816,0.006206013524648574,
WeldedBeam,NSGA-II,4,46,5.358003000288805,0.0035549230143718867,
WeldedBeam,NSGA-II,4,46,8.346960855406175,0.002176866044070035,
WeldedBeam,NSGA-II,4,46,9.427401868636176,0.0018663099871875652,
WeldedBeam,NSGA-II,4,46,12.927410428155122,0.0013247268293161373,
WeldedBeam,NSGA-II,4,46,11.859974717169223,0.001463711064761304,
WeldedBeam,NSGA-II,4,46,29.388170110132787,0.0005510513031115784,
WeldedBeam,NSGA-II,4,46,2.8569207712992433,0.010339491444855903,
WeldedBeam,NSGA-II,4,46,3.4862759216445913,0.005954061690170429,
WeldedBeam,NSGA-II,4,46,20.332913247837993,0.00083409030490451,
WeldedBeam,NSGA-II,4,46,6.561060989003958,0.002845783266256575,
WeldedBeam,NSGA-II,4,46,12.141534812407897,0.0014636098346902725,
WeldedBeam,NSGA-II,4,46,3.1378572935511997,0.006775800536352602,
WeldedBeam,NSGA-II,4,46,2.853998751800688,0.010352057529164925,
WeldedBeam,NSGA-II,4,46,9.339781637093273,0.001884744297273145,
WeldedBeam,NSGA-II,4,46,22.01954154774728,0.000758591211389665,
WeldedBeam,NSGA-II,4,46,8.583684351879349,0.0020677748951106966,
WeldedBeam,NSGA-II,4,46,3.9103934018053015,0.005078116244150571,
WeldedBeam,NSGA-II,4,46,5.774350121677046,0.0032762172296037914,
WeldedBeam,NSGA-II,5,47,2.8390464856380597,0.008433335383455575,
WeldedBeam,NSGA-II,5,47,39.46681220416828,0.00043904000019620554,
WeldedBeam,NSGA-II,5,47,36.440615285135934,0.00043904000020455536,
WeldedBeam,NSGA-II,5,47,2.8699393212701145,0.007805377968224599,
WeldedBeam,NSGA-II,5,47,4.3115968656162735,0.004567675552295788,
WeldedBeam,NSGA-II,5,47,2.8510968949698676,0.008392066365114857,
WeldedBeam,NSGA-II,5,47,4.689449568410486,0.004132444339310045,
WeldedBeam,NSGA-II,5,47,3.98963195355309,0.004962708182047486,
WeldedBeam,NSGA-II,5,47,25.015789102225796,0.0006539277140853032,
WeldedBeam,NSGA-II,5,47,4.420409063032775,0.004408697279252277,
WeldedBeam,NSGA-II,5,47,13.919364837614827,0.0012378909885534745,
WeldedBeam,NSGA-II,5,47,4.940301053130908,0.0038934288349740053,
WeldedBeam,NSGA-II,5,47,32.72162556623241,0.000493214164336943,
WeldedBeam,NSGA-II,5,47,7.118211074381453,0.0025403619137854805,
WeldedBeam,NSGA-II,5,47,33.93217841351907,0.00047311302375442296,
WeldedBeam,NSGA-II,5,47,3.6589452456327076,0.005503953418914813,
WeldedBeam,NSGA-II,5,47,6.918620325850892,0.002692509354643179,
WeldedBeam,NSGA-II,5,47,5.2913590818800476,0.0036003939479473082,
WeldedBeam,NSGA-II,5,47,2.894110180195869,0.007525823791933561,
WeldedBeam,NSGA-II,5,47,3.3899911789657136,0.00610898336547357,
WeldedBeam,NSGA-II,5,47,29.96068865080881,0.0005433219155281361,
WeldedBeam,NSGA-II,5,47,17.13420295601375,0.000983257285823727,
WeldedBeam,NSGA-II,5,47,26.348517049830857,0.0006348485305743917,
WeldedBeam,NSGA-II,5,47,3.0860872632072773,0.006855768510164199,
WeldedBeam,NSGA-II,5,47,3.310533105586905,0.006257453926112929,
WeldedBeam,NSGA-II,5,47,18.116548810629627,0.0009189418532432906,
WeldedBeam,NSGA-II,5,47,30.936108003575015,0.0005287005133775261,
WeldedBeam,NSGA-II,5,47,3.829513897695541,0.005221364718569993,
WeldedBeam,NSGA-II,5,47,20.011468223946313,0.00084028616185182,
WeldedBeam,NSGA-II,5,47,3.7926419904874726,0.00536378907839289,
WeldedBeam,NSGA-II,5,47,24.17091986050451,0.0006823360861495824,
WeldedBeam,NSGA-II,5,47,3.0504915990671235,0.0070655930856490315,
WeldedBeam,NSGA-II,5,47,18.97799854521799,0.0008775600171093991,
WeldedBeam,NSGA-II,5,47,20.7966356908298,0.0008026223597155849,
WeldedBeam,NSGA-II,5,47,31.989159367783483,0.0005069618723687041,
WeldedBeam,NSGA-II,5,47,6.699459615280598,0.002824267203413102,
WeldedBeam,NSGA-II,5,47,9.913244582661086,0.0017649604349656888,
WeldedBeam,NSGA-II,5,47,3.0381099610956324,0.007164713621608648,
WeldedBeam,NSGA-II,5,47,21.478695229488093,0.000773449544365201,
WeldedBeam,NSGA-II,5,47,27.433355641265162,0.0005992036408082307,
WeldedBeam,NSGA-II,5,47,34.53271738487612,0.00046605096058998876,
WeldedBeam,NSGA-II,5,47,12.937889604441065,0.0013221053615126808,
WeldedBeam,NSGA-II,5,47,29.410191228206624,0.000558135225250509,
WeldedBeam,NSGA-II,5,47,14.482573439076518,0.00118374969641223,
WeldedBeam,NSGA-II,5,47,23.71938356727698,0.000690543430201919,
WeldedBeam,NSGA-II,5,47,3.264464973927602,0.006430018875101055,
WeldedBeam,NSGA-II,5,47,28.67681681961824,0.0005643850436910125,
WeldedBeam,NSGA-II,5,47,3.9380419446364847,0.005057911504677834,
WeldedBeam,NSGA-II,5,47,7.514426100093378,0.002397640794811205,
WeldedBeam,NSGA-II,5,47,2.8765442396272105,0.007708853444638157,
WeldedBeam,NSGA-II,5,47,9.378062132844395,0.0018764842852642546,
WeldedBeam,NSGA-II,5,47,10.996607270016652,0.0015819641502128846,
WeldedBeam,NSGA-II,5,47,26.495608141860522,0.0006245028168995739,
WeldedBeam,NSGA-II,5,47,5.551318650328177,0.003427182494899067,
WeldedBeam,NSGA-II,5,47,16.267486392622462,0.001032819533716827,
WeldedBeam,NSGA-II,5,47,6.22330735220944,0.0031490120963139317,
WeldedBeam,NSGA-II,5,47,12.191741708460402,0.001414312518742395,
WeldedBeam,NSGA-II,5,47,3.2187223095891486,0.006534067853227096,
WeldedBeam,NSGA-II,5,47,35.822033907235515,0.00044876246025660427,
WeldedBeam,NSGA-II,5,47,12.92219721611017,0.0013221663839701754,
WeldedBeam,NSGA-II,5,47,31.405800375056042,0.0005169218109471605,
WeldedBeam,NSGA-II,5,47,9.031884953947158,0.0019648706575856505,
WeldedBeam,NSGA-II,5,47,14.941814421836167,0.0011603207406886322,
WeldedBeam,NSGA-II,5,47,7.748969401059384,0.0023879408642268657,
WeldedBeam,NSGA-II,5,47,3.4728021415827657,0.0059251398350296785,
WeldedBeam,NSGA-II,5,47,16.881292745950205,0.001002846544060946,
WeldedBeam,NSGA-II,5,47,3.5699354447779323,0.005908363529433956,
WeldedBeam,NSGA-II,5,47,28.153905357621355,0.0005793739102937857,
WeldedBeam,NSGA-II,5,47,22.312717480922245,0.0007487527109633886,
WeldedBeam,NSGA-II,5,47,6.377675842269511,0.0028843348820565898,
WeldedBeam,NSGA-II,5,47,9.657143854455969,0.0018169364925787735,
WeldedBeam,NSGA-II,5,47,15.279637487909884,0.0011120268659191052,
WeldedBeam,NSGA-II,5,47,5.116339694568636,0.0037559164191352497,
WeldedBeam,NSGA-II,5,47,5.860065361741243,0.003246521400378468,
WeldedBeam,NSGA-II,5,47,3.6314380736460192,0.005709020874126926,
WeldedBeam,NSGA-II,5,47,7.957047938773337,0.0022510478563174457,
WeldedBeam,NSGA-II,5,47,10.454380674264822,0.0016813766679127746,
WeldedBeam,NSGA-II,5,47,10.475172797758033,0.0016691127547541294,
WeldedBeam,NSGA-II,5,47,3.1578328882957396,0.006669352956600582,
WeldedBeam,NSGA-II,5,47,8.373757060411574,0.0021388035815775386,
WeldedBeam,NSGA-II,5,47,8.453799715971474,0.002102412479171792,
WeldedBeam,NSGA-II,5,47,12.149021513731945,0.0014203402992207168,
WeldedBeam,NSGA-II,5,47,3.5888244522880757,0.005712604239923137,
WeldedBeam,NSGA-II,5,47,11.210426732030236,0.0015468892701212848,
WeldedBeam,NSGA-II,5,47,20.250506436228374,0.0008207716036060142,
WeldedBeam,NSGA-II,5,47,22.958432704859607,0.0007175984400494445,
WeldedBeam,NSGA-II,5,47,6.245925757682961,0.002958838046867435,
WeldedBeam,NSGA-II,5,47,2.9399188854555303,0.007350307636484046,
WeldedBeam,NSGA-II,5,47,21.99617094088541,0.0007572960631733007,
WeldedBeam,NSGA-II,5,47,5.794707387221104,0.0032794863137578486,
WeldedBeam,NSGA-II,5,47,8.060543475293748,0.002232115140616058,
WeldedBeam,NSGA-II,5,47,11.685072737341333,0.0015170309573701883,
WeldedBeam,NSGA-II,5,47,3.1525597701243044,0.006737239450494673,
WeldedBeam,NSGA-II,5,47,5.67430232867502,0.0034118160989471884,
WeldedBeam,NSGA-II,5,47,6.226206599461559,0.003059487605865153,
WeldedBeam,NSGA-II,5,47,5.187640681584387,0.0037217496821772954,
WeldedBeam,NSGA-II,5,47,15.636377365435434,0.0010848903585284118,
WeldedBeam,NSGA-II,5,47,15.933685340957082,0.0010630907671763477,
WeldedBeam,NSGA-II,5,47,2.939907081879228,0.007350408897241666,
WeldedBeam,NSGA-II,5,47,8.779099416636374,0.002013933009204645,
WeldedBeam,NSGA-II,6,48,3.1943532424902337,0.010515042490296734,
WeldedBeam,NSGA-II,6,48,36.4763574734782,0.0004390400010461071,
WeldedBeam,NSGA-II,6,48,3.253090113878348,0.009308252531597274,
WeldedBeam,NSGA-II,6,48,3.266407693262174,0.006406421957470912,
WeldedBeam,NSGA-II,6,48,3.2236788809215096,0.010301148741395816,
WeldedBeam,NSGA-II,6,48,14.970799726602044,0.0011272927964172765,
WeldedBeam,NSGA-II,6,48,6.337537127286145,0.002907239960349831,
WeldedBeam,NSGA-II,6,48,32.21997501898895,0.0005025670125147366,
WeldedBeam,NSGA-II,6,48,33.10651744666169,0.00048684362591521244,
WeldedBeam,NSGA-II,6,48,30.187238906425353,0.0005366100693938216,
WeldedBeam,NSGA-II,6,48,19.610480452421836,0.0008445652817519788,
WeldedBeam,NSGA-II,6,48,26.5550093206972,0.0006146206878837301,
WeldedBeam,NSGA-II,6,48,6.66014011072359,0.0028051067193580856,
WeldedBeam,NSGA-II,6,48,18.924982702517063,0.0008774330512994574,
WeldedBeam,NSGA-II,6,48,6.125149365107764,0.003100254146298981,
WeldedBeam,NSGA-II,6,48,15.746763092083041,0.0010838169430690229,
WeldedBeam,NSGA-II,6,48,29.577026871614606,0.0005538861009335787,
WeldedBeam,NSGA-II,6,48,11.029228352977938,0.0015824130439369916,
WeldedBeam,NSGA-II,6,48,9.478463591247877,0.0018760418608303878,
WeldedBeam,NSGA-II,6,48,14.499133353691166,0.00119258087795402,
WeldedBeam,NSGA-II,6,48,14.042987359296713,0.0012262404440975011,
WeldedBeam,NSGA-II,6,48,12.66313600753214,0.0013509257752743115,
WeldedBeam,NSGA-II,6,48,4.452708350423919,0.004410312660047491,
WeldedBeam,NSGA-II,6,48,17.311985237467702,0.0009638672981500336,
WeldedBeam,NSGA-II,6,48,33.63789840320028,0.0004788183944571664,
WeldedBeam,NSGA-II,6,48,7.468101832338764,0.002416307772554105,
WeldedBeam,NSGA-II,6,48,3.57869687997783,0.005685050981243273,
WeldedBeam,NSGA-II,6,48,23.337491016733452,0.0007016981678654576,
WeldedBeam,NSGA-II,6,48,28.978987227251626,0.0005590387515063765,
WeldedBeam,NSGA-II,6,48,10.458164321456586,0.001676382282803473,
WeldedBeam,NSGA-II,6,48,3.9922676932485133,0.0049918921610733955,
WeldedBeam,NSGA-II,6,48,25.823185316842544,0.0006301848510323562,
WeldedBeam,NSGA-II,6,48,34.77144294519646,0.0004700981032237234,
WeldedBeam,NSGA-II,6,48,7.803732404935573,0.00230415247004731,
WeldedBeam,NSGA-II,6,48,3.466739426455648,0.006182477399854943,
WeldedBeam,NSGA-II,6,48,8.373053876709672,0.0021592586600407172,
WeldedBeam,NSGA-II,6,48,35.43818982490611,0.0004558027700551785,
WeldedBeam,NSGA-II,6,48,4.933139386737228,0.003926550564755827,
WeldedBeam,NSGA-II,6,48,31.683816766321353,0.0005118634286668193,
WeldedBeam,NSGA-II,6,48,4.588075904475001,0.004256194324055149,
WeldedBeam,NSGA-II,6,48,30.98322872095435,0.0005350240188839024,
WeldedBeam,NSGA-II,6,48,35.79150658147548,0.00044736776956284504,
WeldedBeam,NSGA-II,6,48,24.648237334241742,0.0006644037667620853,
WeldedBeam,NSGA-II,6,48,8.00291813091636,0.002239015286870366,
WeldedBeam,NSGA-II,6,48,5.655789742518591,0.0032994820846045285,
WeldedBeam,NSGA-II,6,48,4.655440209905166,0.004144537726088848,
WeldedBeam,NSGA-II,6,48,17.867980315188976,0.0009450177403177502,
WeldedBeam,NSGA-II,6,48,5.433061435432025,0.003653093856680481,
WeldedBeam,NSGA-II,6,48,9.92305556238768,0.0017745999430226714,
WeldedBeam,NSGA-II,6,48,5.4339399407815785,0.0034885878649475698,
WeldedBeam,NSGA-II,6,48,4.869612788382901,0.00403046506188319,
WeldedBeam,NSGA-II,6,48,28.47343870084112,0.0005695505081017103,
WeldedBeam,NSGA-II,6,48,8.954577403717458,0.0019817813069292626,
WeldedBeam,NSGA-II,6,48,3.7503533432094946,0.0054552403760489716,
WeldedBeam,NSGA-II,6,48,13.200768298083867,0.001327091812718444,
WeldedBeam,NSGA-II,6,48,24.20810373813952,0.0006792168086254194,
WeldedBeam,NSGA-II,6,48,3.5061781403137657,0.005821229129082923,
WeldedBeam,NSGA-II,6,48,16.030492655063902,0.0010518870027822005,
WeldedBeam,NSGA-II,6,48,12.223442886324502,0.0014080818465421825,
WeldedBeam,NSGA-II,6,48,4.138266875657758,0.004748880346977378,
WeldedBeam,NSGA-II,6,48,11.290890776601683,0.001542837895452355,
WeldedBeam,NSGA-II,6,48,21.42261697526792,0.000778527162966652,
WeldedBeam,NSGA-II,6,48,5.095381130967161,0.0037673111814332362,
WeldedBeam,NSGA-II,6,48,3.305807870099421,0.006340575836506569,
WeldedBeam,NSGA-II,6,48,25.185868752422625,0.0006488643398648838,
WeldedBeam,NSGA-II,6,48,3.711891271096757,0.005517214647951595,
WeldedBeam,NSGA-II,6,48,3.949366786312923,0.00503649535815658,
WeldedBeam,NSGA-II,6,48,20.20539079699865,0.0008386193980053394,
WeldedBeam,NSGA-II,6,48,18.414632201342798,0.0009027345414713805,
WeldedBeam,NSGA-II,6,48,16.806212461824863,0.0009985699105049771,
WeldedBeam,NSGA-II,6,48,9.187761871635573,0.0019323704713584884,
WeldedBeam,NSGA-II,6,48,11.646768119647414,0.0014825918017770795,
WeldedBeam,NSGA-II,6,48,3.8079526757631355,0.005249673742537988,
WeldedBeam,NSGA-II,6,48,6.926986891543582,0.0026647779232121973,
WeldedBeam,NSGA-II,6,48,5.5344753743007065,0.003381525844472057,
WeldedBeam,NSGA-II,6,48,3.8303748260805106,0.005221725178990577,
WeldedBeam,NSGA-II,6,48,6.950168847176054,0.002635225274787505,
WeldedBeam,NSGA-II,6,48,21.94291474571718,0.0007709046114589604,
WeldedBeam,NSGA-II,6,48,4.324066232702469,0.004564580130723017,
WeldedBeam,NSGA-II,6,48,13.486934372160702,0.0012645113430109322,
WeldedBeam,NSGA-II,6,48,3.5043445056038096,0.005956472178730466,
WeldedBeam,NSGA-II,6,48,4.138267107754246,0.00474887943977082,
WeldedBeam,NSGA-II,6,48,3.4947416939430362,0.006059415037403477,
WeldedBeam,NSGA-II,6,48,31.23027537452489,0.0005307704685108012,
WeldedBeam,NSGA-II,6,48,34.30816439001544,0.00047575302165319024,
WeldedBeam,NSGA-II,6,48,27.739621918799298,0.0005870980785873698,
WeldedBeam,NSGA-II,6,48,3.2111047902831524,0.01044859640436082,
WeldedBeam,NSGA-II,6,48,20.77572301068567,0.0007961340270419792,
WeldedBeam,NSGA-II,6,48,7.235383053609469,0.0025032905857814637,
WeldedBeam,NSGA-II,6,48,5.124291514177832,0.0036992317210075057,
WeldedBeam,NSGA-II,6,48,36.432828325554006,0.0004390400012143676,
WeldedBeam,NSGA-II,6,48,22.718253354223627,0.0007280175896569917,
WeldedBeam,NSGA-II,6,48,20.453590783716063,0.0008277652299319036,
WeldedBeam,NSGA-II,6,48,23.127126516444257,0.0007084648510779311,
WeldedBeam,NSGA-II,6,48,21.062694916428107,0.0007902490416291579,
WeldedBeam,NSGA-II,6,48,8.63095683488332,0.0020614885501079147,
WeldedBeam,NSGA-II,6,48,25.50889062088356,0.0006412339584700188,
WeldedBeam,NSGA-II,6,48,16.542350162550544,0.0010312113226502843,
WeldedBeam,NSGA-II,6,48,18.189417938902253,0.0009237440318577387,
WeldedBeam,NSGA-II,6,48,22.150869700500206,0.0007442459862920561,
WeldedBeam,NSGA-II,7,49,48.71741759601052,0.00043904000000200607,
WeldedBeam,NSGA-II,7,49,2.494493190715757,0.012552571982372399,
WeldedBeam,NSGA-II,7,49,37.89108754580266,0.00043904000000645536,
WeldedBeam,NSGA-II,7,49,2.5588972485927965,0.010904546996788347,
WeldedBeam,NSGA-II,7,49,2.5641116205725414,0.010114217795605545,
WeldedBeam,NSGA-II,7,49,15.158847544670571,0.001148227435644982,
WeldedBeam,NSGA-II,7,49,2.536992932958251,0.01111669968640817,
WeldedBeam,NSGA-II,7,49,2.5941588508237543,0.009335843606371288,
WeldedBeam,NSGA-II,7,49,3.2973532635573735,0.006441356096675105,
WeldedBeam,NSGA-II,7,49,3.497403145300824,0.006051460705856018,
WeldedBeam,NSGA-II,7,49,2.5936755898019883,0.009718430736681953,
WeldedBeam,NSGA-II,7,49,2.53155931880406,0.01172999472900805,
WeldedBeam,NSGA-II,7,49,13.911500864014624,0.001230299262265748,
WeldedBeam,NSGA-II,7,49,23.90856983046496,0.0006848190645172568,
WeldedBeam,NSGA-II,7,49,2.6207536029628944,0.009072899566354374,
WeldedBeam,NSGA-II,7,49,9.230968302134333,0.0019103071888916167,
WeldedBeam,NSGA-II,7,49,9.667321826147848,0.0018185601523982452,
WeldedBeam,NSGA-II,7,49,16.189160653517387,0.0010599782204509093,
WeldedBeam,NSGA-II,7,49,2.625675496585373,0.008768281296693041,
WeldedBeam,NSGA-II,7,49,35.83244209512366,0.0004531585217638968,
WeldedBeam,NSGA-II,7,49,5.513050682669427,0.0034170832865335525,
WeldedBeam,NSGA-II,7,49,22.731953881944637,0.0007277304274024937,
WeldedBeam,NSGA-II,7,49,31.399275645728906,0.0005130619287324927,
WeldedBeam,NSGA-II,7,49,12.677256572741562,0.001360907867541106,
WeldedBeam,NSGA-II,7,49,2.669087170749838,0.008557228274732907,
WeldedBeam,NSGA-II,7,49,18.61781543001142,0.0008948302810747743,
WeldedBeam,NSGA-II,7,49,6.553843126895892,0.0028221975706324,
WeldedBeam,NSGA-II,7,49,36.62674813427991,0.00043916188017407396,
WeldedBeam,NSGA-II,7,49,2.519717278274011,0.011892563313079953,
WeldedBeam,NSGA-II,7,49,3.2161766693905594,0.0066222193434301605,
WeldedBeam,NSGA-II,7,49,13.678433251473281,0.0013572389407744065,
WeldedBeam,NSGA-II,7,49,19.905232844535554,0.000841114536134707,
WeldedBeam,NSGA-II,7,49,20.955185077239232,0.0007876592985722302,
WeldedBeam,NSGA-II,7,49,10.884348374757964,0.00160531626602808,
WeldedBeam,NSGA-II,7,49,25.769674279144397,0.0006342709298022523,
WeldedBeam,NSGA-II,7,49,6.019242682097328,0.003118306157274974,
WeldedBeam,NSGA-II,7,49,6.348550572187574,0.00295491034594716,
WeldedBeam,NSGA-II,7,49,11.477832696258957,0.0015024772357563648,
WeldedBeam,NSGA-II,7,49,2.740259529366522,0.008333560455715183,
WeldedBeam,NSGA-II,7,49,5.257432705512479,0.0036191953203193955,
WeldedBeam,NSGA-II,7,49,5.776830214519879,0.003248871838527773,
WeldedBeam,NSGA-II,7,49,3.065356252806616,0.006937080456514541,
WeldedBeam,NSGA-II,7,49,17.804757784395665,0.0009570905794218832,
WeldedBeam,NSGA-II,7,49,3.703115311033928,0.005591242714587755,
WeldedBeam,NSGA-II,7,49,3.8249984179092946,0.00541682534840975,
WeldedBeam,NSGA-II,7,49,2.5782046552344084,0.00994769594790187,
WeldedBeam,NSGA-II,7,49,7.565945863501444,0.002397981803108668,
WeldedBeam,NSGA-II,7,49,2.7962167591494467,0.007837477004600983,
WeldedBeam,NSGA-II,7,49,5.093577440975841,0.0037386317031539,
WeldedBeam,NSGA-II,7,49,21.57520026152555,0.0007633766819360947,
WeldedBeam,NSGA-II,7,49,8.555846257978187,0.002085278023591671,
WeldedBeam,NSGA-II,7,49,33.56934410405215,0.00047948038600388403,
WeldedBeam,NSGA-II,7,49,3.063419914077037,0.0072613933009913366,
WeldedBeam,NSGA-II,7,49,32.42718178449172,0.0004971953796039826,
WeldedBeam,NSGA-II,7,49,3.121468184065047,0.006851774595845416,
WeldedBeam,NSGA-II,7,49,6.953480803869207,0.0026530272645285524,
WeldedBeam,NSGA-II,7,49,30.706019055609236,0.0005264275744397028,
WeldedBeam,NSGA-II,7,49,4.63511183538205,0.004152232043971192,
WeldedBeam,NSGA-II,7,49,26.632870522939005,0.0006124740479086469,
WeldedBeam,NSGA-II,7,49,2.500553242025695,0.012513364361688466,
WeldedBeam,NSGA-II,7,49,4.185072153391959,0.004699977065053798,
WeldedBeam,NSGA-II,7,49,3.9917106089411436,0.00525306139440093,
WeldedBeam,NSGA-II,7,49,4.016626695162846,0.004917244185946125,
WeldedBeam,NSGA-II,7,49,10.452123873957007,0.0016803698370313309,
WeldedBeam,NSGA-II,7,49,22.19003079372621,0.0007407561917123953,
WeldedBeam,NSGA-II,7,49,4.52978333479986,0.004261993262970565,
WeldedBeam,NSGA-II,7,49,7.286059337414299,0.002480646608242468,
WeldedBeam,NSGA-II,7,49,2.512673578876412,0.012207115405328563,
WeldedBeam,NSGA-II,7,49,3.6883539451695517,0.005790101725767144,
WeldedBeam,NSGA-II,7,49,37.530728108076424,0.0004390400000064738,
WeldedBeam,NSGA-II,7,49,30.146997089776875,0.0005374661053942507,
WeldedBeam,NSGA-II,7,49,20.08314391402467,0.00082496926907109,
WeldedBeam,NSGA-II,7,49,2.8717644762105645,0.007784103308312068,
WeldedBeam,NSGA-II,7,49,4.849032718632349,0.003993467612528332,
WeldedBeam,NSGA-II,7,49,2.778059792819913,0.008150908958882335,
WeldedBeam,NSGA-II,7,49,8.03350852553479,0.0022585427473080914,
WeldedBeam,NSGA-II,7,49,2.5165729216403268,0.012184777294324099,
WeldedBeam,NSGA-II,7,49,34.69911841415805,0.0004635352003177307,
WeldedBeam,NSGA-II,7,49,3.631951670742731,0.005904278584639516,
WeldedBeam,NSGA-II,7,49,8.504337170100422,0.002089124066922411,
WeldedBeam,NSGA-II,7,49,34.716818552722295,0.0004632901238698458,
WeldedBeam,NSGA-II,7,49,24.840567333897173,0.0006589359487384627,
WeldedBeam,NSGA-II,7,49,27.65535794925275,0.0005888379844402651,
WeldedBeam,NSGA-II,7,49,2.9513172006859976,0.007532686614310484,
WeldedBeam,NSGA-II,7,49,12.162491769748971,0.0014362068472057717,
WeldedBeam,NSGA-II,7,49,18.428474830865767,0.0009163737520061811,
WeldedBeam,NSGA-II,7,49,29.36691879378212,0.0005584180602488027,
WeldedBeam,NSGA-II,7,49,4.237773462691068,0.004622580739608888,
WeldedBeam,NSGA-II,7,49,2.883462074375673,0.0075326988940317705,
WeldedBeam,NSGA-II,7,49,24.75070323449172,0.0006617433162690793,
WeldedBeam,NSGA-II,7,49,16.728277319377163,0.0010119279137172296,
WeldedBeam,NSGA-II,7,49,32.68693736001829,0.0004921807823345838,
WeldedBeam,NSGA-II,7,49,2.9676307152602512,0.007271099686597734,
WeldedBeam,NSGA-II,7,49,7.937856138377488,0.002258652913834886,
WeldedBeam,NSGA-II,7,49,4.0171996987007645,0.004913735337281697,
WeldedBeam,NSGA-II,7,49,7.026424529899245,0.0025933117398400122,
WeldedBeam,NSGA-II,7,49,28.466215567753196,0.000570583470437323,
WeldedBeam,NSGA-II,7,49,17.119224119517234,0.0009849990955365347,
WeldedBeam,NSGA-II,7,49,4.405092307086825,0.0044294646121588194,
WeldedBeam,NSGA-II,7,49,28.563541035183295,0.0005685494384057791,
WeldedBeam,NSGA-II,8,50,2.7995354465778584,0.012061006131999298,
WeldedBeam,NSGA-II,8,50,37.28436803109124,0.0004390400000019804,
WeldedBeam,NSGA-II,8,50,2.8933770870577744,0.008208310413323585,
WeldedBeam,NSGA-II,8,50,2.8928051023667174,0.010723198488846435,
WeldedBeam,NSGA-II,8,50,2.966882944056334,0.007530828221234225,
WeldedBeam,NSGA-II,8,50,17.63351884730202,0.0009477989166612534,
WeldedBeam,NSGA-II,8,50,16.144436004020516,0.001042640946984434,
WeldedBeam,NSGA-II,8,50,32.20014222018249,0.0005002216659722387,
WeldedBeam,NSGA-II,8,50,23.74351251481907,0.0006934953824728512,
WeldedBeam,NSGA-II,8,50,3.26517015476593,0.006548382726493574,
WeldedBeam,NSGA-II,8,50,24.76287275865506,0.0006603389737447468,
WeldedBeam,NSGA-II,8,50,8.786180871779608,0.00205538334883155,
WeldedBeam,NSGA-II,8,50,2.8350550794049303,0.011528105668892315,
WeldedBeam,NSGA-II,8,50,2.8228471214372886,0.011702181064841482,
WeldedBeam,NSGA-II,8,50,18.924944169347064,0.0008829918236062466,
WeldedBeam,NSGA-II,8,50,2.860371085464086,0.011166312835805818,
WeldedBeam,NSGA-II,8,50,22.192680751003618,0.0007546753086482838,
WeldedBeam,NSGA-II,8,50,27.44716220673579,0.0006058628472736414,
WeldedBeam,NSGA-II,8,50,33.47744766881531,0.0004944961935659223,
WeldedBeam,NSGA-II,8,50,36.07866644736879,0.00044467735699181646,
WeldedBeam,NSGA-II,8,50,4.038659019939501,0.0048913275795080535,
WeldedBeam,NSGA-II,8,50,31.453356376665027,0.0005125450883992416,
WeldedBeam,NSGA-II,8,50,30.91808374601244,0.0005306965607491136,
WeldedBeam,NSGA-II,8,50,5.031745145052945,0.0038402768780762537,
WeldedBeam,NSGA-II,8,50,2.871656606440979,0.011009905546184359,
WeldedBeam,NSGA-II,8,50,3.0554004167201967,0.007141054186197431,
WeldedBeam,NSGA-II,8,50,35.09548021634666,0.0004609089513331845,
WeldedBeam,NSGA-II,8,50,29.07483579257774,0.0005612487684833159,
WeldedBeam,NSGA-II,8,50,4.507064661989043,0.004321732524920703,
WeldedBeam,NSGA-II,8,50,4.209981255997267,0.004676855554972216,
WeldedBeam,NSGA-II,8,50,8.115383834700829,0.002246590642063585,
WeldedBeam,NSGA-II,8,50,9.414061994167948,0.0018933167285387544,
WeldedBeam,NSGA-II,8,50,30.156689569799003,0.0005361308511345477,
WeldedBeam,NSGA-II,8,50,3.6121975367696506,0.005641044963290779,
WeldedBeam,NSGA-II,8,50,33.899385745673285,0.0004741198742588597,
WeldedBeam,NSGA-II,8,50,20.027054312363774,0.0008342267048082942,
WeldedBeam,NSGA-II,8,50,3.02811500854686,0.00737820374592863,
WeldedBeam,NSGA-II,8,50,8.497498771800663,0.0021749364264333462,
WeldedBeam,NSGA-II,8,50,34.80666651914928,0.0004644063376686719,
WeldedBeam,NSGA-II,8,50,10.614234989341435,0.0016484662701153096,
WeldedBeam,NSGA-II,8,50,5.211279969246965,0.0036724775271706356,
WeldedBeam,NSGA-II,8,50,26.645561739723025,0.0006112454995583618,
WeldedBeam,NSGA-II,8,50,13.870661836604398,0.0012370056881212432,
WeldedBeam,NSGA-II,8,50,10.213703974989295,0.0017270752810096838,
WeldedBeam,NSGA-II,8,50,29.69434735362024,0.0005448452725344046,
WeldedBeam,NSGA-II,8,50,7.748534513027032,0.0023558840811335907,
WeldedBeam,NSGA-II,8,50,5.681722176232711,0.0033593480515363506,
WeldedBeam,NSGA-II,8,50,9.915847517945329,0.0018028643453314318,
WeldedBeam,NSGA-II,8,50,18.16427839848485,0.0009185015156636336,
WeldedBeam,NSGA-II,8,50,28.457164662535977,0.0005703891973673388,
WeldedBeam,NSGA-II,8,50,6.019998018172007,0.0030850197708311355,
WeldedBeam,NSGA-II,8,50,28.020821122823808,0.0005833369052568273,
WeldedBeam,NSGA-II,8,50,12.761865832987661,0.001377075058408235,
WeldedBeam,NSGA-II,8,50,7.311343401666163,0.0025510929730460387,
WeldedBeam,NSGA-II,8,50,2.7996848425465912,0.012060234062618976,
WeldedBeam,NSGA-II,8,50,3.1695560241457983,0.00684442327458681,
WeldedBeam,NSGA-II,8,50,13.598880320666153,0.0012552341812664394,
WeldedBeam,NSGA-II,8,50,23.116149179154785,0.0007218630808528376,
WeldedBeam,NSGA-II,8,50,4.876053721200793,0.004014658084556717,
WeldedBeam,NSGA-II,8,50,14.530208854334415,0.0011706448620220859,
WeldedBeam,NSGA-II,8,50,3.9300059622586385,0.0050458135763997635,
WeldedBeam,NSGA-II,8,50,7.514751217540595,0.002433018546248394,
WeldedBeam,NSGA-II,8,50,6.62037550528634,0.0027571423065656272,
WeldedBeam,NSGA-II,8,50,26.295697126795886,0.0006474891100883966,
WeldedBeam,NSGA-II,8,50,6.268341584693224,0.0029328042918403464,
WeldedBeam,NSGA-II,8,50,3.367857403492413,0.006158382976550431,
WeldedBeam,NSGA-II,8,50,7.053757777374341,0.002651334036557618,
WeldedBeam,NSGA-II,8,50,4.702971082218512,0.0041655608130320865,
WeldedBeam,NSGA-II,8,50,3.556404039487037,0.005787386840940847,
WeldedBeam,NSGA-II,8,50,3.080615413481607,0.006942007026431389,
WeldedBeam,NSGA-II,8,50,6.387688035829876,0.0028920722571844112,
WeldedBeam,NSGA-II,8,50,13.0549115015888,0.0013113969745292475,
WeldedBeam,NSGA-II,8,50,4.376947260669024,0.00449179430755726,
WeldedBeam,NSGA-II,8,50,3.4375651591142717,0.006014240592961663,
WeldedBeam,NSGA-II,8,50,21.545477942096742,0.0007866244346922541,
WeldedBeam,NSGA-II,8,50,18.598529689967176,0.0008931006879912787,
WeldedBeam,NSGA-II,8,50,3.7718629993279578,0.005390838007570524,
WeldedBeam,NSGA-II,8,50,5.883177591365109,0.003179848434577541,
WeldedBeam,NSGA-II,8,50,25.43543561975078,0.0006477432900755375,
WeldedBeam,NSGA-II,8,50,11.610547878817771,0.0014993432113306997,
WeldedBeam,NSGA-II,8,50,5.353352222625692,0.003533607801489085,
WeldedBeam,NSGA-II,8,50,20.338169348711002,0.0008139336832465201,
WeldedBeam,NSGA-II,8,50,15.23910331248993,0.001112415705833597,
WeldedBeam,NSGA-II,8,50,3.3077423847003695,0.006283347154364067,
WeldedBeam,NSGA-II,8,50,20.938017109457782,0.0007876000034093741,
WeldedBeam,NSGA-II,8,50,36.506240742331606,0.0004392265669819347,
WeldedBeam,NSGA-II,8,50,12.170187030944254,0.001442506860273812,
WeldedBeam,NSGA-II,8,50,3.5430216659526983,0.00592523138837262,
WeldedBeam,NSGA-II,8,50,9.468047959992486,0.001857803595333602,
WeldedBeam,NSGA-II,8,50,3.7379798494664325,0.0054252195104513914,
WeldedBeam,NSGA-II,8,50,6.888559369017644,0.0027197304848377737,
WeldedBeam,NSGA-II,8,50,21.79703368598899,0.0007850110119755735,
WeldedBeam,NSGA-II,8,50,5.832848939807526,0.0033128730134894544,
WeldedBeam,NSGA-II,8,50,3.9161904367980958,0.005193310798419682,
WeldedBeam,NSGA-II,8,50,15.834230937977116,0.0010683823325907328,
WeldedBeam,NSGA-II,8,50,15.543189843860093,0.0010853733653261276,
WeldedBeam,NSGA-II,8,50,11.994575667726018,0.0014992276360029113,
WeldedBeam,NSGA-II,8,50,14.898700164696145,0.0011482321665197376,
WeldedBeam,NSGA-II,8,50,4.331041211953897,0.00455538347925213,
WeldedBeam,NSGA-II,8,50,23.12252822801256,0.0007199530997740546,
WeldedBeam,NSGA-II,9,51,2.850292960962326,0.007711818273420726,
WeldedBeam,NSGA-II,9,51,37.1959833872801,0.0004390400000014489,
WeldedBeam,NSGA-II,9,51,12.182240331859884,0.0014376655285094865,
WeldedBeam,NSGA-II,9,51,3.5201198685391537,0.005906031762958965,
WeldedBeam,NSGA-II,9,51,3.3255306428885465,0.006443147765322965,
WeldedBeam,NSGA-II,9,51,8.02828930466011,0.002234146126752866,
WeldedBeam,NSGA-II,9,51,7.437107098142866,0.0024211264628051904,
WeldedBeam,NSGA-II,9,51,3.7615824327418466,0.005496389917935304,
WeldedBeam,NSGA-II,9,51,6.990557283395644,0.002648635754022686,
WeldedBeam,NSGA-II,9,51,18.188511568420306,0.0009141846800392036,
WeldedBeam,NSGA-II,9,51,5.067377023244752,0.0037615085696218165,
WeldedBeam,NSGA-II,9,51,3.3501566241966274,0.006221599358647347,
WeldedBeam,NSGA-II,9,51,2.9593754405143025,0.007303752445677561,
WeldedBeam,NSGA-II,9,51,11.48624418036911,0.0015098533358212625,
WeldedBeam,NSGA-II,9,51,4.542007095900065,0.004261009244117422,
WeldedBeam,NSGA-II,9,51,26.178558577887067,0.0006236245670792629,
WeldedBeam,NSGA-II,9,51,4.74877461689881,0.004063774809576093,
WeldedBeam,NSGA-II,9,51,4.862453337288486,0.003957605309306758,
WeldedBeam,NSGA-II,9,51,34.30475614841586,0.0004695306716371773,
WeldedBeam,NSGA-II,9,51,3.93795940194784,0.005223512281489171,
WeldedBeam,NSGA-II,9,51,3.171945228757225,0.006685293385696332,
WeldedBeam,NSGA-II,9,51,12.987342785070172,0.0013168682198562416,
WeldedBeam,NSGA-II,9,51,17.212430223990594,0.0009726559551749759,
WeldedBeam,NSGA-II,9,51,27.500258611842142,0.0005923167756080641,
WeldedBeam,NSGA-II,9,51,28.512631010218456,0.0005705784600029274,
WeldedBeam,NSGA-II,9,51,5.508849449130166,0.00339748982928103,
WeldedBeam,NSGA-II,9,51,20.059926052206126,0.0008244678138070052,
WeldedBeam,NSGA-II,9,51,6.765294882580831,0.002845296946444352,
WeldedBeam,NSGA-II,9,51,3.0191652007065466,0.007163459225312022,
WeldedBeam,NSGA-II,9,51,22.65197768539582,0.0007344877228882343,
WeldedBeam,NSGA-II,9,51,14.901924528563391,0.0011351590164659156,
WeldedBeam,NSGA-II,9,51,7.204053484882898,0.002513939158789099,
WeldedBeam,NSGA-II,9,51,6.047012734638615,0.003071105755480762,
WeldedBeam,NSGA-II,9,51,18.777030538263343,0.0008847102377433956,
WeldedBeam,NSGA-II,9,51,3.604693536325181,0.005748551112306932,
WeldedBeam,NSGA-II,9,51,3.891170541788986,0.005367243340965612,
WeldedBeam,NSGA-II,9,51,4.1174153384026475,0.0049678399042400335,
WeldedBeam,NSGA-II,9,51,15.93027581426196,0.0010560323412805758,
WeldedBeam,NSGA-II,9,51,34.82005761712654,0.00046214430847478727,
WeldedBeam,NSGA-II,9,51,23.918193338616927,0.0006862158681404406,
WeldedBeam,NSGA-II,9,51,15.535558073731814,0.001085371857574861,
WeldedBeam,NSGA-II,9,51,4.063878134373343,0.005039185579313267,
WeldedBeam,NSGA-II,9,51,9.61864350941681,0.0018874373947228786,
WeldedBeam,NSGA-II,9,51,5.2945121550877605,0.003581215984270648,
WeldedBeam,NSGA-II,9,51,6.236892030818754,0.0029516384407405932,
WeldedBeam,NSGA-II,9,51,35.63856373419462,0.0004527861900533067,
WeldedBeam,NSGA-II,9,51,9.955537744473759,0.0017606747227520306,
WeldedBeam,NSGA-II,9,51,24.574841473315022,0.0006743715583532048,
WeldedBeam,NSGA-II,9,51,2.8845251825066476,0.0075265066677972035,
WeldedBeam,NSGA-II,9,51,29.942397534621918,0.0005396021501739288,
WeldedBeam,NSGA-II,9,51,21.138199390278906,0.0007804066460767189,
WeldedBeam,NSGA-II,9,51,16.64115352418241,0.0010119808897000896,
WeldedBeam,NSGA-II,9,51,4.44892288894202,0.004376108361799421,
WeldedBeam,NSGA-II,9,51,33.201426089416216,0.00048616021870383295,
WeldedBeam,NSGA-II,9,51,25.31469980890609,0.000646000873075583,
WeldedBeam,NSGA-II,9,51,14.44842733962903,0.00117906537322725,
WeldedBeam,NSGA-II,9,51,5.626176366135931,0.003317088454660469,
WeldedBeam,NSGA-II,9,51,3.1477686574333212,0.006801137994518067,
WeldedBeam,NSGA-II,9,51,9.394634526385596,0.0019354329485933043,
WeldedBeam,NSGA-II,9,51,4.337368135005107,0.0044819913568212655,
WeldedBeam,NSGA-II,9,51,14.05631579475,0.0012109967014585857,
WeldedBeam,NSGA-II,9,51,36.69178788311502,0.00043980756933487895,
WeldedBeam,NSGA-II,9,51,36.102758742407154,0.00044635627177388266,
WeldedBeam,NSGA-II,9,51,5.230404416618766,0.0036305566361946695,
WeldedBeam,NSGA-II,9,51,4.132336035014951,0.004744438571905612,
WeldedBeam,NSGA-II,9,51,9.151116394242253,0.002031636217559781,
WeldedBeam,NSGA-II,9,51,6.41149993556004,0.0028573840544878454,
WeldedBeam,NSGA-II,9,51,31.593786518247494,0.0005103994908249636,
WeldedBeam,NSGA-II,9,51,3.0387947963424393,0.006993391556569275,
WeldedBeam,NSGA-II,9,51,8.315206286115576,0.0021492305035265536,
WeldedBeam,NSGA-II,9,51,26.91804698616827,0.0006113978217601201,
WeldedBeam,NSGA-II,9,51,10.214411624982576,0.001727817107933442,
WeldedBeam,NSGA-II,9,51,21.929450459403455,0.0007676997397289512,
WeldedBeam,NSGA-II,9,51,30.728480468405056,0.00052534133848339,
WeldedBeam,NSGA-II,9,51,19.40583298608496,0.0008549590970152522,
WeldedBeam,NSGA-II,9,51,2.867878205633241,0.007561672303909867,
WeldedBeam,NSGA-II,9,51,4.1324141029518975,0.004744130908172016,
WeldedBeam,NSGA-II,9,51,4.256830162208498,0.004578748011214096,
WeldedBeam,NSGA-II,9,51,11.122944227029965,0.0015913969246343972,
WeldedBeam,NSGA-II,9,51,5.878402286712041,0.003193678652067115,
WeldedBeam,NSGA-II,9,51,32.4801963877061,0.0004967336455878011,
WeldedBeam,NSGA-II,9,51,25.132048845054282,0.0006584826622991374,
WeldedBeam,NSGA-II,9,51,3.328108337007321,0.006259151850479729,
WeldedBeam,NSGA-II,9,51,32.34204618880591,0.0004991700219457674,
WeldedBeam,NSGA-II,9,51,30.72843553981393,0.000525343744844016,
WeldedBeam,NSGA-II,9,51,21.88553588216621,0.0007769338023678145,
WeldedBeam,NSGA-II,9,51,10.539392355989422,0.0016647156039039548,
WeldedBeam,NSGA-II,9,51,23.307699480463846,0.0007045912336129747,
WeldedBeam,NSGA-II,9,51,5.8301286523093925,0.003215186164261365,
WeldedBeam,NSGA-II,9,51,3.5901207671591377,0.005775930309504292,
WeldedBeam,NSGA-II,9,51,3.038658990810657,0.006994465313157734,
WeldedBeam,NSGA-II,9,51,29.543538239925834,0.0005475636423805522,
WeldedBeam,NSGA-II,9,51,31.673467220941003,0.0005088544708656607,
WeldedBeam,NSGA-II,9,51,23.305390662170602,0.0007336116786811868,
WeldedBeam,NSGA-II,9,51,8.443286385367465,0.0021068224163004476,
WeldedBeam,NSGA-II,9,51,10.992205474875568,0.00159724139480536,
WeldedBeam,NSGA-II,9,51,33.19808848849862,0.0004935086266071095,
WeldedBeam,NSGA-II,9,51,28.973773067008867,0.0005659605948677386,
WeldedBeam,NSGA-II,9,51,21.13820807769713,0.0007804056157360821,
WeldedBeam,NSGA-II,9,51,16.92420503702337,0.0009941438650822405,
WeldedBeam,NSGA-II,10,52,3.473838823165015,0.007487770204757235,
WeldedBeam,NSGA-II,10,52,36.92273608800532,0.00043904000000687376,
WeldedBeam,NSGA-II,10,52,3.569779018992936,0.0063731528832007,
WeldedBeam,NSGA-II,10,52,3.537333571191862,0.007109380866553885,
WeldedBeam,NSGA-II,10,52,3.6439840064352578,0.005926935124621119,
WeldedBeam,NSGA-II,10,52,12.582841108034623,0.0013596824724917231,
WeldedBeam,NSGA-II,10,52,32.549227312019106,0.000495374390194848,
WeldedBeam,NSGA-II,10,52,4.120932361003392,0.004761762472355509,
WeldedBeam,NSGA-II,10,52,11.757918028398159,0.001468122173356071,
WeldedBeam,NSGA-II,10,52,24.100436314873633,0.0006806299537084065,
WeldedBeam,NSGA-II,10,52,5.664238313345388,0.003392463211010193,
WeldedBeam,NSGA-II,10,52,21.170427017350406,0.0007969297789094778,
WeldedBeam,NSGA-II,10,52,5.780898621490472,0.003260802141634202,
WeldedBeam,NSGA-II,10,52,4.452075855748792,0.004389924687799732,
WeldedBeam,NSGA-II,10,52,31.152326191141107,0.000519564333503289,
WeldedBeam,NSGA-II,10,52,7.836555246043774,0.002445050638658221,
WeldedBeam,NSGA-II,10,52,18.322388443511272,0.000910953743785482,
WeldedBeam,NSGA-II,10,52,7.921461801182458,0.0022592338409919287,
WeldedBeam,NSGA-II,10,52,21.83943697638285,0.0007554028698780143,
WeldedBeam,NSGA-II,10,52,3.5148728679502703,0.0072718392888469425,
WeldedBeam,NSGA-II,10,52,19.26236920309322,0.0008782346339139742,
WeldedBeam,NSGA-II,10,52,3.6104558522706762,0.0062253993900794604,
WeldedBeam,NSGA-II,10,52,3.61804084993649,0.006075754197933822,
WeldedBeam,NSGA-II,10,52,6.975011656870159,0.0026165816922610816,
WeldedBeam,NSGA-II,10,52,4.278988055248185,0.004583562348985717,
WeldedBeam,NSGA-II,10,52,3.6441333075454194,0.005628252739556669,
WeldedBeam,NSGA-II,10,52,5.976897561921369,0.0031238222904449303,
WeldedBeam,NSGA-II,10,52,14.832032699942872,0.0011462132998949987,
WeldedBeam,NSGA-II,10,52,10.834039702529704,0.001608600708178853,
WeldedBeam,NSGA-II,10,52,8.178163649143016,0.0021921075187100693,
WeldedBeam,NSGA-II,10,52,10.42353589758049,0.001672441145264899,
WeldedBeam,NSGA-II,10,52,34.53711613450471,0.00046521331741002873,
WeldedBeam,NSGA-II,10,52,29.11369376929886,0.000559570816693272,
WeldedBeam,NSGA-II,10,52,5.1096377873187215,0.0037471511498758654,
WeldedBeam,NSGA-II,10,52,9.326661164457178,0.001922047473982138,
WeldedBeam,NSGA-II,10,52,4.707357803466437,0.004098803258663325,
WeldedBeam,NSGA-II,10,52,25.981521219708146,0.0006283990049288782,
WeldedBeam,NSGA-II,10,52,4.886105142815161,0.003991855945131119,
WeldedBeam,NSGA-II,10,52,5.340181432901722,0.003558803165794207,
WeldedBeam,NSGA-II,10,52,3.9991764499021576,0.004998479573062617,
WeldedBeam,NSGA-II,10,52,17.029519007084247,0.0009908164676756686,
WeldedBeam,NSGA-II,10,52,33.19867431349581,0.000492741959921273,
WeldedBeam,NSGA-II,10,52,3.980076365307121,0.004998480151957244,
WeldedBeam,NSGA-II,10,52,3.8419660503439466,0.005227340399695946,
WeldedBeam,NSGA-II,10,52,35.590113572330495,0.00046291243625202263,
WeldedBeam,NSGA-II,10,52,17.61120181487708,0.00095248463126582,
WeldedBeam,NSGA-II,10,52,36.3362846025508,0.0004404294183851132,
WeldedBeam,NSGA-II,10,52,14.422072318380199,0.0011836257590502922,
WeldedBeam,NSGA-II,10,52,34.09024846743555,0.00047282740105951605,
WeldedBeam,NSGA-II,10,52,29.650756548838718,0.0005488030025972337,
WeldedBeam,NSGA-II,10,52,5.006540519130622,0.0038860459119787437,
WeldedBeam,NSGA-II,10,52,16.620918807838603,0.0010080150502559376,
WeldedBeam,NSGA-II,10,52,6.473087689527188,0.0028690144651342705,
WeldedBeam,NSGA-II,10,52,4.6194734470429095,0.00421519919394906,
WeldedBeam,NSGA-II,10,52,20.42748620063187,0.0008108325659327918,
WeldedBeam,NSGA-II,10,52,6.274720722477008,0.0029489931263230705,
WeldedBeam,NSGA-II,10,52,28.414474090172376,0.0005704889840476515,
WeldedBeam,NSGA-II,10,52,6.118923116031162,0.0030347658336868817,
WeldedBeam,NSGA-II,10,52,24.794664263759703,0.00066390838773922,
WeldedBeam,NSGA-II,10,52,5.374453182522197,0.0035338260428139884,
WeldedBeam,NSGA-II,10,52,3.817513093349537,0.005451546847889679,
WeldedBeam,NSGA-II,10,52,23.16973414652686,0.0007145494774384026,
WeldedBeam,NSGA-II,10,52,3.8413404437605756,0.005230254041080706,
WeldedBeam,NSGA-II,10,52,7.307193457660348,0.002529198927815243,
WeldedBeam,NSGA-II,10,52,26.661693205703138,0.0006113259320368297,
WeldedBeam,NSGA-II,10,52,3.4971794568423316,0.007415369153571807,
WeldedBeam,NSGA-II,10,52,15.407149023397878,0.0010966860372609976,
WeldedBeam,NSGA-II,10,52,11.271838335073332,0.001558606034818335,
WeldedBeam,NSGA-II,10,52,20.21520398232023,0.0008361723114582979,
WeldedBeam,NSGA-II,10,52,4.213160284778231,0.0046421592905384265,
WeldedBeam,NSGA-II,10,52,25.48536081451299,0.0006415148238864887,
WeldedBeam,NSGA-II,10,52,6.60679583875819,0.002774718389670372,
WeldedBeam,NSGA-II,10,52,4.594463058912201,0.004316465397204984,
WeldedBeam,NSGA-II,10,52,13.966726695933255,0.00121492269587485,
WeldedBeam,NSGA-II,10,52,3.72158654402485,0.005503800646167217,
WeldedBeam,NSGA-II,10,52,26.94095119162578,0.0006057931750718782,
WeldedBeam,NSGA-II,10,52,30.198043759047824,0.0005382488534695723,
WeldedBeam,NSGA-II,10,52,22.39888663825552,0.0007384651377851534,
WeldedBeam,NSGA-II,10,52,15.593894878862923,0.001082712646184514,
WeldedBeam,NSGA-II,10,52,13.148646003672093,0.0013006001732295586,
WeldedBeam,NSGA-II,10,52,7.427447205522647,0.0024831735506244826,
WeldedBeam,NSGA-II,10,52,8.811389290391006,0.002008107478742183,
WeldedBeam,NSGA-II,10,52,8.93038984704443,0.0019862130405806696,
WeldedBeam,NSGA-II,10,52,11.409651121550915,0.0015129302228106482,
WeldedBeam,NSGA-II,10,52,27.53973487953632,0.0005918844403416867,
WeldedBeam,NSGA-II,10,52,18.020452611819014,0.0009423057047923842,
WeldedBeam,NSGA-II,10,52,10.05668511707037,0.0017655337589354311,
WeldedBeam,NSGA-II,10,52,9.619989750851369,0.001822940855072158,
WeldedBeam,NSGA-II,10,52,13.080982170313028,0.0013122284596559135,
WeldedBeam,NSGA-II,10,52,13.701118270510902,0.0012428658541609363,
WeldedBeam,NSGA-II,10,52,10.102323905824017,0.0017394074946420807,
WeldedBeam,NSGA-II,10,52,8.490002873297902,0.0020916506850542026,
WeldedBeam,NSGA-II,10,52,25.093333028086388,0.0006523180956878465,
WeldedBeam,NSGA-II,10,52,3.536965089543746,0.007110246220110585,
WeldedBeam,NSGA-II,10,52,19.57497543058679,0.0008473631827097851,
WeldedBeam,NSGA-II,10,52,9.55110785512523,0.0018374393918572983,
WeldedBeam,NSGA-II,10,52,5.048036938968401,0.003778387363177462,
WeldedBeam,NSGA-II,10,52,30.559878099105646,0.00053788742967805,
WeldedBeam,NSGA-II,10,52,28.081523477594455,0.0005800124787220058,
WeldedBeam,NSGA-II,10,52,8.50598531184546,0.002091642974203393,
WeldedBeam,NSGA-II,11,53,36.97222146560634,0.0004390400000042235,
WeldedBeam,NSGA-II,11,53,2.5724137131381326,0.0104599937082793,
WeldedBeam,NSGA-II,11,53,2.6301176176322523,0.008825059440405217,
WeldedBeam,NSGA-II,11,53,2.62359871128679,0.009362816815817309,
WeldedBeam,NSGA-II,11,53,2.602338835641469,0.0096311171950335,
WeldedBeam,NSGA-II,11,53,17.675705857275574,0.0009547401140040362,
WeldedBeam,NSGA-II,11,53,12.207164828472449,0.0014512334884323604,
WeldedBeam,NSGA-II,11,53,11.027406348131755,0.0016533566952619556,
WeldedBeam,NSGA-II,11,53,31.753138179269936,0.0005071622867732377,
WeldedBeam,NSGA-II,11,53,4.644143116081399,0.004216539997373784,
WeldedBeam,NSGA-II,11,53,5.589050333936247,0.0033688247489554093,
WeldedBeam,NSGA-II,11,53,5.234488386721572,0.0035983621425247398,
WeldedBeam,NSGA-II,11,53,11.615398125076602,0.0014867705986234482,
WeldedBeam,NSGA-II,11,53,33.084836698714945,0.00048677797066719097,
WeldedBeam,NSGA-II,11,53,15.518431875256143,0.0010916234108663031,
WeldedBeam,NSGA-II,11,53,10.32281683265162,0.0016894526640732189,
WeldedBeam,NSGA-II,11,53,13.10935717864184,0.0013250261850687186,
WeldedBeam,NSGA-II,11,53,2.653690194456864,0.008487667402725033,
WeldedBeam,NSGA-II,11,53,18.67218712793904,0.0008924190437491546,
WeldedBeam,NSGA-II,11,53,9.710867741938111,0.0018079509007943922,
WeldedBeam,NSGA-II,11,53,2.697339320354887,0.00832350077776926,
WeldedBeam,NSGA-II,11,53,20.872665962875317,0.000791231089426579,
WeldedBeam,NSGA-II,11,53,5.806727630824211,0.0031982179964104044,
WeldedBeam,NSGA-II,11,53,3.3141922273581916,0.006426231207816931,
WeldedBeam,NSGA-II,11,53,13.570655689178672,0.0012553220398572127,
WeldedBeam,NSGA-II,11,53,20.124095836666264,0.0008275142579693696,
WeldedBeam,NSGA-II,11,53,3.1902834173578745,0.0066367352903989995,
WeldedBeam,NSGA-II,11,53,2.5858277021389346,0.010277102729855799,
WeldedBeam,NSGA-II,11,53,2.6014422519987006,0.010024665969058195,
WeldedBeam,NSGA-II,11,53,2.7823089131250267,0.008035635584158249,
WeldedBeam,NSGA-II,11,53,4.927558883209801,0.0038861991784938164,
WeldedBeam,NSGA-II,11,53,3.6285885719830238,0.0055563886281722276,
WeldedBeam,NSGA-II,11,53,14.652946180551927,0.001194852550976667,
WeldedBeam,NSGA-II,11,53,16.13228447651733,0.0010604620448908877,
WeldedBeam,NSGA-II,11,53,3.3739738696231916,0.006225939476372299,
WeldedBeam,NSGA-II,11,53,3.5287886669227206,0.0060887698379641616,
WeldedBeam,NSGA-II,11,53,9.339974457553614,0.0018938378714617008,
WeldedBeam,NSGA-II,11,53,23.84550424591678,0.0007052727401891169,
WeldedBeam,NSGA-II,11,53,3.0854830631928625,0.007003418445849199,
WeldedBeam,NSGA-II,11,53,7.068227449812121,0.0025826988160731063,
WeldedBeam,NSGA-II,11,53,31.221456191942156,0.0005216560248159348,
WeldedBeam,NSGA-II,11,53,4.282158325361228,0.004694796937710618,
WeldedBeam,NSGA-II,11,53,6.8524587466998454,0.002657926030048057,
WeldedBeam,NSGA-II,11,53,5.051522559607393,0.00377883925118671,
WeldedBeam,NSGA-II,11,53,2.850441100123169,0.007767889996351503,
WeldedBeam,NSGA-II,11,53,24.442464044655313,0.0006688081071942853,
WeldedBeam,NSGA-II,11,53,3.0186625035485637,0.007322005266629252,
WeldedBeam,NSGA-II,11,53,24.954238985736037,0.0006574075429531968,
WeldedBeam,NSGA-II,11,53,7.831716198910504,0.002301494394132888,
WeldedBeam,NSGA-II,11,53,16.940062348693214,0.000990292916425085,
WeldedBeam,NSGA-II,11,53,25.84502582032155,0.0006305422441753194,
WeldedBeam,NSGA-II,11,53,28.925653982270738,0.0005645698304343335,
WeldedBeam,NSGA-II,11,53,14.740441514498203,0.0011937699536563554,
WeldedBeam,NSGA-II,11,53,23.228224116089844,0.0007055992993414906,
WeldedBeam,NSGA-II,11,53,3.1510663546826034,0.006803806823647483,
WeldedBeam,NSGA-II,11,53,3.892420567746469,0.0051136232952062426,
WeldedBeam,NSGA-II,11,53,8.174516186333754,0.002192398278017286,
WeldedBeam,NSGA-II,11,53,28.391149603074112,0.0005735721453958354,
WeldedBeam,NSGA-II,11,53,29.550903338853363,0.0005487254509920601,
WeldedBeam,NSGA-II,11,53,26.75271689230725,0.000610399856173474,
WeldedBeam,NSGA-II,11,53,8.707801125431777,0.002042315367223026,
WeldedBeam,NSGA-II,11,53,19.55873732794142,0.0008531032733059328,
WeldedBeam,NSGA-II,11,53,34.92278595474803,0.0004642769096768864,
WeldedBeam,NSGA-II,11,53,4.475201183461059,0.004388254998157011,
WeldedBeam,NSGA-II,11,53,36.30879194986378,0.00044572959405845414,
WeldedBeam,NSGA-II,11,53,7.428690515983171,0.002437489804066801,
WeldedBeam,NSGA-II,11,53,8.970180794635816,0.001982873474869655,
WeldedBeam,NSGA-II,11,53,6.547393847239346,0.0028108039396573183,
WeldedBeam,NSGA-II,11,53,16.61149434549198,0.0010095090323524074,
WeldedBeam,NSGA-II,11,53,6.313974849306484,0.0029178930295950477,
WeldedBeam,NSGA-II,11,53,2.959251050499475,0.007337209976464024,
WeldedBeam,NSGA-II,11,53,27.834493463110803,0.00058279103956368,
WeldedBeam,NSGA-II,11,53,3.586400487721281,0.005893094625362275,
WeldedBeam,NSGA-II,11,53,19.195092082055087,0.0008837427876851603,
WeldedBeam,NSGA-II,11,53,27.42138611314412,0.0005920202914323657,
WeldedBeam,NSGA-II,11,53,4.0623807960323735,0.004918456262231659,
WeldedBeam,NSGA-II,11,53,3.8374992953356193,0.0051970446436517765,
WeldedBeam,NSGA-II,11,53,2.7969813475194827,0.00793694154165927,
WeldedBeam,NSGA-II,11,53,33.512507209930696,0.00047937619959039033,
WeldedBeam,NSGA-II,11,53,21.628351327593784,0.0007857397000781309,
WeldedBeam,NSGA-II,11,53,22.700009297346043,0.0007230497911965521,
WeldedBeam,NSGA-II,11,53,2.8636854141632697,0.007579230604152396,
WeldedBeam,NSGA-II,11,53,30.003226198174662,0.0005430484659079598,
WeldedBeam,NSGA-II,11,53,4.309740669320911,0.004594284595050206,
WeldedBeam,NSGA-II,11,53,3.6015119817449617,0.005785674385716003,
WeldedBeam,NSGA-II,11,53,35.582631975096014,0.0004500147563172322,
WeldedBeam,NSGA-II,11,53,2.5952534277988177,0.0100448327439425,
WeldedBeam,NSGA-II,11,53,7.529909784745658,0.002402689759263182,
WeldedBeam,NSGA-II,11,53,30.513749088056795,0.0005333587894431386,
WeldedBeam,NSGA-II,11,53,3.745548964061769,0.005358763087403352,
WeldedBeam,NSGA-II,11,53,4.042337939021753,0.004918585363114802,
WeldedBeam,NSGA-II,11,53,22.37537211999231,0.0007365643691055961,
WeldedBeam,NSGA-II,11,53,6.092661127268944,0.003050095554576154,
WeldedBeam,NSGA-II,11,53,3.7261329256074274,0.005411342450093985,
WeldedBeam,NSGA-II,11,53,34.53439967226229,0.00046959775173449647,
WeldedBeam,NSGA-II,11,53,4.523530413362722,0.004336087893410307,
WeldedBeam,NSGA-II,11,53,3.096319893979473,0.006955873307832183,
WeldedBeam,NSGA-II,11,53,35.75356006663189,0.000447753348940814,
WeldedBeam,NSGA-II,11,53,26.898735161922925,0.0006067641506474951,
WeldedBeam,NSGA-II,11,53,21.956316579020072,0.0007501612695253873,
WeldedBeam,NSGA-II,12,54,36.67718418964891,0.0004390400000006078,
WeldedBeam,NSGA-II,12,54,2.5234417450467728,0.011270634672006093,
WeldedBeam,NSGA-II,12,54,2.5727381596996963,0.010117333857164432,
WeldedBeam,NSGA-II,12,54,2.5768421787016016,0.008849672051663227,
WeldedBeam,NSGA-II,12,54,2.5416287531551154,0.010990777955271955,
WeldedBeam,NSGA-II,12,54,5.332224505597074,0.0036305380966467284,
WeldedBeam,NSGA-II,12,54,2.5477586099960825,0.010421418945431561,
WeldedBeam,NSGA-II,12,54,12.564428586822906,0.0013696698513445496,
WeldedBeam,NSGA-II,12,54,2.751853807372735,0.008121845169933207,
WeldedBeam,NSGA-II,12,54,17.125024273689885,0.0009783517213547434,
WeldedBeam,NSGA-II,12,54,9.008685995518126,0.0019604648481715836,
WeldedBeam,NSGA-II,12,54,33.30023749633425,0.0004868333176427207,
WeldedBeam,NSGA-II,12,54,3.9743393714011197,0.005232407515287482,
WeldedBeam,NSGA-II,12,54,34.31476378745965,0.00047264103046590496,
WeldedBeam,NSGA-II,12,54,2.6396577764041482,0.008611354679758347,
WeldedBeam,NSGA-II,12,54,2.6938887886404,0.008360714072190792,
WeldedBeam,NSGA-II,12,54,3.088865660725983,0.006832598750257896,
WeldedBeam,NSGA-II,12,54,25.219686846368166,0.0006502761254274003,
WeldedBeam,NSGA-II,12,54,8.300066925589036,0.002168302214202023,
WeldedBeam,NSGA-II,12,54,23.342181427778193,0.0007010825205957542,
WeldedBeam,NSGA-II,12,54,15.31950094488247,0.0011034838994774538,
WeldedBeam,NSGA-II,12,54,2.9496754231850217,0.007570690135948154,
WeldedBeam,NSGA-II,12,54,28.24951757140387,0.0005827877678076462,
WeldedBeam,NSGA-II,12,54,34.981491404918714,0.0004611638201697873,
WeldedBeam,NSGA-II,12,54,3.3449172047615128,0.0062335631206484185,
WeldedBeam,NSGA-II,12,54,3.6471511112172856,0.005676521454338539,
WeldedBeam,NSGA-II,12,54,35.718932196127284,0.0004512742689105515,
WeldedBeam,NSGA-II,12,54,19.76918031008545,0.0008384181361069651,
WeldedBeam,NSGA-II,12,54,29.032300381655965,0.0005591204633670574,
WeldedBeam,NSGA-II,12,54,11.494351760434942,0.0015252792785892387,
WeldedBeam,NSGA-II,12,54,3.0723954741009143,0.007246881401989366,
WeldedBeam,NSGA-II,12,54,6.812822027707141,0.002758766577570999,
WeldedBeam,NSGA-II,12,54,16.21725532336952,0.001042542084704436,
WeldedBeam,NSGA-II,12,54,17.89707586076394,0.0009362780324277188,
WeldedBeam,NSGA-II,12,54,3.441674640335214,0.0060394919350990435,
WeldedBeam,NSGA-II,12,54,20.285636336168842,0.0008154091243832119,
WeldedBeam,NSGA-II,12,54,3.569620402078753,0.005872399723321883,
WeldedBeam,NSGA-II,12,54,4.051262031449378,0.004994214699906097,
WeldedBeam,NSGA-II,12,54,6.412728701722203,0.0028881841243871454,
WeldedBeam,NSGA-II,12,54,18.924921950548427,0.0008832266522569117,
WeldedBeam,NSGA-II,12,54,31.69947291339573,0.0005092914008640422,
WeldedBeam,NSGA-II,12,54,4.26928394239868,0.004561799013706478,
WeldedBeam,NSGA-II,12,54,5.996191854420518,0.0032781570477656554,
WeldedBeam,NSGA-II,12,54,10.492817544908418,0.0017457781472234373,
WeldedBeam,NSGA-II,12,54,14.750187679919065,0.0011508384856539766,
WeldedBeam,NSGA-II,12,54,3.25785235468208,0.006441213581160501,
WeldedBeam,NSGA-II,12,54,30.77477444190537,0.0005259211448445444,
WeldedBeam,NSGA-II,12,54,4.941775043120648,0.0038651245693421487,
WeldedBeam,NSGA-II,12,54,4.124803610872856,0.004854450586311748,
WeldedBeam,NSGA-II,12,54,21.01587527304328,0.0008050072502165397,
WeldedBeam,NSGA-II,12,54,13.461637680896956,0.0012757992765350056,
WeldedBeam,NSGA-II,12,54,7.468220552780049,0.0024341663385063607,
WeldedBeam,NSGA-II,12,54,13.9662848803845,0.001224674293720821,
WeldedBeam,NSGA-II,12,54,3.0071806954803058,0.007254428336946275,
WeldedBeam,NSGA-II,12,54,9.991751516167943,0.0017700321146652289,
WeldedBeam,NSGA-II,12,54,6.337054609353831,0.003033157608683283,
WeldedBeam,NSGA-II,12,54,21.916023491654045,0.000750191111115671,
WeldedBeam,NSGA-II,12,54,29.565710506751024,0.0005485397128476826,
WeldedBeam,NSGA-II,12,54,6.07528374521715,0.0031386059087973213,
WeldedBeam,NSGA-II,12,54,27.222959172830773,0.0005981254527173412,
WeldedBeam,NSGA-II,12,54,9.610574305054747,0.001823806337663167,
WeldedBeam,NSGA-II,12,54,22.674819175322,0.0007273322500632857,
WeldedBeam,NSGA-II,12,54,15.99724157772753,0.0010582488661849898,
WeldedBeam,NSGA-II,12,54,24.25910274884253,0.0006803372500059409,
WeldedBeam,NSGA-II,12,54,7.141483501529506,0.002561252320237831,
WeldedBeam,NSGA-II,12,54,27.641570451029082,0.0005871812229900615,
WeldedBeam,NSGA-II,12,54,21.35674321190593,0.0007738910103963178,
WeldedBeam,NSGA-II,12,54,4.232879271858424,0.004669856699597202,
WeldedBeam,NSGA-II,12,54,2.824063902555757,0.007816444412278637,
WeldedBeam,NSGA-II,12,54,4.477933461225774,0.004321560307536688,
WeldedBeam,NSGA-II,12,54,9.277122474231769,0.0018953737100332834,
WeldedBeam,NSGA-II,12,54,26.60658649539966,0.0006112276035038443,
WeldedBeam,NSGA-II,12,54,12.06981408038262,0.001440361464965721,
WeldedBeam,NSGA-II,12,54,4.7177389593927295,0.004078895328067361,
WeldedBeam,NSGA-II,12,54,14.345623162542399,0.0011909003238483485,
WeldedBeam,NSGA-II,12,54,8.01552445224554,0.00235086512582081,
WeldedBeam,NSGA-II,12,54,5.56117889713495,0.0033942284348317453,
WeldedBeam,NSGA-II,12,54,10.867760474612588,0.0016057752468535999,
WeldedBeam,NSGA-II,12,54,36.37180024469302,0.00044845422171537353,
WeldedBeam,NSGA-II,12,54,3.7739362486719887,0.00547928535137721,
WeldedBeam,NSGA-II,12,54,19.05049440473225,0.0008768203107928609,
WeldedBeam,NSGA-II,12,54,2.566641023778523,0.01033245638094158,
WeldedBeam,NSGA-II,12,54,4.469723427670125,0.004330397410444339,
WeldedBeam,NSGA-II,12,54,6.973023197215033,0.002619300504162932,
WeldedBeam,NSGA-II,12,54,24.094610153674726,0.0006862242727046453,
WeldedBeam,NSGA-II,12,54,30.104058078464927,0.0005458234735896178,
WeldedBeam,NSGA-II,12,54,17.74051801389778,0.0009413483259967148,
WeldedBeam,NSGA-II,12,54,32.03819372570747,0.0005057253072456852,
WeldedBeam,NSGA-II,12,54,4.919597097019358,0.003884677939990662,
WeldedBeam,NSGA-II,12,54,2.921796671121869,0.007702288739195117,
WeldedBeam,NSGA-II,12,54,26.270503617606046,0.0006220114818660917,
WeldedBeam,NSGA-II,12,54,8.174467519114044,0.0022010698865982023,
WeldedBeam,NSGA-II,12,54,3.1243825898748376,0.006743738941211289,
WeldedBeam,NSGA-II,12,54,11.907339515608859,0.0014845118927883287,
WeldedBeam,NSGA-II,12,54,22.392451755736484,0.0007479292182113731,
WeldedBeam,NSGA-II,12,54,10.820803442233105,0.0016284205090106878,
WeldedBeam,NSGA-II,12,54,2.57685655411598,0.008849502335760014,
WeldedBeam,NSGA-II,12,54,4.718985775895084,0.004075238393124921,
WeldedBeam,NSGA-II,12,54,7.640754811303575,0.0023537398727440776,
WeldedBeam,NSGA-II,12,54,5.572879618797441,0.003386350697763254,
WeldedBeam,NSGA-II,13,55,2.423861031833178,0.013951344125864022,
WeldedBeam,NSGA-II,13,55,37.37241161998214,0.0004390400000724896,
WeldedBeam,NSGA-II,13,55,2.545113437211911,0.009014560030192182,
WeldedBeam,NSGA-II,13,55,2.4655148339810973,0.012846971373674836,
WeldedBeam,NSGA-II,13,55,2.528634554095296,0.010484885685745429,
WeldedBeam,NSGA-II,13,55,2.470589884640888,0.011358443065526212,
WeldedBeam,NSGA-II,13,55,23.74893493987459,0.0006961561655649198,
WeldedBeam,NSGA-II,13,55,25.083620374269618,0.0006746292596988828,
WeldedBeam,NSGA-II,13,55,2.454835091803558,0.013215918572392104,
WeldedBeam,NSGA-II,13,55,31.805018335948645,0.0005103242523294658,
WeldedBeam,NSGA-II,13,55,30.67210826562513,0.0005312827748960599,
WeldedBeam,NSGA-II,13,55,2.4795213213037375,0.01084387557909059,
WeldedBeam,NSGA-II,13,55,3.6686322651691925,0.005632109894073072,
WeldedBeam,NSGA-II,13,55,21.274758129509582,0.0007758040509712926,
WeldedBeam,NSGA-II,13,55,27.950940846792488,0.0005850524221682105,
WeldedBeam,NSGA-II,13,55,12.038488475263259,0.001445819322977429,
WeldedBeam,NSGA-II,13,55,3.0398167890221712,0.007003122229036308,
WeldedBeam,NSGA-II,13,55,4.500548351607492,0.004285318041697223,
WeldedBeam,NSGA-II,13,55,4.891815036864007,0.0039044277060812684,
WeldedBeam,NSGA-II,13,55,13.480260949231418,0.0012619535457852932,
WeldedBeam,NSGA-II,13,55,15.56719751937652,0.0010819771402510985,
WeldedBeam,NSGA-II,13,55,3.5029417400410408,0.005894470116567029,
WeldedBeam,NSGA-II,13,55,2.6687085663214023,0.008501079239375604,
WeldedBeam,NSGA-II,13,55,2.782262452482087,0.00810383875628762,
WeldedBeam,NSGA-II,13,55,2.633712459394046,0.008620635908979943,
WeldedBeam,NSGA-II,13,55,25.731028509516698,0.0006396461286748512,
WeldedBeam,NSGA-II,13,55,16.18082823468098,0.0010376996513897117,
WeldedBeam,NSGA-II,13,55,8.600005713851079,0.002060952705254154,
WeldedBeam,NSGA-II,13,55,4.770733163612701,0.004166615265939442,
WeldedBeam,NSGA-II,13,55,19.80475342169684,0.0008389499946599169,
WeldedBeam,NSGA-II,13,55,28.551910703800097,0.0005718179335065356,
WeldedBeam,NSGA-II,13,55,32.64734672806072,0.0004968911047864378,
WeldedBeam,NSGA-II,13,55,2.4733290210481136,0.011311899616867328,
WeldedBeam,NSGA-II,13,55,2.8679717996757317,0.0080155413509305,
WeldedBeam,NSGA-II,13,55,30.038853365083373,0.0005427579821151116,
WeldedBeam,NSGA-II,13,55,5.901833373436781,0.0031454500541626147,
WeldedBeam,NSGA-II,13,55,7.426906551733365,0.002460574673119097,
WeldedBeam,NSGA-II,13,55,3.25361170647274,0.006467997548633361,
WeldedBeam,NSGA-II,13,55,10.843566682185191,0.001607027168790834,
WeldedBeam,NSGA-II,13,55,2.4362648064657324,0.013639564305575662,
WeldedBeam,NSGA-II,13,55,5.128683521037474,0.003696659062213938,
WeldedBeam,NSGA-II,13,55,19.075643467744005,0.000874159957923688,
WeldedBeam,NSGA-II,13,55,26.97770054441576,0.0006051713927228594,
WeldedBeam,NSGA-II,13,55,34.690146821848266,0.0004675693774402708,
WeldedBeam,NSGA-II,13,55,4.01061460193179,0.005051790551778126,
WeldedBeam,NSGA-II,13,55,17.384963373690024,0.0009657837664085815,
WeldedBeam,NSGA-II,13,55,5.2941718110950315,0.0035727381163388303,
WeldedBeam,NSGA-II,13,55,33.593879275496356,0.000481183814489157,
WeldedBeam,NSGA-II,13,55,34.188033975536236,0.00047466765546499566,
WeldedBeam,NSGA-II,13,55,22.262041139524115,0.0007411033101158897,
WeldedBeam,NSGA-II,13,55,2.9406690804001063,0.007654859360002274,
WeldedBeam,NSGA-II,13,55,14.885380125515068,0.001133753573085934,
WeldedBeam,NSGA-II,13,55,6.788443179134788,0.0028480874308522146,
WeldedBeam,NSGA-II,13,55,4.242853418144706,0.004757060525685137,
WeldedBeam,NSGA-II,13,55,35.36114786400597,0.0004598041023439305,
WeldedBeam,NSGA-II,13,55,20.677350607177328,0.0008051139431465022,
WeldedBeam,NSGA-II,13,55,8.292355764921817,0.002150369200507756,
WeldedBeam,NSGA-II,13,55,12.747800986030036,0.0013439539793033575,
WeldedBeam,NSGA-II,13,55,4.35755624903188,0.0046238884268568,
WeldedBeam,NSGA-II,13,55,5.7915419910906465,0.003376021632007407,
WeldedBeam,NSGA-II,13,55,9.189204820347442,0.001960475672405258,
WeldedBeam,NSGA-II,13,55,5.547718843823755,0.003405552132244023,
WeldedBeam,NSGA-II,13,55,22.99181886369181,0.0007149543214659894,
WeldedBeam,NSGA-II,13,55,4.129179121114127,0.004962563230908065,
WeldedBeam,NSGA-II,13,55,7.719846146487328,0.0023564886722479738,
WeldedBeam,NSGA-II,13,55,33.09276982882292,0.0004900274454514662,
WeldedBeam,NSGA-II,13,55,3.8196594509881736,0.005333903240560202,
WeldedBeam,NSGA-II,13,55,3.3538126214246944,0.006164776845698841,
WeldedBeam,NSGA-II,13,55,18.059249996755145,0.0009295845790241607,
WeldedBeam,NSGA-II,13,55,2.5197573241768003,0.010614790829525359,
WeldedBeam,NSGA-II,13,55,16.762709377689024,0.0010041843367320888,
WeldedBeam,NSGA-II,13,55,11.412861355552703,0.0015303409414915003,
WeldedBeam,NSGA-II,13,55,6.476140407832079,0.002869686503519329,
WeldedBeam,NSGA-II,13,55,20.30396507851276,0.0008176020208147596,
WeldedBeam,NSGA-II,13,55,10.220259791816243,0.001713463703209895,
WeldedBeam,NSGA-II,13,55,9.671334727916967,0.0018312355406254436,
WeldedBeam,NSGA-II,13,55,12.81483811335374,0.0013358886321385482,
WeldedBeam,NSGA-II,13,55,2.9543479471006027,0.007612564093299631,
WeldedBeam,NSGA-II,13,55,3.883914455818798,0.0053337547485124365,
WeldedBeam,NSGA-II,13,55,7.112424216113832,0.002620446975294513,
WeldedBeam,NSGA-II,13,55,6.969022707510785,0.0026383769392928115,
WeldedBeam,NSGA-II,13,55,29.248353158192607,0.0005574909694784553,
WeldedBeam,NSGA-II,13,55,3.1414282560737616,0.006753439732083912,
WeldedBeam,NSGA-II,13,55,10.469318543946077,0.0016588945673664303,
WeldedBeam,NSGA-II,13,55,26.382901956977285,0.0006303298026405729,
WeldedBeam,NSGA-II,13,55,3.029694884909587,0.0073282483227272875,
WeldedBeam,NSGA-II,13,55,9.891494962538275,0.001801294014216637,
WeldedBeam,NSGA-II,13,55,11.56012703888709,0.0015094632895665595,
WeldedBeam,NSGA-II,13,55,29.417586750570553,0.0005549348500584148,
WeldedBeam,NSGA-II,13,55,2.4332804340113494,0.013698980671564968,
WeldedBeam,NSGA-II,13,55,36.584408069873604,0.00044123071992126,
WeldedBeam,NSGA-II,13,55,9.267921708628291,0.0019256042088681116,
WeldedBeam,NSGA-II,13,55,3.0293745452911933,0.007330863150211619,
WeldedBeam,NSGA-II,13,55,36.83694172814186,0.0004390400000745606,
WeldedBeam,NSGA-II,13,55,3.383377417932987,0.006112732159024834,
WeldedBeam,NSGA-II,13,55,22.81217101936513,0.0007213566737209172,
WeldedBeam,NSGA-II,13,55,17.01592347825201,0.0009834302513206709,
WeldedBeam,NSGA-II,13,55,14.045788112755584,0.0012084278513826098,
WeldedBeam,NSGA-II,13,55,14.644372364145736,0.0011615173660359604,
WeldedBeam,NSGA-II,13,55,3.2051247074991798,0.006604245742615693,
WeldedBeam,NSGA-II,14,56,39.83172111350788,0.0004390400000451043,
WeldedBeam,NSGA-II,14,56,3.5926233387167836,0.00756672618731889,
WeldedBeam,NSGA-II,14,56,3.8176643602665603,0.005266150572368981,
WeldedBeam,NSGA-II,14,56,3.808027342424781,0.006520405930940902,
WeldedBeam,NSGA-II,14,56,36.97719077869159,0.00043904000013657253,
WeldedBeam,NSGA-II,14,56,22.377076290495875,0.0007346963945008637,
WeldedBeam,NSGA-II,14,56,21.296208702399305,0.0007844658572360096,
WeldedBeam,NSGA-II,14,56,23.31921062448114,0.0007021141898344861,
WeldedBeam,NSGA-II,14,56,35.702931180250026,0.0004551641268300976,
WeldedBeam,NSGA-II,14,56,4.9808998583004165,0.00382446192492926,
WeldedBeam,NSGA-II,14,56,4.519381771540194,0.004282765154028365,
WeldedBeam,NSGA-II,14,56,3.7288316700864956,0.007261791747800535,
WeldedBeam,NSGA-II,14,56,5.5796747012629595,0.0033640208158551774,
WeldedBeam,NSGA-II,14,56,6.176647403359615,0.0029846973107958254,
WeldedBeam,NSGA-II,14,56,7.570288404437929,0.0024247536084974724,
WeldedBeam,NSGA-II,14,56,7.140482756094185,0.002558687264857369,
WeldedBeam,NSGA-II,14,56,25.506262088084075,0.0006396244622863395,
WeldedBeam,NSGA-II,14,56,17.518023443844758,0.0009717006382984382,
WeldedBeam,NSGA-II,14,56,6.607463705383973,0.0028193806139630707,
WeldedBeam,NSGA-II,14,56,32.63616692209262,0.0004946902454327483,
WeldedBeam,NSGA-II,14,56,16.655069880504982,0.0010077163799415536,
WeldedBeam,NSGA-II,14,56,3.789059602211772,0.0067737300732413205,
WeldedBeam,NSGA-II,14,56,24.225547307657415,0.0006754062154681694,
WeldedBeam,NSGA-II,14,56,4.257479040568486,0.004651108124319113,
WeldedBeam,NSGA-II,14,56,34.282893270577574,0.00047216115169086963,
WeldedBeam,NSGA-II,14,56,34.98008673843013,0.0004616549744671496,
WeldedBeam,NSGA-II,14,56,7.834399576303432,0.002326296659839727,
WeldedBeam,NSGA-II,14,56,24.755150764544474,0.0006721503014112672,
WeldedBeam,NSGA-II,14,56,13.861888466052903,0.0012434860468513891,
WeldedBeam,NSGA-II,14,56,4.446162064547863,0.004445853775310299,
WeldedBeam,NSGA-II,14,56,10.206131488171339,0.0017404921256583545,
WeldedBeam,NSGA-II,14,56,4.02807435158554,0.0049377770496677595,
WeldedBeam,NSGA-II,14,56,14.365432271337559,0.0011951166987791441,
WeldedBeam,NSGA-II,14,56,11.344685990457458,0.001539389372734705,
WeldedBeam,NSGA-II,14,56,29.289839729081883,0.0005528708001666965,
WeldedBeam,NSGA-II,14,56,8.854581549869144,0.0020398970315484797,
WeldedBeam,NSGA-II,14,56,5.876763165487834,0.003178438219395981,
WeldedBeam,NSGA-II,14,56,5.245186675119654,0.003617734479315656,
WeldedBeam,NSGA-II,14,56,26.794462378163804,0.000606483207539432,
WeldedBeam,NSGA-II,14,56,3.791997279496429,0.006563006347050752,
WeldedBeam,NSGA-II,14,56,10.998636357133382,0.001599957681310466,
WeldedBeam,NSGA-II,14,56,3.7732626306957777,0.00687405058293853,
WeldedBeam,NSGA-II,14,56,13.34324579294011,0.0012814247657150818,
WeldedBeam,NSGA-II,14,56,16.23516983873332,0.001035193521793382,
WeldedBeam,NSGA-II,14,56,15.72870528175419,0.0010803563126200802,
WeldedBeam,NSGA-II,14,56,6.456195525577309,0.0029226409490181672,
WeldedBeam,NSGA-II,14,56,27.777292295107678,0.0005842026072402014,
WeldedBeam,NSGA-II,14,56,3.7531097294567894,0.007053121815011863,
WeldedBeam,NSGA-II,14,56,5.856524648879569,0.003185932315898939,
WeldedBeam,NSGA-II,14,56,4.346793577972363,0.00453513506086625,
WeldedBeam,NSGA-II,14,56,3.951027961628182,0.0050573386708534975,
WeldedBeam,NSGA-II,14,56,3.727500856917969,0.0074266067376519505,
WeldedBeam,NSGA-II,14,56,30.900521914776533,0.0005223432410701457,
WeldedBeam,NSGA-II,14,56,20.401815487578578,0.0008105648252902433,
WeldedBeam,NSGA-II,14,56,6.992806722249522,0.0026996874233100893,
WeldedBeam,NSGA-II,14,56,13.024279318192564,0.0013343531022729246,
WeldedBeam,NSGA-II,14,56,4.684030105855377,0.0041061632197409315,
WeldedBeam,NSGA-II,14,56,14.828506702597664,0.0011527784851112328,
WeldedBeam,NSGA-II,14,56,9.278999313372225,0.0019035333095521385,
WeldedBeam,NSGA-II,14,56,9.814618943825106,0.0018714354717385374,
WeldedBeam,NSGA-II,14,56,11.888039218626012,0.001495689213315748,
WeldedBeam,NSGA-II,14,56,9.071308887473764,0.001950361951432561,
WeldedBeam,NSGA-II,14,56,31.579869624650826,0.0005102501028823836,
WeldedBeam,NSGA-II,14,56,27.409818063584222,0.0005927506062594409,
WeldedBeam,NSGA-II,14,56,9.848589786508667,0.0017905660850107514,
WeldedBeam,NSGA-II,14,56,19.569048373948014,0.0008453413135264192,
WeldedBeam,NSGA-II,14,56,30.148986909558595,0.0005408960574101332,
WeldedBeam,NSGA-II,14,56,28.535911168905756,0.0005685283493929433,
WeldedBeam,NSGA-II,14,56,20.269733337242588,0.0008160493658115677,
WeldedBeam,NSGA-II,14,56,11.946209456738574,0.001437042176510793,
WeldedBeam,NSGA-II,14,56,12.383378786148704,0.0013952789547397656,
WeldedBeam,NSGA-II,14,56,33.419106487981004,0.00048249968904766187,
WeldedBeam,NSGA-II,14,56,18.97535382241825,0.0008911892448162584,
WeldedBeam,NSGA-II,14,56,4.191589941493622,0.004810423952766394,
WeldedBeam,NSGA-II,14,56,18.65581168152927,0.0008915932440555793,
WeldedBeam,NSGA-II,14,56,4.827441180953015,0.003963764240620803,
WeldedBeam,NSGA-II,14,56,3.7576136774749274,0.00702338207450186,
WeldedBeam,NSGA-II,14,56,17.964304868508897,0.0009359466657049587,
WeldedBeam,NSGA-II,14,56,18.19267471755298,0.0009221936731951287,
WeldedBeam,NSGA-II,14,56,33.535022041444066,0.0004806320989309473,
WeldedBeam,NSGA-II,14,56,5.397486716252782,0.003503104530726115,
WeldedBeam,NSGA-II,14,56,5.436198107412381,0.0034752041887204416,
WeldedBeam,NSGA-II,14,56,8.065572986257191,0.0022335419734170673,
WeldedBeam,NSGA-II,14,56,4.698339975318517,0.00409173093102386,
WeldedBeam,NSGA-II,14,56,7.097430668133823,0.0026861847365925277,
WeldedBeam,NSGA-II,14,56,4.849449221850741,0.0039372618696566775,
WeldedBeam,NSGA-II,14,56,10.578718403217309,0.0016524824822619808,
WeldedBeam,NSGA-II,14,56,3.7158459018270023,0.007493626446364726,
WeldedBeam,NSGA-II,14,56,26.2374850145725,0.0006201544047451195,
WeldedBeam,NSGA-II,14,56,19.407916016235912,0.0008528231410173894,
WeldedBeam,NSGA-II,14,56,8.495202068109696,0.0021096840483736013,
WeldedBeam,NSGA-II,14,56,4.139992088189374,0.004813175561326109,
WeldedBeam,NSGA-II,14,56,3.942921803414496,0.005158907768186118,
WeldedBeam,NSGA-II,14,56,8.176033299955739,0.0022228732877464736,
WeldedBeam,NSGA-II,14,56,15.336976405165757,0.0011108831865730621,
WeldedBeam,NSGA-II,14,56,8.387528539692932,0.002139721577697407,
WeldedBeam,NSGA-II,14,56,31.914208911469043,0.000504931933712274,
WeldedBeam,NSGA-II,14,56,30.49290700596464,0.0005300008296292742,
WeldedBeam,NSGA-II,14,56,5.24671028645999,0.0036141973412891167,
WeldedBeam,NSGA-II,14,56,15.138872431671738,0.0011213011263595284,
WeldedBeam,NSGA-II,15,57,38.61660987551854,0.00043903999999999997,
WeldedBeam,NSGA-II,15,57,3.0551734268470767,0.008177204392652397,
WeldedBeam,NSGA-II,15,57,3.059735781609611,0.008100710916989998,
WeldedBeam,NSGA-II,15,57,3.060936782033426,0.007334756851124835,
WeldedBeam,NSGA-II,15,57,3.1096328396561934,0.006810703073963142,
WeldedBeam,NSGA-II,15,57,3.0747074210516225,0.007267485925919266,
WeldedBeam,NSGA-II,15,57,31.938928624545323,0.0005052430739502952,
WeldedBeam,NSGA-II,15,57,36.5620787359466,0.00043904000000001656,
WeldedBeam,NSGA-II,15,57,3.3203410352530414,0.006244655265425738,
WeldedBeam,NSGA-II,15,57,22.63446750820095,0.0007257048001767935,
WeldedBeam,NSGA-II,15,57,25.087934655437042,0.0006506509199715864,
WeldedBeam,NSGA-II,15,57,19.58749790266094,0.000846050318884883,
WeldedBeam,NSGA-II,15,57,10.571178048561102,0.0016939792218656111,
WeldedBeam,NSGA-II,15,57,24.105729082917865,0.0006778075255582045,
WeldedBeam,NSGA-II,15,57,4.7663046792099255,0.0041310143700599355,
WeldedBeam,NSGA-II,15,57,20.28446978706404,0.0008173071327660377,
WeldedBeam,NSGA-II,15,57,23.617753348493665,0.0007098315791274318,
WeldedBeam,NSGA-II,15,57,9.97771824758222,0.0017588512399907602,
WeldedBeam,NSGA-II,15,57,18.901743169335106,0.0008985331401351358,
WeldedBeam,NSGA-II,15,57,6.234939670045272,0.0029587398358795736,
WeldedBeam,NSGA-II,15,57,8.305457743593003,0.002192622711517785,
WeldedBeam,NSGA-II,15,57,4.0193628389404585,0.0049296110849720255,
WeldedBeam,NSGA-II,15,57,25.77204756086462,0.0006338009290727411,
WeldedBeam,NSGA-II,15,57,16.02779737711089,0.0010630560949025417,
WeldedBeam,NSGA-II,15,57,10.989227102745073,0.0015989135525940649,
WeldedBeam,NSGA-II,15,57,30.982170320470193,0.0005217017249692619,
WeldedBeam,NSGA-II,15,57,13.065972116075967,0.0013160371452108793,
WeldedBeam,NSGA-II,15,57,33.23708809169044,0.00048469679212753133,
WeldedBeam,NSGA-II,15,57,15.369851337514852,0.0011180444618474695,
WeldedBeam,NSGA-II,15,57,14.378145361335427,0.0011942557438383438,
WeldedBeam,NSGA-II,15,57,26.42255576235631,0.0006179676466001905,
WeldedBeam,NSGA-II,15,57,6.071827737468229,0.003070963162181758,
WeldedBeam,NSGA-II,15,57,3.7976673953483733,0.005356979345202584,
WeldedBeam,NSGA-II,15,57,3.671593032542996,0.005641299481696082,
WeldedBeam,NSGA-II,15,57,6.507110798437669,0.0028233397926830175,
WeldedBeam,NSGA-II,15,57,3.451193057274626,0.0060079157739089265,
WeldedBeam,NSGA-II,15,57,14.975560125882089,0.0011461049687650502,
WeldedBeam,NSGA-II,15,57,4.32230507511599,0.004551712498597214,
WeldedBeam,NSGA-II,15,57,7.718784154847456,0.002332946544117176,
WeldedBeam,NSGA-II,15,57,5.579099376818361,0.0033633572174431984,
WeldedBeam,NSGA-II,15,57,8.779725290554232,0.00202421074325727,
WeldedBeam,NSGA-II,15,57,21.87254717192728,0.0007512240808621892,
WeldedBeam,NSGA-II,15,57,12.308953100345413,0.0014130511334172174,
WeldedBeam,NSGA-II,15,57,21.019207878464577,0.0007866660126149908,
WeldedBeam,NSGA-II,15,57,4.51871963649121,0.004331099352845861,
WeldedBeam,NSGA-II,15,57,8.467761705613675,0.002106856234963856,
WeldedBeam,NSGA-II,15,57,3.827170876022114,0.005222276438918467,
WeldedBeam,NSGA-II,15,57,7.826187421103157,0.0023078450684466344,
WeldedBeam,NSGA-II,15,57,9.582749725220314,0.0018444654559507366,
WeldedBeam,NSGA-II,15,57,27.797799455309914,0.0005863105482780511,
WeldedBeam,NSGA-II,15,57,3.5400497243418876,0.0057661403216937735,
WeldedBeam,NSGA-II,15,57,6.97826190394352,0.0026097723382828312,
WeldedBeam,NSGA-II,15,57,35.19529906315423,0.00045720183635884797,
WeldedBeam,NSGA-II,15,57,30.143279755049235,0.0005363846506664929,
WeldedBeam,NSGA-II,15,57,6.666375649665884,0.0027549810367453547,
WeldedBeam,NSGA-II,15,57,33.97053306874834,0.00047791606046627223,
WeldedBeam,NSGA-II,15,57,11.921235504073978,0.001457176264116126,
WeldedBeam,NSGA-II,15,57,5.130500780156577,0.0038308961700921035,
WeldedBeam,NSGA-II,15,57,7.301009198806263,0.0024778916793871094,
WeldedBeam,NSGA-II,15,57,4.560797415086316,0.0043100129713226605,
WeldedBeam,NSGA-II,15,57,5.781508814197061,0.0032253211510257897,
WeldedBeam,NSGA-II,15,57,3.1983628611691217,0.00659515478085605,
WeldedBeam,NSGA-II,15,57,5.384664331549956,0.003494726823337811,
WeldedBeam,NSGA-II,15,57,28.132946342165862,0.0005771360146548357,
WeldedBeam,NSGA-II,15,57,16.962944065509376,0.000988149760344984,
WeldedBeam,NSGA-II,15,57,4.3060664703314915,0.004570836327529079,
WeldedBeam,NSGA-II,15,57,3.4887793623798826,0.005862734595698137,
WeldedBeam,NSGA-II,15,57,5.211271145275796,0.003682749287799062,
WeldedBeam,NSGA-II,15,57,5.325288464682528,0.003647500272327511,
WeldedBeam,NSGA-II,15,57,28.76428886990187,0.00056331706442088,
WeldedBeam,NSGA-II,15,57,5.8504408479905665,0.003181104614334495,
WeldedBeam,NSGA-II,15,57,6.870049890086485,0.002649205797095866,
WeldedBeam,NSGA-II,15,57,4.153514472198724,0.004747414414335759,
WeldedBeam,NSGA-II,15,57,4.8487106172250085,0.004001372447005804,
WeldedBeam,NSGA-II,15,57,4.1531958979862065,0.004750043551558849,
WeldedBeam,NSGA-II,15,57,3.9978100045393044,0.005054595912601211,
WeldedBeam,NSGA-II,15,57,16.422775846206264,0.001024455978995504,
WeldedBeam,NSGA-II,15,57,3.2245691986043106,0.006594859251402501,
WeldedBeam,NSGA-II,15,57,3.8996662372328648,0.005110987266715583,
WeldedBeam,NSGA-II,15,57,7.289495682054309,0.0024824009371116856,
WeldedBeam,NSGA-II,15,57,3.274483611545459,0.006406574331243361,
WeldedBeam,NSGA-II,15,57,30.577427867029137,0.0005289164707771124,
WeldedBeam,NSGA-II,15,57,18.23521105788547,0.0009376180113455772,
WeldedBeam,NSGA-II,15,57,35.934046958421725,0.00044700326616693546,
WeldedBeam,NSGA-II,15,57,29.507845034688827,0.0005492921922711148,
WeldedBeam,NSGA-II,15,57,11.546168262728095,0.0015116586054312103,
WeldedBeam,NSGA-II,15,57,34.630432646676525,0.0004641160744444712,
WeldedBeam,NSGA-II,15,57,18.26522151552563,0.0009136350916591026,
WeldedBeam,NSGA-II,15,57,27.03783759599177,0.0006013874218418355,
WeldedBeam,NSGA-II,15,57,9.064908596636064,0.001957052927950083,
WeldedBeam,NSGA-II,15,57,5.459387361429884,0.0034371783285281404,
WeldedBeam,NSGA-II,15,57,3.2758450558452603,0.006404263710774994,
WeldedBeam,NSGA-II,15,57,35.74681213169207,0.0004494411059992907,
WeldedBeam,NSGA-II,15,57,4.979318772706813,0.003876204927293794,
WeldedBeam,NSGA-II,15,57,33.30167603851279,0.00048377692260930395,
WeldedBeam,NSGA-II,15,57,17.63514028344969,0.0009731381080365246,
WeldedBeam,NSGA-II,15,57,3.6906657831893366,0.005497579847206118,
WeldedBeam,NSGA-II,15,57,13.243929276745504,0.0012980424793417003,
WeldedBeam,NSGA-II,15,57,17.63513847838194,0.0009731384191124925,
WeldedBeam,NSGA-II,15,57,11.351530758779496,0.0015420016253606132,
WeldedBeam,NSGA-II,16,58,38.831233801752944,0.00043904000001021847,
WeldedBeam,NSGA-II,16,58,2.5056261037838983,0.009322634066759605,
WeldedBeam,NSGA-II,16,58,36.509407056251,0.00043904000015856226,
WeldedBeam,NSGA-II,16,58,6.979507053018162,0.002609536504994487,
WeldedBeam,NSGA-II,16,58,4.087332693649995,0.005012012189634787,
WeldedBeam,NSGA-II,16,58,4.480883583315869,0.004326680867417838,
WeldedBeam,NSGA-II,16,58,19.287377202418245,0.0008593275595373936,
WeldedBeam,NSGA-II,16,58,29.611834657606323,0.0005522401314375762,
WeldedBeam,NSGA-II,16,58,35.106837206079696,0.00045923634580086154,
WeldedBeam,NSGA-II,16,58,9.65373363991356,0.0018549114497135861,
WeldedBeam,NSGA-II,16,58,20.337188462797094,0.0008132830827551729,
WeldedBeam,NSGA-II,16,58,8.247500886837614,0.002173235958464384,
WeldedBeam,NSGA-II,16,58,4.711798957778488,0.004086133270077179,
WeldedBeam,NSGA-II,16,58,3.0605866612073056,0.006929566085110348,
WeldedBeam,NSGA-II,16,58,3.0359104213958257,0.0073132061205053705,
WeldedBeam,NSGA-II,16,58,2.9235720241656606,0.007592658782841275,
WeldedBeam,NSGA-II,16,58,3.547207929618543,0.005875418019990662,
WeldedBeam,NSGA-II,16,58,2.6820245878062847,0.00841187423762247,
WeldedBeam,NSGA-II,16,58,5.891621842343067,0.0031990286830322384,
WeldedBeam,NSGA-II,16,58,2.7246299578193813,0.008224760293088957,
WeldedBeam,NSGA-II,16,58,2.780998006663976,0.008035236409712695,
WeldedBeam,NSGA-II,16,58,5.350200979432175,0.003559132839993446,
WeldedBeam,NSGA-II,16,58,3.379977570430812,0.006187383856615074,
WeldedBeam,NSGA-II,16,58,12.037994710022796,0.0014520731944145271,
WeldedBeam,NSGA-II,16,58,7.735340314274244,0.0023347598139776575,
WeldedBeam,NSGA-II,16,58,3.273993178398343,0.006413449556123876,
WeldedBeam,NSGA-II,16,58,3.915822092329677,0.005313739803437527,
WeldedBeam,NSGA-II,16,58,26.348164589772338,0.0006181046609893497,
WeldedBeam,NSGA-II,16,58,31.70593447999689,0.000513244066813887,
WeldedBeam,NSGA-II,16,58,3.1486463052222433,0.006704814447529389,
WeldedBeam,NSGA-II,16,58,2.6305528399343867,0.008616276526213244,
WeldedBeam,NSGA-II,16,58,4.854012870447483,0.003967501944058645,
WeldedBeam,NSGA-II,16,58,8.583314521418735,0.0020858737904323205,
WeldedBeam,NSGA-II,16,58,2.5604167115141263,0.009015753526888813,
WeldedBeam,NSGA-II,16,58,7.428326199330693,0.002437460197123199,
WeldedBeam,NSGA-II,16,58,4.340095586518616,0.0045009978013795335,
WeldedBeam,NSGA-II,16,58,3.4513714362818146,0.006062987089522457,
WeldedBeam,NSGA-II,16,58,4.22724299556372,0.004621213662591953,
WeldedBeam,NSGA-II,16,58,6.324253923143998,0.003058902527270547,
WeldedBeam,NSGA-II,16,58,6.5198135279430565,0.0028385595575995816,
WeldedBeam,NSGA-II,16,58,13.752719160387919,0.0012418821289530391,
WeldedBeam,NSGA-II,16,58,28.859009937905515,0.0005612131716682047,
WeldedBeam,NSGA-II,16,58,12.893161490732556,0.0013339376353834656,
WeldedBeam,NSGA-II,16,58,6.668312323175149,0.002792900655735657,
WeldedBeam,NSGA-II,16,58,36.32231385808434,0.0004416038480686465,
WeldedBeam,NSGA-II,16,58,23.922237853920432,0.0006991188677629033,
WeldedBeam,NSGA-II,16,58,25.35163574317616,0.0006429765960260528,
WeldedBeam,NSGA-II,16,58,5.604720497646557,0.003371921558694534,
WeldedBeam,NSGA-II,16,58,3.223976508850542,0.0065376087953791535,
WeldedBeam,NSGA-II,16,58,2.5144238508751378,0.009212976072615994,
WeldedBeam,NSGA-II,16,58,5.111931002672166,0.003731104003046781,
WeldedBeam,NSGA-II,16,58,32.230808035867376,0.0005003033769407362,
WeldedBeam,NSGA-II,16,58,30.741863181936328,0.000527592142542023,
WeldedBeam,NSGA-II,16,58,3.009805084216769,0.007363093541657562,
WeldedBeam,NSGA-II,16,58,11.166187380581995,0.0015948938811578281,
WeldedBeam,NSGA-II,16,58,16.79212914064282,0.0009971283750389432,
WeldedBeam,NSGA-II,16,58,14.492784396273256,0.001182654780258681,
WeldedBeam,NSGA-II,16,58,3.753165455748811,0.005500412029768703,
WeldedBeam,NSGA-II,16,58,5.034442276747221,0.0037993283879795914,
WeldedBeam,NSGA-II,16,58,9.12768427454252,0.001983047524756561,
WeldedBeam,NSGA-II,16,58,34.45193684836514,0.00046866425372613633,
WeldedBeam,NSGA-II,16,58,11.540248222187358,0.0015050991819999986,
WeldedBeam,NSGA-II,16,58,21.11724578472965,0.0007815120273458292,
WeldedBeam,NSGA-II,16,58,13.178972939159754,0.0013007936389397468,
WeldedBeam,NSGA-II,16,58,2.868673080453418,0.007860763238512982,
WeldedBeam,NSGA-II,16,58,2.877927416257186,0.0077751962776261355,
WeldedBeam,NSGA-II,16,58,15.091954373164608,0.0011176154851282004,
WeldedBeam,NSGA-II,16,58,27.35875292834354,0.0005951282569001339,
WeldedBeam,NSGA-II,16,58,28.273583252959313,0.00057333330282464,
WeldedBeam,NSGA-II,16,58,26.82774174107996,0.0006181007745199482,
WeldedBeam,NSGA-II,16,58,15.304070255131549,0.0011005337918733305,
WeldedBeam,NSGA-II,16,58,17.645996228251967,0.0009508421822673192,
WeldedBeam,NSGA-II,16,58,16.191302448950218,0.001052201924220873,
WeldedBeam,NSGA-II,16,58,15.989758792357062,0.001068605519717709,
WeldedBeam,NSGA-II,16,58,2.623214444147874,0.008770178302349777,
WeldedBeam,NSGA-II,16,58,2.6055396759419818,0.00887207256440748,
WeldedBeam,NSGA-II,16,58,18.701580730980435,0.0009107954498675018,
WeldedBeam,NSGA-II,16,58,10.067520479176716,0.0017503946738440526,
WeldedBeam,NSGA-II,16,58,17.122072037912446,0.0009782028466771028,
WeldedBeam,NSGA-II,16,58,21.93373113541524,0.000756087480049236,
WeldedBeam,NSGA-II,16,58,30.77086767329574,0.0005271526310555799,
WeldedBeam,NSGA-II,16,58,5.511339874020695,0.003432626376641959,
WeldedBeam,NSGA-II,16,58,10.522119217611133,0.0016771268715015646,
WeldedBeam,NSGA-II,16,58,3.078442225179331,0.006876355688275314,
WeldedBeam,NSGA-II,16,58,6.223004190755486,0.0031164161796999675,
WeldedBeam,NSGA-II,16,58,27.827839270247054,0.0005828929144690458,
WeldedBeam,NSGA-II,16,58,14.180176442540112,0.0011958829852733786,
WeldedBeam,NSGA-II,16,58,10.785979805581423,0.0016272528292882473,
WeldedBeam,NSGA-II,16,58,8.958913831155925,0.0019830670067664583,
WeldedBeam,NSGA-II,16,58,33.95487585403428,0.0004736367936446226,
WeldedBeam,NSGA-II,16,58,4.1057872800138675,0.004794961345514393,
WeldedBeam,NSGA-II,16,58,3.640921396093997,0.005690507784506751,
WeldedBeam,NSGA-II,16,58,32.902572990211745,0.0004919397245014322,
WeldedBeam,NSGA-II,16,58,20.96456345915137,0.0008096749300198271,
WeldedBeam,NSGA-II,16,58,4.098314606012586,0.004825049192360155,
WeldedBeam,NSGA-II,16,58,25.147278200376356,0.0006517882530066518,
WeldedBeam,NSGA-II,16,58,3.6537676695478414,0.005674298833713785,
WeldedBeam,NSGA-II,16,58,24.553892208504166,0.0006655829265302249,
WeldedBeam,NSGA-II,16,58,22.441382149977862,0.0007326414896890019,
WeldedBeam,NSGA-II,16,58,22.7882127451333,0.000723446058024986,
WeldedBeam,NSGA-II,17,59,3.0163039299832293,0.009297072083578386,
WeldedBeam,NSGA-II,17,59,36.96063998261658,0.0004390400000000245,
WeldedBeam,NSGA-II,17,59,3.035688105078744,0.007039392635584141,
WeldedBeam,NSGA-II,17,59,3.030622647902114,0.009027241854776494,
WeldedBeam,NSGA-II,17,59,35.36818062852934,0.00045538261834657956,
WeldedBeam,NSGA-II,17,59,5.671444047797785,0.0033575511802622798,
WeldedBeam,NSGA-II,17,59,34.19373382150505,0.0004712336573257784,
WeldedBeam,NSGA-II,17,59,4.67220943890557,0.004102874433495104,
WeldedBeam,NSGA-II,17,59,5.466395631661823,0.003577330004025845,
WeldedBeam,NSGA-II,17,59,3.1457419260616457,0.006770214696026547,
WeldedBeam,NSGA-II,17,59,6.372201499460163,0.002897121168175023,
WeldedBeam,NSGA-II,17,59,6.614966484441143,0.0027772205545518397,
WeldedBeam,NSGA-II,17,59,36.241188324304055,0.00044407435586367493,
WeldedBeam,NSGA-II,17,59,3.984519264020276,0.004958523480329324,
WeldedBeam,NSGA-II,17,59,8.392339756181283,0.002181172842645059,
WeldedBeam,NSGA-II,17,59,11.970423057262192,0.0014382991197226928,
WeldedBeam,NSGA-II,17,59,3.2144553005949956,0.006618816902577855,
WeldedBeam,NSGA-II,17,59,7.858777212527649,0.002318158964092552,
WeldedBeam,NSGA-II,17,59,6.024304324036237,0.0030832078439258586,
WeldedBeam,NSGA-II,17,59,16.17876392914078,0.0010411581543481572,
WeldedBeam,NSGA-II,17,59,5.967899638166942,0.003182601462790661,
WeldedBeam,NSGA-II,17,59,9.725722537302998,0.001817457384253572,
WeldedBeam,NSGA-II,17,59,29.83374507973647,0.0005431973973538107,
WeldedBeam,NSGA-II,17,59,27.354013138092416,0.0005942712927373306,
WeldedBeam,NSGA-II,17,59,7.331416414044406,0.002472315332681856,
WeldedBeam,NSGA-II,17,59,17.49844399342046,0.0009529576476549344,
WeldedBeam,NSGA-II,17,59,24.914899262445694,0.000655328748011754,
WeldedBeam,NSGA-II,17,59,3.836121680831637,0.005194773528386777,
WeldedBeam,NSGA-II,17,59,25.587367019680446,0.0006380780407316389,
WeldedBeam,NSGA-II,17,59,26.088152881171705,0.0006244668140373595,
WeldedBeam,NSGA-II,17,59,3.401926498064191,0.006148032279564974,
WeldedBeam,NSGA-II,17,59,11.157256774752419,0.0015542464947836101,
WeldedBeam,NSGA-II,17,59,4.971224457899384,0.0038608194422013777,
WeldedBeam,NSGA-II,17,59,4.097752567439253,0.004804725365887841,
WeldedBeam,NSGA-II,17,59,3.6663202678501547,0.005683743914867808,
WeldedBeam,NSGA-II,17,59,4.271167583074604,0.004589625040927774,
WeldedBeam,NSGA-II,17,59,3.7205285788639855,0.005474588682656356,
WeldedBeam,NSGA-II,17,59,29.138117471832775,0.0005566911987087854,
WeldedBeam,NSGA-II,17,59,28.117966022617015,0.0005786754449685736,
WeldedBeam,NSGA-II,17,59,7.102180344268134,0.0026338898171653405,
WeldedBeam,NSGA-II,17,59,3.526765544906113,0.005897480160656602,
WeldedBeam,NSGA-II,17,59,7.632019560753494,0.0023912512458453463,
WeldedBeam,NSGA-II,17,59,10.658894645563214,0.0016385875613678462,
WeldedBeam,NSGA-II,17,59,14.56489734821953,0.0011726645820887914,
WeldedBeam,NSGA-II,17,59,21.309836033431605,0.0007741654806999249,
WeldedBeam,NSGA-II,17,59,14.91104587927342,0.0011318615964212,
WeldedBeam,NSGA-II,17,59,3.8535497790784023,0.005167947197547772,
WeldedBeam,NSGA-II,17,59,20.751727175320983,0.0008079182310006945,
WeldedBeam,NSGA-II,17,59,3.327944388807899,0.006399009262350685,
WeldedBeam,NSGA-II,17,59,3.3307751391154063,0.00637856132113805,
WeldedBeam,NSGA-II,17,59,17.907054945288472,0.0009327137067093521,
WeldedBeam,NSGA-II,17,59,9.049241099370848,0.002030777006333385,
WeldedBeam,NSGA-II,17,59,33.54238169069727,0.00048186181230485076,
WeldedBeam,NSGA-II,17,59,3.0242219400396846,0.009068014472145109,
WeldedBeam,NSGA-II,17,59,31.12973674289331,0.000520256671200395,
WeldedBeam,NSGA-II,17,59,18.842074353592317,0.000880493381563995,
WeldedBeam,NSGA-II,17,59,13.48114100761359,0.0012680660933213168,
WeldedBeam,NSGA-II,17,59,4.220393597743361,0.0047023350084143675,
WeldedBeam,NSGA-II,17,59,23.46826403077473,0.0007089624038101455,
WeldedBeam,NSGA-II,17,59,3.5798141888229367,0.005754388752003179,
WeldedBeam,NSGA-II,17,59,15.643123552719434,0.0010745766075935638,
WeldedBeam,NSGA-II,17,59,21.634863500482446,0.0007602529984663324,
WeldedBeam,NSGA-II,17,59,12.917313879181073,0.0013215769276663052,
WeldedBeam,NSGA-II,17,59,4.540211089677317,0.004282999548827275,
WeldedBeam,NSGA-II,17,59,3.0171272765525607,0.009292652266195871,
WeldedBeam,NSGA-II,17,59,22.12311546725746,0.0007425784124352262,
WeldedBeam,NSGA-II,17,59,10.47971316189998,0.001669037252880706,
WeldedBeam,NSGA-II,17,59,16.805391317196115,0.0009967495863429827,
WeldedBeam,NSGA-II,17,59,3.7205218748099846,0.00547462223556696,
WeldedBeam,NSGA-II,17,59,19.36992821459474,0.0008694919326781988,
WeldedBeam,NSGA-II,17,59,7.148153598602172,0.0026168822792592447,
WeldedBeam,NSGA-II,17,59,23.690358395259075,0.0006931012826244471,
WeldedBeam,NSGA-II,17,59,19.608115849231055,0.0008578492399320778,
WeldedBeam,NSGA-II,17,59,28.07511459274681,0.0005795945615754266,
WeldedBeam,NSGA-II,17,59,4.587517439070353,0.004241023035120622,
WeldedBeam,NSGA-II,17,59,11.15716727827112,0.0015542879963564994,
WeldedBeam,NSGA-II,17,59,5.165986428997437,0.003702557244940404,
WeldedBeam,NSGA-II,17,59,24.412817034916614,0.0006730684287356537,
WeldedBeam,NSGA-II,17,59,4.9712437644703416,0.003860769336721963,
WeldedBeam,NSGA-II,17,59,26.764590045086734,0.000615448897051474,
WeldedBeam,NSGA-II,17,59,24.190354842580877,0.0006774132925901696,
WeldedBeam,NSGA-II,17,59,16.805156040354596,0.0009967944408833217,
WeldedBeam,NSGA-II,17,59,32.151999259973266,0.0005094492473496664,
WeldedBeam,NSGA-II,17,59,22.814881216135753,0.0007191220502990422,
WeldedBeam,NSGA-II,17,59,5.167580557364917,0.00369875734803424,
WeldedBeam,NSGA-II,17,59,9.452252275304339,0.0019230879909872835,
WeldedBeam,NSGA-II,17,59,3.4603253755224688,0.006018775706421582,
WeldedBeam,NSGA-II,17,59,13.250706673630752,0.001289222218518044,
WeldedBeam,NSGA-II,17,59,14.006129908794732,0.0012146691651914545,
WeldedBeam,NSGA-II,17,59,33.23772555638442,0.0004856119228110109,
WeldedBeam,NSGA-II,17,59,10.17385792347697,0.0017467948024110552,
WeldedBeam,NSGA-II,17,59,29.18792212478168,0.0005558906373139205,
WeldedBeam,NSGA-II,17,59,4.421510703629263,0.004442486591356922,
WeldedBeam,NSGA-II,17,59,32.55309707500042,0.0004985052011690308,
WeldedBeam,NSGA-II,17,59,31.824067310808378,0.000512628665352935,
WeldedBeam,NSGA-II,17,59,32.828766184232045,0.0004927806558860504,
WeldedBeam,NSGA-II,17,59,4.434582799538748,0.004437601583588381,
WeldedBeam,NSGA-II,17,59,13.975861489985673,0.0012175126176904966,
WeldedBeam,NSGA-II,17,59,31.437754052606277,0.0005151152081315334,
WeldedBeam,NSGA-II,17,59,9.31300219396125,0.0019697041511466586,
WeldedBeam,NSGA-II,18,60,36.586641077879605,0.0004390400000023121,
WeldedBeam,NSGA-II,18,60,3.0539719120535502,0.006946768625879304,
WeldedBeam,NSGA-II,18,60,33.895918881478025,0.0004753198879275541,
WeldedBeam,NSGA-II,18,60,29.486460068289,0.0005506199453131221,
WeldedBeam,NSGA-II,18,60,9.651431308372736,0.0018164011740187656,
WeldedBeam,NSGA-II,18,60,3.936842904537611,0.00513046156983269,
WeldedBeam,NSGA-II,18,60,3.126784791721359,0.006848257446759832,
WeldedBeam,NSGA-II,18,60,5.278090600007641,0.003575153941531546,
WeldedBeam,NSGA-II,18,60,3.186894993605296,0.006607120958388639,
WeldedBeam,NSGA-II,18,60,34.914743152897906,0.0004596462532969167,
WeldedBeam,NSGA-II,18,60,28.23547418500556,0.0005751037101900017,
WeldedBeam,NSGA-II,18,60,5.640813286070763,0.0033923872211311257,
WeldedBeam,NSGA-II,18,60,18.59463628673697,0.0009278266895054157,
WeldedBeam,NSGA-II,18,60,4.086315209199214,0.0049198779928753674,
WeldedBeam,NSGA-II,18,60,31.3108610251348,0.0005163808447537678,
WeldedBeam,NSGA-II,18,60,6.2286737317751,0.0030350521887346727,
WeldedBeam,NSGA-II,18,60,9.225237733647203,0.0019476179163684802,
WeldedBeam,NSGA-II,18,60,33.03409411343198,0.00048807083214784787,
WeldedBeam,NSGA-II,18,60,8.4991659874867,0.0020883454404369514,
WeldedBeam,NSGA-II,18,60,10.215098434383371,0.0017555055335243567,
WeldedBeam,NSGA-II,18,60,6.353261476074696,0.0029064619478925235,
WeldedBeam,NSGA-II,18,60,4.445099829229211,0.004370639041357835,
WeldedBeam,NSGA-II,18,60,5.815325718876218,0.003213981890425394,
WeldedBeam,NSGA-II,18,60,3.8169567496939907,0.00524151701345008,
WeldedBeam,NSGA-II,18,60,3.6871885215049627,0.005522589117931533,
WeldedBeam,NSGA-II,18,60,23.789015084876166,0.0007012357965576141,
WeldedBeam,NSGA-II,18,60,4.8744974787317235,0.0039194910014755885,
WeldedBeam,NSGA-II,18,60,22.581102225354527,0.0007280943934069414,
WeldedBeam,NSGA-II,18,60,8.916465023842257,0.0019800285946206626,
WeldedBeam,NSGA-II,18,60,5.052503362732608,0.0037661347054790016,
WeldedBeam,NSGA-II,18,60,6.795743248462396,0.00273709435278561,
WeldedBeam,NSGA-II,18,60,25.697076214619102,0.0006350510499751172,
WeldedBeam,NSGA-II,18,60,30.450586072557275,0.000531525656697674,
WeldedBeam,NSGA-II,18,60,10.996870932282256,0.0016225799286445435,
WeldedBeam,NSGA-II,18,60,3.322779634226238,0.00637849115140901,
WeldedBeam,NSGA-II,18,60,12.555730890939795,0.0013736576931511757,
WeldedBeam,NSGA-II,18,60,23.17571814346996,0.0007221913149696891,
WeldedBeam,NSGA-II,18,60,5.921444979313079,0.003149849260406021,
WeldedBeam,NSGA-II,18,60,12.904635742307933,0.0013295678686446914,
WeldedBeam,NSGA-II,18,60,6.795478918946431,0.0028438243503168805,
WeldedBeam,NSGA-II,18,60,35.56583151745369,0.00045096216633336994,
WeldedBeam,NSGA-II,18,60,5.421301129570093,0.0034746355784259944,
WeldedBeam,NSGA-II,18,60,17.809082198445065,0.000944977858701095,
WeldedBeam,NSGA-II,18,60,24.410990746397303,0.0006708151319468508,
WeldedBeam,NSGA-II,18,60,3.332476749355881,0.00619522717892219,
WeldedBeam,NSGA-II,18,60,14.366655056250728,0.0011856003753254027,
WeldedBeam,NSGA-II,18,60,3.522982115286356,0.005825788785815571,
WeldedBeam,NSGA-II,18,60,4.61994261699104,0.004185097875817723,
WeldedBeam,NSGA-II,18,60,15.676332294320197,0.0010788640186256174,
WeldedBeam,NSGA-II,18,60,32.03547407007861,0.0005049389706069192,
WeldedBeam,NSGA-II,18,60,3.5946075016241235,0.005668772821583929,
WeldedBeam,NSGA-II,18,60,13.392477312459636,0.00128024721595245,
WeldedBeam,NSGA-II,18,60,11.530397359973778,0.0015632159845172897,
WeldedBeam,NSGA-II,18,60,20.323364738081267,0.0008154849935895804,
WeldedBeam,NSGA-II,18,60,16.14999125186556,0.0010518505244641887,
WeldedBeam,NSGA-II,18,60,19.967695422620675,0.0008278176312736831,
WeldedBeam,NSGA-II,18,60,7.6399502040083584,0.0023480825690392363,
WeldedBeam,NSGA-II,18,60,16.85516905161714,0.0009937418421485133,
WeldedBeam,NSGA-II,18,60,4.227741956290771,0.004675378695007004,
WeldedBeam,NSGA-II,18,60,21.86040432445476,0.0007525340808504262,
WeldedBeam,NSGA-II,18,60,4.540498707324579,0.004239682093564841,
WeldedBeam,NSGA-II,18,60,3.3571943708244327,0.006138473135055424,
WeldedBeam,NSGA-II,18,60,11.55024135656107,0.0014964541946726007,
WeldedBeam,NSGA-II,18,60,7.900098795816973,0.002271705495422098,
WeldedBeam,NSGA-II,18,60,15.232811825910806,0.0011147169540067637,
WeldedBeam,NSGA-II,18,60,32.44821152988228,0.0004983543731432191,
WeldedBeam,NSGA-II,18,60,4.340488767286863,0.004500388258551623,
WeldedBeam,NSGA-II,18,60,36.15593416630307,0.000445652392132803,
WeldedBeam,NSGA-II,18,60,21.610064694710587,0.000761779314054117,
WeldedBeam,NSGA-II,18,60,7.058878459303213,0.002597305744525816,
WeldedBeam,NSGA-II,18,60,30.040542654107043,0.0005400007138867134,
WeldedBeam,NSGA-II,18,60,4.309297963026479,0.004554635265933662,
WeldedBeam,NSGA-II,18,60,16.615914449337605,0.0010301922367568813,
WeldedBeam,NSGA-II,18,60,13.964907056893258,0.0012207203470212791,
WeldedBeam,NSGA-II,18,60,27.90007324618965,0.0005843617157967409,
WeldedBeam,NSGA-II,18,60,6.96926524265717,0.0026032085349312686,
WeldedBeam,NSGA-II,18,60,25.26349770271482,0.0006567343654534461,
WeldedBeam,NSGA-II,18,60,5.00630935961227,0.0037997967593162442,
WeldedBeam,NSGA-II,18,60,19.176898054842173,0.0008734535896409195,
WeldedBeam,NSGA-II,18,60,8.204089444566996,0.002195449359847584,
WeldedBeam,NSGA-II,18,60,4.1511113929903845,0.004835817564972143,
WeldedBeam,NSGA-II,18,60,7.361831018990372,0.0024725568848506727,
WeldedBeam,NSGA-II,18,60,19.350227464532104,0.0008560460961026773,
WeldedBeam,NSGA-II,18,60,24.840482549612336,0.0006572412921592552,
WeldedBeam,NSGA-II,18,60,7.36183145775276,0.002472556385887744,
WeldedBeam,NSGA-II,18,60,3.7678594596942028,0.0053926489395422945,
WeldedBeam,NSGA-II,18,60,10.45216681052111,0.001669976672718604,
WeldedBeam,NSGA-II,18,60,3.428856198930257,0.005994560976090064,
WeldedBeam,NSGA-II,18,60,4.192242080045881,0.004756315269256134,
WeldedBeam,NSGA-II,18,60,3.2319360928986063,0.006511916510682482,
WeldedBeam,NSGA-II,18,60,4.763844068671545,0.004041913553725779,
WeldedBeam,NSGA-II,18,60,12.106938270540955,0.001437237720863625,
WeldedBeam,NSGA-II,18,60,3.5817133320786585,0.005738890394783051,
WeldedBeam,NSGA-II,18,60,13.686613704964229,0.0012467868981987599,
WeldedBeam,NSGA-II,18,60,12.063346672606865,0.0014499715773500011,
WeldedBeam,NSGA-II,18,60,3.4902930486245904,0.0059656862795599095,
WeldedBeam,NSGA-II,18,60,27.031691783999833,0.0006039465048170153,
WeldedBeam,NSGA-II,18,60,26.45614874671032,0.0006178050313713065,
WeldedBeam,NSGA-II,18,60,8.337620695440256,0.002169937324152119,
WeldedBeam,NSGA-II,18,60,20.962329539122738,0.0007882760316086639,
WeldedBeam,NSGA-II,19,61,3.207539704101125,0.0065095198381998,
WeldedBeam,NSGA-II,19,61,41.310344592263554,0.00043904000108259487,
WeldedBeam,NSGA-II,19,61,38.943277304296984,0.0004390400010900486,
WeldedBeam,NSGA-II,19,61,5.9676704881088884,0.003146212156853777,
WeldedBeam,NSGA-II,19,61,34.458400282089876,0.00046838334420972046,
WeldedBeam,NSGA-II,19,61,37.326319738775624,0.0004390400030732044,
WeldedBeam,NSGA-II,19,61,33.1218718602834,0.00048805285722356757,
WeldedBeam,NSGA-II,19,61,31.28489579303269,0.0005197956977481118,
WeldedBeam,NSGA-II,19,61,4.567846542712281,0.0042179482474802125,
WeldedBeam,NSGA-II,19,61,5.176830184944656,0.003647627701314926,
WeldedBeam,NSGA-II,19,61,8.619210504813685,0.0020549807255923654,
WeldedBeam,NSGA-II,19,61,36.60789700027537,0.00044148838945001306,
WeldedBeam,NSGA-II,19,61,5.673135482332269,0.00330727547629928,
WeldedBeam,NSGA-II,19,61,6.707564082208341,0.0027537093848562645,
WeldedBeam,NSGA-II,19,61,5.525894949802294,0.0034751095709199,
WeldedBeam,NSGA-II,19,61,17.89931880191287,0.0009320455859123335,
WeldedBeam,NSGA-II,19,61,23.423829697555718,0.0006996613837219822,
WeldedBeam,NSGA-II,19,61,21.140220699705242,0.0007828322911328872,
WeldedBeam,NSGA-II,19,61,3.755034876120111,0.005373137172898255,
WeldedBeam,NSGA-II,19,61,3.3980874873059594,0.006139934385635396,
WeldedBeam,NSGA-II,19,61,9.082293307418656,0.0019432147314231531,
WeldedBeam,NSGA-II,19,61,3.4422749262626,0.006005171513380576,
WeldedBeam,NSGA-II,19,61,22.117590277751,0.0007437464584355889,
WeldedBeam,NSGA-II,19,61,6.88668297414606,0.0026441961105166047,
WeldedBeam,NSGA-II,19,61,16.12138748377198,0.0010455739957215056,
WeldedBeam,NSGA-II,19,61,4.78676658415349,0.004001166417218601,
WeldedBeam,NSGA-II,19,61,4.231579500076295,0.004775834467514068,
WeldedBeam,NSGA-II,19,61,3.560791217244989,0.005721498228833885,
WeldedBeam,NSGA-II,19,61,6.206438505482902,0.002996598073040432,
WeldedBeam,NSGA-II,19,61,4.357598767146799,0.004623491469762072,
WeldedBeam,NSGA-II,19,61,9.333961587504403,0.0018873572077920755,
WeldedBeam,NSGA-II,19,61,30.300788343523063,0.0005355576818456652,
WeldedBeam,NSGA-II,19,61,7.129997795638091,0.0025473883401192893,
WeldedBeam,NSGA-II,19,61,3.3241401667261514,0.0062684946008805045,
WeldedBeam,NSGA-II,19,61,13.85651260845055,0.0012306760608364628,
WeldedBeam,NSGA-II,19,61,13.046472044922117,0.0013145602582488702,
WeldedBeam,NSGA-II,19,61,27.9065851010704,0.0005831698324308351,
WeldedBeam,NSGA-II,19,61,22.565942808823163,0.0007352008738872664,
WeldedBeam,NSGA-II,19,61,4.117706363062642,0.004853714438300294,
WeldedBeam,NSGA-II,19,61,20.6867961208986,0.0008058569296573196,
WeldedBeam,NSGA-II,19,61,18.506327657025977,0.0008978543249189201,
WeldedBeam,NSGA-II,19,61,5.075103260338748,0.0037353404402946547,
WeldedBeam,NSGA-II,19,61,7.692748500955251,0.0023326593885365796,
WeldedBeam,NSGA-II,19,61,9.768614827564939,0.0017906595460629572,
WeldedBeam,NSGA-II,19,61,4.458568452088813,0.004422033389467518,
WeldedBeam,NSGA-II,19,61,17.06819446121885,0.0009783057382630113,
WeldedBeam,NSGA-II,19,61,8.314974192759903,0.002151522688960288,
WeldedBeam,NSGA-II,19,61,15.202518616775377,0.0011458147603330938,
WeldedBeam,NSGA-II,19,61,12.886313564060554,0.0013326071802804258,
WeldedBeam,NSGA-II,19,61,4.5213888574987315,0.004295976053647549,
WeldedBeam,NSGA-II,19,61,35.384848185530444,0.0004590479320336054,
WeldedBeam,NSGA-II,19,61,3.9994543834567406,0.0050125068244745484,
WeldedBeam,NSGA-II,19,61,3.9624417279467155,0.005219904987757058,
WeldedBeam,NSGA-II,19,61,14.542731286409532,0.0011755145067908546,
WeldedBeam,NSGA-II,19,61,3.7016477616135526,0.005624806267872298,
WeldedBeam,NSGA-II,19,61,24.053030434072287,0.0006813534321361059,
WeldedBeam,NSGA-II,19,61,11.118075313569795,0.0015705709398798964,
WeldedBeam,NSGA-II,19,61,26.857073176021906,0.0006062164203587278,
WeldedBeam,NSGA-II,19,61,25.54047632824455,0.0006409193502709925,
WeldedBeam,NSGA-II,19,61,6.440639006476095,0.002884229245944844,
WeldedBeam,NSGA-II,19,61,7.957731469419257,0.00225283024930939,
WeldedBeam,NSGA-II,19,61,25.035009382087512,0.0006533376339774657,
WeldedBeam,NSGA-II,19,61,32.35950073641413,0.0005019325849549683,
WeldedBeam,NSGA-II,19,61,15.427404552867545,0.0010925363251422138,
WeldedBeam,NSGA-II,19,61,5.543774609213307,0.003395175377007464,
WeldedBeam,NSGA-II,19,61,12.27383805502629,0.0014139148497288043,
WeldedBeam,NSGA-II,19,61,3.9624414684100078,0.005219906133045049,
WeldedBeam,NSGA-II,19,61,10.740666178622607,0.0016483156875128598,
WeldedBeam,NSGA-II,19,61,24.48959429122816,0.0006686090602674425,
WeldedBeam,NSGA-II,19,61,7.453904102741627,0.002418045848273381,
WeldedBeam,NSGA-II,19,61,7.341965217391757,0.0024580318552704485,
WeldedBeam,NSGA-II,19,61,17.17042658365221,0.0009774409179979942,
WeldedBeam,NSGA-II,19,61,11.538585270157526,0.0015016309254111669,
WeldedBeam,NSGA-II,19,61,4.044583928272582,0.004997059720646196,
WeldedBeam,NSGA-II,19,61,10.203832599254541,0.0017186465486836813,
WeldedBeam,NSGA-II,19,61,4.802542447894574,0.003986264806972797,
WeldedBeam,NSGA-II,19,61,3.518593667912361,0.00586298023953848,
WeldedBeam,NSGA-II,19,61,3.7049423705969518,0.0054645814843915985,
WeldedBeam,NSGA-II,19,61,19.890509696715675,0.0008337321107643539,
WeldedBeam,NSGA-II,19,61,3.2663660945276787,0.006377384822880945,
WeldedBeam,NSGA-II,19,61,3.7030184450697208,0.005532950419522617,
WeldedBeam,NSGA-II,19,61,8.234475328026015,0.002220818092473662,
WeldedBeam,NSGA-II,19,61,19.122394083298072,0.0008666801351135758,
WeldedBeam,NSGA-II,19,61,15.961755568448075,0.0010749302422024464,
WeldedBeam,NSGA-II,19,61,35.34589058228528,0.0004615889516165702,
WeldedBeam,NSGA-II,19,61,10.524929253833086,0.0016609239991087407,
WeldedBeam,NSGA-II,19,61,19.859878467339357,0.000840327024231479,
WeldedBeam,NSGA-II,19,61,3.5063195974644814,0.005881611703024351,
WeldedBeam,NSGA-II,19,61,4.933352852392353,0.0038549795230687594,
WeldedBeam,NSGA-II,19,61,28.737768063150142,0.0005651472298127787,
WeldedBeam,NSGA-II,19,61,28.29560051050297,0.0005831698138560894,
WeldedBeam,NSGA-II,19,61,12.011052204557911,0.001475039493913621,
WeldedBeam,NSGA-II,19,61,4.933406571664219,0.003854835654393839,
WeldedBeam,NSGA-II,19,61,3.2527625268622438,0.00641902653928035,
WeldedBeam,NSGA-II,19,61,10.065323469144392,0.001758512965113819,
WeldedBeam,NSGA-II,19,61,29.810657505474637,0.0005444355327074754,
WeldedBeam,NSGA-II,19,61,29.11776204676132,0.0005633685222075357,
WeldedBeam,NSGA-II,19,61,11.306514222349724,0.0015376288180478242,
WeldedBeam,NSGA-II,19,61,32.376074626515276,0.0005014700390908521,
WeldedBeam,NSGA-II,19,61,19.072474590038706,0.0008725728588437105,
WeldedBeam,NSGA-II,20,62,36.58025173770955,0.00043904000002254595,
WeldedBeam,NSGA-II,20,62,3.339451894604545,0.006259706663914364,
WeldedBeam,NSGA-II,20,62,4.792901826425025,0.00400280829119261,
WeldedBeam,NSGA-II,20,62,15.073879825878553,0.0011297245064302102,
WeldedBeam,NSGA-II,20,62,5.0377816768893,0.003787153981492273,
WeldedBeam,NSGA-II,20,62,19.167315260771147,0.0008670845238310333,
WeldedBeam,NSGA-II,20,62,13.309535663243686,0.0012825958473982244,
WeldedBeam,NSGA-II,20,62,6.580293706972147,0.0027955913350279824,
WeldedBeam,NSGA-II,20,62,14.031286781082791,0.0012112970176643343,
WeldedBeam,NSGA-II,20,62,5.872614520291431,0.0031994789752951116,
WeldedBeam,NSGA-II,20,62,4.2089247627871105,0.004669490395989067,
WeldedBeam,NSGA-II,20,62,3.4719886334569368,0.00598520759710863,
WeldedBeam,NSGA-II,20,62,9.10706469627394,0.001956041158836495,
WeldedBeam,NSGA-II,20,62,3.360957642287611,0.006138096034768647,
WeldedBeam,NSGA-II,20,62,5.340112202525259,0.0035804491256730183,
WeldedBeam,NSGA-II,20,62,20.03889237834718,0.0008265334431703016,
WeldedBeam,NSGA-II,20,62,32.423800066734984,0.0004990489374852023,
WeldedBeam,NSGA-II,20,62,3.5359151085099283,0.005859410406571943,
WeldedBeam,NSGA-II,20,62,4.131534984296846,0.004828325771115514,
WeldedBeam,NSGA-II,20,62,17.22763610434258,0.0009754150156182734,
WeldedBeam,NSGA-II,20,62,3.5919399613118714,0.005726223751965203,
WeldedBeam,NSGA-II,20,62,11.8181910714853,0.0014543784214176591,
WeldedBeam,NSGA-II,20,62,6.196592221001131,0.0030930515139008566,
WeldedBeam,NSGA-II,20,62,4.2860803411598045,0.004544307875099139,
WeldedBeam,NSGA-II,20,62,6.360773183709082,0.0028881256910819946,
WeldedBeam,NSGA-II,20,62,8.704544929062076,0.0020623340336529523,
WeldedBeam,NSGA-II,20,62,5.134009491783131,0.0037043798759828868,
WeldedBeam,NSGA-II,20,62,16.509640864191713,0.0010326636054860954,
WeldedBeam,NSGA-II,20,62,7.383838847638206,0.002454949583791572,
WeldedBeam,NSGA-II,20,62,6.955895083218732,0.002671970206844842,
WeldedBeam,NSGA-II,20,62,33.79156454301209,0.0004852962510869317,
WeldedBeam,NSGA-II,20,62,32.874163310214534,0.0004910288970444874,
WeldedBeam,NSGA-II,20,62,27.741515484354633,0.0005886559274764817,
WeldedBeam,NSGA-II,20,62,12.572565559567344,0.0013728222071244744,
WeldedBeam,NSGA-II,20,62,23.667886573615622,0.0006975525101136065,
WeldedBeam,NSGA-II,20,62,4.711971329800932,0.00412805055446558,
WeldedBeam,NSGA-II,20,62,35.872689488000454,0.0004463923754002286,
WeldedBeam,NSGA-II,20,62,7.686447781771178,0.002372398029028186,
WeldedBeam,NSGA-II,20,62,3.8203597417039283,0.005211012401231046,
WeldedBeam,NSGA-II,20,62,29.531447442363056,0.0005564005656692297,
WeldedBeam,NSGA-II,20,62,6.253337424787203,0.0030009424564352944,
WeldedBeam,NSGA-II,20,62,10.276317783886544,0.0017797391974927656,
WeldedBeam,NSGA-II,20,62,18.431867028862534,0.0009030764400623034,
WeldedBeam,NSGA-II,20,62,28.62995436638538,0.0005692023907663409,
WeldedBeam,NSGA-II,20,62,7.912973765639971,0.002303559725502819,
WeldedBeam,NSGA-II,20,62,3.7028973805685577,0.005539712475329718,
WeldedBeam,NSGA-II,20,62,7.217484484848433,0.0025457336885255913,
WeldedBeam,NSGA-II,20,62,8.51854403915128,0.0021148808898066537,
WeldedBeam,NSGA-II,20,62,17.61311278650244,0.0009521519817694862,
WeldedBeam,NSGA-II,20,62,11.465180366575492,0.0015047572624086818,
WeldedBeam,NSGA-II,20,62,15.49627261092621,0.0010872984078375105,
WeldedBeam,NSGA-II,20,62,30.77084683508877,0.0005290069448896749,
WeldedBeam,NSGA-II,20,62,35.2859885018301,0.0004566588599716525,
WeldedBeam,NSGA-II,20,62,9.829179759744461,0.0018010567749984828,
WeldedBeam,NSGA-II,20,62,3.973733903383711,0.004991422912093639,
WeldedBeam,NSGA-II,20,62,3.70078124176667,0.0056171722749779425,
WeldedBeam,NSGA-II,20,62,4.404204439726294,0.004439455803940443,
WeldedBeam,NSGA-II,20,62,31.39250866994385,0.0005187736165897727,
WeldedBeam,NSGA-II,20,62,3.965923836586006,0.005119765935885381,
WeldedBeam,NSGA-II,20,62,3.784589531834111,0.005404513504016173,
WeldedBeam,NSGA-II,20,62,20.51863225341091,0.0008116003673559193,
WeldedBeam,NSGA-II,20,62,18.138443068882097,0.000917426074536021,
WeldedBeam,NSGA-II,20,62,25.620993831226084,0.0006381948524257248,
WeldedBeam,NSGA-II,20,62,20.93445662307749,0.0007887500011928122,
WeldedBeam,NSGA-II,20,62,5.497334571507263,0.0034671251013709717,
WeldedBeam,NSGA-II,20,62,12.4412727221359,0.001406857948114096,
WeldedBeam,NSGA-II,20,62,5.664532957854365,0.003315871955325094,
WeldedBeam,NSGA-II,20,62,24.307244013028328,0.0006726906845769287,
WeldedBeam,NSGA-II,20,62,27.04335737567656,0.0006015065792553885,
WeldedBeam,NSGA-II,20,62,4.563888486702298,0.004253205253808238,
WeldedBeam,NSGA-II,20,62,8.257218318979675,0.0022045372705467975,
WeldedBeam,NSGA-II,20,62,28.33550876862285,0.0005753436054211564,
WeldedBeam,NSGA-II,20,62,9.395716743608357,0.001879824872901133,
WeldedBeam,NSGA-II,20,62,6.968035570515417,0.0026086023599944655,
WeldedBeam,NSGA-II,20,62,22.36325747937338,0.0007367587802682941,
WeldedBeam,NSGA-II,20,62,24.528132926667137,0.0006680851736399804,
WeldedBeam,NSGA-II,20,62,8.169764392116868,0.002229696017283822,
WeldedBeam,NSGA-II,20,62,26.14767150056821,0.0006230067145357759,
WeldedBeam,NSGA-II,20,62,9.56807894092508,0.0018639051656554884,
WeldedBeam,NSGA-II,20,62,5.674709724478469,0.0033158534420810195,
WeldedBeam,NSGA-II,20,62,22.062396077720436,0.0007488423656029174,
WeldedBeam,NSGA-II,20,62,4.576241142200323,0.004214227025120596,
WeldedBeam,NSGA-II,20,62,22.864902054748566,0.0007227235324138829,
WeldedBeam,NSGA-II,20,62,21.375657796167182,0.0007715134806449563,
WeldedBeam,NSGA-II,20,62,3.784588778833187,0.005404517150612032,
WeldedBeam,NSGA-II,20,62,34.211800502949835,0.0004717001808618605,
WeldedBeam,NSGA-II,20,62,13.721771667477727,0.0012409529008407295,
WeldedBeam,NSGA-II,20,62,10.944404945465251,0.0016603342388414306,
WeldedBeam,NSGA-II,20,62,10.485807910130742,0.0016835630107684045,
WeldedBeam,NSGA-II,20,62,21.662850054701543,0.000766541138570127,
WeldedBeam,NSGA-II,20,62,30.268251704396654,0.000538365716313594,
WeldedBeam,NSGA-II,20,62,34.78666733236729,0.000465903645865763,
WeldedBeam,NSGA-II,20,62,5.449801412762026,0.003467125354059075,
WeldedBeam,NSGA-II,20,62,25.183377664525686,0.0006599186777580963,
WeldedBeam,NSGA-II,20,62,4.528936992955758,0.004382898978739432,
WeldedBeam,NSGA-II,20,62,26.419958328741238,0.0006191372716243159,
WeldedBeam,NSGA-II,20,62,36.580251552649905,0.00043904000698160786,
WeldedBeam,NSGA-II,20,62,11.140328613122751,0.0015530060707980914,
WeldedBeam,NSGA-II,20,62,26.878457249580045,0.00061563973152257,
WeldedBeam,NSGA-II,20,62,16.140935111704948,0.0010424899211367805,
Carside,NSGA-II,0,42,42.755170598661365,3.5855903975263708,10.611988069533261
Carside,NSGA-II,0,42,23.669589225498175,3.9988163999656754,12.468150330904214
Carside,NSGA-II,0,42,42.703156239270704,3.5922496720114547,10.611568466006304
Carside,NSGA-II,0,42,23.710925109038335,3.9950529680388835,12.47654058624569
Carside,NSGA-II,0,42,42.470398088445634,3.5852517253343543,10.659117117650375
Carside,NSGA-II,0,42,37.38432471289079,3.684259656995073,11.050360244343755
Carside,NSGA-II,0,42,24.698151720352953,3.9507180206966246,12.343325137395029
Carside,NSGA-II,0,42,24.11921192411206,3.9697831498281473,12.425598674720334
Carside,NSGA-II,0,42,25.15193210097907,3.8546923591515414,12.37522129701568
Carside,NSGA-II,0,42,28.608171015881172,3.774298454728649,12.204588299774557
Carside,NSGA-II,0,42,36.6606365798393,3.732722936392437,11.14559815985396
Carside,NSGA-II,0,42,29.077544443246293,3.789920913775675,11.810351107490295
Carside,NSGA-II,0,42,30.853674328212037,3.6715090640280006,12.247435306346695
Carside,NSGA-II,0,42,28.84241879720638,3.9250149778516596,11.456631386366674
Carside,NSGA-II,0,42,40.820541114141264,3.741667433105139,10.67992852975446
Carside,NSGA-II,0,42,27.64289344780741,3.9591635874842885,11.50117663793561
Carside,NSGA-II,0,42,34.61928781113541,3.639295533139368,11.689964795640359
Carside,NSGA-II,0,42,41.29924368764685,3.6240973810496637,10.71999485978952
Carside,NSGA-II,0,42,29.280398595848045,3.981048762322666,11.43212389748225
Carside,NSGA-II,0,42,39.449957872089286,3.6188900114369544,10.968299861539283
Carside,NSGA-II,0,42,29.693726362122842,3.7994377867566285,11.537794135228259
Carside,NSGA-II,0,42,35.69593777284549,3.6534949096161036,11.274396912396671
Carside,NSGA-II,0,42,25.861889937083,3.9199289006665863,12.181882900682533
Carside,NSGA-II,0,42,36.18810156636527,3.831152587940543,10.885697592177497
Carside,NSGA-II,0,42,34.314275565122095,3.7947214721198668,11.138608594428012
Carside,NSGA-II,0,42,24.922892085730233,3.889909885763442,12.43752087299313
Carside,NSGA-II,0,42,27.16704281865224,3.936420934396238,11.595781965222502
Carside,NSGA-II,0,42,24.054765102891412,3.9909388579894816,12.348710140716687
Carside,NSGA-II,0,42,33.06218864835309,3.82101820003643,11.236286735487571
Carside,NSGA-II,0,42,25.11120894199349,3.9730409840942174,12.278231984701172
Carside,NSGA-II,0,42,37.144892668451156,3.6370393669623406,11.164133357367948
Carside,NSGA-II,0,42,26.64529475320395,3.844409748427613,12.100558444910522
Carside,NSGA-II,0,42,28.381959666675687,3.810896391607924,11.829046933687
Carside,NSGA-II,0,42,29.832341056416638,3.9033456712915693,11.470284306136556
Carside,NSGA-II,0,42,39.213088155747954,3.667545319276144,10.864156533268027
Carside,NSGA-II,0,42,31.872649438602252,3.7033994423622967,11.921743696052438
Carside,NSGA-II,0,42,28.18752193129813,3.8602676022754703,11.57524335560592
Carside,NSGA-II,0,42,35.51143795151049,3.6596238500093237,11.217435179767325
Carside,NSGA-II,0,42,40.212173843089914,3.663928209224101,10.752490967607992
Carside,NSGA-II,0,42,26.815435464563933,3.9644159782391095,11.968057062259685
Carside,NSGA-II,0,42,30.415767989197004,3.943166117444624,11.343910796448661
Carside,NSGA-II,0,42,33.741004492610834,3.649003650095449,11.610309685317441
Carside,NSGA-II,0,42,27.952941170891542,3.790418840802019,12.14373026887461
Carside,NSGA-II,0,42,40.932583716372974,3.6291622354687068,10.780247075228562
Carside,NSGA-II,0,42,35.257817309838565,3.5942627528255624,11.727751381680552
Carside,NSGA-II,0,42,32.896505347593944,3.8484739302467292,11.168893671500964
Carside,NSGA-II,0,42,27.962967718101467,3.84065668761373,11.770253242969932
Carside,NSGA-II,0,42,38.300395433126916,3.746780259172114,10.888912853326623
Carside,NSGA-II,0,42,34.065148058107276,3.802264545736657,11.14753909661987
Carside,NSGA-II,0,42,31.651053815315702,3.731657847899234,11.883642332851442
Carside,NSGA-II,0,42,36.88786098889267,3.7297740348569683,11.119717321223368
Carside,NSGA-II,0,42,33.72513329079625,3.869678058289053,11.10261528047279
Carside,NSGA-II,0,42,28.726067392383886,3.9848539487290506,11.38092375561777
Carside,NSGA-II,0,42,25.732655047611587,3.8721136935770484,12.308773169085958
Carside,NSGA-II,0,42,27.40905413629884,3.9115963886847243,11.597241342489436
Carside,NSGA-II,0,42,41.51083624856298,3.6312914884649303,10.664299344825363
Carside,NSGA-II,0,42,38.59231507873871,3.759366666245333,10.824690251674584
Carside,NSGA-II,0,42,42.599057011159935,3.5981186650482226,10.619219566702501
Carside,NSGA-II,0,42,37.807807971777905,3.7457300034572256,10.928365425659294
Carside,NSGA-II,0,42,35.034306477331434,3.7098325081036396,11.203032780836395
Carside,NSGA-II,0,42,39.57956656592186,3.603012013848792,11.045282082327097
Carside,NSGA-II,0,42,26.030436893023676,3.8480151555132744,12.168482829797991
Carside,NSGA-II,0,42,28.09643174891918,3.9144075286410622,11.473727671147312
Carside,NSGA-II,0,42,38.06472435494557,3.749210366860268,10.82785436607746
Carside,NSGA-II,0,42,41.900154302781566,3.598996096560965,10.711413809231743
Carside,NSGA-II,0,42,26.35090148880026,3.9365027103338996,12.051607477360372
Carside,NSGA-II,0,42,26.2530493792,3.8282759688243253,12.300096719522978
Carside,NSGA-II,0,42,32.631272617373156,3.692950909937111,11.855748193471333
Carside,NSGA-II,0,42,32.15679536745428,3.64539241061728,12.020688846954737
Carside,NSGA-II,0,42,36.07515866767344,3.81493453201066,10.906158633573778
Carside,NSGA-II,0,42,27.845291326567907,3.8588141109244547,11.768990789000387
Carside,NSGA-II,0,42,25.46859059911182,3.847886666533943,12.363225988637684
Carside,NSGA-II,0,42,40.47754783633515,3.6560934420826277,10.750756627977456
Carside,NSGA-II,0,42,31.04192526433127,3.8752694824947973,11.322516060089066
Carside,NSGA-II,0,42,41.52866207130214,3.693197795070929,10.652682721294838
Carside,NSGA-II,0,42,28.25098332969086,3.8655746705950085,11.550132683925717
Carside,NSGA-II,0,42,37.63562579330336,3.669968208924178,11.071098247868594
Carside,NSGA-II,0,42,34.05697663562727,3.835593952388145,10.996392684212353
Carside,NSGA-II,0,42,35.906500760252314,3.837557432209714,10.946157158602407
Carside,NSGA-II,0,42,40.51571080205535,3.6522248924163683,10.742271534892891
Carside,NSGA-II,0,42,34.90403480217687,3.9859256541663504,10.934422741266236
Carside,NSGA-II,0,42,32.33529316549558,3.711120207400863,11.87841329925929
Carside,NSGA-II,0,42,42.10798569427721,3.642946657608717,10.652796807187961
Carside,NSGA-II,0,42,30.251601392743428,3.773799909255438,11.665729678751692
Carside,NSGA-II,0,42,39.062508293356565,3.6938424713331095,10.830251896039648
Carside,NSGA-II,0,42,39.68091574284941,3.7544267395432196,10.793558881296875
Carside,NSGA-II,0,42,27.28686846588981,3.844229438240033,12.05066594364909
Carside,NSGA-II,0,42,33.05511062596053,3.8213098850257188,11.305554973774615
Carside,NSGA-II,0,42,42.435549404216104,3.5884290510360546,10.817101575810934
Carside,NSGA-II,0,42,25.395828498207567,3.884795929507337,12.287763423053466
Carside,NSGA-II,0,42,24.73043723528191,3.9971722490551658,12.259196557227146
Carside,NSGA-II,0,42,33.89541179229079,3.7551454834774303,11.216479917975656
Carside,NSGA-II,0,42,31.130880204025125,3.874579823296652,11.315693979614924
Carside,NSGA-II,0,42,30.23965122152545,3.724306044924897,12.070357236710635
Carside,NSGA-II,0,42,32.60822736410133,3.6396342516842806,11.936787690724511
Carside,NSGA-II,0,42,30.767038710145016,3.7590858997134937,11.982508817165034
Carside,NSGA-II,0,42,40.09726949411005,3.6061290562123336,10.975271390708768
Carside,NSGA-II,0,42,31.529855303198026,3.8218647211694354,11.333173417999848
Carside,NSGA-II,0,42,38.693576591507735,3.611561205169539,11.490668593749119
Carside,NSGA-II,0,42,30.792813764072857,3.7004447515482046,11.97597635672268
Carside,NSGA-II,1,43,23.605100255324817,3.9998183529044926,12.484422411789776
Carside,NSGA-II,1,43,36.97280889615061,3.5852508806049173,11.486535486575793
Carside,NSGA-II,1,43,42.34346954126479,3.637451016547124,10.611254974437575
Carside,NSGA-II,1,43,24.33442401727583,3.908870662459995,12.484423880476559
Carside,NSGA-II,1,43,42.765070732024164,3.5852520293278842,10.654558533509316
Carside,NSGA-II,1,43,37.41342537282187,3.8801170916361087,10.811533400622595
Carside,NSGA-II,1,43,31.911924758025386,3.921462834131115,11.276006316850184
Carside,NSGA-II,1,43,37.68325986938425,3.610969241170577,11.067777357836675
Carside,NSGA-II,1,43,25.8572997549851,3.8943839311178667,12.139180769172295
Carside,NSGA-II,1,43,33.30512379372358,3.7954952695051656,11.239103861988855
Carside,NSGA-II,1,43,32.14809283871187,3.749914075343006,11.736855919449592
Carside,NSGA-II,1,43,39.070530035624806,3.694493533255048,10.889993923878379
Carside,NSGA-II,1,43,25.54020976239098,3.9290954682886596,12.117590773957772
Carside,NSGA-II,1,43,41.6773579911405,3.623147188740562,10.704422892985498
Carside,NSGA-II,1,43,35.67075135787468,3.7076126047571125,11.143055646295688
Carside,NSGA-II,1,43,39.73054166465217,3.8049644673653455,10.73130904234943
Carside,NSGA-II,1,43,35.58696028829801,3.6294611657903992,11.582049321279023
Carside,NSGA-II,1,43,31.03461647344449,3.6870321683325287,12.236804099047578
Carside,NSGA-II,1,43,35.02531964329249,3.9758832784067417,10.905638255556102
Carside,NSGA-II,1,43,27.782735062749662,3.8197388231181537,12.272282349931942
Carside,NSGA-II,1,43,33.672211274502175,3.5981991227591474,12.019110902313631
Carside,NSGA-II,1,43,24.812258183587193,3.902802457654816,12.449832588569588
Carside,NSGA-II,1,43,42.095867534941604,3.606170288380054,10.648220553916351
Carside,NSGA-II,1,43,31.53385953984101,3.8608240605576256,11.306971918666928
Carside,NSGA-II,1,43,34.551772860067956,3.755062341620373,11.168791122490624
Carside,NSGA-II,1,43,27.557825117280604,3.9340203117369743,11.503166562916018
Carside,NSGA-II,1,43,29.295528137326706,3.7681735489390698,11.874570962210516
Carside,NSGA-II,1,43,41.3158856226474,3.603283929369326,10.72339064231802
Carside,NSGA-II,1,43,34.0314668618594,3.835850638243633,10.991125709305436
Carside,NSGA-II,1,43,27.415551942349392,3.9840362784911054,11.770442439297664
Carside,NSGA-II,1,43,30.21373420310081,3.7327793520572725,12.187679609132875
Carside,NSGA-II,1,43,34.35076603237804,3.7000698179306433,11.385440213831327
Carside,NSGA-II,1,43,30.34690846624232,3.7658273436431524,12.046102746762628
Carside,NSGA-II,1,43,36.42902998325687,3.595646041869405,11.555686678667962
Carside,NSGA-II,1,43,28.788962977727486,3.810540812086319,11.821644499385108
Carside,NSGA-II,1,43,31.081598776576456,3.759086602671918,11.4773826473934
Carside,NSGA-II,1,43,32.6275032560998,3.750779617806349,11.689139701492511
Carside,NSGA-II,1,43,31.704088927026568,3.672251590948784,12.199932501429227
Carside,NSGA-II,1,43,35.17761610213348,3.6200664588458196,11.64152829903262
Carside,NSGA-II,1,43,32.214648731480494,3.6508313550559794,12.140550479636472
Carside,NSGA-II,1,43,33.031642175466665,3.728041163103062,11.791151077672673
Carside,NSGA-II,1,43,39.4926889770655,3.661783311531833,10.91065469774091
Carside,NSGA-II,1,43,29.529736973568316,3.864407140895241,11.39338042053145
Carside,NSGA-II,1,43,37.893049028591484,3.760980131038569,10.870736090612976
Carside,NSGA-II,1,43,27.541097510625146,3.96861265469684,11.771415558247284
Carside,NSGA-II,1,43,24.919289527955712,3.853704164203402,12.399745642925428
Carside,NSGA-II,1,43,38.80573866832137,3.6979610307600606,10.915715457195901
Carside,NSGA-II,1,43,37.06769489514264,3.6747856665888663,11.105918680965924
Carside,NSGA-II,1,43,39.57288030902409,3.6593890085646437,10.852060238411255
Carside,NSGA-II,1,43,40.32361044679974,3.63602218935871,10.777227037518646
Carside,NSGA-II,1,43,28.733522802571063,3.7801668729721927,11.990156054627194
Carside,NSGA-II,1,43,28.162170261573973,3.870085858279836,11.485757221806546
Carside,NSGA-II,1,43,32.06719205810782,3.714281888043531,11.848683707000276
Carside,NSGA-II,1,43,37.994168813628214,3.679358068121299,10.99696495310867
Carside,NSGA-II,1,43,30.895382775612134,3.827448185058156,11.361248284117583
Carside,NSGA-II,1,43,32.63220745041898,3.9940427804510747,11.028509091624123
Carside,NSGA-II,1,43,42.579530799367674,3.5856871830118187,10.679391610953598
Carside,NSGA-II,1,43,31.384752048154613,3.9477052540240027,11.216867449776283
Carside,NSGA-II,1,43,27.971757830273148,3.98926729170057,11.449734630681498
Carside,NSGA-II,1,43,32.43718146823027,3.7440563804659917,11.689826125244117
Carside,NSGA-II,1,43,24.811963023762306,3.952631730117629,12.327458153113776
Carside,NSGA-II,1,43,28.81801199045314,3.809599154434318,11.886846481300903
Carside,NSGA-II,1,43,27.122780652555655,3.8544608702929897,11.91310899951285
Carside,NSGA-II,1,43,35.268573485898386,3.643453806884889,11.320955921776081
Carside,NSGA-II,1,43,36.64077082672702,3.7890943200932856,10.940218816945482
Carside,NSGA-II,1,43,25.043507144395633,3.8992809596372284,12.343177933966679
Carside,NSGA-II,1,43,26.00028491074985,3.9151132586221733,12.090669503743499
Carside,NSGA-II,1,43,28.350475513607368,3.787417994402286,12.02291834578385
Carside,NSGA-II,1,43,25.863552513081775,3.876403413448438,12.31256345883454
Carside,NSGA-II,1,43,33.501808660266285,3.587903114461515,12.053112715454093
Carside,NSGA-II,1,43,36.042704211416876,3.5868211474459573,11.620251126086796
Carside,NSGA-II,1,43,35.32806763627774,3.684042352027264,11.202000748031818
Carside,NSGA-II,1,43,29.95592716087471,3.8239875916407016,11.51823144575867
Carside,NSGA-II,1,43,36.058858974334846,3.5908060654079663,11.565145120765294
Carside,NSGA-II,1,43,40.50538728372519,3.6341929057294475,10.755763347385317
Carside,NSGA-II,1,43,25.32802965167955,3.8500789828956004,12.363051804241014
Carside,NSGA-II,1,43,34.89685178474575,3.9422496409982117,10.951461474491117
Carside,NSGA-II,1,43,24.012749220143913,3.964017755709263,12.388851401081386
Carside,NSGA-II,1,43,39.91601831412253,3.6475356880845764,10.838110948920521
Carside,NSGA-II,1,43,34.35153951280513,3.737721600431165,11.21734028406293
Carside,NSGA-II,1,43,25.66032073952645,3.913549300139251,12.159296535122097
Carside,NSGA-II,1,43,40.224471112604796,3.640018454173168,10.891813845759849
Carside,NSGA-II,1,43,30.82457770069182,3.6900277096983243,12.167427727338126
Carside,NSGA-II,1,43,31.761020527798664,3.666060351980815,12.156899863922241
Carside,NSGA-II,1,43,29.836674417570162,3.985109616973138,11.353271615535181
Carside,NSGA-II,1,43,41.22366572628963,3.7190478692875475,10.670456935643024
Carside,NSGA-II,1,43,26.62804467336979,3.8471412599171684,12.099770442987962
Carside,NSGA-II,1,43,33.03338312355614,3.714567620893312,11.789712862824214
Carside,NSGA-II,1,43,39.96328222375335,3.791856865108581,10.708271629342924
Carside,NSGA-II,1,43,37.44889697866113,3.772518384714303,10.925190248292811
Carside,NSGA-II,1,43,36.391636737244724,3.789839884983701,10.961618813019516
Carside,NSGA-II,1,43,32.87799448705996,3.7912286483293993,11.258772218169236
Carside,NSGA-II,1,43,38.49615006752073,3.7398104396909,10.846033873028812
Carside,NSGA-II,1,43,30.629637778515725,3.7186219063786905,11.976461639047283
Carside,NSGA-II,1,43,26.71449057759442,3.8460392884546786,12.075810904460859
Carside,NSGA-II,1,43,26.322250108341994,3.9532224722047777,11.861620445205014
Carside,NSGA-II,1,43,35.99079787845677,3.7442898199356103,11.121177595703005
Carside,NSGA-II,1,43,40.802482164827794,3.626236978702897,10.831599052855315
Carside,NSGA-II,1,43,42.04286026151275,3.620148404710378,10.658077274881395
Carside,NSGA-II,1,43,41.038635227022475,3.617067203108541,10.745812833003932
Carside,NSGA-II,2,44,25.273707623155286,3.9998884129364303,12.016789092514305
Carside,NSGA-II,2,44,42.69302002500034,3.5945324330215787,10.610723872394393
Carside,NSGA-II,2,44,23.629249722872025,3.9955333525159045,12.485101143076971
Carside,NSGA-II,2,44,42.76733169524973,3.5852660144655784,10.610724304260685
Carside,NSGA-II,2,44,40.55392102825285,3.585250184424596,10.973614318811943
Carside,NSGA-II,2,44,25.080153208957213,3.9023549086448894,12.335445140576812
Carside,NSGA-II,2,44,42.16059800389763,3.5986997521115653,10.680222322759743
Carside,NSGA-II,2,44,31.470566665993296,3.923377218940343,11.294355988465608
Carside,NSGA-II,2,44,32.9981526227116,3.5867037628551945,12.187034628563172
Carside,NSGA-II,2,44,23.982688827812083,3.989836986821247,12.416997401715943
Carside,NSGA-II,2,44,33.1064648528024,3.6663188847180943,11.72594023201306
Carside,NSGA-II,2,44,29.65497454234893,3.711318464011531,12.247237138137155
Carside,NSGA-II,2,44,39.58652453325856,3.7852271066863525,10.762155629625823
Carside,NSGA-II,2,44,31.016445554956203,3.9414540182238618,11.314127654910244
Carside,NSGA-II,2,44,42.50127457836872,3.5854724150374997,10.656208447867797
Carside,NSGA-II,2,44,41.53108113377491,3.622269733171609,10.749449025379704
Carside,NSGA-II,2,44,27.102303374346832,3.8493626513356003,11.908756961606214
Carside,NSGA-II,2,44,34.26749399785521,3.6622249354010417,11.615658948282988
Carside,NSGA-II,2,44,38.786334621697,3.7147707012959246,10.820363445128873
Carside,NSGA-II,2,44,35.18477308232331,3.6930768158649245,11.210060649727673
Carside,NSGA-II,2,44,30.48496008423374,3.6732142747171173,12.368287609046906
Carside,NSGA-II,2,44,33.95271713396881,3.8006644479394285,11.236444056217238
Carside,NSGA-II,2,44,40.12181511674493,3.771040598468289,10.71408304084418
Carside,NSGA-II,2,44,38.21384469342322,3.8385378836775343,10.780812544789834
Carside,NSGA-II,2,44,32.52032979883116,3.7905953151607745,11.331195601701754
Carside,NSGA-II,2,44,40.93539487555566,3.5852502117141194,10.865957971803422
Carside,NSGA-II,2,44,36.34675668773039,3.812914975396854,10.98846275781649
Carside,NSGA-II,2,44,37.697826002727325,3.7581167048088693,10.883805569321101
Carside,NSGA-II,2,44,38.05651905273923,3.7787095428555078,10.814794807640835
Carside,NSGA-II,2,44,27.640802595729124,3.82952709001222,11.81405633138482
Carside,NSGA-II,2,44,39.01707202844847,3.74390883223771,10.789779020822067
Carside,NSGA-II,2,44,35.55660968172201,3.8670826605821196,10.941839764325106
Carside,NSGA-II,2,44,35.84111745064027,3.686361859744677,11.187954861352939
Carside,NSGA-II,2,44,28.992986319310532,3.8251958560476034,11.506331886602188
Carside,NSGA-II,2,44,34.78287313886348,3.6191078746885603,11.870650646748977
Carside,NSGA-II,2,44,32.15825895131225,3.6682166529827125,11.969237071212849
Carside,NSGA-II,2,44,32.74702390388167,3.6856203292213365,11.53323653875695
Carside,NSGA-II,2,44,24.35856344968153,3.930512894640254,12.387719949089497
Carside,NSGA-II,2,44,32.06421539013038,3.967463036214432,11.076949741147573
Carside,NSGA-II,2,44,37.01708707531343,3.6147136030938496,11.12214759352754
Carside,NSGA-II,2,44,33.91365736461629,3.6984017553965147,11.408596071478776
Carside,NSGA-II,2,44,35.08290798245292,3.776094390553274,11.03062954162267
Carside,NSGA-II,2,44,33.809688934429744,3.67659441370898,11.56102400012707
Carside,NSGA-II,2,44,29.35370699600689,3.7513617730045006,12.241207811252348
Carside,NSGA-II,2,44,27.773831726972794,3.9446753262345124,11.648475304058667
Carside,NSGA-II,2,44,28.691871672304188,3.859332119014987,11.480477120036177
Carside,NSGA-II,2,44,25.153120196814733,3.9747927993014094,12.13717179453573
Carside,NSGA-II,2,44,24.93188929290502,3.8957577088834445,12.440375090062417
Carside,NSGA-II,2,44,32.44257216923427,3.886172074019351,11.095578167940857
Carside,NSGA-II,2,44,36.09063102778399,3.6552504409674844,11.18811153262121
Carside,NSGA-II,2,44,25.635179740295715,3.8902973968694803,12.12660420867616
Carside,NSGA-II,2,44,41.8457690818687,3.69542595258094,10.620004960278717
Carside,NSGA-II,2,44,40.4212787368023,3.6862597024468076,10.828583375179461
Carside,NSGA-II,2,44,37.59419123258861,3.6042447938897197,11.112533466860741
Carside,NSGA-II,2,44,27.36298291849362,3.8529444063515923,11.848966092186984
Carside,NSGA-II,2,44,30.879157363220237,3.732765289558306,11.677784707934284
Carside,NSGA-II,2,44,26.166104376775237,3.8742381192866158,12.1046050062203
Carside,NSGA-II,2,44,30.73357642996406,3.7780583432955996,11.669055892721794
Carside,NSGA-II,2,44,31.38372498035444,3.926282920072826,11.313632474880446
Carside,NSGA-II,2,44,30.082580676541987,3.7810993315169017,11.574758716266167
Carside,NSGA-II,2,44,29.397985935759017,3.8073897262641894,11.75073523761095
Carside,NSGA-II,2,44,37.054477701985654,3.794122453861637,10.898220693262644
Carside,NSGA-II,2,44,32.22906093098957,3.8173517601358915,11.294164728726184
Carside,NSGA-II,2,44,30.296562985755255,3.8929991213787667,11.442246445123171
Carside,NSGA-II,2,44,33.54424667768524,3.750631275007803,11.256911312946112
Carside,NSGA-II,2,44,29.008543434491294,3.743436539238811,12.28013190699216
Carside,NSGA-II,2,44,33.86154209730121,3.659752899500135,11.915708658521964
Carside,NSGA-II,2,44,37.33223268696919,3.6082340573740357,11.10777559315963
Carside,NSGA-II,2,44,24.8791889929102,3.9882374585300564,12.2753296490196
Carside,NSGA-II,2,44,31.833702896023286,3.783582964922504,11.355918476606025
Carside,NSGA-II,2,44,36.53333043886121,3.7257617936853933,11.044030242379907
Carside,NSGA-II,2,44,29.32461863417759,3.8073897262641894,11.771527135111027
Carside,NSGA-II,2,44,28.47921092682365,3.950561150296598,11.432917948407933
Carside,NSGA-II,2,44,41.073054317611636,3.6304795914157246,10.734633500862266
Carside,NSGA-II,2,44,31.68755960510483,3.639225717546797,12.153230808986901
Carside,NSGA-II,2,44,39.05630101130887,3.6338666975339775,11.033039061998902
Carside,NSGA-II,2,44,27.54322283932431,3.9446753262345124,11.68584469321051
Carside,NSGA-II,2,44,36.23353490233813,3.766018959750093,11.059055426564479
Carside,NSGA-II,2,44,36.79807660204874,3.7166531863802983,11.040194444944726
Carside,NSGA-II,2,44,37.10630234339211,3.7348044094166357,10.966775815489267
Carside,NSGA-II,2,44,31.55359280075192,3.6409498904020534,12.309112497112544
Carside,NSGA-II,2,44,34.12229013751602,3.713146597147397,11.349383518523258
Carside,NSGA-II,2,44,24.11313204996508,3.961115313557517,12.387719949089497
Carside,NSGA-II,2,44,34.9595975140681,3.720768097128872,11.209997898284158
Carside,NSGA-II,2,44,29.233353244630905,3.9524232459296402,11.421167109405504
Carside,NSGA-II,2,44,24.658888812061846,3.8989422623724637,12.462051940121242
Carside,NSGA-II,2,44,27.00732873919712,3.875062469705198,11.944356668846687
Carside,NSGA-II,2,44,25.37688743640517,3.9559910762514128,12.171820507059753
Carside,NSGA-II,2,44,25.849400234316175,3.862767790355168,12.129307253953712
Carside,NSGA-II,2,44,28.306966509003797,3.8794110130668638,11.639945832119018
Carside,NSGA-II,2,44,28.387128808432795,3.8115613221091444,12.042402788932932
Carside,NSGA-II,2,44,33.403140243749284,3.754844220163261,11.26316111948558
Carside,NSGA-II,2,44,27.4583154960339,3.8414696746851735,11.986662689817074
Carside,NSGA-II,2,44,26.220148380783574,3.845949905484091,12.097831233725191
Carside,NSGA-II,2,44,32.902418668088245,3.855060704976527,11.102304093732064
Carside,NSGA-II,2,44,40.625004511957926,3.7053639438404034,10.719819085748302
Carside,NSGA-II,2,44,41.22790063280121,3.682465472883172,10.701982505647731
Carside,NSGA-II,2,44,24.58916678019238,3.9845171356851865,12.323164674600628
Carside,NSGA-II,2,44,24.41082256272747,3.981129857884198,12.354590402189453
Carside,NSGA-II,2,44,26.978273278279783,3.8329980594985247,12.05412275507329
Carside,NSGA-II,3,45,42.398861020830616,3.631225027150591,10.610726498735495
Carside,NSGA-II,3,45,42.76732474256418,3.5852769163321265,10.610735022559235
Carside,NSGA-II,3,45,23.612361483877436,3.999888403034634,12.404574678213466
Carside,NSGA-II,3,45,23.59079609125517,3.999888403034634,12.420631917938275
Carside,NSGA-II,3,45,24.524496122525214,3.8833572464478996,12.519592701230195
Carside,NSGA-II,3,45,35.581887374069424,3.5852519317321736,11.722506087298566
Carside,NSGA-II,3,45,39.37489938156925,3.8167113992044235,10.784674242848077
Carside,NSGA-II,3,45,40.23188276954531,3.6859479883303514,10.736866733869086
Carside,NSGA-II,3,45,36.531640257725954,3.9044440244251812,10.859349346847239
Carside,NSGA-II,3,45,37.494337264409346,3.6165097214299493,11.114992217561063
Carside,NSGA-II,3,45,29.40805403861019,3.7272212911723024,12.261459706672376
Carside,NSGA-II,3,45,37.286693689848036,3.7785069074010686,10.850793997244786
Carside,NSGA-II,3,45,38.4064727607071,3.6287990959389598,10.986391221337525
Carside,NSGA-II,3,45,28.243107189094,3.8489057196559733,11.7640367720183
Carside,NSGA-II,3,45,27.670891563485068,3.855735637649782,11.577807399002008
Carside,NSGA-II,3,45,31.303598208031683,3.738252267387896,11.795784477202044
Carside,NSGA-II,3,45,40.63191949098002,3.660275554737087,10.72305166891594
Carside,NSGA-II,3,45,27.070212078988565,3.9354162814349856,11.830252362857907
Carside,NSGA-II,3,45,34.44509500809471,3.667778911753835,11.419811897750593
Carside,NSGA-II,3,45,32.45554373856974,3.711138695438975,11.397165440123363
Carside,NSGA-II,3,45,31.814959673858983,3.7132617352201294,11.587878127505089
Carside,NSGA-II,3,45,26.820658957768956,3.8679534522533734,12.059086331232757
Carside,NSGA-II,3,45,33.37739277524703,3.8669466538798534,11.08108283651485
Carside,NSGA-II,3,45,23.938844355136187,3.9943732576815014,12.350299002757168
Carside,NSGA-II,3,45,30.959299617557384,3.744304942161016,11.814632428221312
Carside,NSGA-II,3,45,37.98402206073965,3.6710266908814178,11.039739478785474
Carside,NSGA-II,3,45,25.28494305467902,3.887638936760184,12.189448511138366
Carside,NSGA-II,3,45,29.66738539251955,3.808420535628343,11.470535976943205
Carside,NSGA-II,3,45,28.90672052974486,3.8576414450972853,11.443597053025009
Carside,NSGA-II,3,45,32.50395548459006,3.7143599088559145,11.388560167536035
Carside,NSGA-II,3,45,31.206045090412147,3.7860431421159224,11.61012012950432
Carside,NSGA-II,3,45,36.1857132110838,3.6505165674357856,11.188000129623212
Carside,NSGA-II,3,45,28.090657482242843,3.762881013067973,12.45196466736531
Carside,NSGA-II,3,45,26.902710663784053,3.982067078817522,11.697259776501713
Carside,NSGA-II,3,45,36.01159681884587,3.609918895622696,11.326314024636186
Carside,NSGA-II,3,45,39.69932377663649,3.6165097214299493,10.941972599801687
Carside,NSGA-II,3,45,34.210805126571,3.7544680277979117,11.203764149773605
Carside,NSGA-II,3,45,27.547673090395246,3.843722236091381,12.045418894547879
Carside,NSGA-II,3,45,39.66737885931786,3.7950595732356405,10.71609526422462
Carside,NSGA-II,3,45,31.148947013855224,3.929804810640513,11.353487793397203
Carside,NSGA-II,3,45,33.13159251427332,3.7899810201430744,11.240224370752335
Carside,NSGA-II,3,45,36.3328506578346,3.9213065241016523,10.838307372517246
Carside,NSGA-II,3,45,42.01171641687359,3.597703873418074,10.685413766361052
Carside,NSGA-II,3,45,41.009232317226314,3.6460718128645024,10.769473597588785
Carside,NSGA-II,3,45,27.22527910406558,3.9311051936502546,11.530193200961023
Carside,NSGA-II,3,45,42.129758035668814,3.63848731873627,10.62417372653784
Carside,NSGA-II,3,45,29.96069333094499,3.7993786710062447,11.457639389543269
Carside,NSGA-II,3,45,25.256352108884577,3.9915152309516544,12.097476741474996
Carside,NSGA-II,3,45,30.04819481156354,3.7697857423413743,11.8897369079189
Carside,NSGA-II,3,45,30.668244460386706,3.827805964272982,11.42688004561589
Carside,NSGA-II,3,45,24.2082795588493,3.9517610494422417,12.377159679515563
Carside,NSGA-II,3,45,36.726678481462685,3.699838096099899,11.076674392244719
Carside,NSGA-II,3,45,41.34946072674287,3.720632335817248,10.654465237366704
Carside,NSGA-II,3,45,25.98800178208182,3.8362101901412653,12.277991805968679
Carside,NSGA-II,3,45,24.621964145399957,3.880213715178221,12.517560849703546
Carside,NSGA-II,3,45,37.00502008242964,3.7799581204153267,10.90612195480034
Carside,NSGA-II,3,45,41.730142482496404,3.5972489178664984,10.751436250612668
Carside,NSGA-II,3,45,25.82888001326089,3.840229629820952,12.298362859994405
Carside,NSGA-II,3,45,24.854076537071315,3.942805981173597,12.32794158399368
Carside,NSGA-II,3,45,28.680869541839723,3.852766083735492,11.51004832279736
Carside,NSGA-II,3,45,32.61710596165331,3.8966654507126326,11.101007071854731
Carside,NSGA-II,3,45,24.875356797992836,3.910702589798331,12.488277785563199
Carside,NSGA-II,3,45,26.683177918108836,3.843128547439988,12.07418398498379
Carside,NSGA-II,3,45,25.34948392924889,3.9165635495677056,12.161789854560915
Carside,NSGA-II,3,45,31.44023302017477,3.655361536848391,12.148480444638553
Carside,NSGA-II,3,45,28.982470746452634,3.961191908915923,11.430353082119264
Carside,NSGA-II,3,45,33.78119195502861,3.6000370903833345,11.939483599254372
Carside,NSGA-II,3,45,41.57047364060878,3.618226273528766,10.768415411649286
Carside,NSGA-II,3,45,35.77866662222907,3.679585039164126,11.162587385575016
Carside,NSGA-II,3,45,40.79845013629004,3.653131483551154,10.723741187015543
Carside,NSGA-II,3,45,32.06909259241484,3.6936084997260608,11.75635608169615
Carside,NSGA-II,3,45,38.690354916893625,3.7354331996873587,10.785722617036248
Carside,NSGA-II,3,45,26.88522570849765,3.983055319562374,11.647893043112877
Carside,NSGA-II,3,45,30.189564449333893,3.6900640217682605,12.224910325201682
Carside,NSGA-II,3,45,27.24289894211096,3.932283990881627,11.522044176497563
Carside,NSGA-II,3,45,32.934026182467456,3.809273685534104,11.259515195030328
Carside,NSGA-II,3,45,33.44640661780208,3.5911197915446715,12.018300812183561
Carside,NSGA-II,3,45,34.63612964758569,3.6437120688589153,11.420356354540338
Carside,NSGA-II,3,45,32.007007878958966,3.6574595133111503,11.984474998272326
Carside,NSGA-II,3,45,35.38885784146007,3.6881402256605402,11.227109570023892
Carside,NSGA-II,3,45,32.20699126006222,3.8997434988621777,11.147849056779455
Carside,NSGA-II,3,45,34.96517293246687,3.7325182237973547,11.204140454270906
Carside,NSGA-II,3,45,33.63954420169863,3.5906023985067126,11.967050125964938
Carside,NSGA-II,3,45,39.01530011794854,3.6748651505604406,10.952586556760211
Carside,NSGA-II,3,45,32.94325959939861,3.7907741766619476,11.2779575847565
Carside,NSGA-II,3,45,41.397863998594126,3.635945133031958,10.672185557504607
Carside,NSGA-II,3,45,25.60060183921293,3.9865663898513577,12.070765568131304
Carside,NSGA-II,3,45,26.845688280108867,3.8956475195219418,12.038046347675493
Carside,NSGA-II,3,45,38.164978780365914,3.781964574903787,10.81722231656304
Carside,NSGA-II,3,45,38.27444916793015,3.6314368417804443,11.011020964666564
Carside,NSGA-II,3,45,27.05812065435798,3.9808709620995204,11.639043067684963
Carside,NSGA-II,3,45,36.03667794165471,3.767571839188083,11.073511274831471
Carside,NSGA-II,3,45,35.53605198193247,3.589609976411615,11.723516626965605
Carside,NSGA-II,3,45,31.398418513282977,3.923968907449354,11.291734869895503
Carside,NSGA-II,3,45,42.18536715944209,3.603194009427309,10.658364842573345
Carside,NSGA-II,3,45,35.313072565605204,3.8820088144954092,10.923453553237405
Carside,NSGA-II,3,45,34.209496172604574,3.7641682544454027,11.268971544220244
Carside,NSGA-II,3,45,25.41497734040405,3.9691846200661938,12.12047309497892
Carside,NSGA-II,3,45,24.967782813200667,3.867660755135178,12.387180400579263
Carside,NSGA-II,3,45,30.533637215207126,3.6787134386998686,12.198296089128949
Carside,NSGA-II,4,46,23.628928656725222,3.9998532468920813,12.401970918399506
Carside,NSGA-II,4,46,42.76784655538384,3.5852503595586396,10.610695299421874
Carside,NSGA-II,4,46,24.038619012140142,3.954763951638115,12.514980813598909
Carside,NSGA-II,4,46,24.43770684289956,3.9998570587754214,12.173251003357315
Carside,NSGA-II,4,46,42.76620847498916,3.585250298514616,10.610847291483879
Carside,NSGA-II,4,46,42.744503727954864,3.5881761245971786,10.610653232263756
Carside,NSGA-II,4,46,26.949118943167925,3.9006147750262525,11.703637789865395
Carside,NSGA-II,4,46,26.27432788240098,3.8043011006042837,12.386083125944554
Carside,NSGA-II,4,46,25.979376134853005,3.8270550895623727,12.449576449743994
Carside,NSGA-II,4,46,29.38187134817505,3.781792573584083,11.745325202196554
Carside,NSGA-II,4,46,40.67004383226837,3.5856600908789558,10.892073925263588
Carside,NSGA-II,4,46,25.270852231028314,3.979747483889697,12.157394557291795
Carside,NSGA-II,4,46,30.355946779846242,3.920189099912488,11.317198229329918
Carside,NSGA-II,4,46,27.397166121635234,3.9948985711739198,11.4821617451003
Carside,NSGA-II,4,46,36.534367964781225,3.6929430435189072,11.152236765067592
Carside,NSGA-II,4,46,25.18875200539597,3.9728430357835673,12.187139597191578
Carside,NSGA-II,4,46,28.108017868271045,3.955414706254053,11.450736880261779
Carside,NSGA-II,4,46,32.815465789136454,3.880054607953276,11.096865046249048
Carside,NSGA-II,4,46,39.35992791314905,3.6904102512226586,10.818485381041945
Carside,NSGA-II,4,46,29.107691565707853,3.794917439185455,11.89347527793381
Carside,NSGA-II,4,46,33.022822513548846,3.750897138028803,11.341255537295918
Carside,NSGA-II,4,46,33.40545178542265,3.6761951934979855,11.858758190093287
Carside,NSGA-II,4,46,33.75027294481523,3.668836276354695,11.80636770608475
Carside,NSGA-II,4,46,35.99080370543148,3.819606900117207,10.963725802962777
Carside,NSGA-II,4,46,28.794576554734455,3.7972782925549455,11.788091029293192
Carside,NSGA-II,4,46,38.001371122802865,3.600941784177219,11.06889171082073
Carside,NSGA-II,4,46,29.872069179646626,3.9061633105416598,11.441342323686824
Carside,NSGA-II,4,46,30.64618366291286,3.7618207314224037,11.959964206188168
Carside,NSGA-II,4,46,42.00093269993634,3.6185640093348046,10.67397231840154
Carside,NSGA-II,4,46,26.976430314446944,3.989071906171926,11.537523925019396
Carside,NSGA-II,4,46,37.08313722519453,3.723662695609966,11.033261838282048
Carside,NSGA-II,4,46,29.528929276332075,3.7892338217211643,11.608834492792784
Carside,NSGA-II,4,46,23.77158161538542,3.9885063090299524,12.391401435776434
Carside,NSGA-II,4,46,24.374460477926007,3.9451712442685323,12.501667807127443
Carside,NSGA-II,4,46,27.905005634363757,3.8491585856644708,11.561881424792592
Carside,NSGA-II,4,46,35.70648994686289,3.8405170620609996,10.913655417675798
Carside,NSGA-II,4,46,36.21238966108619,3.646086396628949,11.22138182840017
Carside,NSGA-II,4,46,41.63423821427573,3.634433797460038,10.66006301415451
Carside,NSGA-II,4,46,39.485265327702265,3.7113842922711586,10.787852998512477
Carside,NSGA-II,4,46,31.156965321371658,3.6799730534642943,11.980307219672838
Carside,NSGA-II,4,46,25.187194129947407,3.972978048516568,12.20864595532541
Carside,NSGA-II,4,46,38.686639112344416,3.5852503595586396,11.476200935498644
Carside,NSGA-II,4,46,39.949495979754545,3.709716010075951,10.807507150727407
Carside,NSGA-II,4,46,42.30283348701819,3.5913996345315695,10.71731086843497
Carside,NSGA-II,4,46,25.44808489468686,3.894650061930934,12.139135072661794
Carside,NSGA-II,4,46,29.70448193883343,3.9166297577296105,11.420307297029662
Carside,NSGA-II,4,46,36.24389483932891,3.813126952985195,10.944144329618188
Carside,NSGA-II,4,46,32.84079697958831,3.70345363992666,11.823745506790647
Carside,NSGA-II,4,46,36.96455050979209,3.639046017279799,11.16308272440228
Carside,NSGA-II,4,46,29.958539683691185,3.9401552585952304,11.383481298078436
Carside,NSGA-II,4,46,37.4867503010046,3.6539393135749383,11.053492914146247
Carside,NSGA-II,4,46,31.74606063957963,3.898640231339734,11.279222332048032
Carside,NSGA-II,4,46,30.933396997184353,3.6948451197159473,12.062717897007843
Carside,NSGA-II,4,46,27.37047051435985,3.886381800804731,11.67304295874764
Carside,NSGA-II,4,46,31.35265925339816,3.6739365133688313,12.018819433119225
Carside,NSGA-II,4,46,40.214363415754924,3.7071235139583854,10.76370392373924
Carside,NSGA-II,4,46,32.36353572071238,3.8328201609896366,11.263338031269639
Carside,NSGA-II,4,46,33.49067848193838,3.8720452191059347,11.00740291073156
Carside,NSGA-II,4,46,35.81319105199324,3.655216576452345,11.251786892823379
Carside,NSGA-II,4,46,27.710487631206174,3.888931438613721,11.573131605863413
Carside,NSGA-II,4,46,31.974830419333703,3.6806980119148323,11.93286999062704
Carside,NSGA-II,4,46,38.95034134596587,3.7195037206923947,10.930152769558084
Carside,NSGA-II,4,46,38.26165497339849,3.750842029814166,10.800111569658437
Carside,NSGA-II,4,46,31.632516003528803,3.66366815747565,12.064840301160437
Carside,NSGA-II,4,46,27.59887815251363,3.9426622557983904,11.600740337742684
Carside,NSGA-II,4,46,34.11694341368508,3.93415575427029,11.00380609100382
Carside,NSGA-II,4,46,35.14164879507925,3.714461381210556,11.305045972314744
Carside,NSGA-II,4,46,27.016147536338366,3.9529982220189877,11.639183964337699
Carside,NSGA-II,4,46,37.73443812667706,3.77529047677225,10.901343300876096
Carside,NSGA-II,4,46,40.48090118706841,3.6587301719752205,10.80439442096638
Carside,NSGA-II,4,46,24.781652005177033,3.8650717191168646,12.399109291840281
Carside,NSGA-II,4,46,35.096759071342035,3.7035757518431542,11.65847372547918
Carside,NSGA-II,4,46,37.823553171488086,3.7326063490281016,10.9107974451257
Carside,NSGA-II,4,46,28.498512151694506,3.818585465093344,11.960025641969235
Carside,NSGA-II,4,46,24.85380343267143,3.941449257972714,12.354403382540816
Carside,NSGA-II,4,46,40.92453134270774,3.655162175648042,10.725035193415119
Carside,NSGA-II,4,46,33.57699231839009,3.6299104024089255,12.003037283556267
Carside,NSGA-II,4,46,29.796216546989015,3.731180794462044,12.098959868832399
Carside,NSGA-II,4,46,36.89276958662554,3.6227668580899524,11.183428786400068
Carside,NSGA-II,4,46,41.12094290757686,3.650750593937248,10.714545561125354
Carside,NSGA-II,4,46,27.637143100445996,3.778900282406755,12.251432210600832
Carside,NSGA-II,4,46,38.20641983389195,3.7575316759976993,10.800259026340022
Carside,NSGA-II,4,46,42.07000369804413,3.6108945777773003,10.640028651481543
Carside,NSGA-II,4,46,36.66178565401276,3.7445488563021434,11.080337481534151
Carside,NSGA-II,4,46,25.577924993279485,3.849921530714089,12.460615081250573
Carside,NSGA-II,4,46,29.582430046380864,3.7384631531916592,12.115302549786254
Carside,NSGA-II,4,46,33.950776760735735,3.836475376610607,11.186853039920631
Carside,NSGA-II,4,46,25.76357326085092,3.850954406474102,12.286582987669505
Carside,NSGA-II,4,46,35.33156047231389,3.6350213506487337,11.390514660424625
Carside,NSGA-II,4,46,34.532095230923765,3.649062965607981,11.760110419884933
Carside,NSGA-II,4,46,28.29707854961029,3.8404028622244226,12.090804747776453
Carside,NSGA-II,4,46,26.038220821982325,3.8580873051764897,12.208036477749127
Carside,NSGA-II,4,46,27.838868150972846,3.7672916573180313,12.275541925980928
Carside,NSGA-II,4,46,29.671897286170264,3.936918054520098,11.406304104217078
Carside,NSGA-II,4,46,34.760487861120225,3.926810213265422,10.980147353429409
Carside,NSGA-II,4,46,30.966547158316104,3.694779314263411,12.05384721207211
Carside,NSGA-II,4,46,30.567668246325812,3.70841256245091,12.073977338360145
Carside,NSGA-II,4,46,41.50912176039336,3.6128231083284086,10.738289213054811
Carside,NSGA-II,4,46,24.63138648841042,3.945679620253949,12.374454354493563
Carside,NSGA-II,4,46,38.94044705660288,3.625038270854492,11.027669472797726
Carside,NSGA-II,5,47,38.093841480203984,3.585251100821127,11.093828247893567
Carside,NSGA-II,5,47,24.244966244373252,3.929400106201039,12.51480160420764
Carside,NSGA-II,5,47,23.62728346537291,3.9979919937590287,12.471560448245391
Carside,NSGA-II,5,47,24.134360995731203,3.9999886582158757,12.280051883158375
Carside,NSGA-II,5,47,42.76648658314788,3.5852756483139543,10.611169184368261
Carside,NSGA-II,5,47,41.476389249534215,3.746175202143986,10.610827924218565
Carside,NSGA-II,5,47,27.785276478725834,3.8129975524966278,11.982125914393775
Carside,NSGA-II,5,47,32.0103932473252,3.805943078173115,11.302417078223009
Carside,NSGA-II,5,47,30.903425849067055,3.7463379224572577,11.578706648039894
Carside,NSGA-II,5,47,26.745052782937982,3.894896030973819,11.916091919828686
Carside,NSGA-II,5,47,25.17448547639403,3.916154830821926,12.29294328199899
Carside,NSGA-II,5,47,25.56810699586706,3.9730064385298824,12.050142216897543
Carside,NSGA-II,5,47,29.96939783335052,3.759885115917932,11.743135729063464
Carside,NSGA-II,5,47,38.54092818414774,3.7668028750589397,10.794628161498181
Carside,NSGA-II,5,47,32.47887021318726,3.963934516741091,11.03527518297964
Carside,NSGA-II,5,47,34.79076073158361,3.687456766691995,11.339210520611672
Carside,NSGA-II,5,47,42.46882342431129,3.585832387256028,10.638100196392173
Carside,NSGA-II,5,47,24.650951537876278,3.9507935651197554,12.319827197479913
Carside,NSGA-II,5,47,26.973088099319718,3.957318021195008,11.70906024765434
Carside,NSGA-II,5,47,37.20745675667229,3.739232835236592,11.00996811891533
Carside,NSGA-II,5,47,27.14813711020157,3.8884155778481007,11.887564543020293
Carside,NSGA-II,5,47,35.846625402312355,3.7971939316101033,11.109443411542195
Carside,NSGA-II,5,47,37.65040084164028,3.8318688856885963,10.911523789293177
Carside,NSGA-II,5,47,37.55291611814359,3.8398012723387254,10.926595210303681
Carside,NSGA-II,5,47,39.36805940278217,3.633259283187267,10.95225683539481
Carside,NSGA-II,5,47,23.96968984024805,3.975860103725078,12.490290391371182
Carside,NSGA-II,5,47,39.07850338043322,3.6671593677176424,10.921841985635197
Carside,NSGA-II,5,47,28.41285541807389,3.7996964359799006,12.233524351252544
Carside,NSGA-II,5,47,30.600437784398466,3.752962105063786,11.592043051143836
Carside,NSGA-II,5,47,28.560369792296093,3.8504039197960145,11.475938294642468
Carside,NSGA-II,5,47,31.50502008882475,3.7368025596321757,11.554096892065283
Carside,NSGA-II,5,47,23.74436224064295,3.995088020608985,12.39795800846268
Carside,NSGA-II,5,47,34.370974679082124,3.6454888545932036,11.38701122082805
Carside,NSGA-II,5,47,41.91724647092235,3.593931782545357,10.695020816450016
Carside,NSGA-II,5,47,42.17357537283041,3.607412157866112,10.656956510297391
Carside,NSGA-II,5,47,39.460392871187544,3.723583616860493,10.746314121983186
Carside,NSGA-II,5,47,30.102250684190135,3.7060037599472033,12.19176225707103
Carside,NSGA-II,5,47,34.52820206482487,3.689936671759384,11.268398011680112
Carside,NSGA-II,5,47,29.251832394378354,3.77977121592052,11.783163468142238
Carside,NSGA-II,5,47,42.14752594716472,3.5969368614061477,10.675686075814736
Carside,NSGA-II,5,47,26.095092898635095,3.909056086354108,12.160972591268354
Carside,NSGA-II,5,47,29.8212792296059,3.7730705230575476,11.660644147124774
Carside,NSGA-II,5,47,40.1320450966489,3.60323361901028,10.941066048909903
Carside,NSGA-II,5,47,33.57717752948438,3.9447493655457713,10.984305831456272
Carside,NSGA-II,5,47,32.14207700659267,3.7013446870448825,12.001379822027609
Carside,NSGA-II,5,47,26.507933893642242,3.8263603951275678,12.320355200379966
Carside,NSGA-II,5,47,26.837181088430007,3.877210935871141,12.019675496520321
Carside,NSGA-II,5,47,36.198857053322094,3.6709439301444586,11.122937791686134
Carside,NSGA-II,5,47,37.82789431281646,3.790387410761895,10.867705815112437
Carside,NSGA-II,5,47,31.534494277403475,3.7368025596321757,11.551677453458408
Carside,NSGA-II,5,47,36.83342773652944,3.7108431395773933,11.070677340902368
Carside,NSGA-II,5,47,25.37465223599421,3.904293267366977,12.36471942318851
Carside,NSGA-II,5,47,32.96025800577451,3.6780550587385257,11.766947623176337
Carside,NSGA-II,5,47,40.443468199052916,3.6164574682574013,10.88450430358905
Carside,NSGA-II,5,47,35.55962501734558,3.5898311155563145,11.631139380928282
Carside,NSGA-II,5,47,25.772156429259514,3.8684142996560977,12.245660324645133
Carside,NSGA-II,5,47,39.8526305709119,3.692519149800062,10.759003730782425
Carside,NSGA-II,5,47,29.259617293091388,3.986560566511492,11.414539603751596
Carside,NSGA-II,5,47,40.63474036632327,3.6526030159128067,10.84750147079339
Carside,NSGA-II,5,47,38.660307116732305,3.7326780949248084,10.811717203879368
Carside,NSGA-II,5,47,35.50497327216239,3.6214120956249873,11.32102372253609
Carside,NSGA-II,5,47,33.805870431416515,3.6591519546861107,11.79799348438991
Carside,NSGA-II,5,47,33.89167613360942,3.810388242489349,11.227961018584647
Carside,NSGA-II,5,47,40.275570143787455,3.5991668698666417,10.906841443031048
Carside,NSGA-II,5,47,25.76107756228693,3.8684142996560977,12.246064272808816
Carside,NSGA-II,5,47,41.512500857606916,3.6124292211143807,10.763336086116622
Carside,NSGA-II,5,47,32.414101055074426,3.860545942748845,11.279642424769369
Carside,NSGA-II,5,47,26.170548736934094,3.990449739319438,11.798100058121431
Carside,NSGA-II,5,47,41.2335521101659,3.755148001568818,10.623268826268195
Carside,NSGA-II,5,47,41.69992320279158,3.6088769707824726,10.703226418540288
Carside,NSGA-II,5,47,26.39630932288579,3.824331188058519,12.344672406606866
Carside,NSGA-II,5,47,36.01844777812774,3.8222259556800613,11.061079278623737
Carside,NSGA-II,5,47,34.74989276083676,3.629226253304768,11.51881244087248
Carside,NSGA-II,5,47,25.019185543764927,3.969045952175889,12.100144800520319
Carside,NSGA-II,5,47,28.31457396434443,3.8684142996560977,11.520659501842701
Carside,NSGA-II,5,47,40.94719007610486,3.6423019743437983,10.820644004193923
Carside,NSGA-II,5,47,30.409343005820634,3.7108635731542026,12.145169813382106
Carside,NSGA-II,5,47,34.01599679362062,3.623744488100864,11.88238843234368
Carside,NSGA-II,5,47,28.861060829309572,3.841549215449891,11.465492253406131
Carside,NSGA-II,5,47,34.27949920368092,3.6432382266626635,11.691335197149836
Carside,NSGA-II,5,47,27.298452521553962,3.936329350326793,11.606052521070858
Carside,NSGA-II,5,47,39.269091421240255,3.675419161454784,10.87068976359922
Carside,NSGA-II,5,47,28.93575143537427,3.746612433621417,12.266299758170408
Carside,NSGA-II,5,47,35.29950004502906,3.6625404962490813,11.210564533166805
Carside,NSGA-II,5,47,26.81376959306015,3.894896030973819,11.86425987761832
Carside,NSGA-II,5,47,33.75232959571994,3.6629610083559188,11.758686520943328
Carside,NSGA-II,5,47,38.2135718339502,3.888922578657281,10.74132060312721
Carside,NSGA-II,5,47,36.48453136056532,3.6974790855896478,11.111775320599879
Carside,NSGA-II,5,47,41.07457488447637,3.7849910711100114,10.622047590305057
Carside,NSGA-II,5,47,25.129554264715317,3.969526426709144,12.096391254667365
Carside,NSGA-II,5,47,27.51022806421808,3.936329350326793,11.598341785502424
Carside,NSGA-II,5,47,36.065226720797654,3.6496694742499454,11.183841380655585
Carside,NSGA-II,5,47,24.314930767351115,3.980992627386185,12.36918679741354
Carside,NSGA-II,5,47,38.35410299035637,3.7635835646825977,10.824496269163925
Carside,NSGA-II,5,47,26.299305304217107,3.9684072493897995,11.850388626992679
Carside,NSGA-II,5,47,33.285755280327024,3.789763395596917,11.275687685389567
Carside,NSGA-II,5,47,25.111834659801225,3.915805923803961,12.440173454649699
Carside,NSGA-II,5,47,38.39104647065832,3.715491517677631,10.918990844506716
Carside,NSGA-II,5,47,25.109972750855334,3.9620002861251917,12.179221638262575
Carside,NSGA-II,5,47,38.63278903450237,3.7459059180350085,10.857889765695012
Carside,NSGA-II,6,48,42.21921184298495,3.6536706772537366,10.610691573692096
Carside,NSGA-II,6,48,39.68333938018711,3.585250311101047,10.99657998538801
Carside,NSGA-II,6,48,25.03302430485638,3.999999844757046,12.031616512507291
Carside,NSGA-II,6,48,26.259212135905333,3.8203916252383308,12.519972194601387
Carside,NSGA-II,6,48,42.76257906801492,3.58528079808575,10.61161357018415
Carside,NSGA-II,6,48,23.651602088931774,3.999750114661892,12.419280030112613
Carside,NSGA-II,6,48,35.208854882238384,3.753523720414244,11.135547869911152
Carside,NSGA-II,6,48,30.390762041774742,3.748104455248607,11.724533431394754
Carside,NSGA-II,6,48,33.758062777174196,3.703651005723161,11.39965726410307
Carside,NSGA-II,6,48,26.483896388269528,3.866097128107436,12.001171598494576
Carside,NSGA-II,6,48,29.790429441379978,3.8307347677737145,11.709897135484741
Carside,NSGA-II,6,48,35.02579975138654,3.9096636915805787,10.938583604617847
Carside,NSGA-II,6,48,27.665683380301648,3.89550679719922,11.627026917974188
Carside,NSGA-II,6,48,27.34343134298714,3.8976013853433336,11.65974780499268
Carside,NSGA-II,6,48,32.400356965086544,3.8006346519654888,11.287912547000168
Carside,NSGA-II,6,48,26.868547640363747,3.820477433164572,12.320118110226717
Carside,NSGA-II,6,48,32.104855779406584,3.63829433724218,12.210738085609186
Carside,NSGA-II,6,48,25.8577936032728,3.881581543198867,12.09977043676742
Carside,NSGA-II,6,48,37.19237799164997,3.6910102755402625,11.035450627388931
Carside,NSGA-II,6,48,24.83555252314765,3.949563807358704,12.251865494333025
Carside,NSGA-II,6,48,25.66503853907861,3.978579109208208,12.034986685318778
Carside,NSGA-II,6,48,40.85917571681726,3.641887720374665,10.80304040490151
Carside,NSGA-II,6,48,35.70433403892485,3.7367039553951837,11.082593417432829
Carside,NSGA-II,6,48,31.458982604524248,3.6755094087914837,11.927411744544607
Carside,NSGA-II,6,48,37.353794404750246,3.6164091877369375,11.16692396307565
Carside,NSGA-II,6,48,38.25927422123706,3.730105087856467,10.842739245273481
Carside,NSGA-II,6,48,38.330594161365006,3.6296650869231564,11.062155039490428
Carside,NSGA-II,6,48,25.254722274820917,3.944595512515473,12.074611861075176
Carside,NSGA-II,6,48,34.60050665450015,3.6328915798913717,11.79586297588779
Carside,NSGA-II,6,48,40.8071785272393,3.6223695130150997,10.820924727738703
Carside,NSGA-II,6,48,40.11638473151841,3.667738177556766,10.771985188278492
Carside,NSGA-II,6,48,36.768563724518906,3.775721864631098,10.975845696570298
Carside,NSGA-II,6,48,34.46640116719594,3.7144283280474606,11.329213966422547
Carside,NSGA-II,6,48,33.19384169550879,3.611792699509739,11.902996483497446
Carside,NSGA-II,6,48,26.701787253281115,3.9841682741515254,11.623425543394923
Carside,NSGA-II,6,48,41.23466497207285,3.6649758352638466,10.715894268805613
Carside,NSGA-II,6,48,35.9529009550657,3.6063052529758384,11.344864514980038
Carside,NSGA-II,6,48,30.30380389169881,3.826543283111593,11.48498081973833
Carside,NSGA-II,6,48,25.48581785161536,3.8400143284291195,12.400990025991497
Carside,NSGA-II,6,48,36.88438600714251,3.649043459912808,11.095023907907915
Carside,NSGA-II,6,48,31.6658153345735,3.95502660216538,11.18919122145656
Carside,NSGA-II,6,48,27.888929024130444,3.856243192660308,11.646705083644157
Carside,NSGA-II,6,48,31.084456875912284,3.7724968726194628,11.41928875405808
Carside,NSGA-II,6,48,33.605916113276564,3.6240241988909947,11.859470366637819
Carside,NSGA-II,6,48,37.87069685414869,3.781514853742963,10.883150786550585
Carside,NSGA-II,6,48,41.72433474239364,3.652647285984446,10.660297215621483
Carside,NSGA-II,6,48,30.600289423143405,3.7923846043004064,11.423776937982737
Carside,NSGA-II,6,48,24.39461412579532,3.9646538413505326,12.349320926883575
Carside,NSGA-II,6,48,32.55819270310774,3.622698801929807,12.171867838888808
Carside,NSGA-II,6,48,33.99056733712109,3.7003795922299685,11.388765885355983
Carside,NSGA-II,6,48,26.212722723361576,3.9952461588998767,11.956485915616863
Carside,NSGA-II,6,48,27.517033706022264,3.8741502621468373,11.658614203590163
Carside,NSGA-II,6,48,31.31728130215689,3.8060013905108914,11.377455106213203
Carside,NSGA-II,6,48,39.40087740666726,3.6856162659869645,10.869792294273157
Carside,NSGA-II,6,48,34.11835533003271,3.6061369381387647,11.831852514805176
Carside,NSGA-II,6,48,27.268126656911118,3.8358181568064733,11.986163575346957
Carside,NSGA-II,6,48,23.947583176314012,3.9734269300862866,12.396133884270803
Carside,NSGA-II,6,48,39.099942337064554,3.6962190070309413,10.858176974657459
Carside,NSGA-II,6,48,36.1546738616773,3.6098980716924545,11.324873211909662
Carside,NSGA-II,6,48,34.832602021222804,3.6460733856262832,11.372034540705169
Carside,NSGA-II,6,48,36.58031025578684,3.684261690155435,11.12441983875429
Carside,NSGA-II,6,48,28.528631912032047,3.853111210689757,11.513897418771013
Carside,NSGA-II,6,48,27.4179900941793,3.9255942097605128,11.613627498694859
Carside,NSGA-II,6,48,31.00875335057263,3.956449743932033,11.269830406253869
Carside,NSGA-II,6,48,36.43028705885571,3.60895866677259,11.264316456671452
Carside,NSGA-II,6,48,24.183863836618695,3.9881794729517295,12.349792372546844
Carside,NSGA-II,6,48,38.27684881310076,3.6945785677681906,10.916365775328352
Carside,NSGA-II,6,48,32.70332633441742,3.715059948109067,11.829853517636007
Carside,NSGA-II,6,48,33.434126386696015,3.8095606994750875,11.181566972018297
Carside,NSGA-II,6,48,28.877128725777133,3.849182175458294,11.453232444463985
Carside,NSGA-II,6,48,29.180599348548597,3.7777595259354455,11.952309864761045
Carside,NSGA-II,6,48,42.43295627686581,3.5879271194139326,10.687847654424765
Carside,NSGA-II,6,48,33.431385602380786,3.7249345338270743,11.46507360838796
Carside,NSGA-II,6,48,24.272568170039932,3.9734269300862866,12.366038618506934
Carside,NSGA-II,6,48,31.596136466085998,3.760919207684119,11.383824109641228
Carside,NSGA-II,6,48,24.78472839585123,3.8617372704886113,12.459371804065544
Carside,NSGA-II,6,48,39.87730270455006,3.5983053197769883,10.933365256384416
Carside,NSGA-II,6,48,28.136662263877948,3.8490742349919094,11.539328163717498
Carside,NSGA-II,6,48,26.95863678363708,3.9109418744090005,11.825170436193119
Carside,NSGA-II,6,48,38.00371433061171,3.5901797377471816,11.07036751165974
Carside,NSGA-II,6,48,30.444053507851955,3.7854944305278386,11.549395448774689
Carside,NSGA-II,6,48,37.497520829302495,3.724762999811147,10.928910821000754
Carside,NSGA-II,6,48,30.079937719149946,3.7761364887975986,11.555252674337662
Carside,NSGA-II,6,48,38.15817171952012,3.7389678109287168,10.872066409136693
Carside,NSGA-II,6,48,31.33727515683253,3.936583328587549,11.284404140395225
Carside,NSGA-II,6,48,34.36388713706231,3.6003805314317283,11.805423231172407
Carside,NSGA-II,6,48,26.407291085270383,3.8228333683677045,12.486547023884864
Carside,NSGA-II,6,48,29.01036650840075,3.94577761111856,11.432673111405283
Carside,NSGA-II,6,48,28.964364956993037,3.844228644940845,11.495491553952196
Carside,NSGA-II,6,48,31.93027185370626,3.9536467558096415,11.129306140612984
Carside,NSGA-II,6,48,25.215578000406182,3.939540805653914,12.234711860432883
Carside,NSGA-II,6,48,36.39406502525824,3.669012838855752,11.1276135818211
Carside,NSGA-II,6,48,25.19052431418496,3.8545957938572752,12.445348254708755
Carside,NSGA-II,6,48,41.92656474121503,3.64339764070309,10.638371928113585
Carside,NSGA-II,6,48,25.885159661214434,3.8545055536753425,12.128053744774569
Carside,NSGA-II,6,48,33.56224868786288,3.6240241988909947,11.872472437447815
Carside,NSGA-II,6,48,27.08966484230826,3.860881197414866,11.77460392942655
Carside,NSGA-II,6,48,27.05332999216383,3.9177891131388516,11.812260348073115
Carside,NSGA-II,6,48,28.16048032944788,3.916776958709956,11.51934519320767
Carside,NSGA-II,6,48,26.140664041889828,3.852516284411834,12.15045705936539
Carside,NSGA-II,7,49,42.766512997044686,3.5853060559205514,10.610833345285885
Carside,NSGA-II,7,49,23.59155720352226,3.9999642910221684,12.406470211624804
Carside,NSGA-II,7,49,26.481638971227586,3.802587204489189,12.516958709106971
Carside,NSGA-II,7,49,23.72278053994761,3.999997851613436,12.394420091688065
Carside,NSGA-II,7,49,42.6769969477342,3.5965173170744027,10.610717637959091
Carside,NSGA-II,7,49,39.23513697780183,3.585251077729882,10.941748934698516
Carside,NSGA-II,7,49,26.336956422496026,3.9225056910399587,11.962348283549673
Carside,NSGA-II,7,49,34.09013891034081,3.735218400919635,11.294942402354256
Carside,NSGA-II,7,49,31.21257560890341,3.698391895019326,11.90201808871019
Carside,NSGA-II,7,49,28.33476468218331,3.7686170749300167,12.238705324076388
Carside,NSGA-II,7,49,32.9964228843625,3.9491361856345955,11.028594228892059
Carside,NSGA-II,7,49,31.477921697138598,3.658435345662519,12.193567925891792
Carside,NSGA-II,7,49,35.638793693882185,3.6629349487509355,11.20358192648983
Carside,NSGA-II,7,49,24.83808163977521,3.8545524876593937,12.387396085876635
Carside,NSGA-II,7,49,28.523610579275587,3.823946107989898,11.610692800567202
Carside,NSGA-II,7,49,33.54995953992348,3.676611712452746,11.467279278771322
Carside,NSGA-II,7,49,36.55270460264923,3.717598398202489,11.121707811905692
Carside,NSGA-II,7,49,26.840181688625798,3.8275616291671386,12.09432109241552
Carside,NSGA-II,7,49,40.68364899916497,3.643044357756079,10.838217842068808
Carside,NSGA-II,7,49,40.065393344421985,3.758789692639263,10.712630025412347
Carside,NSGA-II,7,49,30.079351806838936,3.6809097883484854,12.432124606415632
Carside,NSGA-II,7,49,32.36527459128582,3.870395078571544,11.113252696093728
Carside,NSGA-II,7,49,40.226713443821325,3.678406686993015,10.719300162745352
Carside,NSGA-II,7,49,31.998641599512784,3.7560293640689393,11.85754547398043
Carside,NSGA-II,7,49,25.36249430294683,3.86388069953184,12.330777977938595
Carside,NSGA-II,7,49,41.48186288011567,3.7107938717483826,10.684418878875313
Carside,NSGA-II,7,49,28.86381281045806,3.8189408119839614,11.56699022794563
Carside,NSGA-II,7,49,27.117962802432938,3.9849969457479277,11.504914669914497
Carside,NSGA-II,7,49,29.525624242873597,3.7986695194541005,11.594094596536781
Carside,NSGA-II,7,49,39.92096228668251,3.7502643394045077,10.760706668355889
Carside,NSGA-II,7,49,34.50679014144709,3.645125904747515,11.437497964046816
Carside,NSGA-II,7,49,31.541435648965493,3.970188554053381,11.28553402821477
Carside,NSGA-II,7,49,27.641515901878584,3.777852779069838,12.458439313347744
Carside,NSGA-II,7,49,32.0820683532827,3.672639463496611,12.182642695251722
Carside,NSGA-II,7,49,25.86897452419614,3.9415504036721085,12.182028352555129
Carside,NSGA-II,7,49,34.90826639907592,3.6836675502868066,11.267090332407374
Carside,NSGA-II,7,49,36.375997519671635,3.748238501972314,11.075404369811398
Carside,NSGA-II,7,49,34.656365481697016,3.5922421097599786,12.140960645975234
Carside,NSGA-II,7,49,26.03967786310481,3.9404117150058164,12.134840804141714
Carside,NSGA-II,7,49,38.871023546532626,3.7344405608293343,10.809418086638669
Carside,NSGA-II,7,49,23.83937282394388,3.9944708094675283,12.400257417174128
Carside,NSGA-II,7,49,30.997674218219185,3.784375984594447,11.671635561306402
Carside,NSGA-II,7,49,31.88766591272808,3.6946420027434757,12.065607515426269
Carside,NSGA-II,7,49,34.62531765568544,3.8060274218386057,11.005744940958344
Carside,NSGA-II,7,49,27.24807790995247,3.9117541498869985,11.74993678585296
Carside,NSGA-II,7,49,38.22823590310279,3.631864506320883,10.979262792643237
Carside,NSGA-II,7,49,30.176647854912108,3.890868410371736,11.432695925688352
Carside,NSGA-II,7,49,30.66656575748064,3.833372358131536,11.344836314439803
Carside,NSGA-II,7,49,40.414776635568224,3.728638643898141,10.701948261405247
Carside,NSGA-II,7,49,39.79801157830833,3.6920667646498253,10.913407241681996
Carside,NSGA-II,7,49,32.70183534750777,3.9324511780274856,11.069773597535821
Carside,NSGA-II,7,49,34.92334117896274,3.614919711242149,11.813731251842508
Carside,NSGA-II,7,49,28.051708900240843,3.8824108777451394,11.564660615429117
Carside,NSGA-II,7,49,39.32344801678833,3.787149994936361,10.802404598442036
Carside,NSGA-II,7,49,41.5476590653329,3.622372371312859,10.683411045315594
Carside,NSGA-II,7,49,27.457183713938036,3.9086221044589986,11.722407560456844
Carside,NSGA-II,7,49,27.92987480879995,3.936411064986613,11.539675307027547
Carside,NSGA-II,7,49,26.543805486350518,3.9715091919023697,11.773124921233158
Carside,NSGA-II,7,49,34.86260102143468,3.7127124109203926,11.346195582778279
Carside,NSGA-II,7,49,41.81774933441142,3.629696223701723,10.646271890993983
Carside,NSGA-II,7,49,25.75544606532186,3.9545811843092435,12.092692321373608
Carside,NSGA-II,7,49,32.9022745826742,3.85462211343408,11.155614104230292
Carside,NSGA-II,7,49,29.301266021233165,3.7212550816133882,12.48965709741824
Carside,NSGA-II,7,49,34.979906906337696,3.608258025069877,11.813372261102188
Carside,NSGA-II,7,49,39.643924374703296,3.6246309727014876,10.917573551213724
Carside,NSGA-II,7,49,42.097763917288326,3.6018173659374413,10.688512382276933
Carside,NSGA-II,7,49,41.242473751899574,3.6277174832673014,10.819109668072613
Carside,NSGA-II,7,49,27.36533925797918,3.8168833592551685,12.288703760468984
Carside,NSGA-II,7,49,37.87640918528312,3.7313108031041353,10.962106626538073
Carside,NSGA-II,7,49,28.561676120679202,3.8178197659088924,11.690273043716775
Carside,NSGA-II,7,49,32.64802387159759,3.85961653783665,11.17583452504709
Carside,NSGA-II,7,49,42.43065395923837,3.5853060559205514,10.655946991320537
Carside,NSGA-II,7,49,27.422335501663525,3.9813093221227494,11.493040371482108
Carside,NSGA-II,7,49,36.291029581345065,3.5943957439697876,11.709168379247036
Carside,NSGA-II,7,49,24.65625051723535,3.867519587106053,12.406401626249668
Carside,NSGA-II,7,49,38.371528266654856,3.616969076347203,10.977832754525046
Carside,NSGA-II,7,49,25.132201013456196,3.9786642244023738,12.046934784138628
Carside,NSGA-II,7,49,42.37512786309044,3.589318268135228,10.648090979946346
Carside,NSGA-II,7,49,29.24730037104843,3.8099531169449197,12.007269990447377
Carside,NSGA-II,7,49,30.565391876196397,3.8488131796155134,11.40184545823124
Carside,NSGA-II,7,49,31.18139725052059,3.658435345662519,12.217674145115254
Carside,NSGA-II,7,49,41.10934091486834,3.627768794270655,10.840292824022843
Carside,NSGA-II,7,49,31.334657009200775,3.6946420027434757,12.117143080869909
Carside,NSGA-II,7,49,31.718259231621545,3.9957805288257413,11.176521123853968
Carside,NSGA-II,7,49,38.963612053161796,3.729976846010091,10.904249515317344
Carside,NSGA-II,7,49,35.12576277673348,3.6077413297995515,11.860735704701352
Carside,NSGA-II,7,49,34.4819189432765,3.6374791924789305,11.897392498062924
Carside,NSGA-II,7,49,27.745284081552274,3.768971884131747,12.454331405030434
Carside,NSGA-II,7,49,28.11836122328545,3.831004676637004,11.984100456377064
Carside,NSGA-II,7,49,36.135117032030294,3.6004317021674064,11.739714194419914
Carside,NSGA-II,7,49,36.888758962958214,3.712550382448584,11.042814001643194
Carside,NSGA-II,7,49,35.23770369897724,3.6329317516233557,11.315787024277256
Carside,NSGA-II,7,49,39.53271393428455,3.7791768659170857,10.777011573088231
Carside,NSGA-II,7,49,28.20299677646463,3.875974274972408,11.539084285649565
Carside,NSGA-II,7,49,24.444449477341806,3.9727989252692266,12.325407836505093
Carside,NSGA-II,7,49,37.30696344655836,3.7954728221542093,10.83583418512877
Carside,NSGA-II,7,49,29.828989921594346,3.8983443579524777,11.457528105748679
Carside,NSGA-II,7,49,27.1633825576645,3.9284536082244434,11.575036166395687
Carside,NSGA-II,7,49,30.478915929173496,3.957447071962061,11.311446370271725
Carside,NSGA-II,7,49,24.294436271986058,3.978179887005877,12.392352330076978
Carside,NSGA-II,8,50,36.319542933511556,3.585268810426994,11.288905916083596
Carside,NSGA-II,8,50,42.765326098322305,3.5854737568030015,10.610713854295138
Carside,NSGA-II,8,50,23.718387839755767,3.997683915171917,12.396588554657235
Carside,NSGA-II,8,50,30.96408779184284,3.999677727708289,11.19592973088783
Carside,NSGA-II,8,50,24.36250135865048,3.986932070939606,12.500027554677771
Carside,NSGA-II,8,50,29.730039731482446,3.7873364406185064,11.743500379899206
Carside,NSGA-II,8,50,38.86013981052299,3.8130742593333427,10.801209828771267
Carside,NSGA-II,8,50,27.765405625368054,3.807532881255723,12.030207718414806
Carside,NSGA-II,8,50,25.30048920059169,3.956162825703656,12.208463262526408
Carside,NSGA-II,8,50,29.893579892841785,3.722906912615766,12.177010299172284
Carside,NSGA-II,8,50,28.70902481194859,3.804862032169919,11.795923705122817
Carside,NSGA-II,8,50,29.047758180957757,3.7985742886246436,11.76893640349012
Carside,NSGA-II,8,50,25.13749677077587,3.9256935214226583,12.315074581737399
Carside,NSGA-II,8,50,29.400848582218245,3.7785920633151653,11.98667729647104
Carside,NSGA-II,8,50,39.149743529002976,3.715518745217002,10.864901168964526
Carside,NSGA-II,8,50,29.384043231068087,3.951482864569572,11.434760135297331
Carside,NSGA-II,8,50,27.431389705103392,3.9113057317733118,11.601807325049968
Carside,NSGA-II,8,50,26.71483046983211,3.8271867378868043,12.256019256663148
Carside,NSGA-II,8,50,39.55630968634931,3.700954754262901,10.798793179031234
Carside,NSGA-II,8,50,41.43171352529852,3.6714159819158563,10.691007010798504
Carside,NSGA-II,8,50,41.039161350375366,3.621902857267808,10.739727716186236
Carside,NSGA-II,8,50,34.62807129882912,3.5995185164801797,11.875046713386933
Carside,NSGA-II,8,50,26.34965841855159,3.864411372623403,12.10455964381613
Carside,NSGA-II,8,50,24.986452798347912,3.9336344410951516,12.357237695785962
Carside,NSGA-II,8,50,30.67544511147425,3.7729731823936663,11.672583630286246
Carside,NSGA-II,8,50,32.76871789959385,3.6694661225090477,11.95199399574837
Carside,NSGA-II,8,50,40.460428284520695,3.644323308010269,10.851529717261723
Carside,NSGA-II,8,50,25.549442482535788,3.847143760841537,12.460614792426231
Carside,NSGA-II,8,50,32.41400561896812,3.961239515523987,11.090440671956678
Carside,NSGA-II,8,50,42.000633655105425,3.6142151007524457,10.67063574796751
Carside,NSGA-II,8,50,33.24295082407599,3.6516474490191553,11.910854174026856
Carside,NSGA-II,8,50,28.28779016322733,3.831838691574921,11.635511042122967
Carside,NSGA-II,8,50,41.821742014178824,3.616879789894492,10.719516857803576
Carside,NSGA-II,8,50,27.222703078347237,3.976168056111827,11.546199496440284
Carside,NSGA-II,8,50,37.29003483228835,3.705040847708427,11.039118392868133
Carside,NSGA-II,8,50,28.406838990723916,3.7882104636135647,12.008869550612228
Carside,NSGA-II,8,50,23.893136221594695,3.9970816732764316,12.38420045348991
Carside,NSGA-II,8,50,42.42956379911179,3.585268810426994,10.658475325836479
Carside,NSGA-II,8,50,24.56537596084072,3.987361829699159,12.332119131769552
Carside,NSGA-II,8,50,32.03203052735929,3.680588027514855,11.866434034570789
Carside,NSGA-II,8,50,32.27111091840843,3.9670393076241126,11.09613551222354
Carside,NSGA-II,8,50,25.737932483759753,3.9011444662636623,12.148852586366043
Carside,NSGA-II,8,50,37.094830159458084,3.628496099557439,11.107881936434918
Carside,NSGA-II,8,50,38.477760104148494,3.658535423541915,11.036983952287946
Carside,NSGA-II,8,50,37.98780190407239,3.5949471506825765,11.069053238350826
Carside,NSGA-II,8,50,28.116016406435854,3.7653183716462015,12.463178419002343
Carside,NSGA-II,8,50,32.165055015705775,3.7329944418406344,11.463493925859453
Carside,NSGA-II,8,50,42.6184816314485,3.585617655827447,10.630262313028826
Carside,NSGA-II,8,50,36.35186919302167,3.814721357797772,10.929500767135309
Carside,NSGA-II,8,50,25.413833877948402,3.97124778855523,12.16521167785779
Carside,NSGA-II,8,50,35.48808337253052,3.8405478477366923,10.99768850412147
Carside,NSGA-II,8,50,29.139810056764055,3.736215322584261,12.287300511614111
Carside,NSGA-II,8,50,40.311458149404295,3.5899059445887103,10.914712290241251
Carside,NSGA-II,8,50,31.04920495676706,3.845220114371969,11.35122514403774
Carside,NSGA-II,8,50,28.090383910088033,3.920483282125955,11.488990476270097
Carside,NSGA-II,8,50,26.592177337772803,3.8843532483045484,12.09694490388667
Carside,NSGA-II,8,50,38.512824110345115,3.725677677753037,10.870483890458349
Carside,NSGA-II,8,50,28.96573400056923,3.8206645957620413,11.532161071859836
Carside,NSGA-II,8,50,31.75898399156785,3.6932078136753015,11.861817613665632
Carside,NSGA-II,8,50,30.302895984287833,3.6887192922703065,12.22816116607943
Carside,NSGA-II,8,50,40.01107941668069,3.6867415497142026,10.751569408204304
Carside,NSGA-II,8,50,39.90513502437359,3.6770360586501454,10.772300531558614
Carside,NSGA-II,8,50,36.79816424396043,3.6223978421156176,11.263810258941444
Carside,NSGA-II,8,50,33.300249629514006,3.631604811605226,11.923022954840036
Carside,NSGA-II,8,50,39.074709345385735,3.6382590234076515,11.018012504894102
Carside,NSGA-II,8,50,28.490028686143088,3.8749632967733145,11.508013532319184
Carside,NSGA-II,8,50,37.684634653065075,3.6060637677930076,11.075689595786004
Carside,NSGA-II,8,50,34.65133879405169,3.6335910231090667,11.605188261361635
Carside,NSGA-II,8,50,39.14508679811931,3.755393119655141,10.828017936216956
Carside,NSGA-II,8,50,30.57715096307894,3.8472767901606666,11.416704618935244
Carside,NSGA-II,8,50,24.6075989438808,3.937374490900384,12.384179828945586
Carside,NSGA-II,8,50,32.52823810892375,3.7591810443407216,11.37193684386293
Carside,NSGA-II,8,50,29.36948831196752,3.7668020544129472,12.051212396032371
Carside,NSGA-II,8,50,33.77832438577513,3.6196418066742813,11.818017952655516
Carside,NSGA-II,8,50,31.03261414911822,3.708093550511306,11.981155092485466
Carside,NSGA-II,8,50,34.30435242723331,3.7173608109608955,11.236051179594051
Carside,NSGA-II,8,50,41.58081749890194,3.629492667408842,10.719165601844935
Carside,NSGA-II,8,50,35.94870038880532,3.8811657086664244,10.943369549163094
Carside,NSGA-II,8,50,35.19813835931549,3.723688450500076,11.174139905607888
Carside,NSGA-II,8,50,32.645318664292326,3.871876905900095,11.115232866713121
Carside,NSGA-II,8,50,35.66816790436657,3.832223306632735,10.975310945160444
Carside,NSGA-II,8,50,28.235814384008254,3.915172001033872,11.487269535567783
Carside,NSGA-II,8,50,34.411282686477904,3.893624326981693,11.00592173250332
Carside,NSGA-II,8,50,34.84008666893245,3.6978173285736284,11.24284387872919
Carside,NSGA-II,8,50,26.033338573685935,3.8902293769963507,12.08555952935474
Carside,NSGA-II,8,50,29.19597663480377,3.7784823229113704,12.058226584610761
Carside,NSGA-II,8,50,32.94610559971395,3.6044253199343186,12.135652666774362
Carside,NSGA-II,8,50,39.77517044084717,3.6944757877064394,10.78749922338319
Carside,NSGA-II,8,50,40.575316746029024,3.6659515957628948,10.7047391920113
Carside,NSGA-II,8,50,28.824260239047476,3.8587159966895075,11.471677761147244
Carside,NSGA-II,8,50,36.17255819374055,3.6402403554195804,11.220274484431938
Carside,NSGA-II,8,50,28.105309128619048,3.8021090075534216,12.275094030103139
Carside,NSGA-II,8,50,38.3108996828649,3.7942837069513278,10.842539014669107
Carside,NSGA-II,8,50,30.86572266689429,3.8410993395981583,11.360203392204326
Carside,NSGA-II,8,50,37.446738473947946,3.770290810801999,10.904494628805493
Carside,NSGA-II,8,50,36.773960190848584,3.8320585148747486,10.919387223578333
Carside,NSGA-II,8,50,31.248319672854688,3.8168178861092135,11.379810658139746
Carside,NSGA-II,8,50,31.17936378865618,3.7033162029308286,11.969457658730438
Carside,NSGA-II,8,50,32.45940176028766,3.7320645899142146,11.396599692818128
Carside,NSGA-II,8,50,33.915822193886704,3.649348554195767,11.699822610130271
Carside,NSGA-II,9,51,25.117958852527384,3.846756837929049,12.498488570300028
Carside,NSGA-II,9,51,27.511138816313665,3.9997068293744755,11.476188244037886
Carside,NSGA-II,9,51,35.1690735289127,3.5852502414442373,11.84181448489999
Carside,NSGA-II,9,51,23.73607913714382,3.997230788211158,12.408758723130585
Carside,NSGA-II,9,51,42.709883126858394,3.59169668620952,10.611478361134935
Carside,NSGA-II,9,51,42.75859820091026,3.585252916599299,10.613194827374308
Carside,NSGA-II,9,51,38.1702146688096,3.7478539577847907,10.878982778784174
Carside,NSGA-II,9,51,32.248909775716186,3.716546443190718,11.698032930721453
Carside,NSGA-II,9,51,37.618764993479886,3.6144778383049223,11.074130385184468
Carside,NSGA-II,9,51,34.68355572526294,3.7633450598298612,11.17371875198457
Carside,NSGA-II,9,51,31.52853874812744,3.9218664980440807,11.279280335417713
Carside,NSGA-II,9,51,28.58408849218083,3.777690158373006,12.058533458806806
Carside,NSGA-II,9,51,36.15428763363569,3.803755950585755,10.9184228375156
Carside,NSGA-II,9,51,32.27547413940619,3.8959553896947026,11.252846561728814
Carside,NSGA-II,9,51,41.55453107475261,3.636104793683266,10.683804929552078
Carside,NSGA-II,9,51,28.27949949080892,3.8483637564293396,11.776623031999451
Carside,NSGA-II,9,51,41.104671194092624,3.6397278189333284,10.698673708928018
Carside,NSGA-II,9,51,42.46603249180802,3.596892237202472,10.630446579253306
Carside,NSGA-II,9,51,32.80798727031905,3.59472400395055,12.14445354537177
Carside,NSGA-II,9,51,33.19211388360049,3.7969815103304807,11.328966193090729
Carside,NSGA-II,9,51,37.106053659100795,3.6732825781308396,11.07518310781208
Carside,NSGA-II,9,51,24.81674254532244,3.9029591134294344,12.438110899236179
Carside,NSGA-II,9,51,26.659236213108258,3.947613190038573,11.976028083656786
Carside,NSGA-II,9,51,25.02560641675213,3.9644102250648294,12.31848050902764
Carside,NSGA-II,9,51,38.84585692213307,3.721976639402631,10.802479559893413
Carside,NSGA-II,9,51,25.769207084104202,3.869436459116223,12.178627275266852
Carside,NSGA-II,9,51,25.980640965506357,3.8776754574019168,12.114691428572367
Carside,NSGA-II,9,51,39.36754084345137,3.705512442609105,10.780416222506334
Carside,NSGA-II,9,51,26.897082216302678,3.8282158637312773,12.096127920001813
Carside,NSGA-II,9,51,38.6858039674874,3.723173101957154,10.851613133227266
Carside,NSGA-II,9,51,27.373285165744328,3.990283501757921,11.513444485530133
Carside,NSGA-II,9,51,29.39384833811445,3.8196486597209356,11.485249014371325
Carside,NSGA-II,9,51,34.42916964216134,3.7706721412631903,11.18871078369652
Carside,NSGA-II,9,51,26.363303607020697,3.9538342367350623,11.996244876556837
Carside,NSGA-II,9,51,32.03364598204868,3.6686401185405546,11.927843295709476
Carside,NSGA-II,9,51,23.73607951935383,3.997230788211158,12.39463895461568
Carside,NSGA-II,9,51,32.359125390612135,3.6595160113896426,11.894876870053574
Carside,NSGA-II,9,51,39.255704077296286,3.645630115924875,10.963025445598483
Carside,NSGA-II,9,51,35.21151864662125,3.6890734045997844,11.20995606933249
Carside,NSGA-II,9,51,36.09226949187052,3.5906932029167264,11.61045827301416
Carside,NSGA-II,9,51,35.316547570302525,3.5894185802153946,11.781440831441646
Carside,NSGA-II,9,51,29.516021909348922,3.9395663687379683,11.370719696440393
Carside,NSGA-II,9,51,36.30687621849675,3.7396404101388225,11.009971399020927
Carside,NSGA-II,9,51,24.151596022156305,3.9919572110581236,12.365949330393734
Carside,NSGA-II,9,51,42.04386199828221,3.6507082736781893,10.642199571958407
Carside,NSGA-II,9,51,38.535518549340914,3.6177777722284787,10.986161123023306
Carside,NSGA-II,9,51,25.42906011924707,3.8486937686983778,12.470732300295762
Carside,NSGA-II,9,51,30.75015560074556,3.7828564057971867,11.472072438036223
Carside,NSGA-II,9,51,37.101333369301834,3.6190481676624047,11.10890047129929
Carside,NSGA-II,9,51,41.77676130535912,3.6077166315791502,10.708690747770849
Carside,NSGA-II,9,51,39.04311838214628,3.8189807880813538,10.751706543738266
Carside,NSGA-II,9,51,31.835730646519686,3.982559906937559,11.103527677844383
Carside,NSGA-II,9,51,24.302007830295015,3.9753338930638393,12.366501839476037
Carside,NSGA-II,9,51,32.46492860101757,3.9811986895333176,11.047120439495668
Carside,NSGA-II,9,51,28.767080065999746,3.885481148841175,11.430588290591423
Carside,NSGA-II,9,51,27.706470468158006,3.917688190387396,11.584525311856043
Carside,NSGA-II,9,51,40.15642638257468,3.6647996153187576,10.816005510227367
Carside,NSGA-II,9,51,40.42903154741176,3.5953021675493466,10.905975170219161
Carside,NSGA-II,9,51,32.52906725973142,3.7149891925923324,11.646184909866319
Carside,NSGA-II,9,51,40.76940172321503,3.6335317867128234,10.76240866463895
Carside,NSGA-II,9,51,31.18810089764257,3.694747777935674,12.020685513594444
Carside,NSGA-II,9,51,41.87659405166095,3.603628245967614,10.696265041254271
Carside,NSGA-II,9,51,32.146326097703984,3.6633979755240906,11.915844985336994
Carside,NSGA-II,9,51,24.63977856663381,3.984572292175645,12.327242499774034
Carside,NSGA-II,9,51,26.680396142921364,3.9617527559285755,11.959133166106072
Carside,NSGA-II,9,51,33.41974151202261,3.6809441146756647,11.411915096109688
Carside,NSGA-II,9,51,39.57652390544083,3.7855420533641513,10.718052035829407
Carside,NSGA-II,9,51,26.518593695981483,3.862237124509673,12.102691178171566
Carside,NSGA-II,9,51,36.418412631966426,3.811950108134585,10.912362203006928
Carside,NSGA-II,9,51,27.198493061801706,3.993169011131365,11.521038734614383
Carside,NSGA-II,9,51,35.691540408338106,3.6052478155657433,11.391248296318409
Carside,NSGA-II,9,51,28.388976552292714,3.97239882824857,11.408005987810018
Carside,NSGA-II,9,51,29.543987709191477,3.8501040243563494,11.398528579585726
Carside,NSGA-II,9,51,37.87472057488126,3.6912672246764746,10.942743190089121
Carside,NSGA-II,9,51,28.75181995502495,3.8433352165198813,11.556029756078175
Carside,NSGA-II,9,51,36.86255375497152,3.7258738549072103,11.059326129160716
Carside,NSGA-II,9,51,29.974847293814495,3.739174670912557,12.001395957872663
Carside,NSGA-II,9,51,30.04657644354026,3.742213783243558,11.93835593805591
Carside,NSGA-II,9,51,42.23988707369065,3.629887410923464,10.640472534778873
Carside,NSGA-II,9,51,25.579465865004032,3.917910957992762,12.125610133318752
Carside,NSGA-II,9,51,30.471750526716832,3.76123547593489,11.682575362657275
Carside,NSGA-II,9,51,33.40955842067435,3.6277423243847045,11.884006856196976
Carside,NSGA-II,9,51,25.654388236578153,3.8553457275399206,12.34822077644667
Carside,NSGA-II,9,51,28.04508765703364,3.7919552289005094,12.231866445673127
Carside,NSGA-II,9,51,37.933566504391294,3.733289588506601,10.912148323824919
Carside,NSGA-II,9,51,34.34155555979602,3.7678199260940235,11.202629018922984
Carside,NSGA-II,9,51,25.29615717453102,3.93682736757407,12.204769074690924
Carside,NSGA-II,9,51,26.81206653317723,3.8574388417544387,12.080032854915189
Carside,NSGA-II,9,51,28.198428787705563,3.813974640169154,12.076295892653384
Carside,NSGA-II,9,51,31.69397584614367,3.745351788999929,11.432890233663827
Carside,NSGA-II,9,51,34.044573750778916,3.8336648307879084,10.997242726286427
Carside,NSGA-II,9,51,24.47470672958274,3.9997027743587954,12.327603295295692
Carside,NSGA-II,9,51,34.999775451337676,3.922903140617144,10.974887983547983
Carside,NSGA-II,9,51,30.58537428040162,3.9107702139648524,11.339006663922476
Carside,NSGA-II,9,51,39.92393774630412,3.6902881478650555,10.730183951684754
Carside,NSGA-II,9,51,28.031573080935143,3.786433284752511,12.236654933887761
Carside,NSGA-II,9,51,26.14273298379425,3.9562020731025638,12.007473868832943
Carside,NSGA-II,9,51,32.71826555019434,3.7139445717419566,11.389167812849617
Carside,NSGA-II,9,51,40.825651014130514,3.6992383520415952,10.679768139306955
Carside,NSGA-II,9,51,35.8448325386497,3.752506573900522,11.05097722020114
Carside,NSGA-II,10,52,23.835281493178,3.99999911525445,12.502313848215557
Carside,NSGA-II,10,52,42.52760509582012,3.614778815073696,10.611343142638122
Carside,NSGA-II,10,52,42.76126452993998,3.5852833368306776,10.611578916634098
Carside,NSGA-II,10,52,39.80887939735247,3.585250093953083,11.425692229630997
Carside,NSGA-II,10,52,24.402664827660953,3.9331649410382825,12.503048125451755
Carside,NSGA-II,10,52,26.017627365082244,3.8480248066053817,12.416796602075033
Carside,NSGA-II,10,52,37.13094308115526,3.6879360594295405,11.07326126419424
Carside,NSGA-II,10,52,30.33509572072942,3.695400380201253,12.258193094357667
Carside,NSGA-II,10,52,32.41321157393619,3.7874703297885186,11.365170653692925
Carside,NSGA-II,10,52,34.78960067579622,3.8830514140069043,11.010428853191359
Carside,NSGA-II,10,52,41.428752476883275,3.6285123331614084,10.709262678239153
Carside,NSGA-II,10,52,25.095712030877728,3.8761493791974924,12.456879127406143
Carside,NSGA-II,10,52,27.915174005947037,3.8609819725051273,11.669992639548258
Carside,NSGA-II,10,52,36.80552441393805,3.7939986140707926,10.903425516076245
Carside,NSGA-II,10,52,36.09334025448149,3.689250967302041,11.116352056617174
Carside,NSGA-II,10,52,39.19896909706787,3.710490730019417,10.785939053303707
Carside,NSGA-II,10,52,27.3614621576122,3.9686346480092616,11.636636252729787
Carside,NSGA-II,10,52,36.206615881102294,3.5944314247439877,11.566573214557849
Carside,NSGA-II,10,52,25.846473200218,3.9780864196906527,12.070461952578038
Carside,NSGA-II,10,52,27.479929856373058,3.89681466285233,11.733492158271757
Carside,NSGA-II,10,52,24.314471843192877,3.985690155750536,12.347376339495517
Carside,NSGA-II,10,52,38.4864181549167,3.76153335497776,10.811819205279702
Carside,NSGA-II,10,52,38.739798052363064,3.715457224555379,10.830503771781377
Carside,NSGA-II,10,52,32.16053894416816,3.806272191275726,11.313003474573467
Carside,NSGA-II,10,52,33.95105262858037,3.7338969283636536,11.2621344623049
Carside,NSGA-II,10,52,26.579581376619643,3.8229853206193902,12.311356639856283
Carside,NSGA-II,10,52,24.81434732334948,3.9242270854705374,12.326190214116306
Carside,NSGA-II,10,52,30.86023712181474,3.76953558036402,11.471543306099294
Carside,NSGA-II,10,52,26.856709077092578,3.9114035382622596,11.915220034445317
Carside,NSGA-II,10,52,35.44149128118049,3.6768870008626515,11.196156955483168
Carside,NSGA-II,10,52,38.04512819507208,3.668645796905593,10.967505874595208
Carside,NSGA-II,10,52,26.202625357774075,3.954808182182548,12.097800937137876
Carside,NSGA-II,10,52,27.765273452051225,3.7779414086372007,12.242914247888496
Carside,NSGA-II,10,52,25.638032198753997,3.8835975687875677,12.21096824643736
Carside,NSGA-II,10,52,34.23095285493302,3.6587939975941293,11.392211064436962
Carside,NSGA-II,10,52,37.62803218476054,3.590133240398857,11.70241427981377
Carside,NSGA-II,10,52,28.91662386992181,3.7705338317095913,12.003031576736557
Carside,NSGA-II,10,52,25.184497880631312,3.8556475064181357,12.371470668849778
Carside,NSGA-II,10,52,25.361490503709682,3.991706456086511,12.12516430384311
Carside,NSGA-II,10,52,31.91387876242211,3.797691259099187,11.334643989721453
Carside,NSGA-II,10,52,34.15780180347858,3.72700772637143,11.245351452068135
Carside,NSGA-II,10,52,23.87872346114195,3.9964412133396445,12.391585383138844
Carside,NSGA-II,10,52,35.43848380991747,3.7435373034252124,11.144009149087552
Carside,NSGA-II,10,52,28.5262457646768,3.7531945312886394,12.231080515690206
Carside,NSGA-II,10,52,29.782727790818864,3.8176195364886283,11.439182192663877
Carside,NSGA-II,10,52,26.71696819982891,3.842973184168589,12.034389044407348
Carside,NSGA-II,10,52,24.60236875375374,3.9753995322884093,12.353798138540961
Carside,NSGA-II,10,52,29.225903571613564,3.839627794543573,11.434011891629911
Carside,NSGA-II,10,52,31.892834288066492,3.8049443374269813,11.340742958215284
Carside,NSGA-II,10,52,41.96131893904969,3.645250754409211,10.656977372656524
Carside,NSGA-II,10,52,26.384274764871506,3.908377875317643,12.008481053193456
Carside,NSGA-II,10,52,27.203116180750566,3.8368195203980404,11.981003919650703
Carside,NSGA-II,10,52,32.76195291878669,3.6540214602188783,11.78345009548066
Carside,NSGA-II,10,52,33.13121746760131,3.6405187733533206,11.774296918755272
Carside,NSGA-II,10,52,37.71661059055842,3.614484574600671,11.043338949062772
Carside,NSGA-II,10,52,31.595366197395673,3.7485171332987792,11.491882660779053
Carside,NSGA-II,10,52,28.0725054117537,3.9039822493134646,11.552041999666812
Carside,NSGA-II,10,52,24.99224361564925,3.8728934392373553,12.475570621236756
Carside,NSGA-II,10,52,27.043998342136543,3.919176449227358,11.754434990940926
Carside,NSGA-II,10,52,35.64834984220165,3.6746996812832036,11.185871071878225
Carside,NSGA-II,10,52,33.71048980294538,3.6102254044452162,11.86979043231476
Carside,NSGA-II,10,52,31.16257891902041,3.8364270245628624,11.322767614665782
Carside,NSGA-II,10,52,36.53928336447279,3.938287224536984,10.885381873735412
Carside,NSGA-II,10,52,30.143284334869296,3.912278832852757,11.424221468022619
Carside,NSGA-II,10,52,33.012026780087155,3.6198747638364064,11.96492931470545
Carside,NSGA-II,10,52,25.35083531680763,3.948931263793383,12.19104869472084
Carside,NSGA-II,10,52,34.82672345217803,3.913673690267592,10.988749081861076
Carside,NSGA-II,10,52,38.27606687210323,3.5927635170349306,11.45654236194363
Carside,NSGA-II,10,52,35.58099791188693,3.8729191034329666,10.936284419266482
Carside,NSGA-II,10,52,24.07939698300252,3.971534917411031,12.383979357421113
Carside,NSGA-II,10,52,39.90867182647108,3.6805617889712536,10.775632198622905
Carside,NSGA-II,10,52,28.464355359447786,3.8129807333991184,11.869239738704984
Carside,NSGA-II,10,52,37.17148238781467,3.7655589968352214,10.946627121292902
Carside,NSGA-II,10,52,38.65088500598455,3.667797175355743,10.909449914641147
Carside,NSGA-II,10,52,30.500258304644653,3.739267694436151,11.889815289527444
Carside,NSGA-II,10,52,40.89203699162862,3.7236667181877547,10.668107900355412
Carside,NSGA-II,10,52,24.905622387317397,3.96473925855159,12.318821826233268
Carside,NSGA-II,10,52,40.52343051254211,3.665273083111045,10.715393744077504
Carside,NSGA-II,10,52,25.22828938692004,3.993106406937932,12.136322867728174
Carside,NSGA-II,10,52,27.5990871757119,3.781512556081821,12.255838637705036
Carside,NSGA-II,10,52,32.056511011681806,3.7274282451120286,11.816475288792544
Carside,NSGA-II,10,52,36.24504051948621,3.6368648214873827,11.177506666074542
Carside,NSGA-II,10,52,31.19336337537585,3.772070236910366,11.41640228090463
Carside,NSGA-II,10,52,37.40584750003626,3.764706953727011,10.874246083367197
Carside,NSGA-II,10,52,41.12883679468761,3.632545065383547,10.73843233523462
Carside,NSGA-II,10,52,32.84173864943459,3.708957741823456,11.385561619721743
Carside,NSGA-II,10,52,32.95930175117443,3.654593368066994,11.717723844904231
Carside,NSGA-II,10,52,34.44558566291824,3.718943343919503,11.248965913387384
Carside,NSGA-II,10,52,40.20411608188293,3.6766130827574015,10.75108087488194
Carside,NSGA-II,10,52,39.381870294622466,3.698779623799646,10.844955564530753
Carside,NSGA-II,10,52,29.531061201611635,3.7317162119358898,12.20606021071856
Carside,NSGA-II,10,52,39.436416234924735,3.704034037651245,10.777296904772545
Carside,NSGA-II,10,52,40.483993994027905,3.689594687284077,10.710486375744196
Carside,NSGA-II,10,52,38.409022647017316,3.66500323429461,10.958447618785463
Carside,NSGA-II,10,52,41.65681289522883,3.605840352891092,10.712776014486256
Carside,NSGA-II,10,52,42.39282986784274,3.5852833368306776,10.645786622472563
Carside,NSGA-II,10,52,33.06228538780784,3.8311756589167554,11.16457220656719
Carside,NSGA-II,10,52,39.56262803926536,3.5880004417337217,11.45159202281453
Carside,NSGA-II,10,52,26.44775630171751,3.9553041598234007,12.008375011769521
Carside,NSGA-II,10,52,42.505782780058155,3.600411502057722,10.630502988454818
Carside,NSGA-II,11,53,36.00514141216703,3.58525394906515,11.325965252887165
Carside,NSGA-II,11,53,42.761154181020345,3.5858364377221617,10.611625998499376
Carside,NSGA-II,11,53,42.209666315978744,3.654734269552539,10.61132468247877
Carside,NSGA-II,11,53,24.476268510559343,3.8892473634096763,12.520214028570397
Carside,NSGA-II,11,53,24.061774594637193,3.9998102118848617,12.297623616297486
Carside,NSGA-II,11,53,23.59024762853901,3.999685949365019,12.503919813179417
Carside,NSGA-II,11,53,28.47895933394198,3.8204878800021422,11.700916758793047
Carside,NSGA-II,11,53,41.59992382473323,3.6283357623319863,10.660817631190486
Carside,NSGA-II,11,53,41.317422324973954,3.6359923344993392,10.691136793800066
Carside,NSGA-II,11,53,40.244833500012476,3.6501581276935813,10.769922764587836
Carside,NSGA-II,11,53,38.016871944366585,3.765700119445645,10.846466906337806
Carside,NSGA-II,11,53,29.298926420620525,3.774127738472683,12.005138948712247
Carside,NSGA-II,11,53,27.287773581728693,3.9469787228664175,11.516979384630016
Carside,NSGA-II,11,53,33.89623346468529,3.7063448193184763,11.348443722625792
Carside,NSGA-II,11,53,24.760583240741635,3.994303574983346,12.240336198005759
Carside,NSGA-II,11,53,31.115622470449836,3.7538554579219587,11.66827492749712
Carside,NSGA-II,11,53,24.062069291286583,3.974002503637702,12.489615889593445
Carside,NSGA-II,11,53,30.14821810995068,3.763566884958818,11.843827547805642
Carside,NSGA-II,11,53,35.43864501294686,3.833381166745194,10.995856048451849
Carside,NSGA-II,11,53,27.016945219824834,3.9159653284609517,11.945078756376853
Carside,NSGA-II,11,53,25.46664106566509,3.923715850604285,12.149094607004487
Carside,NSGA-II,11,53,36.556865181008085,3.695343623768716,11.120994639909483
Carside,NSGA-II,11,53,27.83113834889978,3.858883363289416,11.547488054077231
Carside,NSGA-II,11,53,29.5383241348672,3.952756156018407,11.417435150563154
Carside,NSGA-II,11,53,24.574322863608344,3.9138456515385083,12.407464489712922
Carside,NSGA-II,11,53,32.244093091452605,3.7151426465104955,11.760439468926972
Carside,NSGA-II,11,53,31.84849263467441,3.6709805814412326,12.20512436227787
Carside,NSGA-II,11,53,36.1913966887447,3.6242545604381338,11.230929207994631
Carside,NSGA-II,11,53,40.80431863430109,3.645029856325534,10.732294943760593
Carside,NSGA-II,11,53,29.5055713850339,3.788887901792685,11.940893488515565
Carside,NSGA-II,11,53,42.08982527343981,3.6594269736017004,10.62611386719213
Carside,NSGA-II,11,53,41.00203510338373,3.6805715154076704,10.70393105801572
Carside,NSGA-II,11,53,24.43926345537082,3.931565801305244,12.393526390257202
Carside,NSGA-II,11,53,33.61669044686126,3.666933485366817,11.431206472858287
Carside,NSGA-II,11,53,30.56509283417907,3.741557534686181,12.081562016772477
Carside,NSGA-II,11,53,32.030920666902105,3.7192579779476778,11.64166002618571
Carside,NSGA-II,11,53,38.268747927402536,3.744459777423513,10.892135634668493
Carside,NSGA-II,11,53,24.250246710327296,3.9673195691706984,12.36544775469488
Carside,NSGA-II,11,53,31.01577575854783,3.80435549637991,11.444764084604277
Carside,NSGA-II,11,53,39.01452610801208,3.6326142290066947,11.044433981517345
Carside,NSGA-II,11,53,26.808791054472668,3.824626968541214,12.278885352138804
Carside,NSGA-II,11,53,38.883966383712426,3.7293624877788445,10.81177384611092
Carside,NSGA-II,11,53,26.64869648147894,3.9418461989536677,11.882739699037057
Carside,NSGA-II,11,53,40.43790267047557,3.6501581276935813,10.752018009482008
Carside,NSGA-II,11,53,36.38523535594086,3.7611546372583016,11.017236788986953
Carside,NSGA-II,11,53,25.20613366011712,3.870596810016183,12.32223446326448
Carside,NSGA-II,11,53,34.550197085472966,3.7827089698750607,11.128485912678261
Carside,NSGA-II,11,53,37.70823299752029,3.6787208459690395,11.026400037162835
Carside,NSGA-II,11,53,27.830607130701914,3.7812028109034355,12.262827089601178
Carside,NSGA-II,11,53,41.80808678611062,3.588300080051114,10.819151556498287
Carside,NSGA-II,11,53,29.835147530799848,3.863558070679815,11.369806405841038
Carside,NSGA-II,11,53,25.858317481080995,3.866492659387184,12.168036195567835
Carside,NSGA-II,11,53,37.056607842663354,3.6025916400857048,11.201101862388471
Carside,NSGA-II,11,53,25.762881112345866,3.9019598314727704,12.099553584526564
Carside,NSGA-II,11,53,29.193164304939874,3.794742310251497,11.975485346530938
Carside,NSGA-II,11,53,30.860817271408745,3.737922754357419,11.923474509224643
Carside,NSGA-II,11,53,39.63162764893506,3.6069649583923864,10.951821817540525
Carside,NSGA-II,11,53,27.577376307997298,3.907019956023159,11.517159205468296
Carside,NSGA-II,11,53,34.72596095731022,3.9611134124122582,10.938632647371264
Carside,NSGA-II,11,53,27.659406690450975,3.9841116289038867,11.482020366502729
Carside,NSGA-II,11,53,28.264640004110014,3.923129872645797,11.473924201988403
Carside,NSGA-II,11,53,31.45984131473111,3.886087634016666,11.203519052817642
Carside,NSGA-II,11,53,34.36822268928497,3.881489234987779,11.068812612470348
Carside,NSGA-II,11,53,28.92143022933869,3.83485700744284,11.482829845644034
Carside,NSGA-II,11,53,31.330167762450614,3.989688952196846,11.146559034424431
Carside,NSGA-II,11,53,36.0516583188042,3.58525394906515,11.319716173937554
Carside,NSGA-II,11,53,33.0977233346798,3.8397760171334676,11.214195975108609
Carside,NSGA-II,11,53,40.735203505571235,3.604882227732947,10.86696538168524
Carside,NSGA-II,11,53,39.29493619510382,3.617513488468054,10.95774621641753
Carside,NSGA-II,11,53,32.949018803327675,3.627675737995029,12.050433190895639
Carside,NSGA-II,11,53,33.86245123128434,3.7499190876965565,11.26661334521465
Carside,NSGA-II,11,53,32.53160885542366,3.7155037194190683,11.603348114198047
Carside,NSGA-II,11,53,34.09336969296189,3.6876332439710815,11.372752726315518
Carside,NSGA-II,11,53,33.67704423964116,3.646750883992737,11.847977012437541
Carside,NSGA-II,11,53,24.913352185062422,3.8681634009968118,12.378175150637324
Carside,NSGA-II,11,53,35.91417311347899,3.621237305781251,11.272598174441328
Carside,NSGA-II,11,53,37.57581852189517,3.690036478955641,11.015466784731768
Carside,NSGA-II,11,53,28.772185473228635,3.834737657259473,11.645802392729582
Carside,NSGA-II,11,53,31.26488743849249,3.7394750005043984,11.802628360130123
Carside,NSGA-II,11,53,27.685105158447996,3.8030024244477723,12.12514030230744
Carside,NSGA-II,11,53,38.451704514604636,3.736024153254763,10.845882064070882
Carside,NSGA-II,11,53,25.366871709017285,3.868162489223822,12.362806982757444
Carside,NSGA-II,11,53,38.71154072348933,3.8112420272812115,10.821180850737468
Carside,NSGA-II,11,53,33.13557072875031,3.834660372445055,11.261079920835686
Carside,NSGA-II,11,53,32.62646005758652,3.724207542880932,11.431478815583311
Carside,NSGA-II,11,53,26.806089101196186,3.9765216862658486,11.716438296249633
Carside,NSGA-II,11,53,26.567703824154357,3.922659675361184,11.98522200798885
Carside,NSGA-II,11,53,31.657125192368905,3.9103103489612003,11.172288413971934
Carside,NSGA-II,11,53,36.986281128381634,3.691429781217129,11.096647543487432
Carside,NSGA-II,11,53,37.31893477916801,3.802405880090895,10.894763170669517
Carside,NSGA-II,11,53,26.452932981096435,3.9331190226181483,12.02077671794792
Carside,NSGA-II,11,53,40.621468148475344,3.595627914735353,10.883548644152071
Carside,NSGA-II,11,53,30.352581796470677,3.895831776458438,11.358266855027066
Carside,NSGA-II,11,53,39.92123114294901,3.684717587233391,10.820233558181723
Carside,NSGA-II,11,53,36.62396865089084,3.731387393498952,11.017236788986953
Carside,NSGA-II,11,53,40.63227265843088,3.5953168408292244,10.882285097086257
Carside,NSGA-II,11,53,34.895857895453844,3.6719055667498592,11.265248222161983
Carside,NSGA-II,11,53,27.143226314233875,3.976520584090059,11.729382443607477
Carside,NSGA-II,11,53,35.195430344309784,3.8744731973224567,10.966717844124513
Carside,NSGA-II,11,53,32.41105353536554,3.691429781217129,11.866430218722938
Carside,NSGA-II,12,54,23.61288612858942,3.9994390673170512,12.410023208966734
Carside,NSGA-II,12,54,42.693575384391735,3.59358588164056,10.611773378477864
Carside,NSGA-II,12,54,40.5854949793533,3.585250276718549,10.90228326730697
Carside,NSGA-II,12,54,23.62482365833411,3.9984295213869747,12.508090780893761
Carside,NSGA-II,12,54,26.54232129656439,3.9998165338999074,11.583637778708242
Carside,NSGA-II,12,54,42.74645687581766,3.5852975900312347,10.615839735142426
Carside,NSGA-II,12,54,29.183478855346607,3.795135311090503,12.166637261068733
Carside,NSGA-II,12,54,31.082250858542917,3.7142491980025047,11.853579652253448
Carside,NSGA-II,12,54,31.68917161423207,3.752181084800524,11.611410519667452
Carside,NSGA-II,12,54,24.90086838614118,3.88212827649026,12.447789406485127
Carside,NSGA-II,12,54,36.68143160602976,3.768912366494686,10.99838970922997
Carside,NSGA-II,12,54,29.496684564427163,3.805935599637873,11.959747543266854
Carside,NSGA-II,12,54,39.427600966711104,3.685820401992127,10.835258579484648
Carside,NSGA-II,12,54,24.198756973536927,3.9838915077647017,12.369383992428496
Carside,NSGA-II,12,54,31.889677879768968,3.972092507360951,11.14863950769504
Carside,NSGA-II,12,54,27.132276360052682,3.9893786018252,11.61923239842313
Carside,NSGA-II,12,54,28.595981231783572,3.820740545534012,11.790852891300748
Carside,NSGA-II,12,54,40.84775756427533,3.65506231428959,10.695565481182552
Carside,NSGA-II,12,54,32.26785401585825,3.887482970315694,11.294706418738562
Carside,NSGA-II,12,54,25.73195278885584,3.92754675795183,12.123975596126295
Carside,NSGA-II,12,54,30.97727491614199,3.7808620435786664,11.757221179863645
Carside,NSGA-II,12,54,33.75766759779904,3.6987065627679785,11.327540806218797
Carside,NSGA-II,12,54,30.084681220782247,3.8121797430785986,11.884938002067486
Carside,NSGA-II,12,54,32.33537276217476,3.670116954694921,12.06611909589234
Carside,NSGA-II,12,54,37.93748353169977,3.6745110005370827,11.029073717955708
Carside,NSGA-II,12,54,34.554710332913864,3.7233624959950955,11.219993453837798
Carside,NSGA-II,12,54,41.537504935768226,3.7374608669544966,10.611920697072975
Carside,NSGA-II,12,54,32.69811450515793,3.905923611589141,11.088522522887011
Carside,NSGA-II,12,54,36.21043898726691,3.685820401992127,11.112245980735556
Carside,NSGA-II,12,54,38.171046008022316,3.6803213200679767,10.955808997788427
Carside,NSGA-II,12,54,39.02250718539753,3.6385620514236185,10.99415871543048
Carside,NSGA-II,12,54,34.84955356017423,3.702924720858752,11.198685419729022
Carside,NSGA-II,12,54,23.839705576653646,3.991968486002031,12.50495174529059
Carside,NSGA-II,12,54,29.888654457221275,3.9509601936525067,11.415067603741438
Carside,NSGA-II,12,54,26.417424103474826,3.845753127051247,12.11111297989233
Carside,NSGA-II,12,54,27.237881269170824,3.9156311005495574,11.611123023976173
Carside,NSGA-II,12,54,41.10636934323752,3.6422852953338354,10.714393444465465
Carside,NSGA-II,12,54,35.83796546878058,3.7045775870248137,11.1846849023196
Carside,NSGA-II,12,54,29.012868918281008,3.7984798255126466,12.189659850531841
Carside,NSGA-II,12,54,24.68672944009262,3.896129447222105,12.390589192237755
Carside,NSGA-II,12,54,25.249025846384743,3.9913360438243215,12.112137072982724
Carside,NSGA-II,12,54,30.033677117484267,3.974518069724934,11.37008073978307
Carside,NSGA-II,12,54,28.70557555352527,3.8431906539956975,11.514719690342258
Carside,NSGA-II,12,54,38.33975262516179,3.804474806378572,10.793068660808332
Carside,NSGA-II,12,54,35.52316409563476,3.6199487987132515,11.373180269234396
Carside,NSGA-II,12,54,30.747361001973047,3.6641502605699685,12.302394319573073
Carside,NSGA-II,12,54,24.76300641742924,3.8577154689262927,12.463046628659496
Carside,NSGA-II,12,54,25.818320571715375,3.962553121313677,11.995616891029183
Carside,NSGA-II,12,54,37.021659128215155,3.7719880692590033,10.965703915099017
Carside,NSGA-II,12,54,29.89222939614063,3.937391478334455,11.388924450388751
Carside,NSGA-II,12,54,28.432028030470647,3.829017432179575,12.225141093101204
Carside,NSGA-II,12,54,27.379511588382606,3.897966703562921,11.58912623628543
Carside,NSGA-II,12,54,36.29538202740495,3.647116976988437,11.263070635170042
Carside,NSGA-II,12,54,24.476549928305744,3.9416225067366253,12.344604367408518
Carside,NSGA-II,12,54,24.56771499191092,3.9775492237545813,12.324589346819298
Carside,NSGA-II,12,54,32.56435116862432,3.5898082101917717,12.336421090456309
Carside,NSGA-II,12,54,37.468111669370735,3.8346324432023304,10.837284732536716
Carside,NSGA-II,12,54,35.06081888127955,3.594971731723126,11.831173966272814
Carside,NSGA-II,12,54,40.23788904496717,3.6529126213820904,10.776791523073223
Carside,NSGA-II,12,54,33.06975262624995,3.906206933915659,11.054554704477514
Carside,NSGA-II,12,54,38.8821951491089,3.699009636260161,10.941560372156808
Carside,NSGA-II,12,54,26.682930739438948,3.8729073816088606,11.912450625721167
Carside,NSGA-II,12,54,25.97723288475584,3.9186867934268035,12.120717233441958
Carside,NSGA-II,12,54,35.23665661432266,3.8554703146258795,11.111703071842424
Carside,NSGA-II,12,54,34.3470805588726,3.635576030428612,11.688939800217534
Carside,NSGA-II,12,54,27.692373615715177,3.875627784070736,11.555286281566968
Carside,NSGA-II,12,54,26.83565458944146,3.921424935285347,11.68297914596425
Carside,NSGA-II,12,54,37.155631625755156,3.695679263282183,11.068131048356907
Carside,NSGA-II,12,54,23.809249407996862,3.996668622242584,12.378412400003587
Carside,NSGA-II,12,54,28.222599122718496,3.8394168546026806,11.557509883540337
Carside,NSGA-II,12,54,34.29857629709875,3.9298482818918554,11.005590258364762
Carside,NSGA-II,12,54,34.163049227644585,3.955519825146034,11.001708192905838
Carside,NSGA-II,12,54,32.96425085435908,3.6374196880443463,12.044425410555325
Carside,NSGA-II,12,54,40.40310591177118,3.6603801261298967,10.757027250125782
Carside,NSGA-II,12,54,33.400475862211735,3.722812239014484,11.30024954634088
Carside,NSGA-II,12,54,27.830043967313088,3.966153996757433,11.537644723808427
Carside,NSGA-II,12,54,37.63852897918527,3.692293594191681,11.018698685009372
Carside,NSGA-II,12,54,26.74457206227378,3.9850145896231775,11.671306032562317
Carside,NSGA-II,12,54,25.051067604853298,3.8665189500035497,12.353345606384618
Carside,NSGA-II,12,54,29.031662834755615,3.8249120904486578,11.766672477324652
Carside,NSGA-II,12,54,32.899591299262596,3.8978899159166005,11.141983888678572
Carside,NSGA-II,12,54,31.789070552186157,3.79717245987296,11.427375873777173
Carside,NSGA-II,12,54,33.717033815457924,3.6104341681332657,11.966730506521273
Carside,NSGA-II,12,54,39.89255605877419,3.615236479653409,10.906384440469438
Carside,NSGA-II,12,54,39.66039789826539,3.5852975900312347,11.566330666394553
Carside,NSGA-II,12,54,33.97550705625158,3.632540542278426,11.713540099099347
Carside,NSGA-II,12,54,26.176832917296192,3.845753127051247,12.134771045569995
Carside,NSGA-II,12,54,35.35231082136991,3.713956813688806,11.177231844411482
Carside,NSGA-II,12,54,29.93559340551154,3.780557670640443,12.009688951690203
Carside,NSGA-II,12,54,27.901943398348298,3.863508166839189,11.543025798898814
Carside,NSGA-II,12,54,41.352152948807216,3.61593449794123,10.785040332892454
Carside,NSGA-II,12,54,40.0131763387722,3.6529126213820904,10.800004062258317
Carside,NSGA-II,12,54,35.71748781906702,3.8193160162240014,10.947686282965279
Carside,NSGA-II,12,54,32.94633020092955,3.69101484989812,11.46832495767184
Carside,NSGA-II,12,54,30.574971968533927,3.749314082181172,11.924887098832588
Carside,NSGA-II,12,54,37.2383218570496,3.830294215091476,10.854869220264291
Carside,NSGA-II,12,54,33.2839065931162,3.7310944534357215,11.294748341883926
Carside,NSGA-II,12,54,36.90306315379745,3.710155671382698,11.097221185581663
Carside,NSGA-II,12,54,24.60585080384011,3.875627784070736,12.477014258493
Carside,NSGA-II,12,54,30.79946046345686,3.659266012205535,12.326786243335318
Carside,NSGA-II,13,55,27.12056550304734,3.99925310871261,11.500603871825994
Carside,NSGA-II,13,55,42.7544750170639,3.586801931645386,10.610894119420749
Carside,NSGA-II,13,55,23.616607452621643,3.99901687424565,12.402466819099924
Carside,NSGA-II,13,55,23.987825617152044,3.953892230414173,12.470406231852952
Carside,NSGA-II,13,55,34.23169379179068,3.585250025172461,11.846693617899378
Carside,NSGA-II,13,55,42.761480904907955,3.585250499430439,10.611562421769717
Carside,NSGA-II,13,55,32.93830564676218,3.7069225711797453,11.744727848104958
Carside,NSGA-II,13,55,40.37279830711183,3.6297314846567144,10.886712191857148
Carside,NSGA-II,13,55,35.04689544201914,3.7799757401375924,11.173152554820753
Carside,NSGA-II,13,55,40.755552944856895,3.6588017070906393,10.7488177100654
Carside,NSGA-II,13,55,27.053084071177256,3.973143325642118,11.61673348543724
Carside,NSGA-II,13,55,33.50504881145539,3.609944767348715,11.897094099720285
Carside,NSGA-II,13,55,40.976501351841065,3.677039122380856,10.706556700902134
Carside,NSGA-II,13,55,32.1211047590156,3.9629771979239248,11.08643787918609
Carside,NSGA-II,13,55,26.014563263635498,3.933379390161249,11.976723670612778
Carside,NSGA-II,13,55,29.50140765291829,3.7905933635171274,12.128175311068386
Carside,NSGA-II,13,55,25.83024223745788,3.830976386650726,12.440211847504326
Carside,NSGA-II,13,55,28.45262726858109,3.860438748683339,11.528384210300384
Carside,NSGA-II,13,55,29.686184649200897,3.8380634003807597,11.778272895572968
Carside,NSGA-II,13,55,27.667960895060943,3.992943134878357,11.475047207503142
Carside,NSGA-II,13,55,34.501493965702075,3.6784921643491924,11.418104422517661
Carside,NSGA-II,13,55,33.331557825092304,3.8915765961688553,11.014759445085325
Carside,NSGA-II,13,55,24.909737256373774,3.901866554594796,12.3622017890571
Carside,NSGA-II,13,55,41.73924126084778,3.6612226596455675,10.669302053960163
Carside,NSGA-II,13,55,33.89142447571901,3.622247636040931,11.80154832751247
Carside,NSGA-II,13,55,39.99782099715315,3.634993139350185,10.919957836622007
Carside,NSGA-II,13,55,39.42755998156935,3.722084896048371,10.789932756267012
Carside,NSGA-II,13,55,30.792439125254074,3.9366729358810986,11.300598032267587
Carside,NSGA-II,13,55,24.665282820479295,3.906870328961891,12.445130131621386
Carside,NSGA-II,13,55,31.451306100312927,3.6720631804237756,12.191349533803614
Carside,NSGA-II,13,55,42.50760338816926,3.594053081765089,10.842444786208649
Carside,NSGA-II,13,55,30.365272865064245,3.8187165137421437,11.713817906511109
Carside,NSGA-II,13,55,31.09605976909206,3.8440452319231464,11.378458901594257
Carside,NSGA-II,13,55,34.85851182751705,3.797211863983839,11.135835281661294
Carside,NSGA-II,13,55,33.198252836653566,3.652363542525185,11.932836525440866
Carside,NSGA-II,13,55,41.27720258211966,3.70098614742429,10.655080499245257
Carside,NSGA-II,13,55,39.075032508883965,3.7665789017260063,10.795945543673824
Carside,NSGA-II,13,55,28.77999870055756,3.983233509474139,11.367259588025735
Carside,NSGA-II,13,55,37.306550607743645,3.6088795664182096,11.187806763252755
Carside,NSGA-II,13,55,41.22767314355502,3.6235257783079775,10.756949570646178
Carside,NSGA-II,13,55,32.44644105823844,3.6511041274767644,12.01152171927969
Carside,NSGA-II,13,55,29.820124975144292,3.807463457299604,12.107180532288691
Carside,NSGA-II,13,55,34.29912679865815,3.792520320749931,11.210277729899595
Carside,NSGA-II,13,55,32.008884790160245,3.7117298133850856,11.69765399460005
Carside,NSGA-II,13,55,32.25633970579737,3.683205692172599,12.045140688714458
Carside,NSGA-II,13,55,32.533063433585696,3.802283396024939,11.356078584381805
Carside,NSGA-II,13,55,25.542691647969832,3.840609039092728,12.379015027059353
Carside,NSGA-II,13,55,42.12528940577709,3.601232437047846,10.6671149141335
Carside,NSGA-II,13,55,40.84473839241654,3.7384411984291113,10.69401932878213
Carside,NSGA-II,13,55,36.48024002532095,3.697927167157831,11.105833314366459
Carside,NSGA-II,13,55,39.77568369869994,3.670909359870204,10.77087973876463
Carside,NSGA-II,13,55,39.09777012959217,3.72379294495074,10.891996342434425
Carside,NSGA-II,13,55,29.12772881463469,3.776784511766131,12.211924341019154
Carside,NSGA-II,13,55,27.391733935682563,3.944378593495067,11.577905380431949
Carside,NSGA-II,13,55,29.003678784755067,3.8100647300544765,12.218007872133125
Carside,NSGA-II,13,55,23.93405908364999,3.988451007505838,12.39800054612343
Carside,NSGA-II,13,55,25.742206829387513,3.868248216354239,12.242392810280421
Carside,NSGA-II,13,55,35.22014698138726,3.645212460838386,11.38951328827462
Carside,NSGA-II,13,55,25.70476231710765,3.856880901244487,12.337008989851276
Carside,NSGA-II,13,55,32.04379444229047,3.8787526283070504,11.23617585030286
Carside,NSGA-II,13,55,42.03533844531362,3.601877566197515,10.6718736025565
Carside,NSGA-II,13,55,25.393477232724766,3.897533666878784,12.283667962052277
Carside,NSGA-II,13,55,36.69739627636421,3.763237595728751,11.020550487614354
Carside,NSGA-II,13,55,24.58919692271214,3.8801454129180737,12.469709957049545
Carside,NSGA-II,13,55,25.038138812122433,3.8505551059156766,12.400798188189388
Carside,NSGA-II,13,55,31.843366456909717,3.8147534010466604,11.513197129838263
Carside,NSGA-II,13,55,37.0390862473431,3.713748657518642,11.051042224503243
Carside,NSGA-II,13,55,27.104792163923868,3.952221417515878,11.599075468924894
Carside,NSGA-II,13,55,29.83197339427347,3.7677476132398255,12.130806494054987
Carside,NSGA-II,13,55,31.665035776742666,3.872670718424591,11.273550574202172
Carside,NSGA-II,13,55,25.248570954893747,3.9815846244855986,12.252618142589768
Carside,NSGA-II,13,55,35.80973609195219,3.7565008597279905,11.129288783820307
Carside,NSGA-II,13,55,39.689320848195834,3.6892875195701804,10.853923796287187
Carside,NSGA-II,13,55,24.17472809441056,3.9895729111388416,12.323243662775852
Carside,NSGA-II,13,55,34.53779556393063,3.7467505050335794,11.21732553431718
Carside,NSGA-II,13,55,26.224225666102086,3.9097852648339666,12.066337707402976
Carside,NSGA-II,13,55,37.58569594151221,3.60555493280182,11.097073224572785
Carside,NSGA-II,13,55,38.09259283416484,3.5928175955914767,11.042880506726057
Carside,NSGA-II,13,55,30.00295636850844,3.763119929223148,12.153379564559295
Carside,NSGA-II,13,55,29.357253266320566,3.9231012576792117,11.35082009046532
Carside,NSGA-II,13,55,35.19486185624853,3.616446132080967,11.645013538807905
Carside,NSGA-II,13,55,26.86251729663488,3.8128573858758785,12.388718994800989
Carside,NSGA-II,13,55,35.08210465928315,3.8473238007089336,10.9885685401512
Carside,NSGA-II,13,55,26.542638926753032,3.824141306487395,12.29503431855273
Carside,NSGA-II,13,55,34.263628163583746,3.639669248960233,11.68168402618965
Carside,NSGA-II,13,55,41.81796594065447,3.6914284620940783,10.626522414479602
Carside,NSGA-II,13,55,36.17871794198929,3.7014418566211216,11.138687631690143
Carside,NSGA-II,13,55,30.703279011547433,3.9578485486391672,11.294968209733115
Carside,NSGA-II,13,55,35.60717412382962,3.8346972192807494,10.950971748980562
Carside,NSGA-II,13,55,31.36970901814335,3.6675589453549176,12.264539040410233
Carside,NSGA-II,13,55,30.649640582545125,3.9447839458609026,11.313526528784013
Carside,NSGA-II,13,55,34.09243535148477,3.5882924312771185,11.872103192811302
Carside,NSGA-II,13,55,38.69595519944325,3.746151247566556,10.856836870907749
Carside,NSGA-II,13,55,29.269833742653457,3.8451788409894503,11.447693818585565
Carside,NSGA-II,13,55,29.07348891306042,3.800098587309823,12.17610480190083
Carside,NSGA-II,13,55,34.00958020397211,3.7513718483041907,11.25653489771338
Carside,NSGA-II,13,55,28.212942599927462,3.8711811682953137,11.539057806434595
Carside,NSGA-II,13,55,32.4267819632698,3.9480338176544345,11.071370803882415
Carside,NSGA-II,13,55,35.87026185779657,3.6473683370672014,11.30681951734854
Carside,NSGA-II,13,55,38.83502151570188,3.588020825750177,10.974573067252539
Carside,NSGA-II,14,56,33.93020442876981,3.5852503882813798,12.102555486652943
Carside,NSGA-II,14,56,23.611186163298484,3.999958947822361,12.469028735063496
Carside,NSGA-II,14,56,24.792650729942473,3.8538072829640493,12.519061266993937
Carside,NSGA-II,14,56,42.75062753353158,3.5855969656487523,10.613507412202068
Carside,NSGA-II,14,56,27.6922595706223,3.926265960783659,11.583683403893376
Carside,NSGA-II,14,56,25.719573030826748,3.868989695349294,12.306407551260872
Carside,NSGA-II,14,56,41.796611031255445,3.6213692056040925,10.653221622640615
Carside,NSGA-II,14,56,25.854125113529822,3.947789594360058,12.140709315255197
Carside,NSGA-II,14,56,35.36782915524492,3.9074967425127576,10.89823737842192
Carside,NSGA-II,14,56,37.652408813861115,3.7798622906902786,10.856524296030384
Carside,NSGA-II,14,56,39.81790848678385,3.682320589959696,10.808164000274317
Carside,NSGA-II,14,56,25.011005818469194,3.8951479313537494,12.342267104951757
Carside,NSGA-II,14,56,34.38692839582441,3.632645248925257,11.884752007487414
Carside,NSGA-II,14,56,38.046334716091934,3.636312864851596,11.041865179729676
Carside,NSGA-II,14,56,34.0992331430956,3.769852590463092,11.221431456773615
Carside,NSGA-II,14,56,42.1410658329861,3.6062674217035946,10.65965991760507
Carside,NSGA-II,14,56,30.59365810302102,3.6943361888913127,12.243839164708103
Carside,NSGA-II,14,56,23.78532966696574,3.9940827613088405,12.403306894251497
Carside,NSGA-II,14,56,32.34174303954485,3.795465943747597,11.299149530674324
Carside,NSGA-II,14,56,31.088070552700387,3.903425608357967,11.33209239528734
Carside,NSGA-II,14,56,24.382948540094837,3.987184269488829,12.351848486521703
Carside,NSGA-II,14,56,25.5961387013222,3.962984065299214,12.156913689412917
Carside,NSGA-II,14,56,28.956256105072036,3.832255086423396,11.498654442204778
Carside,NSGA-II,14,56,28.131316893686837,3.824319388814299,11.810116849414632
Carside,NSGA-II,14,56,30.970525517047157,3.6795127547942093,12.213032488931184
Carside,NSGA-II,14,56,24.04742285598048,3.9615498093878427,12.443320698253387
Carside,NSGA-II,14,56,35.93676430680173,3.825987034638967,10.937297566032402
Carside,NSGA-II,14,56,38.440387708319406,3.6729503899756577,10.983499984934529
Carside,NSGA-II,14,56,33.610079713584554,3.7846253829364063,11.231795448874923
Carside,NSGA-II,14,56,27.598169182770388,3.926265960783659,11.610302523753173
Carside,NSGA-II,14,56,39.22645160383509,3.6409664500980314,10.967063801590964
Carside,NSGA-II,14,56,31.05744431785745,3.756336305055871,12.062525276932707
Carside,NSGA-II,14,56,33.76983568603426,3.594458193566893,12.108031139226611
Carside,NSGA-II,14,56,24.62804607553297,3.978407954572232,12.32010319335792
Carside,NSGA-II,14,56,36.282525272417764,3.8533668958472456,10.87087902956825
Carside,NSGA-II,14,56,40.501910121789585,3.6620904605385736,10.771489760711436
Carside,NSGA-II,14,56,25.362989198758257,3.8470886783968217,12.382194224144332
Carside,NSGA-II,14,56,42.33059912131112,3.5895391426737984,10.67709025405571
Carside,NSGA-II,14,56,33.85427790768068,3.8106501454343635,11.132215895227795
Carside,NSGA-II,14,56,30.734748488514217,3.7621544860362532,11.648860532614078
Carside,NSGA-II,14,56,30.552433334313815,3.6953239076925453,12.241462879226201
Carside,NSGA-II,14,56,28.543009553620212,3.8416988855114744,11.541585362620786
Carside,NSGA-II,14,56,38.60112305783904,3.7266940468440573,10.87372184310263
Carside,NSGA-II,14,56,29.12108723168822,3.777968753706711,11.937608487311337
Carside,NSGA-II,14,56,26.615905735981585,3.8169871535998645,12.324795569747785
Carside,NSGA-II,14,56,33.031131755008694,3.6483645049600057,11.688899395828509
Carside,NSGA-II,14,56,30.362497323213645,3.8507579226310664,11.44673771651504
Carside,NSGA-II,14,56,32.771330770224736,3.690040339994706,12.000999647426816
Carside,NSGA-II,14,56,26.349311847723897,3.941507585218047,11.840271166227122
Carside,NSGA-II,14,56,33.78763359251426,3.8600207877396002,11.044072010658358
Carside,NSGA-II,14,56,35.01779603538859,3.718643350583723,11.190789480534233
Carside,NSGA-II,14,56,32.67600006171009,3.7231872553420726,11.398931913372568
Carside,NSGA-II,14,56,35.678265364135186,3.7143049720366315,11.155215490008636
Carside,NSGA-II,14,56,25.25035486912792,3.9562410654454134,12.206968987573507
Carside,NSGA-II,14,56,27.384564131612365,3.864004136987059,11.769690883865474
Carside,NSGA-II,14,56,38.91944109227066,3.705728154753044,10.82543962321972
Carside,NSGA-II,14,56,37.36867126935624,3.626611202967554,11.147682819881965
Carside,NSGA-II,14,56,41.156750478955196,3.656894526691226,10.730340679052762
Carside,NSGA-II,14,56,37.87177766369447,3.7744156497358325,10.832511152543992
Carside,NSGA-II,14,56,36.87481779221796,3.632654511822923,11.268265552418296
Carside,NSGA-II,14,56,29.732786226977723,3.799324754509496,11.678706343371658
Carside,NSGA-II,14,56,38.80304408816859,3.6601015186797072,10.992960245571002
Carside,NSGA-II,14,56,37.926742946092965,3.651230847589355,11.084770829081712
Carside,NSGA-II,14,56,25.97910807047267,3.88007022170138,12.17999730156653
Carside,NSGA-II,14,56,40.10034240376252,3.6722664654311448,10.773642595721316
Carside,NSGA-II,14,56,25.976763779124674,3.968805139067213,12.08823911206806
Carside,NSGA-II,14,56,26.525319141711275,3.9142921967882365,11.835584862182028
Carside,NSGA-II,14,56,27.942844238887325,3.8556507034086827,11.527060027292913
Carside,NSGA-II,14,56,26.881283695005372,3.87881214901478,11.97640895562316
Carside,NSGA-II,14,56,31.470800415116866,3.7460934140214954,12.039792876883883
Carside,NSGA-II,14,56,29.44045227345382,3.7734411173950937,11.919292852329166
Carside,NSGA-II,14,56,40.76357459330778,3.6564969213382374,10.736013632509025
Carside,NSGA-II,14,56,29.983453878671064,3.797455529484175,11.455683409577745
Carside,NSGA-II,14,56,27.06816826889542,3.9327851785879275,11.63736431850289
Carside,NSGA-II,14,56,27.174204969545197,3.83868689443957,12.199914930327772
Carside,NSGA-II,14,56,39.483619090966236,3.630494899002481,10.984198784250202
Carside,NSGA-II,14,56,41.238412368447726,3.6428884433429953,10.69764733986612
Carside,NSGA-II,14,56,31.65548429575351,3.707334549464506,12.078449357314268
Carside,NSGA-II,14,56,33.89862427950608,3.8413998704990315,11.004696825664636
Carside,NSGA-II,14,56,29.839071597639432,3.80279830968407,11.488451033764555
Carside,NSGA-II,14,56,33.28201640144501,3.6401414040438067,11.705461451657966
Carside,NSGA-II,14,56,26.141512040280954,3.9113468796688577,12.140807335947866
Carside,NSGA-II,14,56,32.79929531722324,3.746743427642468,11.36950679229135
Carside,NSGA-II,14,56,29.424035432422137,3.8834939590628634,11.456738095573733
Carside,NSGA-II,14,56,33.5215645491057,3.749952666745258,11.284752535565698
Carside,NSGA-II,14,56,41.43415596416527,3.6256150865610595,10.682375760111459
Carside,NSGA-II,14,56,25.142882772566473,3.842073226703496,12.514613566794125
Carside,NSGA-II,14,56,27.342182185667717,3.8977331245602307,11.656762203995097
Carside,NSGA-II,14,56,36.595430596386436,3.603073850085519,11.2788265745084
Carside,NSGA-II,14,56,42.13226177406079,3.6039024748379123,10.666393012884406
Carside,NSGA-II,14,56,34.448444105418886,3.702736880418288,11.34528237822374
Carside,NSGA-II,14,56,25.284846384968688,3.863128573518772,12.48506090675838
Carside,NSGA-II,14,56,34.1920320533236,3.7520085931571834,11.2541899616863
Carside,NSGA-II,14,56,31.83601848734748,3.712678376219326,12.021836504932843
Carside,NSGA-II,14,56,36.83061285996787,3.795465943747597,10.887218670858578
Carside,NSGA-II,14,56,35.052757279526396,3.7175118361051624,11.187973170744236
Carside,NSGA-II,14,56,24.508175721467076,3.9358509020092427,12.396907906117015
Carside,NSGA-II,14,56,34.67932956670455,3.6238692526886314,11.412297165248848
Carside,NSGA-II,14,56,39.73368118790925,3.676414373334478,10.815965430813542
Carside,NSGA-II,14,56,29.32073053450052,3.8252980921423774,11.462772118216899
Carside,NSGA-II,15,57,42.75449533252294,3.585282355871551,10.614949407943222
Carside,NSGA-II,15,57,42.68533141946004,3.595223834965888,10.61129251699255
Carside,NSGA-II,15,57,23.607203506536727,3.999377250838023,12.40970830546678
Carside,NSGA-II,15,57,25.54050099900749,3.9997589350320943,11.989367928303329
Carside,NSGA-II,15,57,39.88178231521123,3.5852505694271266,11.417804886980612
Carside,NSGA-II,15,57,25.013945059727945,3.8509997228314337,12.516371055056258
Carside,NSGA-II,15,57,26.85823006307217,3.9382220728576747,11.669991391088903
Carside,NSGA-II,15,57,25.79279033758506,3.906933861012297,12.100867945062916
Carside,NSGA-II,15,57,34.26581529673117,3.802640630583567,11.164982615084611
Carside,NSGA-II,15,57,27.579568525567264,3.9721968530696468,11.523523202606636
Carside,NSGA-II,15,57,24.915451400705944,3.9763076334487972,12.181109923462383
Carside,NSGA-II,15,57,29.0800630572099,3.764567440182276,11.99648777096779
Carside,NSGA-II,15,57,26.588150154848556,3.8495863295098878,12.0665132440677
Carside,NSGA-II,15,57,30.840885731322395,3.6677626076250216,12.275756754182119
Carside,NSGA-II,15,57,30.000047330200182,3.896876954891539,11.407033206723288
Carside,NSGA-II,15,57,26.16784608933684,3.8335784270096247,12.36473703368182
Carside,NSGA-II,15,57,30.893082490807327,3.8673575417748993,11.464622999721158
Carside,NSGA-II,15,57,40.282092025165525,3.6356160641408426,10.903152208414792
Carside,NSGA-II,15,57,26.441574844342902,3.844959970872211,12.124918663964523
Carside,NSGA-II,15,57,42.17824418198664,3.5875573039785724,10.671639602831846
Carside,NSGA-II,15,57,30.41662283616793,3.7747886729553235,11.48159204534614
Carside,NSGA-II,15,57,35.50288826601705,3.894911592765869,10.923280918136754
Carside,NSGA-II,15,57,27.189573114460053,3.946499755868678,11.55012381151785
Carside,NSGA-II,15,57,24.257515806095928,3.9758310471126403,12.375151281483594
Carside,NSGA-II,15,57,40.98280103057006,3.6454912220438014,10.705773290867196
Carside,NSGA-II,15,57,41.78540421617462,3.59660584155852,10.719260596705727
Carside,NSGA-II,15,57,38.77825390583705,3.685825268051895,10.934483314249599
Carside,NSGA-II,15,57,24.587803204084306,3.9340512602834457,12.330772075867033
Carside,NSGA-II,15,57,27.509949674655303,3.877238099317514,11.642205203064117
Carside,NSGA-II,15,57,25.611292676879145,3.8370774392763938,12.44930014574456
Carside,NSGA-II,15,57,39.109637456125995,3.7266227743453273,10.773841287166071
Carside,NSGA-II,15,57,29.399139265982665,3.7132423926883233,12.266042479372349
Carside,NSGA-II,15,57,37.38551617789376,3.7025727744749384,11.03420808941363
Carside,NSGA-II,15,57,29.87325465360231,3.7401107941045915,11.942987415460623
Carside,NSGA-II,15,57,37.0562326112222,3.711072616249548,11.071615424722598
Carside,NSGA-II,15,57,32.69395306996143,3.6164811969961397,12.039684955226576
Carside,NSGA-II,15,57,38.70388489823466,3.694105564223834,10.946884376156076
Carside,NSGA-II,15,57,29.14382488919758,3.7817475022678386,11.813147627699173
Carside,NSGA-II,15,57,25.02813923318435,3.9567546887805634,12.318487906973987
Carside,NSGA-II,15,57,27.38591627662085,3.8575119968318905,11.717822538338424
Carside,NSGA-II,15,57,29.372233789891226,3.7208984238594462,12.229528051813396
Carside,NSGA-II,15,57,30.30350835538316,3.675496242854505,12.424900758221629
Carside,NSGA-II,15,57,31.829705214441635,3.7496561533080457,11.427924160176527
Carside,NSGA-II,15,57,35.07088225231196,3.7835371612239017,11.11499758995594
Carside,NSGA-II,15,57,32.26546031404147,3.8607742662143254,11.208523740183038
Carside,NSGA-II,15,57,39.304756637651245,3.6850734831821677,10.878873200728851
Carside,NSGA-II,15,57,27.901148792895295,3.8829810325207985,11.608919180717065
Carside,NSGA-II,15,57,32.324593266087284,3.6839499424994315,11.769973939256381
Carside,NSGA-II,15,57,32.59329965468501,3.791811540693437,11.308054098861184
Carside,NSGA-II,15,57,34.410479745824624,3.7574256814714437,11.186381913414941
Carside,NSGA-II,15,57,32.80293194463548,3.841244957362839,11.14710644024201
Carside,NSGA-II,15,57,32.52308404794978,3.982171593678512,11.092573509237578
Carside,NSGA-II,15,57,33.662549956253514,3.9281081954358537,11.133681756466814
Carside,NSGA-II,15,57,36.77960501359494,3.6274964342712233,11.228141702318322
Carside,NSGA-II,15,57,42.37767723217033,3.5900996020406057,10.643554486733029
Carside,NSGA-II,15,57,23.893306580019647,3.9964845210573956,12.386760252166276
Carside,NSGA-II,15,57,25.492799429421385,3.832234747242865,12.478541820434051
Carside,NSGA-II,15,57,34.87042600333315,3.6108895402647003,11.460934328702928
Carside,NSGA-II,15,57,41.3109619538816,3.613186823264806,10.749647858277147
Carside,NSGA-II,15,57,25.277489153038054,3.842265205719488,12.502334358016435
Carside,NSGA-II,15,57,28.995884054956036,3.777688425644488,11.890201652350216
Carside,NSGA-II,15,57,31.12816186690122,3.8294239024927696,11.391858102242276
Carside,NSGA-II,15,57,28.09577728384902,3.854292825153248,11.569504588185252
Carside,NSGA-II,15,57,33.328386908600955,3.705921448202468,11.375349250444879
Carside,NSGA-II,15,57,41.631942161082726,3.6058675234820985,10.752430314510761
Carside,NSGA-II,15,57,28.623719190878962,3.9096067903580125,11.451810182758786
Carside,NSGA-II,15,57,25.396289117401125,3.962781237428539,12.128465062871559
Carside,NSGA-II,15,57,38.352249785541964,3.699050711288367,11.018048312576628
Carside,NSGA-II,15,57,33.39688574464519,3.781221749621967,11.268365799234004
Carside,NSGA-II,15,57,35.59896125062058,3.9167396056758967,10.887380462994365
Carside,NSGA-II,15,57,41.66738850636379,3.600119960242005,10.736960249724909
Carside,NSGA-II,15,57,32.020966330109864,3.813805008897045,11.36019241991432
Carside,NSGA-II,15,57,40.063403835440376,3.6525728537668694,10.822407178346257
Carside,NSGA-II,15,57,29.87126576689982,3.7401107941045915,11.953605063871308
Carside,NSGA-II,15,57,30.970849400610174,3.7733830187897617,11.71407414098142
Carside,NSGA-II,15,57,30.14513028840467,3.7509498299081185,11.846924033741486
Carside,NSGA-II,15,57,40.731046855200574,3.6327125803443194,10.84671716389602
Carside,NSGA-II,15,57,33.11589044820605,3.73297081755109,11.365224503286385
Carside,NSGA-II,15,57,30.983309222058068,3.6666653403519263,12.349719056350729
Carside,NSGA-II,15,57,25.357418808655922,3.9223320407079347,12.271988153227227
Carside,NSGA-II,15,57,27.977510553982434,3.891864715955798,11.579539265852016
Carside,NSGA-II,15,57,38.12527667820009,3.7516115769526546,10.813888205419556
Carside,NSGA-II,15,57,32.72170419944831,3.6795721550674956,11.594769054734968
Carside,NSGA-II,15,57,36.03873902614404,3.8110514119229615,10.978433481759755
Carside,NSGA-II,15,57,26.896607625054422,3.99136512281497,11.588086673504005
Carside,NSGA-II,15,57,34.97628330242024,3.784889545982283,11.122487286141475
Carside,NSGA-II,15,57,29.36775713730964,3.7208984238594462,12.252665402282584
Carside,NSGA-II,15,57,31.441403586010786,3.661752774454143,12.058751900393961
Carside,NSGA-II,15,57,32.233721084703,3.8778455449528657,11.294073578296295
Carside,NSGA-II,15,57,25.862944793933167,3.8866853768279834,12.14222666299609
Carside,NSGA-II,15,57,37.61443023043768,3.769275459646751,10.856998915036794
Carside,NSGA-II,15,57,40.39609673769779,3.662654431910529,10.796121131945593
Carside,NSGA-II,15,57,34.45475122680924,3.623753018637551,11.652974045246744
Carside,NSGA-II,15,57,37.53836957457051,3.769089223122415,10.863610026713229
Carside,NSGA-II,15,57,34.04623970479685,3.6491728491630315,11.510460411548205
Carside,NSGA-II,15,57,31.21683084559352,3.9151415281135558,11.325845903120253
Carside,NSGA-II,15,57,42.629715466564434,3.5874992194443744,10.63809785512598
Carside,NSGA-II,15,57,26.977430277421618,3.854296042323663,11.960662888508786
Carside,NSGA-II,15,57,25.73697210219796,3.8260913179943903,12.508137276914468
Carside,NSGA-II,15,57,25.79579716257782,3.8866853768279834,12.151376645988549
Carside,NSGA-II,16,58,37.94002610553151,3.5852500777869962,11.101827698447131
Carside,NSGA-II,16,58,23.668241870049854,3.9986283494612747,12.466157473501982
Carside,NSGA-II,16,58,24.277621062641828,3.9252601983381448,12.5056860207165
Carside,NSGA-II,16,58,42.76642002204868,3.5853535202839915,10.610812968989098
Carside,NSGA-II,16,58,23.665801539194213,3.9986283494612747,12.466361507154744
Carside,NSGA-II,16,58,34.29245111865986,3.952028594086031,11.013383137248592
Carside,NSGA-II,16,58,24.951054575979654,3.922026362457477,12.3815986943179
Carside,NSGA-II,16,58,25.55314688108526,3.9920969801151602,11.998159529445658
Carside,NSGA-II,16,58,38.1426777089103,3.5980890520972255,11.047088014065173
Carside,NSGA-II,16,58,23.90196640372719,3.9726647942856244,12.466541310541865
Carside,NSGA-II,16,58,28.36835828608218,3.874399067957853,11.528023885809006
Carside,NSGA-II,16,58,28.39449657863296,3.7638316415284323,12.215322938154205
Carside,NSGA-II,16,58,28.812478143292417,3.8453778373256293,11.648706551132326
Carside,NSGA-II,16,58,31.9368904745727,3.899344351084202,11.270940083884916
Carside,NSGA-II,16,58,26.79637724392976,3.8905882000554297,11.980773212234553
Carside,NSGA-II,16,58,36.24485392119494,3.5945856956948985,11.293372674709756
Carside,NSGA-II,16,58,28.05500617170339,3.963499019663484,11.507495473663948
Carside,NSGA-II,16,58,29.115478864340105,3.7703588641493857,12.115199658953056
Carside,NSGA-II,16,58,28.22660108076833,3.8205224188673914,11.84799148484847
Carside,NSGA-II,16,58,38.71259595720028,3.7879130512310706,10.835543187173345
Carside,NSGA-II,16,58,33.546650308554476,3.740547077675524,11.254559491665672
Carside,NSGA-II,16,58,40.78605348651761,3.719934344596735,10.739426258649342
Carside,NSGA-II,16,58,27.69431516946814,3.906594877701972,11.577232810389706
Carside,NSGA-II,16,58,36.71299540024494,3.6368568249357174,11.169019874259918
Carside,NSGA-II,16,58,39.07609608621632,3.726891294905514,10.870115601460169
Carside,NSGA-II,16,58,24.487989970535125,3.91460749669227,12.463504058341226
Carside,NSGA-II,16,58,25.366447543732363,3.9419920573531373,12.301468006125482
Carside,NSGA-II,16,58,25.23549469397743,3.8584688155845823,12.434326466743855
Carside,NSGA-II,16,58,37.01752718181825,3.6368568249357174,11.150963380043233
Carside,NSGA-II,16,58,32.81558665165925,3.6568333162561886,11.786894141221655
Carside,NSGA-II,16,58,27.317517820799836,3.9498000780635283,11.561564668386868
Carside,NSGA-II,16,58,25.7401627322437,3.8735906372966964,12.317182458816198
Carside,NSGA-II,16,58,35.984733015855134,3.6775680720414288,11.135983487304276
Carside,NSGA-II,16,58,31.124028643417176,3.7803106201679024,11.466940160187603
Carside,NSGA-II,16,58,29.645440236545788,3.7465899981709594,12.097239920507896
Carside,NSGA-II,16,58,29.590587742882544,3.8068671599588604,11.881728480759879
Carside,NSGA-II,16,58,34.83261120805622,3.636856816293667,11.404956948904697
Carside,NSGA-II,16,58,31.5091487794355,3.9032415816649473,11.2347313788998
Carside,NSGA-II,16,58,35.24127761055863,3.8472682048744726,10.983251820128073
Carside,NSGA-II,16,58,25.964538185314776,3.86497749973881,12.18114752440325
Carside,NSGA-II,16,58,37.38812305719354,3.665718506466512,11.080332335048215
Carside,NSGA-II,16,58,33.06089631611474,3.6912573781484217,11.435747269600654
Carside,NSGA-II,16,58,26.487970632078692,3.8372679865725483,12.16114902586766
Carside,NSGA-II,16,58,27.515300970456902,3.9289669732416614,11.850984989033714
Carside,NSGA-II,16,58,28.226024928636374,3.7754254289125173,12.239217918561463
Carside,NSGA-II,16,58,32.07686095119135,3.823868238725386,11.31227928873247
Carside,NSGA-II,16,58,30.803473906398033,3.7465899981709594,11.992416941865272
Carside,NSGA-II,16,58,27.234072838503682,3.978089355939606,11.56778061229987
Carside,NSGA-II,16,58,26.076599680830082,3.8507249866081255,12.273134281094993
Carside,NSGA-II,16,58,34.77140647705083,3.938525932121742,10.933516787808546
Carside,NSGA-II,16,58,29.44455400502114,3.7836784976975366,11.922771391164751
Carside,NSGA-II,16,58,42.62831462791472,3.5856593557649563,10.629451956568431
Carside,NSGA-II,16,58,24.919047402962107,3.8637595979476616,12.407366237166578
Carside,NSGA-II,16,58,39.705168496786506,3.6467892446389367,10.85505429854886
Carside,NSGA-II,16,58,34.50753820358497,3.6148563785197596,11.694754420173458
Carside,NSGA-II,16,58,39.030120686054545,3.7224619626368445,10.892346671585397
Carside,NSGA-II,16,58,31.71729037903496,3.678065497104911,11.930166357788972
Carside,NSGA-II,16,58,40.66716699772684,3.6290272890928628,10.78021884838715
Carside,NSGA-II,16,58,27.649008310343387,3.8295786308222635,12.018901652205336
Carside,NSGA-II,16,58,35.403569705910115,3.6212288470041956,11.652827583603631
Carside,NSGA-II,16,58,26.132231229900203,3.8442842356490674,12.180989669049335
Carside,NSGA-II,16,58,33.5899825497108,3.640460062843358,11.746941089504588
Carside,NSGA-II,16,58,30.261378236873316,3.759995609838974,11.872906783974358
Carside,NSGA-II,16,58,31.18480940953818,3.834721581916527,11.344515017390604
Carside,NSGA-II,16,58,26.91097588773175,3.8906068952221635,11.97012968703985
Carside,NSGA-II,16,58,25.638670925838895,3.8739774572308807,12.335404975160905
Carside,NSGA-II,16,58,24.272892630718623,3.925849778427418,12.505671430958792
Carside,NSGA-II,16,58,34.9407768900228,3.9330602471077856,10.950826115026043
Carside,NSGA-II,16,58,30.13539211201963,3.7356078039012117,12.064519707073956
Carside,NSGA-II,16,58,37.60806592037761,3.658276686740221,11.068913556903059
Carside,NSGA-II,16,58,35.633373929472405,3.602601959556656,11.389706617849626
Carside,NSGA-II,16,58,33.30284877024199,3.7672564691462367,11.288189574775263
Carside,NSGA-II,16,58,39.75839221218539,3.61259572552939,10.988247390450942
Carside,NSGA-II,16,58,30.50526483278524,3.913775925985201,11.378837313457616
Carside,NSGA-II,16,58,30.869411214692228,3.8303357946931507,11.427259471805991
Carside,NSGA-II,16,58,27.23370243581996,3.83977063269902,11.967239247537677
Carside,NSGA-II,16,58,32.90323004571715,3.6428145278263147,12.055308151830058
Carside,NSGA-II,16,58,27.26577928680401,3.962817282589787,11.562529234016889
Carside,NSGA-II,16,58,41.916005672038075,3.6086124989683586,10.661315819751984
Carside,NSGA-II,16,58,28.057733062941388,3.908653870946985,11.540503967042778
Carside,NSGA-II,16,58,35.0355749441134,3.695688705280639,11.330778976157546
Carside,NSGA-II,16,58,39.45918781844122,3.704504977863885,10.82259161516914
Carside,NSGA-II,16,58,39.986131205491965,3.7748156277409226,10.699235452072745
Carside,NSGA-II,16,58,40.19641409757212,3.6929701351824447,10.773093732223487
Carside,NSGA-II,16,58,27.750668744235654,3.778002504382489,12.398139687808577
Carside,NSGA-II,16,58,38.79466190710042,3.761272570159778,10.885813162106796
Carside,NSGA-II,16,58,34.647070420167346,3.788690774835586,11.225144276455596
Carside,NSGA-II,16,58,42.38486248053709,3.59124492697493,10.665241332495228
Carside,NSGA-II,16,58,35.95654754807015,3.588629130803337,11.362083597242972
Carside,NSGA-II,16,58,26.001230659814954,3.9759632100026603,12.077140887837123
Carside,NSGA-II,16,58,35.7008911183657,3.840628781780055,10.925370455583902
Carside,NSGA-II,16,58,29.099862252201163,3.8531705709774067,11.476244660797741
Carside,NSGA-II,16,58,40.04926201403432,3.777178048355457,10.68658002357407
Carside,NSGA-II,16,58,32.6384216445992,3.8310030641021764,11.202913950330693
Carside,NSGA-II,16,58,30.187919926739564,3.7942315801151416,11.492087237141575
Carside,NSGA-II,16,58,33.712705489913354,3.627252961418195,11.796297627805451
Carside,NSGA-II,16,58,30.11328437317363,3.803954639873303,11.491489195046508
Carside,NSGA-II,16,58,42.14085648459564,3.5941665133604417,10.731563531495453
Carside,NSGA-II,16,58,33.92922746302967,3.7535587287643533,11.235511140095019
Carside,NSGA-II,16,58,42.41269039683224,3.5945179567876853,10.646777682718572
Carside,NSGA-II,17,59,23.590366384636376,3.99990602251305,12.447695767209236
Carside,NSGA-II,17,59,42.763902360645574,3.5852521659806613,10.613512186429137
Carside,NSGA-II,17,59,40.54236674721774,3.585250064728695,10.953157207547873
Carside,NSGA-II,17,59,41.16031834591038,3.7853910408132254,10.610943096371301
Carside,NSGA-II,17,59,24.09413082361502,3.938171546362515,12.505581546671703
Carside,NSGA-II,17,59,23.9493405071436,3.999944403712038,12.352900878379085
Carside,NSGA-II,17,59,24.320638495384653,3.9317684421425847,12.494680629152393
Carside,NSGA-II,17,59,35.661163525501635,3.6791126235726628,11.207871131495768
Carside,NSGA-II,17,59,31.880207158731558,3.6935284290531607,12.045673636256094
Carside,NSGA-II,17,59,23.779943148454766,3.9762400066743497,12.407334821703508
Carside,NSGA-II,17,59,29.54558538541671,3.7474384548714443,12.118767417337303
Carside,NSGA-II,17,59,39.56797321354522,3.617830626063717,10.987579284282456
Carside,NSGA-II,17,59,34.34438162492073,3.7319677172109396,11.203945924885907
Carside,NSGA-II,17,59,28.365965432361815,3.8356268487494014,11.700950333292596
Carside,NSGA-II,17,59,26.894059829058435,3.9858426733566388,11.539908604006197
Carside,NSGA-II,17,59,26.091916037646712,3.9686922078328677,11.829184741480535
Carside,NSGA-II,17,59,34.10624575110645,3.597048059851425,11.96686032887536
Carside,NSGA-II,17,59,34.77925989821295,3.811818945849509,11.090075494742438
Carside,NSGA-II,17,59,27.94741963318028,3.9233294587316534,11.524933007727512
Carside,NSGA-II,17,59,35.961056655816776,3.743234680618797,11.120535938034351
Carside,NSGA-II,17,59,33.89244764342335,3.67153566664642,11.89779601882827
Carside,NSGA-II,17,59,27.305822743454108,3.958533806429397,11.643672069398807
Carside,NSGA-II,17,59,25.0938432908998,3.9217853117991046,12.332085756761256
Carside,NSGA-II,17,59,31.183107571030515,3.7727747509240928,11.772511011661663
Carside,NSGA-II,17,59,33.339262531609,3.7088515650878553,11.387682466703822
Carside,NSGA-II,17,59,31.60152153415202,3.8837906089543464,11.341872339709271
Carside,NSGA-II,17,59,38.08905187290369,3.6592594123447233,10.994916589306506
Carside,NSGA-II,17,59,37.07375588345796,3.8743611428173486,10.904802169784507
Carside,NSGA-II,17,59,32.88129049587194,3.684466494982806,11.559093237143717
Carside,NSGA-II,17,59,23.590366422589604,3.99990602251305,12.446295816105966
Carside,NSGA-II,17,59,30.480342054596917,3.6663514306454164,12.369960057143427
Carside,NSGA-II,17,59,31.68280172982046,3.756796812887573,11.948804757799412
Carside,NSGA-II,17,59,27.258260834246258,3.9424468002630184,11.658989512977344
Carside,NSGA-II,17,59,32.601965152018884,3.7945540147877015,11.27851430305765
Carside,NSGA-II,17,59,28.591032770146587,3.8400783045065117,11.616445774382544
Carside,NSGA-II,17,59,35.25500278985607,3.7668168445651617,11.140857638614094
Carside,NSGA-II,17,59,28.574913554617936,3.9485490275468735,11.454696601841905
Carside,NSGA-II,17,59,25.6175751007531,3.916362712318128,12.208530059915242
Carside,NSGA-II,17,59,41.96372135759574,3.6448769429684256,10.656981764370087
Carside,NSGA-II,17,59,35.134110975828285,3.7650173755754555,11.167662044866095
Carside,NSGA-II,17,59,31.423578493443856,3.9921713553896745,11.150853835519952
Carside,NSGA-II,17,59,32.966949591443885,3.6837452417053975,11.584161215846368
Carside,NSGA-II,17,59,37.541571521360716,3.851256114642158,10.849056854653163
Carside,NSGA-II,17,59,35.17892823517973,3.8996273799863723,10.934082067979332
Carside,NSGA-II,17,59,37.20678185721408,3.723781989623062,11.067660434646474
Carside,NSGA-II,17,59,34.52077258869305,3.718693546644221,11.254594279329435
Carside,NSGA-II,17,59,41.25713143674975,3.5947415198408463,10.744529476819029
Carside,NSGA-II,17,59,40.74562188247769,3.6261598948539517,10.792679815424908
Carside,NSGA-II,17,59,40.23645233375598,3.589737346482047,10.967372988176312
Carside,NSGA-II,17,59,27.651264416574865,3.8036286007819218,12.397219883215048
Carside,NSGA-II,17,59,29.948462597606454,3.7155558625262755,12.249171087402434
Carside,NSGA-II,17,59,40.819660169458174,3.5857382030854974,10.871182609573982
Carside,NSGA-II,17,59,27.81566167880825,3.8307221258310182,11.80354011386735
Carside,NSGA-II,17,59,33.02937094821372,3.6385746799275895,12.065528038281666
Carside,NSGA-II,17,59,36.244326480751994,3.8920417032693853,10.88427068511919
Carside,NSGA-II,17,59,37.963139987190715,3.6723458915850005,11.000871609242193
Carside,NSGA-II,17,59,36.795305608497415,3.6311293267033378,11.118989091263984
Carside,NSGA-II,17,59,41.371420209184656,3.6997386848223694,10.722071727328993
Carside,NSGA-II,17,59,28.941929138221433,3.8158002813401675,12.082117603974602
Carside,NSGA-II,17,59,30.84407079520723,3.773518367798679,11.755832115696471
Carside,NSGA-II,17,59,39.009528137565596,3.8606444426794306,10.708626481176806
Carside,NSGA-II,17,59,30.039009793033884,3.911111152148718,11.397407700526902
Carside,NSGA-II,17,59,26.293896298205212,3.8438811673920306,12.198907009006962
Carside,NSGA-II,17,59,32.58796868698084,3.6393124283174116,12.172792602546025
Carside,NSGA-II,17,59,28.51707463392256,3.7587857233897215,12.227490673264564
Carside,NSGA-II,17,59,32.192468565451954,3.690884871816843,12.108224632454307
Carside,NSGA-II,17,59,30.173065550102482,3.7142792756312377,12.361629002305317
Carside,NSGA-II,17,59,37.72555196965157,3.650128071523271,11.033904150208464
Carside,NSGA-II,17,59,33.294372004630404,3.711394991091847,11.415663888306394
Carside,NSGA-II,17,59,25.662365931850278,3.973510548992897,11.891372847242874
Carside,NSGA-II,17,59,36.60781885518166,3.589262982949541,11.324455364435376
Carside,NSGA-II,17,59,41.71227032340696,3.6251063954280056,10.683526345332252
Carside,NSGA-II,17,59,31.694473036982252,3.699478859841102,11.737333932633366
Carside,NSGA-II,17,59,38.37604556039324,3.778092729339018,10.823711894310462
Carside,NSGA-II,17,59,26.559935639177766,3.841380636126987,12.141924839635557
Carside,NSGA-II,17,59,27.64338469742867,3.9424468002630184,11.62446812183196
Carside,NSGA-II,17,59,31.57519101315448,3.8158002813401675,11.350239520527998
Carside,NSGA-II,17,59,34.10887256094792,3.7271572004381808,11.2876817797695
Carside,NSGA-II,17,59,26.73458969068345,3.8053088407270734,12.297797802948544
Carside,NSGA-II,17,59,38.73777757638066,3.855224252796992,10.744202888091618
Carside,NSGA-II,17,59,33.465371808154714,3.9386933442518317,11.092935586274862
Carside,NSGA-II,17,59,42.50617589071821,3.5923370380099646,10.63055897288455
Carside,NSGA-II,17,59,26.75762505251175,3.822150012299904,12.157061073475834
Carside,NSGA-II,17,59,24.86521615813013,3.965979040665346,12.294535983317765
Carside,NSGA-II,17,59,33.98279066491123,3.6668121895301615,11.860099843672437
Carside,NSGA-II,17,59,41.671351829958056,3.625086656770653,10.693207602851594
Carside,NSGA-II,17,59,26.273466997385945,3.909706741765104,11.868745872154168
Carside,NSGA-II,17,59,37.70950894387155,3.6500478687839735,11.035388112029032
Carside,NSGA-II,17,59,36.43655589171492,3.7826729522215192,11.015868186278688
Carside,NSGA-II,17,59,42.23915076641578,3.644621925120342,10.620731895019382
Carside,NSGA-II,17,59,39.91397600623622,3.6612338430085334,10.913710731293348
Carside,NSGA-II,17,59,26.422855103353726,3.8643804403548776,12.189935879979812
Carside,NSGA-II,17,59,26.868019270075212,3.8187312319221163,12.275545333543663
Carside,NSGA-II,17,59,24.948046198181416,3.954570500254956,12.373685751726036
Carside,NSGA-II,17,59,33.657169969766805,3.9910786007810244,11.022426364453352
Carside,NSGA-II,17,59,40.65848111555347,3.6137557753526863,10.809655309857785
Carside,NSGA-II,17,59,33.0624621835928,3.990430631792454,11.055981829605244
Carside,NSGA-II,17,59,38.86128308304268,3.855224252796992,10.726273679695701
Carside,NSGA-II,17,59,27.881189475798045,3.944056132332312,11.511547626569824
Carside,NSGA-II,17,59,29.292928949450605,3.866380774945253,11.437900998000863
Carside,NSGA-II,18,60,31.03904397464645,3.9999813582803507,11.233355169826682
Carside,NSGA-II,18,60,40.374151459522245,3.585253139706995,10.931325143327804
Carside,NSGA-II,18,60,24.215846816330437,3.9267997352527377,12.490317910807438
Carside,NSGA-II,18,60,23.716253579951733,3.999604355291272,12.407110130219225
Carside,NSGA-II,18,60,42.76773625748033,3.5852712870296095,10.610680517727854
Carside,NSGA-II,18,60,27.840458443795075,3.890458891083345,11.517272707012602
Carside,NSGA-II,18,60,25.4533096163236,3.969863078186159,12.169965447124294
Carside,NSGA-II,18,60,27.389754664308555,3.935172769691798,11.605740255054936
Carside,NSGA-II,18,60,29.86697508368561,3.7496547334549444,12.079702207245571
Carside,NSGA-II,18,60,36.30609920367118,3.801286640257936,10.931168437668878
Carside,NSGA-II,18,60,27.429694961906765,3.9088800141308684,11.600939602551518
Carside,NSGA-II,18,60,24.925324607724203,3.925532110207546,12.22369142649445
Carside,NSGA-II,18,60,41.84821740381287,3.6419293622113234,10.719278868735202
Carside,NSGA-II,18,60,26.001531656867805,3.9814782986481774,11.952837877396085
Carside,NSGA-II,18,60,42.126272613789936,3.58999098904107,10.679313549964217
Carside,NSGA-II,18,60,24.355259958536966,3.9530937498249776,12.460105523020234
Carside,NSGA-II,18,60,28.72363411990761,3.8992195828525684,11.443734754979626
Carside,NSGA-II,18,60,34.33018904760442,3.6519527620396506,11.666317425681102
Carside,NSGA-II,18,60,31.8588344488678,3.7032172603094913,12.155515842276465
Carside,NSGA-II,18,60,29.227895160814224,3.7920373350289163,11.864983634964222
Carside,NSGA-II,18,60,30.293455074515993,3.71442949904948,11.983400946001034
Carside,NSGA-II,18,60,26.906792014875535,3.992533417373439,11.556027589764742
Carside,NSGA-II,18,60,29.52790088027322,3.719621056264243,12.195472989154869
Carside,NSGA-II,18,60,34.82949444608886,3.7950893546891447,11.118663276333134
Carside,NSGA-II,18,60,24.698690758904938,3.9267997352527377,12.422960998794416
Carside,NSGA-II,18,60,29.115662094355194,3.7380189621784496,12.328325060415528
Carside,NSGA-II,18,60,33.29670390867083,3.9585384658526674,10.997252428286412
Carside,NSGA-II,18,60,32.83379614883268,3.9754971692493233,11.00484111055132
Carside,NSGA-II,18,60,24.796649747409536,3.880362300949774,12.40342544043161
Carside,NSGA-II,18,60,38.516247786585126,3.8135811696844026,10.82266319940651
Carside,NSGA-II,18,60,35.04931698751937,3.918466343098834,10.93256923387639
Carside,NSGA-II,18,60,25.85120933774504,3.8774133523907026,12.121432142417067
Carside,NSGA-II,18,60,26.672978968815222,3.843343882262812,12.017679178527162
Carside,NSGA-II,18,60,31.606508578533465,3.7575753912182295,11.725020034327683
Carside,NSGA-II,18,60,32.48132079740076,3.6687720093053855,12.056059160031094
Carside,NSGA-II,18,60,25.554992553424704,3.9034107242275202,12.279084511421456
Carside,NSGA-II,18,60,30.112022488044502,3.7794179462577686,11.553228586187021
Carside,NSGA-II,18,60,36.93818099681671,3.709282649450583,11.037540659405733
Carside,NSGA-II,18,60,42.52920287140465,3.594219308105564,10.623688076198462
Carside,NSGA-II,18,60,32.208950700021155,3.720423271342471,11.465141370921625
Carside,NSGA-II,18,60,37.96461671505432,3.595992780510014,11.095471806473554
Carside,NSGA-II,18,60,41.269666619436045,3.7419622813993123,10.657035502738704
Carside,NSGA-II,18,60,39.30294083017708,3.681793945737691,10.807213262894768
Carside,NSGA-II,18,60,25.59621698906655,3.865529949113462,12.276693003773866
Carside,NSGA-II,18,60,24.252897420634238,3.9555692196840213,12.352089432167872
Carside,NSGA-II,18,60,32.3056894606121,3.719129697694834,11.412892789414201
Carside,NSGA-II,18,60,31.37159683698387,3.9976941647051265,11.189510142092264
Carside,NSGA-II,18,60,26.39014621511147,3.8379257270827427,12.26440976821663
Carside,NSGA-II,18,60,41.626989358555306,3.6464052738559327,10.702567890995322
Carside,NSGA-II,18,60,32.00722271369736,3.7283690565027547,11.435120560845565
Carside,NSGA-II,18,60,41.576502297110885,3.6486607732074083,10.695409249055983
Carside,NSGA-II,18,60,40.995502173849175,3.6298848075038816,10.78979341883773
Carside,NSGA-II,18,60,26.22105770903138,3.8776169487097008,12.007913705095055
Carside,NSGA-II,18,60,26.47447031435349,3.847930813966892,12.03737187445952
Carside,NSGA-II,18,60,37.720535227538015,3.596536127008442,11.072233363039832
Carside,NSGA-II,18,60,41.23698387210705,3.6081034723068464,10.728403110511142
Carside,NSGA-II,18,60,28.95673470420711,3.7377643149787847,12.344471311077623
Carside,NSGA-II,18,60,36.078849744293244,3.7703815765190103,10.974833578274843
Carside,NSGA-II,18,60,26.072275007020654,3.947355258369693,11.9139830607836
Carside,NSGA-II,18,60,29.200905602816295,3.7242248216446834,12.224365945797716
Carside,NSGA-II,18,60,38.67784836376249,3.8095271118026193,10.839055976209941
Carside,NSGA-II,18,60,31.585889825473245,3.991683317044681,11.162663138595653
Carside,NSGA-II,18,60,28.472181579039884,3.823012608561989,11.858490012074437
Carside,NSGA-II,18,60,27.969198654521275,3.859377752770229,11.771456352948501
Carside,NSGA-II,18,60,41.30275465896802,3.587785775253867,10.778998693843125
Carside,NSGA-II,18,60,33.71425339951535,3.6361045854699485,11.904499097636172
Carside,NSGA-II,18,60,37.19415490886317,3.6883921814631573,11.09979011382717
Carside,NSGA-II,18,60,34.51003658206061,3.622501715711812,11.697425543792367
Carside,NSGA-II,18,60,38.310809367624366,3.7539341377459543,10.900041864388008
Carside,NSGA-II,18,60,30.57410299061079,3.77001081761612,11.7949543374777
Carside,NSGA-II,18,60,42.38442306214646,3.585270772015544,10.651459194443355
Carside,NSGA-II,18,60,24.121192910679195,3.9542652068754105,12.444182600281888
Carside,NSGA-II,18,60,39.582009259042344,3.783049499277575,10.747935828274475
Carside,NSGA-II,18,60,40.919622153864346,3.6542010338919657,10.75238301691866
Carside,NSGA-II,18,60,35.97817771531161,3.774680584821951,11.056060676679355
Carside,NSGA-II,18,60,35.249777164290336,3.6123224801686424,11.390715540001473
Carside,NSGA-II,18,60,35.433365151741064,3.830490159436391,10.954575429226171
Carside,NSGA-II,18,60,35.78134202746214,3.601816238631133,11.33703263270865
Carside,NSGA-II,18,60,33.482796055978625,3.6325576658213277,11.971193540958012
Carside,NSGA-II,18,60,40.01131125052852,3.587947273470243,10.952594270867587
Carside,NSGA-II,18,60,32.84989811300712,3.6581254152281644,12.046598946542328
Carside,NSGA-II,18,60,26.034079836996902,3.8493621699622924,12.129894991186404
Carside,NSGA-II,18,60,40.5349119226981,3.6637661035861515,10.746334504292008
Carside,NSGA-II,18,60,35.12821741095958,3.733344262818784,11.174104853348563
Carside,NSGA-II,18,60,23.868597280711583,3.9948111950619243,12.40425779090167
Carside,NSGA-II,18,60,40.679175435758005,3.6142969206472317,10.857284491943902
Carside,NSGA-II,18,60,37.07379161330197,3.6918662091179115,11.07159791798355
Carside,NSGA-II,18,60,35.07615933549149,3.61921220358528,11.366488207493127
Carside,NSGA-II,18,60,26.443222238385715,3.9493574562431193,11.882813627539281
Carside,NSGA-II,18,60,37.36800256429236,3.5863457579115705,11.770431565557109
Carside,NSGA-II,18,60,28.242757675249297,3.8857196883445053,11.53430008308975
Carside,NSGA-II,18,60,34.13103372825514,3.623171439400927,11.674795106812244
Carside,NSGA-II,18,60,33.39959888938469,3.7745540333053293,11.28339745775827
Carside,NSGA-II,18,60,27.08281643098923,3.8723293143430397,11.846470634783092
Carside,NSGA-II,18,60,28.19615064218192,3.818486822731569,11.908274812460085
Carside,NSGA-II,18,60,34.04450817538478,3.593431172698933,11.82287907336148
Carside,NSGA-II,18,60,33.814896899735054,3.620342391419429,11.769126707251196
Carside,NSGA-II,18,60,31.2550347885101,3.751886949716579,11.730982889049807
Carside,NSGA-II,18,60,32.10300696881378,3.807344589448899,11.381445600431697
Carside,NSGA-II,18,60,28.07265032904743,3.8409071594255937,11.810042476926842
Carside,NSGA-II,19,61,42.7640470445126,3.585306618254267,10.611082841312388
Carside,NSGA-II,19,61,27.216192174632425,3.9999540974142915,11.499493660958088
Carside,NSGA-II,19,61,23.626796949283673,3.999355330499057,12.408210198396427
Carside,NSGA-II,19,61,42.579676997171966,3.60859659569992,10.610760203069768
Carside,NSGA-II,19,61,42.20284014548633,3.5852501309713642,10.687365159568749
Carside,NSGA-II,19,61,24.777241804515636,3.858621362221782,12.516082705957277
Carside,NSGA-II,19,61,40.290675735334226,3.6718505997017092,10.810355909383446
Carside,NSGA-II,19,61,26.867093646534066,3.951026990965125,11.609711080897043
Carside,NSGA-II,19,61,28.460818891358844,3.7360070580354634,12.451084598652203
Carside,NSGA-II,19,61,27.26965959802243,3.918003587774724,11.95633708790542
Carside,NSGA-II,19,61,30.96652687898677,3.8820703081303223,11.359622801308774
Carside,NSGA-II,19,61,31.53583504848576,3.951026990965125,11.320111914350107
Carside,NSGA-II,19,61,24.388480449608252,3.9348532662590077,12.38310028587274
Carside,NSGA-II,19,61,37.871856771797965,3.6005602149282625,11.102867918332603
Carside,NSGA-II,19,61,25.02423069040767,3.968644834645355,12.320676609685744
Carside,NSGA-II,19,61,37.48007869886255,3.700386181661978,10.990551150548193
Carside,NSGA-II,19,61,40.82847090190726,3.6276351807370797,10.747455473002791
Carside,NSGA-II,19,61,35.253124637542605,3.7910734069120138,11.133766221307251
Carside,NSGA-II,19,61,29.359524080347914,3.809378082496792,11.523252673975904
Carside,NSGA-II,19,61,31.190314395217026,3.6599567264914548,12.153829635998871
Carside,NSGA-II,19,61,25.150848495387656,3.9225698842104855,12.334395036621274
Carside,NSGA-II,19,61,38.381006171556066,3.724306846547722,10.8929955801114
Carside,NSGA-II,19,61,25.936135428015618,3.9019305673805023,12.193137197112998
Carside,NSGA-II,19,61,34.84832508989265,3.6208363645891444,11.786054452523782
Carside,NSGA-II,19,61,30.685966097186352,3.782224397319756,11.927852009639313
Carside,NSGA-II,19,61,28.3621666787886,3.8380365165011936,11.727750353154022
Carside,NSGA-II,19,61,36.339211930949155,3.62542655659899,11.234715322422055
Carside,NSGA-II,19,61,30.156457108933115,3.728645829240035,12.002836429807843
Carside,NSGA-II,19,61,41.44134796776112,3.6032116314813947,10.775536421304842
Carside,NSGA-II,19,61,27.12045262385172,3.9425425186638057,11.606172846553559
Carside,NSGA-II,19,61,39.27738481930708,3.6890422410000654,10.86651911524569
Carside,NSGA-II,19,61,41.27560772190399,3.6548183497472033,10.709253528427755
Carside,NSGA-II,19,61,31.652138232858597,3.748809672030335,11.891985361242025
Carside,NSGA-II,19,61,32.96462054056326,3.6944395339412495,11.66046803956559
Carside,NSGA-II,19,61,24.53892981665629,3.990871552468887,12.309470356172046
Carside,NSGA-II,19,61,39.6775998223064,3.7630191936856487,10.737135396915093
Carside,NSGA-II,19,61,35.85284724582796,3.6764328843477063,11.182454684384272
Carside,NSGA-II,19,61,32.99257491087067,3.9984128842534714,11.093087078312895
Carside,NSGA-II,19,61,28.94674496363417,3.7304331850451247,12.416000794036293
Carside,NSGA-II,19,61,32.07296735084908,3.8613663480242697,11.335248396162608
Carside,NSGA-II,19,61,32.34502411005123,3.6809179571673862,11.833429089191991
Carside,NSGA-II,19,61,33.25247298854045,3.6808506166222488,11.641420884837672
Carside,NSGA-II,19,61,32.82812891145163,3.87425382709077,11.289712581450942
Carside,NSGA-II,19,61,33.43744259332122,3.816644763352569,11.264135603790649
Carside,NSGA-II,19,61,37.43206483585997,3.8677250386024844,10.812014164430643
Carside,NSGA-II,19,61,28.170866710118894,3.850701793951393,11.756182097880792
Carside,NSGA-II,19,61,26.113701139765997,3.8871982398553406,12.170575401514064
Carside,NSGA-II,19,61,30.041851574872894,3.97649208433197,11.375102774432133
Carside,NSGA-II,19,61,30.30368875802469,3.6930892390347774,12.130715192200793
Carside,NSGA-II,19,61,31.19195275948196,3.812599482531527,11.44856001905136
Carside,NSGA-II,19,61,25.86406465875123,3.9405040155158284,12.062785679205682
Carside,NSGA-II,19,61,27.408914559228354,3.982396882213811,11.54124643584573
Carside,NSGA-II,19,61,36.98373748961326,3.6475250475052476,11.078078741712883
Carside,NSGA-II,19,61,32.87359117133934,3.769606948796265,11.403671496351024
Carside,NSGA-II,19,61,40.940571852536436,3.6348978387594975,10.718856054322556
Carside,NSGA-II,19,61,28.815999411553992,3.8364940497885756,11.692102242497802
Carside,NSGA-II,19,61,29.186273455536007,3.8289268194112793,11.477916223900147
Carside,NSGA-II,19,61,41.19783047288095,3.721059623247325,10.662988090670634
Carside,NSGA-II,19,61,38.807076305302274,3.7110731172292657,10.910454126938237
Carside,NSGA-II,19,61,27.90985119612061,3.8589048673978827,11.623824423345312
Carside,NSGA-II,19,61,27.707539724401705,3.899277601384553,11.586877944583021
Carside,NSGA-II,19,61,36.06039938682727,3.8231227431365027,11.131831150808708
Carside,NSGA-II,19,61,41.846402082150185,3.607033170853403,10.71538798030241
Carside,NSGA-II,19,61,31.138230666560432,3.759424888254153,11.950107305231692
Carside,NSGA-II,19,61,36.649647415174734,3.7504091432038384,11.073162991483642
Carside,NSGA-II,19,61,36.76638686091674,3.7988450857467875,10.878753484429167
Carside,NSGA-II,19,61,37.022015293318816,3.776682862345994,10.940085403122112
Carside,NSGA-II,19,61,35.16287579371649,3.774452327566297,11.160319918398434
Carside,NSGA-II,19,61,24.621147515742813,3.893295109838423,12.372181749525172
Carside,NSGA-II,19,61,33.92912936784461,3.61660072309179,11.985652407840508
Carside,NSGA-II,19,61,42.060430907254066,3.614450350042313,10.70016604760176
Carside,NSGA-II,19,61,26.397517778913954,3.8437325017248187,12.138888408957175
Carside,NSGA-II,19,61,32.63017268829727,3.6387723923404924,12.071547908293951
Carside,NSGA-II,19,61,37.11227050386258,3.7158249023868395,11.051557105958452
Carside,NSGA-II,19,61,31.730963965635436,3.7536782067181256,11.491333915277984
Carside,NSGA-II,19,61,25.280540066359894,3.8424345268513025,12.503477882321778
Carside,NSGA-II,19,61,32.74750646382076,3.8461830840286155,11.35245732014506
Carside,NSGA-II,19,61,29.292835870831507,3.731314992004488,12.277995641607875
Carside,NSGA-II,19,61,28.170372577478137,3.860006911442707,11.565395678627024
Carside,NSGA-II,19,61,24.120681410351093,3.941152609197385,12.40947765977046
Carside,NSGA-II,19,61,29.850237751889665,3.690568077240963,12.258346246641338
Carside,NSGA-II,19,61,42.39832260013549,3.5935009932519693,10.633705041926179
Carside,NSGA-II,19,61,41.670622536658044,3.6115873543135537,10.746214678967362
Carside,NSGA-II,19,61,34.77574741141409,3.598578535632536,11.941570733982019
Carside,NSGA-II,19,61,39.34880311995017,3.6358661637544185,11.019916021447813
Carside,NSGA-II,19,61,30.561121894320095,3.7870322929897053,11.948849152823005
Carside,NSGA-II,19,61,37.251254214785256,3.6311917005301177,11.115744351547312
Carside,NSGA-II,19,61,24.148360704869113,3.9349450696535975,12.402672515463545
Carside,NSGA-II,19,61,34.01761954359508,3.6146454697213297,11.981568335416338
Carside,NSGA-II,19,61,25.600401263528717,3.8456689744355743,12.340743598959062
Carside,NSGA-II,19,61,24.95069942488326,3.9708571980815552,12.29633398480427
Carside,NSGA-II,19,61,33.724375511620146,3.7846632488406184,11.260003578441356
Carside,NSGA-II,19,61,26.59299463695575,3.8253600679216406,12.222111628820365
Carside,NSGA-II,19,61,34.93813802471274,3.9879285060194456,10.902915696055238
Carside,NSGA-II,19,61,32.54317254221547,3.6446668355331324,12.084834579283108
Carside,NSGA-II,19,61,25.193442461904414,3.8548144066950116,12.473055123304867
Carside,NSGA-II,19,61,35.69456717243269,3.836256802081838,10.918352556434261
Carside,NSGA-II,19,61,39.00401301293951,3.7045183032377054,10.923587737418906
Carside,NSGA-II,19,61,38.549487065075795,3.6815692608674353,11.033839701423947
Carside,NSGA-II,19,61,34.788464147010465,3.7061747520149617,11.21285325891367
Carside,NSGA-II,20,62,41.809881777982866,3.58525065986296,10.789486329712274
Carside,NSGA-II,20,62,42.7662945204039,3.585314594554071,10.611695420757734
Carside,NSGA-II,20,62,42.45363802753525,3.6243380313502387,10.610923155165217
Carside,NSGA-II,20,62,23.61616944945837,3.9998003845417536,12.402775545661264
Carside,NSGA-II,20,62,23.930024337126564,3.9757764316425104,12.517943638571541
Carside,NSGA-II,20,62,24.387104321857375,3.971485349012361,12.421599292749544
Carside,NSGA-II,20,62,28.367979628182102,3.8425006120019765,11.761142866418947
Carside,NSGA-II,20,62,33.5932171224107,3.604347210179883,11.92424589629518
Carside,NSGA-II,20,62,29.63402885944421,3.7767049938810753,12.147043149574184
Carside,NSGA-II,20,62,36.62976416331639,3.621193918706525,11.223423173472792
Carside,NSGA-II,20,62,35.1120770512037,3.6105359806091673,11.472187604191753
Carside,NSGA-II,20,62,30.587144671949282,3.698315610344028,12.110963216441915
Carside,NSGA-II,20,62,25.797170129079618,3.9107644282385086,12.210469616392116
Carside,NSGA-II,20,62,40.430109902840016,3.652102338351531,10.822018000616097
Carside,NSGA-II,20,62,27.148909948219096,3.93510339029635,11.702849916740096
Carside,NSGA-II,20,62,34.455602502767796,3.9218676165546182,11.02038917573012
Carside,NSGA-II,20,62,35.77069407735482,3.6870988564414886,11.173316736046779
Carside,NSGA-II,20,62,36.981074246127825,3.7942322815299003,10.881350654352396
Carside,NSGA-II,20,62,39.54956351140761,3.6034688632269596,10.976665724007749
Carside,NSGA-II,20,62,33.29854859485791,3.6357739528552186,12.00693444408768
Carside,NSGA-II,20,62,33.88658883094107,3.662902904410861,11.620562025353935
Carside,NSGA-II,20,62,41.29460535126347,3.626281325274209,10.726103723880357
Carside,NSGA-II,20,62,29.938268794716418,3.7465298826985696,12.086806332259453
Carside,NSGA-II,20,62,42.24457465774203,3.632763702703766,10.637360802778066
Carside,NSGA-II,20,62,34.09181907400789,3.7998722761009143,11.184958663403826
Carside,NSGA-II,20,62,30.275223607618273,3.7713368084955587,11.776279537126566
Carside,NSGA-II,20,62,36.2956955395472,3.6699943245204016,11.132194296364368
Carside,NSGA-II,20,62,26.032832852064253,3.8161319949758044,12.482111837800677
Carside,NSGA-II,20,62,39.39565349856065,3.8073823261597886,10.741917717549157
Carside,NSGA-II,20,62,32.49524327951809,3.642002554245172,11.968172617638675
Carside,NSGA-II,20,62,35.396174985916566,3.6668208858612665,11.251505703453974
Carside,NSGA-II,20,62,38.000696101817205,3.7125271781190166,10.927703866934564
Carside,NSGA-II,20,62,24.90534132654376,3.9521268805809915,12.240902131708516
Carside,NSGA-II,20,62,24.870332822944032,3.9650448312671878,12.26738953768498
Carside,NSGA-II,20,62,26.72665767299455,3.9947915311936284,11.566165335057219
Carside,NSGA-II,20,62,31.042397873817862,3.7548662277728493,11.464314893372922
Carside,NSGA-II,20,62,34.640991270746355,3.6924147472054187,11.256424325325447
Carside,NSGA-II,20,62,27.139971921038423,3.9887326835024943,11.534813800689246
Carside,NSGA-II,20,62,32.20981756680289,3.673486506512072,11.83809188387685
Carside,NSGA-II,20,62,32.07275119608815,3.675892201131298,11.863419619002006
Carside,NSGA-II,20,62,42.505627782911866,3.596780623323542,10.62745902063784
Carside,NSGA-II,20,62,27.995260825392506,3.868993252048877,11.704880629721217
Carside,NSGA-II,20,62,28.901611359052925,3.838970753990694,11.482078389861467
Carside,NSGA-II,20,62,30.88211996174668,3.8807629868540627,11.332698004408172
Carside,NSGA-II,20,62,33.03162522373306,3.701489897531957,11.38668131727102
Carside,NSGA-II,20,62,29.496747870891735,3.7885453116257524,12.138155205632003
Carside,NSGA-II,20,62,27.65707200276762,3.786065190541115,12.362233078844202
Carside,NSGA-II,20,62,32.12052758719281,3.675892201131298,11.857931125806967
Carside,NSGA-II,20,62,24.50051206614581,3.984418284035874,12.338733961959843
Carside,NSGA-II,20,62,27.990704859271194,3.8309018014088534,12.051749810185605
Carside,NSGA-II,20,62,25.505776158442337,3.916344324518054,12.249677748271063
Carside,NSGA-II,20,62,34.17259000003883,3.9284889769021794,10.976033257743628
Carside,NSGA-II,20,62,36.818959664386405,3.78506404702803,10.918608518763191
Carside,NSGA-II,20,62,33.00964854188741,3.7219889096169636,11.651192211612832
Carside,NSGA-II,20,62,33.67047520511817,3.8252926703584946,11.110633692890332
Carside,NSGA-II,20,62,37.46172880518276,3.7636967350423354,10.890805228309066
Carside,NSGA-II,20,62,31.82373039991461,3.8956781348397653,11.2850719080012
Carside,NSGA-II,20,62,26.394231713296428,3.885693751729432,11.943036348403414
Carside,NSGA-II,20,62,30.529226701505042,3.7509247999814113,11.64095621171709
Carside,NSGA-II,20,62,25.321324280020544,3.9003482348752208,12.306518907360672
Carside,NSGA-II,20,62,36.063572514936176,3.745370770073939,11.062270916377301
Carside,NSGA-II,20,62,38.87780728041313,3.7177574126921176,10.841856248273707
Carside,NSGA-II,20,62,25.466988557072522,3.9936622244536677,11.978275999258997
Carside,NSGA-II,20,62,41.867352220580344,3.6244298886184882,10.665752618167298
Carside,NSGA-II,20,62,40.7918520423539,3.6393604025822284,10.84612337605334
Carside,NSGA-II,20,62,32.38283231793397,3.890189529595517,11.171313489134786
Carside,NSGA-II,20,62,26.742176607112633,3.848592548104331,11.946322580323226
Carside,NSGA-II,20,62,29.96965649323948,3.8018922914883477,11.623704239822462
Carside,NSGA-II,20,62,30.44369586434155,3.6692312753884484,12.289542741840268
Carside,NSGA-II,20,62,32.38839591350461,3.715152271385236,11.80138091107478
Carside,NSGA-II,20,62,27.572072306521093,3.9430065670366528,11.533066046735465
Carside,NSGA-II,20,62,31.732887728087785,3.738197851988947,11.408361434503698
Carside,NSGA-II,20,62,39.74900484816528,3.6091371808720925,10.956001217727504
Carside,NSGA-II,20,62,31.956416689094986,3.976486426203736,11.14286224854104
Carside,NSGA-II,20,62,26.058173363109507,3.9107993278176423,12.165546321181449
Carside,NSGA-II,20,62,31.156572727717176,3.81778362410058,11.392536409089344
Carside,NSGA-II,20,62,24.644030649262476,3.9805215050332916,12.302209528652444
Carside,NSGA-II,20,62,41.00114264246474,3.655221491619945,10.714936765718631
Carside,NSGA-II,20,62,31.445201890513484,3.8122857114227284,11.368223643325663
Carside,NSGA-II,20,62,27.402893754355908,3.9730880327484757,11.518285575978375
Carside,NSGA-II,20,62,40.885832952348686,3.626921914328796,10.746807168860084
Carside,NSGA-II,20,62,25.966288334375044,3.9450116920601057,11.946002156448046
Carside,NSGA-II,20,62,25.075531052260942,3.8790822587483387,12.321089244025815
Carside,NSGA-II,20,62,27.762791667690312,3.962056574053164,11.489423011198703
Carside,NSGA-II,20,62,34.350623089642085,3.8758281691596945,11.035258103097734
Carside,NSGA-II,20,62,42.12198138644503,3.5955407789688327,10.681856975974839
Carside,NSGA-II,20,62,31.662132848831796,3.9730880327484757,11.158757827895808
Carside,NSGA-II,20,62,38.8613899015086,3.848536141792106,10.764187909082736
Carside,NSGA-II,20,62,37.40909482398317,3.7652035598100793,10.896574205453813
Carside,NSGA-II,20,62,24.719761491102915,3.862185665771912,12.40284356802546
Carside,NSGA-II,20,62,36.011347304794626,3.5875792304186636,11.325951172089667
Carside,NSGA-II,20,62,40.15025865379235,3.6378957794399858,10.917730587773622
Carside,NSGA-II,20,62,36.614303320788046,3.7367896177642117,10.960441422729364
Carside,NSGA-II,20,62,32.679911142326645,3.7245231968776675,11.418795313722985
Carside,NSGA-II,20,62,32.8098242930807,3.956974936209865,11.088586393184423
Carside,NSGA-II,20,62,27.9174419183052,3.8845003545524563,11.56416544696412
Carside,NSGA-II,20,62,29.462881017206506,3.7295733163889757,12.177741703100946
Carside,NSGA-II,20,62,33.16847342061722,3.8328719236705457,11.085407619561867
Carside,NSGA-II,20,62,40.45291104117954,3.659713841505325,10.784529212559875
Carside,NSGA-II,20,62,39.17542730791545,3.626921914328796,10.956315211302481
