problema,algoritmo,run,seed,f1,f2,f3
Truss2D,PI-NSGA-II,0,42,0.0040550331716342845,99012.2574625564,
Truss2D,PI-NSGA-II,0,42,0.05363558511454002,8432.740437841612,
Truss2D,PI-NSGA-II,0,42,0.04519446059635429,8865.0643464872,
Truss2D,PI-NSGA-II,0,42,0.0425028303770601,9428.191740561819,
Truss2D,PI-NSGA-II,0,42,0.030862379075544455,13189.139522877334,
Truss2D,PI-NSGA-II,0,42,0.02947316385731718,13597.242627327756,
Truss2D,PI-NSGA-II,0,42,0.032268476030373465,12476.558665017825,
Truss2D,PI-NSGA-II,0,42,0.018439360402237898,21727.090364969292,
Truss2D,PI-NSGA-II,0,42,0.006726419455943929,59690.870255459995,
Truss2D,PI-NSGA-II,0,42,0.012279169561485281,32589.19992756915,
Truss2D,PI-NSGA-II,0,42,0.019523506941255764,20576.209048303157,
Truss2D,PI-NSGA-II,0,42,0.047549042924187046,8715.011838075956,
Truss2D,PI-NSGA-II,0,42,0.004806651555317865,84573.83688970817,
Truss2D,PI-NSGA-II,0,42,0.004376413501724175,91589.95326474216,
Truss2D,PI-NSGA-II,0,42,0.004300764315967443,93279.77162029516,
Truss2D,PI-NSGA-II,0,42,0.02858823591753682,14182.155290006021,
Truss2D,PI-NSGA-II,0,42,0.005775050167982448,70081.88265506933,
Truss2D,PI-NSGA-II,0,42,0.007020079369625173,57551.17270295092,
Truss2D,PI-NSGA-II,0,42,0.0049380175568965,81932.00829324452,
Truss2D,PI-NSGA-II,0,42,0.04966892899653105,8552.375976941436,
Truss2D,PI-NSGA-II,0,42,0.048617184534723544,8575.886431953277,
Truss2D,PI-NSGA-II,0,42,0.05254753249916045,8432.740745623782,
Truss2D,PI-NSGA-II,0,42,0.011415418568492534,35695.796025156655,
Truss2D,PI-NSGA-II,0,42,0.008098348220840136,51190.71601912102,
Truss2D,PI-NSGA-II,0,42,0.005943655172782785,68351.01501776831,
Truss2D,PI-NSGA-II,0,42,0.017876719060559,22454.01275450856,
Truss2D,PI-NSGA-II,0,42,0.00911314117886179,44171.22357453514,
Truss2D,PI-NSGA-II,0,42,0.005744145491457065,72233.58691084727,
Truss2D,PI-NSGA-II,0,42,0.006393966868133228,63920.181940603805,
Truss2D,PI-NSGA-II,0,42,0.02288118158987275,17669.743995862365,
Truss2D,PI-NSGA-II,0,42,0.004210002725513148,95662.30751971035,
Truss2D,PI-NSGA-II,0,42,0.01290280725294807,31722.73254041406,
Truss2D,PI-NSGA-II,0,42,0.009882517560677775,40550.52790083953,
Truss2D,PI-NSGA-II,0,42,0.020087352754700194,20156.6793069319,
Truss2D,PI-NSGA-II,0,42,0.004154603709495782,96729.89161437716,
Truss2D,PI-NSGA-II,0,42,0.014731397208661495,27909.116376162587,
Truss2D,PI-NSGA-II,0,42,0.006013922993886982,66666.77110171579,
Truss2D,PI-NSGA-II,0,42,0.024945421649783354,16281.768757573536,
Truss2D,PI-NSGA-II,0,42,0.016117596772494906,25230.784077864126,
Truss2D,PI-NSGA-II,0,42,0.016553160980513324,24249.974239055067,
Truss2D,PI-NSGA-II,0,42,0.01562707220056378,26129.28078725944,
Truss2D,PI-NSGA-II,0,42,0.040611900649745,10051.478027661175,
Truss2D,PI-NSGA-II,0,42,0.02106630811994991,19014.73020335041,
Truss2D,PI-NSGA-II,0,42,0.025546973861178643,15682.049590275694,
Truss2D,PI-NSGA-II,0,42,0.03691554166267931,10873.753192171107,
Truss2D,PI-NSGA-II,0,42,0.006235197900808835,65300.2881396942,
Truss2D,PI-NSGA-II,0,42,0.03967587828068889,10196.827846229586,
Truss2D,PI-NSGA-II,0,42,0.015166100819551838,27028.782714986402,
Truss2D,PI-NSGA-II,0,42,0.00844791207207033,47829.217833612325,
Truss2D,PI-NSGA-II,0,42,0.010427820708900939,38489.786945247666,
Truss2D,PI-NSGA-II,0,42,0.02380037249159869,17010.91493426224,
Truss2D,PI-NSGA-II,0,42,0.022285853281939105,18463.212812349648,
Truss2D,PI-NSGA-II,0,42,0.005468892855122882,73295.02960496233,
Truss2D,PI-NSGA-II,0,42,0.051442038995328614,8434.62550323135,
Truss2D,PI-NSGA-II,0,42,0.02684395827531625,14986.749941454482,
Truss2D,PI-NSGA-II,0,42,0.004668343289966688,87255.93528937653,
Truss2D,PI-NSGA-II,0,42,0.026449806155076937,15565.481524763523,
Truss2D,PI-NSGA-II,0,42,0.03887106217174637,10303.599649180534,
Truss2D,PI-NSGA-II,0,42,0.004598971303815335,89423.4922298003,
Truss2D,PI-NSGA-II,0,42,0.01028053116699032,39360.727682602344,
Truss2D,PI-NSGA-II,0,42,0.007479387781129461,54554.7221758576,
Truss2D,PI-NSGA-II,0,42,0.004694679716496088,85972.97361073463,
Truss2D,PI-NSGA-II,0,42,0.020834929335375493,19297.17997263138,
Truss2D,PI-NSGA-II,0,42,0.014290051157476977,29060.46247919296,
Truss2D,PI-NSGA-II,0,42,0.007116446020588432,56296.203175603456,
Truss2D,PI-NSGA-II,0,42,0.024163896448641635,16734.240504498317,
Truss2D,PI-NSGA-II,0,42,0.007674748729841441,52881.33059076413,
Truss2D,PI-NSGA-II,0,42,0.009550942975482084,42340.57517342974,
Truss2D,PI-NSGA-II,0,42,0.03310029980982508,12384.301391886524,
Truss2D,PI-NSGA-II,0,42,0.006629783026377225,61608.00879396817,
Truss2D,PI-NSGA-II,0,42,0.0064634540814302414,61960.485386008695,
Truss2D,PI-NSGA-II,0,42,0.0051850186987746315,79170.15180973877,
Truss2D,PI-NSGA-II,0,42,0.036311884100249076,11314.010693115388,
Truss2D,PI-NSGA-II,0,42,0.011768076488581842,34239.88866303959,
Truss2D,PI-NSGA-II,0,42,0.035033394314655276,11452.443830687178,
Truss2D,PI-NSGA-II,0,42,0.03811751569587458,10608.335960883487,
Truss2D,PI-NSGA-II,0,42,0.010996615883928633,37302.564791140205,
Truss2D,PI-NSGA-II,0,42,0.013960783999581578,29381.56442681514,
Truss2D,PI-NSGA-II,0,42,0.013215762386678168,30588.427450101186,
Truss2D,PI-NSGA-II,0,42,0.013486628278341605,30215.1219489346,
Truss2D,PI-NSGA-II,0,42,0.04624787997168875,8752.790195906897,
Truss2D,PI-NSGA-II,0,42,0.00507066745837988,80981.80874692189,
Truss2D,PI-NSGA-II,0,42,0.00869931536514553,46400.218477753355,
Truss2D,PI-NSGA-II,0,42,0.008191947101086268,49094.194446178706,
Truss2D,PI-NSGA-II,0,42,0.035191411025358034,11388.50686790616,
Truss2D,PI-NSGA-II,0,42,0.007837482518872093,52393.20897393012,
Truss2D,PI-NSGA-II,0,42,0.005194817610879113,77189.36745369261,
Truss2D,PI-NSGA-II,0,42,0.017309355134807934,23461.997094601727,
Truss2D,PI-NSGA-II,0,42,0.007397073426358513,55403.59752256268,
Truss2D,PI-NSGA-II,0,42,0.008967902920890426,45065.07316761132,
Truss2D,PI-NSGA-II,0,42,0.011042064487075431,36987.15168645014,
Truss2D,PI-NSGA-II,0,42,0.03395145612502242,11789.79433908445,
Truss2D,PI-NSGA-II,0,42,0.004613231040160379,88964.27227007036,
Truss2D,PI-NSGA-II,0,42,0.009619455623472491,41835.247566932725,
Truss2D,PI-NSGA-II,0,42,0.01721931418504364,23682.317594289496,
Truss2D,PI-NSGA-II,0,42,0.05078789750630946,8470.063947914421,
Truss2D,PI-NSGA-II,0,42,0.027693925918523734,14644.467234793427,
Truss2D,PI-NSGA-II,0,42,0.03373247996778099,12366.718346301279,
Truss2D,PI-NSGA-II,0,42,0.04150493880148662,10013.915480876547,
Truss2D,PI-NSGA-II,0,42,0.011740944479483397,34279.40271247009,
Truss2D,PI-NSGA-II,1,43,0.0067209057574657794,60334.944087656644,
Truss2D,PI-NSGA-II,1,43,0.04742493898170845,8698.472783516838,
Truss2D,PI-NSGA-II,1,43,0.021870291109791065,18366.414721179794,
Truss2D,PI-NSGA-II,1,43,0.0303861607471979,13452.405136921958,
Truss2D,PI-NSGA-II,1,43,0.01401193435896465,29267.97932794163,
Truss2D,PI-NSGA-II,1,43,0.037925429581422476,10595.344647857837,
Truss2D,PI-NSGA-II,1,43,0.031559874779534314,12852.334752603127,
Truss2D,PI-NSGA-II,1,43,0.020756361263424745,19356.35950428948,
Truss2D,PI-NSGA-II,1,43,0.04274987348742005,9378.627889020845,
Truss2D,PI-NSGA-II,1,43,0.02542537456197567,15735.83371053826,
Truss2D,PI-NSGA-II,1,43,0.028172523049314148,14332.34166852619,
Truss2D,PI-NSGA-II,1,43,0.007668343634788854,52597.62819703657,
Truss2D,PI-NSGA-II,1,43,0.007469930737308639,53566.59054123096,
Truss2D,PI-NSGA-II,1,43,0.0233252332632335,17331.657097669067,
Truss2D,PI-NSGA-II,1,43,0.04138509071577533,9728.546338830985,
Truss2D,PI-NSGA-II,1,43,0.024606004495608506,16373.852949792485,
Truss2D,PI-NSGA-II,1,43,0.008729659685560883,46540.62629020687,
Truss2D,PI-NSGA-II,1,43,0.028956605140114212,13875.362255540465,
Truss2D,PI-NSGA-II,1,43,0.04609710223425734,8803.929994741882,
Truss2D,PI-NSGA-II,1,43,0.017617698703846614,22719.40399345722,
Truss2D,PI-NSGA-II,1,43,0.008008513950359447,50002.1376813041,
Truss2D,PI-NSGA-II,1,43,0.012411404006297495,32253.82383011762,
Truss2D,PI-NSGA-II,1,43,0.011020221956194218,36538.499339027694,
Truss2D,PI-NSGA-II,1,43,0.010504042484367001,38859.70477274293,
Truss2D,PI-NSGA-II,1,43,0.02967787030987301,13846.43614976727,
Truss2D,PI-NSGA-II,1,43,0.006779974021128439,59478.233458590286,
Truss2D,PI-NSGA-II,1,43,0.03943464642477104,10408.904481753128,
Truss2D,PI-NSGA-II,1,43,0.014300210043215014,28022.142360703496,
Truss2D,PI-NSGA-II,1,43,0.008279851946063455,49292.85238275267,
Truss2D,PI-NSGA-II,1,43,0.013413248945241457,30276.925286277445,
Truss2D,PI-NSGA-II,1,43,0.009361736634083028,42933.60685989463,
Truss2D,PI-NSGA-II,1,43,0.014839521538380817,27029.38141153188,
Truss2D,PI-NSGA-II,1,43,0.006897599817038002,58324.535422235414,
Truss2D,PI-NSGA-II,1,43,0.016571040137594216,24284.896178462608,
Truss2D,PI-NSGA-II,1,43,0.01970867807059786,20474.930391880596,
Truss2D,PI-NSGA-II,1,43,0.00711793472672737,56786.57660406907,
Truss2D,PI-NSGA-II,1,43,0.007386510858980396,54805.612813889275,
Truss2D,PI-NSGA-II,1,43,0.011585312583073194,35266.998792500846,
Truss2D,PI-NSGA-II,1,43,0.03326189527303068,12123.021160151737,
Truss2D,PI-NSGA-II,1,43,0.011232024743418473,35657.46294861606,
Truss2D,PI-NSGA-II,1,43,0.03550883693425891,11436.146470083933,
Truss2D,PI-NSGA-II,1,43,0.01176016225408711,34281.48690645962,
Truss2D,PI-NSGA-II,1,43,0.027394479219505476,14648.912202312074,
Truss2D,PI-NSGA-II,1,43,0.04489807869498576,8953.622476137314,
Truss2D,PI-NSGA-II,1,43,0.03478703524443276,11550.321330330866,
Truss2D,PI-NSGA-II,1,43,0.018120508859758317,22197.67051858287,
Truss2D,PI-NSGA-II,1,43,0.008571194528058315,47104.25782736393,
Truss2D,PI-NSGA-II,1,43,0.0121384541091424,33016.79861569857,
Truss2D,PI-NSGA-II,1,43,0.010837143585855247,37431.00418923169,
Truss2D,PI-NSGA-II,1,43,0.026242663832761484,15623.941094483394,
Truss2D,PI-NSGA-II,1,43,0.04058365765566442,9991.546938108024,
Truss2D,PI-NSGA-II,1,43,0.009083464207594809,45355.38793651522,
Truss2D,PI-NSGA-II,1,43,0.0070156683981587135,57642.45226973999,
Truss2D,PI-NSGA-II,1,43,0.02405823327832403,16848.69436706172,
Truss2D,PI-NSGA-II,1,43,0.032616168119662996,12278.744032528362,
Truss2D,PI-NSGA-II,1,43,0.046586031800126534,8703.499088810378,
Truss2D,PI-NSGA-II,1,43,0.010239084720073496,39848.97645657203,
Truss2D,PI-NSGA-II,1,43,0.022594507973352343,17846.894223552437,
Truss2D,PI-NSGA-II,1,43,0.03986577750643111,10063.558171157618,
Truss2D,PI-NSGA-II,1,43,0.015681852270671873,25726.541624833848,
Truss2D,PI-NSGA-II,1,43,0.01275118471364086,31514.100783637474,
Truss2D,PI-NSGA-II,1,43,0.010045872066525165,40454.98587216053,
Truss2D,PI-NSGA-II,1,43,0.036400934409432505,10996.28946079776,
Truss2D,PI-NSGA-II,1,43,0.01716536779937273,23441.17999914912,
Truss2D,PI-NSGA-II,1,43,0.019147199395011076,20936.888727412526,
Truss2D,PI-NSGA-II,1,43,0.014629475373312039,27855.850836774815,
Truss2D,PI-NSGA-II,1,43,0.012971919044707958,31232.60124561523,
Truss2D,PI-NSGA-II,1,43,0.015228692210604331,26473.287119492525,
Truss2D,PI-NSGA-II,1,43,0.0339393208699076,11940.668139705744,
Truss2D,PI-NSGA-II,1,43,0.0440094315850383,9093.015708470077,
Truss2D,PI-NSGA-II,1,43,0.007187574860318527,55760.38232018377,
Truss2D,PI-NSGA-II,1,43,0.00990861774866356,41138.00978401724,
Truss2D,PI-NSGA-II,1,43,0.03615348050185998,11313.389238663643,
Truss2D,PI-NSGA-II,1,43,0.016466529218782878,24688.096619685533,
Truss2D,PI-NSGA-II,1,43,0.018382249633224615,21799.31303493879,
Truss2D,PI-NSGA-II,1,43,0.013175013076729612,30391.036562605277,
Truss2D,PI-NSGA-II,1,43,0.00973744468481064,42486.19328618893,
Truss2D,PI-NSGA-II,1,43,0.034359425980915695,11888.164027602397,
Truss2D,PI-NSGA-II,1,43,0.008321595408881843,48208.255092922394,
Truss2D,PI-NSGA-II,1,43,0.022761289345037523,17722.77650753145,
Truss2D,PI-NSGA-II,1,43,0.008392552826101447,47991.26384985675,
Truss2D,PI-NSGA-II,1,43,0.009210140626608404,43983.42677878449,
Truss2D,PI-NSGA-II,1,43,0.03711329483211456,10828.607985767638,
Truss2D,PI-NSGA-II,1,43,0.00779723919080316,51410.42730745901,
Truss2D,PI-NSGA-II,1,43,0.00909097208670205,45180.581951419605,
Truss2D,PI-NSGA-II,1,43,0.009103960298942917,44025.329055783615,
Truss2D,PI-NSGA-II,1,43,0.027042849542323846,14837.743072798641,
Truss2D,PI-NSGA-II,1,43,0.010363799587300722,39080.11095156328,
Truss2D,PI-NSGA-II,1,43,0.015504289397334451,26244.48705393672,
Truss2D,PI-NSGA-II,1,43,0.018772125342151606,21473.873149267078,
Truss2D,PI-NSGA-II,1,43,0.01721643672998533,23409.51732951934,
Truss2D,PI-NSGA-II,1,43,0.04120379046984113,9928.276024958892,
Truss2D,PI-NSGA-II,1,43,0.007848271269029851,51053.33500991969,
Truss2D,PI-NSGA-II,1,43,0.03734210746065835,10798.397449698241,
Truss2D,PI-NSGA-II,1,43,0.020063739056486375,19975.943783104067,
Truss2D,PI-NSGA-II,1,43,0.02051690094203504,19553.805346636284,
Truss2D,PI-NSGA-II,1,43,0.007330679247738638,55460.60091263931,
Truss2D,PI-NSGA-II,1,43,0.02414816507949842,16579.41839788306,
Truss2D,PI-NSGA-II,1,43,0.010839723248030037,37428.03466650099,
Truss2D,PI-NSGA-II,1,43,0.04331498561263321,9312.279372117478,
Truss2D,PI-NSGA-II,2,44,0.02819454659011157,14292.087073524679,
Truss2D,PI-NSGA-II,2,44,0.006651232989330174,63150.55391376724,
Truss2D,PI-NSGA-II,2,44,0.01849850540212858,21792.673891064194,
Truss2D,PI-NSGA-II,2,44,0.017718310356163346,22601.044149921792,
Truss2D,PI-NSGA-II,2,44,0.012913021000834753,31474.712338319972,
Truss2D,PI-NSGA-II,2,44,0.013978037761185053,28667.505194162783,
Truss2D,PI-NSGA-II,2,44,0.008570962320126593,47769.05495154055,
Truss2D,PI-NSGA-II,2,44,0.008281883132819993,48411.39660984421,
Truss2D,PI-NSGA-II,2,44,0.009007492060792238,44823.84047010723,
Truss2D,PI-NSGA-II,2,44,0.01897966084667048,21394.75259536648,
Truss2D,PI-NSGA-II,2,44,0.01651100710074108,24856.330578165434,
Truss2D,PI-NSGA-II,2,44,0.013293866391421789,30284.07616867417,
Truss2D,PI-NSGA-II,2,44,0.02374175008122574,16986.794821490657,
Truss2D,PI-NSGA-II,2,44,0.006811478147396492,61354.229569327195,
Truss2D,PI-NSGA-II,2,44,0.007917274406687401,50687.1607060104,
Truss2D,PI-NSGA-II,2,44,0.02416741256321535,16608.047749867448,
Truss2D,PI-NSGA-II,2,44,0.01933593619057889,21017.229172148127,
Truss2D,PI-NSGA-II,2,44,0.010439203769073285,38409.97126791302,
Truss2D,PI-NSGA-II,2,44,0.011473902076214623,34993.20596081385,
Truss2D,PI-NSGA-II,2,44,0.01441481785365065,27899.32259262733,
Truss2D,PI-NSGA-II,2,44,0.008644604202219302,46443.266225934334,
Truss2D,PI-NSGA-II,2,44,0.01011013346283114,39817.519729294334,
Truss2D,PI-NSGA-II,2,44,0.006957665391559815,60392.47768554303,
Truss2D,PI-NSGA-II,2,44,0.025999994461598078,15432.113226081541,
Truss2D,PI-NSGA-II,2,44,0.006749104954355969,62297.49881399308,
Truss2D,PI-NSGA-II,2,44,0.011889900921703417,34833.60948277734,
Truss2D,PI-NSGA-II,2,44,0.02523806607939873,16109.156101372217,
Truss2D,PI-NSGA-II,2,44,0.021757507505215892,18422.466363179625,
Truss2D,PI-NSGA-II,2,44,0.007107273874607195,58223.7500656247,
Truss2D,PI-NSGA-II,2,44,0.00783096280749499,51538.95947437221,
Truss2D,PI-NSGA-II,2,44,0.007246176069562101,55945.90558454407,
Truss2D,PI-NSGA-II,2,44,0.022321960517686174,18066.352153799493,
Truss2D,PI-NSGA-II,2,44,0.012549522589688026,31931.067841206608,
Truss2D,PI-NSGA-II,2,44,0.007306138225407623,55075.20766502075,
Truss2D,PI-NSGA-II,2,44,0.0095980846368422,42454.94319688073,
Truss2D,PI-NSGA-II,2,44,0.009195462267058214,43720.42925016341,
Truss2D,PI-NSGA-II,2,44,0.022960364047459644,17829.461606452245,
Truss2D,PI-NSGA-II,2,44,0.011405196795278585,36008.24344667131,
Truss2D,PI-NSGA-II,2,44,0.026584970495749854,15272.119821251954,
Truss2D,PI-NSGA-II,2,44,0.015200227163838002,26426.262247964838,
Truss2D,PI-NSGA-II,2,44,0.013732709404201642,29345.313085883266,
Truss2D,PI-NSGA-II,2,44,0.024793872858107042,16270.413931942503,
Truss2D,PI-NSGA-II,2,44,0.014993962869911923,26957.502544189967,
Truss2D,PI-NSGA-II,2,44,0.007514880939006124,54498.19638525528,
Truss2D,PI-NSGA-II,2,44,0.01201351128655213,34076.91216362883,
Truss2D,PI-NSGA-II,2,44,0.023487565208162264,17444.935550688297,
Truss2D,PI-NSGA-II,2,44,0.016719331318497933,24229.55031114898,
Truss2D,PI-NSGA-II,2,44,0.007183659717293647,56915.01420478873,
Truss2D,PI-NSGA-II,2,44,0.017400315198335785,23083.595967650883,
Truss2D,PI-NSGA-II,2,44,0.008151814729852283,49590.198820288475,
Truss2D,PI-NSGA-II,2,44,0.021045718987038293,19323.871835613027,
Truss2D,PI-NSGA-II,2,44,0.024523063176942337,16426.319714229205,
Truss2D,PI-NSGA-II,2,44,0.014700503809113254,27230.402494024103,
Truss2D,PI-NSGA-II,2,44,0.007771504258490224,52476.27472684268,
Truss2D,PI-NSGA-II,2,44,0.02549587632095205,15725.647247647901,
Truss2D,PI-NSGA-II,2,44,0.015493882618542117,26137.401082221262,
Truss2D,PI-NSGA-II,2,44,0.027679519314670685,14508.783075263069,
Truss2D,PI-NSGA-II,2,44,0.022422139158197935,17851.339644186322,
Truss2D,PI-NSGA-II,2,44,0.008873600114830252,45692.08758379349,
Truss2D,PI-NSGA-II,2,44,0.00950697674695538,43240.12613530633,
Truss2D,PI-NSGA-II,2,44,0.009949215605008726,40755.50766876329,
Truss2D,PI-NSGA-II,2,44,0.01962267213324982,20510.588018847197,
Truss2D,PI-NSGA-II,2,44,0.020123206971474197,20015.184229013634,
Truss2D,PI-NSGA-II,2,44,0.01598440500138694,25077.13908008867,
Truss2D,PI-NSGA-II,2,44,0.008093350766253275,49789.38065660044,
Truss2D,PI-NSGA-II,2,44,0.007023795150994763,59396.39120725471,
Truss2D,PI-NSGA-II,2,44,0.017216749708349778,23288.82731780939,
Truss2D,PI-NSGA-II,2,44,0.023146340501634232,17523.0715652785,
Truss2D,PI-NSGA-II,2,44,0.02742000711544992,14696.042604448505,
Truss2D,PI-NSGA-II,2,44,0.02162402181105213,18610.042136918197,
Truss2D,PI-NSGA-II,2,44,0.02012874052168496,20007.082585854892,
Truss2D,PI-NSGA-II,2,44,0.02062041259485825,19608.47121721557,
Truss2D,PI-NSGA-II,2,44,0.021285920805743437,18911.654076254585,
Truss2D,PI-NSGA-II,2,44,0.007115942870708606,57481.77194254885,
Truss2D,PI-NSGA-II,2,44,0.011176890206838876,36288.831288162626,
Truss2D,PI-NSGA-II,2,44,0.010716335669341263,37693.813560389564,
Truss2D,PI-NSGA-II,2,44,0.02574813928459069,15556.79805491672,
Truss2D,PI-NSGA-II,2,44,0.012072077584154347,33346.79695141633,
Truss2D,PI-NSGA-II,2,44,0.02800692245712302,14333.33807445542,
Truss2D,PI-NSGA-II,2,44,0.009793846311769456,41849.97730629822,
Truss2D,PI-NSGA-II,2,44,0.00753503840590118,53676.43155018908,
Truss2D,PI-NSGA-II,2,44,0.015643381783371203,25730.555079117636,
Truss2D,PI-NSGA-II,2,44,0.012211814954142005,33117.41171048876,
Truss2D,PI-NSGA-II,2,44,0.014541467032133278,27679.17092321311,
Truss2D,PI-NSGA-II,2,44,0.010878826510944059,36773.62994493789,
Truss2D,PI-NSGA-II,2,44,0.00882135083550948,46080.62142743284,
Truss2D,PI-NSGA-II,2,44,0.020622415565581836,19605.464734034857,
Truss2D,PI-NSGA-II,2,44,0.01035564062810826,39161.74193116604,
Truss2D,PI-NSGA-II,2,44,0.007672620316958706,52904.26007971731,
Truss2D,PI-NSGA-II,2,44,0.013608388468562771,29774.8676427673,
Truss2D,PI-NSGA-II,2,44,0.010300020993595643,39336.98118987389,
Truss2D,PI-NSGA-II,2,44,0.01584690889176606,25577.39717885722,
Truss2D,PI-NSGA-II,2,44,0.00928617555386645,43416.39228847905,
Truss2D,PI-NSGA-II,2,44,0.012332260276423233,32579.8909175243,
Truss2D,PI-NSGA-II,2,44,0.010864980179718178,37530.47543391915,
Truss2D,PI-NSGA-II,2,44,0.011081682789457125,36749.45637283999,
Truss2D,PI-NSGA-II,2,44,0.019614248559111154,20513.853920623213,
Truss2D,PI-NSGA-II,2,44,0.007008410336110765,59588.48672186107,
Truss2D,PI-NSGA-II,2,44,0.012443910401380105,32468.731550570694,
Truss2D,PI-NSGA-II,2,44,0.00990017800162818,41000.458617016826,
Truss2D,PI-NSGA-II,3,45,0.035362526060750556,12350.06374257934,
Truss2D,PI-NSGA-II,3,45,0.004224264588877778,99728.20160974575,
Truss2D,PI-NSGA-II,3,45,0.005992163797798227,68870.19654586744,
Truss2D,PI-NSGA-II,3,45,0.01535565996318098,26124.128293284495,
Truss2D,PI-NSGA-II,3,45,0.030745764553435664,13146.695279712523,
Truss2D,PI-NSGA-II,3,45,0.004344980309871958,94025.96092856901,
Truss2D,PI-NSGA-II,3,45,0.03279779414688717,12846.932424478035,
Truss2D,PI-NSGA-II,3,45,0.033318236778236046,12554.337140679869,
Truss2D,PI-NSGA-II,3,45,0.004297632181078864,99088.33180462803,
Truss2D,PI-NSGA-II,3,45,0.004964628458434672,80725.46081158974,
Truss2D,PI-NSGA-II,3,45,0.00484792551214313,83935.7592154647,
Truss2D,PI-NSGA-II,3,45,0.030275459463787263,13596.996848686342,
Truss2D,PI-NSGA-II,3,45,0.0044061367765878875,92305.53324765702,
Truss2D,PI-NSGA-II,3,45,0.02800618325294036,14384.854577603912,
Truss2D,PI-NSGA-II,3,45,0.028674565705836756,14019.53126598521,
Truss2D,PI-NSGA-II,3,45,0.00535603932783218,75200.74783796728,
Truss2D,PI-NSGA-II,3,45,0.004487057512255307,91067.5149814792,
Truss2D,PI-NSGA-II,3,45,0.023908876566108333,16851.950890978314,
Truss2D,PI-NSGA-II,3,45,0.004631673301235414,89021.93677271096,
Truss2D,PI-NSGA-II,3,45,0.017364236620035632,23100.067043234576,
Truss2D,PI-NSGA-II,3,45,0.005553295830911107,73435.25279300702,
Truss2D,PI-NSGA-II,3,45,0.028991846833916673,13930.19145286698,
Truss2D,PI-NSGA-II,3,45,0.029615804780038543,13619.313293764135,
Truss2D,PI-NSGA-II,3,45,0.024330868827510364,16607.642128152092,
Truss2D,PI-NSGA-II,3,45,0.01701727266849295,23528.470713109826,
Truss2D,PI-NSGA-II,3,45,0.02692048027907378,15163.699755028607,
Truss2D,PI-NSGA-II,3,45,0.01764831620913985,22703.509029200657,
Truss2D,PI-NSGA-II,3,45,0.005327293485403201,75899.21240926192,
Truss2D,PI-NSGA-II,3,45,0.0048087527990927975,84526.95146383332,
Truss2D,PI-NSGA-II,3,45,0.004638703086177476,87002.4134349507,
Truss2D,PI-NSGA-II,3,45,0.005285184598770068,77156.61760440051,
Truss2D,PI-NSGA-II,3,45,0.026499987560046755,15218.475739815445,
Truss2D,PI-NSGA-II,3,45,0.0294690221216624,13689.026226554563,
Truss2D,PI-NSGA-II,3,45,0.023530617515644704,17127.38486576876,
Truss2D,PI-NSGA-II,3,45,0.0056357023387673105,71854.02576027326,
Truss2D,PI-NSGA-II,3,45,0.005260524493767933,77829.60198371584,
Truss2D,PI-NSGA-II,3,45,0.01845696100152401,21715.376450362764,
Truss2D,PI-NSGA-II,3,45,0.019027939734974506,21130.56849909462,
Truss2D,PI-NSGA-II,3,45,0.005056696268484457,80023.15031043653,
Truss2D,PI-NSGA-II,3,45,0.025116562602144423,16045.697837494112,
Truss2D,PI-NSGA-II,3,45,0.01685554955197756,23944.20715752081,
Truss2D,PI-NSGA-II,3,45,0.019335532381263412,20758.80504798702,
Truss2D,PI-NSGA-II,3,45,0.005564349080873105,73204.65151940576,
Truss2D,PI-NSGA-II,3,45,0.023116448959009613,17372.986414254898,
Truss2D,PI-NSGA-II,3,45,0.033110651443320184,12832.473806791457,
Truss2D,PI-NSGA-II,3,45,0.0045967052031783175,89940.39592334618,
Truss2D,PI-NSGA-II,3,45,0.021134568324242736,19099.026363273595,
Truss2D,PI-NSGA-II,3,45,0.017884343764647977,22369.828696807534,
Truss2D,PI-NSGA-II,3,45,0.020501297430700866,19636.52358643041,
Truss2D,PI-NSGA-II,3,45,0.02073275389986952,19320.55399723449,
Truss2D,PI-NSGA-II,3,45,0.019913321772050706,20174.349900722424,
Truss2D,PI-NSGA-II,3,45,0.0051481997863818945,78712.6402956929,
Truss2D,PI-NSGA-II,3,45,0.015985249681135953,25167.836221069338,
Truss2D,PI-NSGA-II,3,45,0.019695237646339556,20408.75964744403,
Truss2D,PI-NSGA-II,3,45,0.015694721736104016,25723.459256055554,
Truss2D,PI-NSGA-II,3,45,0.02623005928401837,15297.072954783336,
Truss2D,PI-NSGA-II,3,45,0.026016654311903642,15454.16824694196,
Truss2D,PI-NSGA-II,3,45,0.025487690197941566,15844.741628833393,
Truss2D,PI-NSGA-II,3,45,0.024566970305962988,16391.909274307556,
Truss2D,PI-NSGA-II,3,45,0.01823722237897258,21968.619905105967,
Truss2D,PI-NSGA-II,3,45,0.025775621151342756,15604.338793434581,
Truss2D,PI-NSGA-II,3,45,0.027272333088682044,14765.287055425857,
Truss2D,PI-NSGA-II,3,45,0.018722026366156976,21406.265862842632,
Truss2D,PI-NSGA-II,3,45,0.01658126135490825,24143.653956006037,
Truss2D,PI-NSGA-II,3,45,0.004648922816334366,86939.3957454317,
Truss2D,PI-NSGA-II,3,45,0.020122321446195753,19977.587110470577,
Truss2D,PI-NSGA-II,3,45,0.004745210340613053,85798.08577838691,
Truss2D,PI-NSGA-II,3,45,0.005814859029062775,69461.84888467727,
Truss2D,PI-NSGA-II,3,45,0.02214465029827503,18196.824546422828,
Truss2D,PI-NSGA-II,3,45,0.021841418735313645,18330.48438016296,
Truss2D,PI-NSGA-II,3,45,0.02760699605600588,14525.653088085097,
Truss2D,PI-NSGA-II,3,45,0.0164635818880063,24365.078644285604,
Truss2D,PI-NSGA-II,3,45,0.005682230134307035,70663.54228428593,
Truss2D,PI-NSGA-II,3,45,0.004744748724640625,85815.838711968,
Truss2D,PI-NSGA-II,3,45,0.023339322409149724,17228.392363930187,
Truss2D,PI-NSGA-II,3,45,0.020305102664027755,19803.616126241857,
Truss2D,PI-NSGA-II,3,45,0.022850388819327418,17639.920021398568,
Truss2D,PI-NSGA-II,3,45,0.0180594785437483,22150.195398357693,
Truss2D,PI-NSGA-II,3,45,0.027180715802166897,14864.99029102237,
Truss2D,PI-NSGA-II,3,45,0.015830953589679047,25440.563850557526,
Truss2D,PI-NSGA-II,3,45,0.019475920017433215,20551.742082722118,
Truss2D,PI-NSGA-II,3,45,0.015443479374141238,25946.707515902683,
Truss2D,PI-NSGA-II,3,45,0.020970949349104387,19315.33444311968,
Truss2D,PI-NSGA-II,3,45,0.0056495247368009895,71493.73387478801,
Truss2D,PI-NSGA-II,3,45,0.02226740969628095,18087.412033055272,
Truss2D,PI-NSGA-II,3,45,0.02476076171262607,16246.425152601278,
Truss2D,PI-NSGA-II,3,45,0.02137557933171671,18726.391285032772,
Truss2D,PI-NSGA-II,3,45,0.016231773416636022,24945.73029364121,
Truss2D,PI-NSGA-II,3,45,0.027686143593687075,14496.592717021518,
Truss2D,PI-NSGA-II,3,45,0.01627258332192115,24702.589004247853,
Truss2D,PI-NSGA-II,3,45,0.024961548982942894,16210.707677799795,
Truss2D,PI-NSGA-II,3,45,0.005770645035974359,70411.16672275167,
Truss2D,PI-NSGA-II,3,45,0.022737074319926408,17710.102609583428,
Truss2D,PI-NSGA-II,3,45,0.005063969190273809,79159.1983088218,
Truss2D,PI-NSGA-II,3,45,0.01886319656249439,21324.366727203676,
Truss2D,PI-NSGA-II,3,45,0.0057707200681717565,69716.06773890309,
Truss2D,PI-NSGA-II,3,45,0.02554513615453432,15678.900134882253,
Truss2D,PI-NSGA-II,3,45,0.021648034341234076,18566.574208592123,
Truss2D,PI-NSGA-II,3,45,0.004609463242853513,89674.39776538323,
Truss2D,PI-NSGA-II,3,45,0.022508019629322668,17919.211835100887,
Truss2D,PI-NSGA-II,4,46,0.004131864161327867,99978.45956748004,
Truss2D,PI-NSGA-II,4,46,0.050012813265276235,8541.361517870499,
Truss2D,PI-NSGA-II,4,46,0.0045203675057591194,91223.3748042543,
Truss2D,PI-NSGA-II,4,46,0.00872809040177676,46054.12486198076,
Truss2D,PI-NSGA-II,4,46,0.015617958078257749,26994.25489519572,
Truss2D,PI-NSGA-II,4,46,0.017656514026111632,22732.647767050657,
Truss2D,PI-NSGA-II,4,46,0.048486657664359,8632.568864303958,
Truss2D,PI-NSGA-II,4,46,0.016030234008460105,25040.35271163079,
Truss2D,PI-NSGA-II,4,46,0.047158547768668194,8701.04006591382,
Truss2D,PI-NSGA-II,4,46,0.012296475837465941,33180.52961708408,
Truss2D,PI-NSGA-II,4,46,0.02508257311068672,16223.030025650112,
Truss2D,PI-NSGA-II,4,46,0.024037152893666612,16768.384971377265,
Truss2D,PI-NSGA-II,4,46,0.010171898325629767,39689.36417055936,
Truss2D,PI-NSGA-II,4,46,0.012729557983486163,31547.831286622393,
Truss2D,PI-NSGA-II,4,46,0.029654288755498436,13562.452440912655,
Truss2D,PI-NSGA-II,4,46,0.01702650950812981,23760.74840332064,
Truss2D,PI-NSGA-II,4,46,0.044529008308422165,9012.519383015551,
Truss2D,PI-NSGA-II,4,46,0.04046357831345343,9917.912040614508,
Truss2D,PI-NSGA-II,4,46,0.010617875494994846,38412.36478670048,
Truss2D,PI-NSGA-II,4,46,0.004251864681739757,95344.12175918784,
Truss2D,PI-NSGA-II,4,46,0.027849123298067636,14438.96334927424,
Truss2D,PI-NSGA-II,4,46,0.049187139942325785,8580.115194147182,
Truss2D,PI-NSGA-II,4,46,0.037356831505107116,10967.4006495647,
Truss2D,PI-NSGA-II,4,46,0.04551510773962204,8928.266235922913,
Truss2D,PI-NSGA-II,4,46,0.009491234947725729,42546.17140349989,
Truss2D,PI-NSGA-II,4,46,0.014154445873714526,28633.08936674235,
Truss2D,PI-NSGA-II,4,46,0.012063298311960624,34112.10796251076,
Truss2D,PI-NSGA-II,4,46,0.03873451221704367,10335.395654865462,
Truss2D,PI-NSGA-II,4,46,0.0260328887404338,15407.212104413884,
Truss2D,PI-NSGA-II,4,46,0.02901240459386372,13900.04249277764,
Truss2D,PI-NSGA-II,4,46,0.008975974920093369,44777.0396995885,
Truss2D,PI-NSGA-II,4,46,0.014749544272551658,27514.909754043907,
Truss2D,PI-NSGA-II,4,46,0.020787393115336592,19346.61841325103,
Truss2D,PI-NSGA-II,4,46,0.03141846303541539,12903.198430272663,
Truss2D,PI-NSGA-II,4,46,0.02569250779625458,16206.05555669609,
Truss2D,PI-NSGA-II,4,46,0.04393092870164482,9207.564156299717,
Truss2D,PI-NSGA-II,4,46,0.0042152867105650065,96815.76386796823,
Truss2D,PI-NSGA-II,4,46,0.03639893770929645,10998.732025440675,
Truss2D,PI-NSGA-II,4,46,0.019018777068264527,21558.529636083753,
Truss2D,PI-NSGA-II,4,46,0.023762571145809985,17388.412818811797,
Truss2D,PI-NSGA-II,4,46,0.009876350763754295,41499.040812812476,
Truss2D,PI-NSGA-II,4,46,0.026604337553299242,15142.686183451036,
Truss2D,PI-NSGA-II,4,46,0.035493710648583476,11293.048532182916,
Truss2D,PI-NSGA-II,4,46,0.004289864876244185,93733.46872307333,
Truss2D,PI-NSGA-II,4,46,0.011461168217503868,35361.92195482488,
Truss2D,PI-NSGA-II,4,46,0.011585779187837276,34711.132942045944,
Truss2D,PI-NSGA-II,4,46,0.04655501952953262,8735.248244558796,
Truss2D,PI-NSGA-II,4,46,0.04328737752490003,9246.74550122639,
Truss2D,PI-NSGA-II,4,46,0.011092859435044865,36194.868385819296,
Truss2D,PI-NSGA-II,4,46,0.011009146157660379,36859.66796849283,
Truss2D,PI-NSGA-II,4,46,0.03950635371840804,10317.457946758524,
Truss2D,PI-NSGA-II,4,46,0.0398267325432463,10197.01427428198,
Truss2D,PI-NSGA-II,4,46,0.014506112676899557,27630.732931224,
Truss2D,PI-NSGA-II,4,46,0.030419193070942922,13223.345309642516,
Truss2D,PI-NSGA-II,4,46,0.013918741238605314,29511.766560909127,
Truss2D,PI-NSGA-II,4,46,0.045971082366634414,8774.225598301739,
Truss2D,PI-NSGA-II,4,46,0.00413307963140203,98353.6307746175,
Truss2D,PI-NSGA-II,4,46,0.004373864699135268,92183.48148826671,
Truss2D,PI-NSGA-II,4,46,0.0104065750272367,38984.490645218975,
Truss2D,PI-NSGA-II,4,46,0.018295165698211713,21934.34811013764,
Truss2D,PI-NSGA-II,4,46,0.03329339417005651,12070.736692213544,
Truss2D,PI-NSGA-II,4,46,0.03611791178173768,11168.790792271835,
Truss2D,PI-NSGA-II,4,46,0.027101171525476624,14938.55826666752,
Truss2D,PI-NSGA-II,4,46,0.016406370711906437,24518.873268485,
Truss2D,PI-NSGA-II,4,46,0.013570640818443079,29749.17055061345,
Truss2D,PI-NSGA-II,4,46,0.033642605544517486,11910.57301598356,
Truss2D,PI-NSGA-II,4,46,0.016797112234282603,24497.505025000457,
Truss2D,PI-NSGA-II,4,46,0.04129449950405288,9776.92265810547,
Truss2D,PI-NSGA-II,4,46,0.0350269706251799,11466.773329829819,
Truss2D,PI-NSGA-II,4,46,0.03275285992698143,12250.579951671501,
Truss2D,PI-NSGA-II,4,46,0.030742782793389344,13050.423835213885,
Truss2D,PI-NSGA-II,4,46,0.021805029860064225,18402.79517459348,
Truss2D,PI-NSGA-II,4,46,0.009256204350620686,43781.55693716164,
Truss2D,PI-NSGA-II,4,46,0.02311650250680363,17453.52304794168,
Truss2D,PI-NSGA-II,4,46,0.018317086925600055,21930.95336863101,
Truss2D,PI-NSGA-II,4,46,0.032469558123024066,12361.362720524517,
Truss2D,PI-NSGA-II,4,46,0.037825238417899885,10713.989498623243,
Truss2D,PI-NSGA-II,4,46,0.019416862407258498,20656.9465344125,
Truss2D,PI-NSGA-II,4,46,0.013294152876576856,30302.577195673428,
Truss2D,PI-NSGA-II,4,46,0.008754834070281842,45771.96012406707,
Truss2D,PI-NSGA-II,4,46,0.04136870629005749,9734.804254826744,
Truss2D,PI-NSGA-II,4,46,0.042144915763387004,9701.000520503367,
Truss2D,PI-NSGA-II,4,46,0.004325742352692322,93022.24451898759,
Truss2D,PI-NSGA-II,4,46,0.034155376784707016,11766.52657735894,
Truss2D,PI-NSGA-II,4,46,0.009733373878566222,41669.09166088924,
Truss2D,PI-NSGA-II,4,46,0.004190698135439463,97901.21049211726,
Truss2D,PI-NSGA-II,4,46,0.012948414812056358,30976.451791798205,
Truss2D,PI-NSGA-II,4,46,0.019182310158710587,21081.41924506914,
Truss2D,PI-NSGA-II,4,46,0.021367880876137155,18925.661338253296,
Truss2D,PI-NSGA-II,4,46,0.020218085753736948,19883.412330853196,
Truss2D,PI-NSGA-II,4,46,0.022503965178589318,17859.55054533803,
Truss2D,PI-NSGA-II,4,46,0.028477196435382962,14091.908785128755,
Truss2D,PI-NSGA-II,4,46,0.04221344649796331,9655.77945423368,
Truss2D,PI-NSGA-II,4,46,0.022903239605773427,17496.34934515018,
Truss2D,PI-NSGA-II,4,46,0.028320233341442992,14161.112433922512,
Truss2D,PI-NSGA-II,4,46,0.03815686901080873,10525.85190183611,
Truss2D,PI-NSGA-II,4,46,0.00922291070896427,43839.8241409675,
Truss2D,PI-NSGA-II,4,46,0.03187469292376699,12574.659345310505,
Truss2D,PI-NSGA-II,4,46,0.022347955365437,18034.194657414922,
Truss2D,PI-NSGA-II,4,46,0.0346961170403335,11645.884796773129,
Truss2D,PI-NSGA-II,5,47,0.03662128885544293,10970.316725870005,
Truss2D,PI-NSGA-II,5,47,0.00589157416473986,68666.7955455979,
Truss2D,PI-NSGA-II,5,47,0.01452497045282814,27543.085287373087,
Truss2D,PI-NSGA-II,5,47,0.009438457244179823,42827.5432111118,
Truss2D,PI-NSGA-II,5,47,0.018025118300187947,22253.650418068864,
Truss2D,PI-NSGA-II,5,47,0.013898469672612795,28893.184890776287,
Truss2D,PI-NSGA-II,5,47,0.0073149618030958555,55652.71653261455,
Truss2D,PI-NSGA-II,5,47,0.011855279842058142,34074.32089434632,
Truss2D,PI-NSGA-II,5,47,0.031749249315242624,12894.249700054752,
Truss2D,PI-NSGA-II,5,47,0.009750781824138886,41069.648882394446,
Truss2D,PI-NSGA-II,5,47,0.02145431739339801,18696.023011538295,
Truss2D,PI-NSGA-II,5,47,0.031091192111287774,13176.847062774701,
Truss2D,PI-NSGA-II,5,47,0.015014958712705223,26709.737957223526,
Truss2D,PI-NSGA-II,5,47,0.024644207825350237,16302.472776923627,
Truss2D,PI-NSGA-II,5,47,0.008373770341459311,48329.96041149638,
Truss2D,PI-NSGA-II,5,47,0.007454537133698504,54485.34177309308,
Truss2D,PI-NSGA-II,5,47,0.032391012748385364,12401.585800211871,
Truss2D,PI-NSGA-II,5,47,0.022125305917442384,18209.57164377111,
Truss2D,PI-NSGA-II,5,47,0.009212432468268656,43601.12479706584,
Truss2D,PI-NSGA-II,5,47,0.0070702473262251675,56978.99135313935,
Truss2D,PI-NSGA-II,5,47,0.006730693155160083,59920.22118785285,
Truss2D,PI-NSGA-II,5,47,0.01845594689992482,21739.648572949278,
Truss2D,PI-NSGA-II,5,47,0.01109211717616379,36556.45970737621,
Truss2D,PI-NSGA-II,5,47,0.01654272967673854,24382.119028709934,
Truss2D,PI-NSGA-II,5,47,0.006614435034153157,60958.71237183461,
Truss2D,PI-NSGA-II,5,47,0.013758484535842368,29334.40071491674,
Truss2D,PI-NSGA-II,5,47,0.0064896258729964405,61928.0687202137,
Truss2D,PI-NSGA-II,5,47,0.016922964998288246,23945.318362103248,
Truss2D,PI-NSGA-II,5,47,0.013100203281205735,31388.885860139377,
Truss2D,PI-NSGA-II,5,47,0.023546367932087094,17230.451926632508,
Truss2D,PI-NSGA-II,5,47,0.03004472054405353,13464.789218695509,
Truss2D,PI-NSGA-II,5,47,0.006830447610970525,58860.015653892464,
Truss2D,PI-NSGA-II,5,47,0.029148738562344345,13956.246770961661,
Truss2D,PI-NSGA-II,5,47,0.03595556269993789,11172.285787292709,
Truss2D,PI-NSGA-II,5,47,0.007967213915746299,50452.90396567195,
Truss2D,PI-NSGA-II,5,47,0.007549516043199441,53433.513079594326,
Truss2D,PI-NSGA-II,5,47,0.03278943794914,12207.592724701537,
Truss2D,PI-NSGA-II,5,47,0.020307625717466242,19705.082955871243,
Truss2D,PI-NSGA-II,5,47,0.007629167986347487,52591.60612318049,
Truss2D,PI-NSGA-II,5,47,0.019506959901357996,20701.909448332615,
Truss2D,PI-NSGA-II,5,47,0.012238619155235764,32841.19220319055,
Truss2D,PI-NSGA-II,5,47,0.008704536235547854,46838.94487082179,
Truss2D,PI-NSGA-II,5,47,0.005958370246165733,67861.6308900299,
Truss2D,PI-NSGA-II,5,47,0.009059169069505931,44666.091376405646,
Truss2D,PI-NSGA-II,5,47,0.011325655080683977,35653.88329052143,
Truss2D,PI-NSGA-II,5,47,0.006093682520475227,65857.5841550606,
Truss2D,PI-NSGA-II,5,47,0.006323189362722734,63636.26687682152,
Truss2D,PI-NSGA-II,5,47,0.034770091432617535,11598.328336914205,
Truss2D,PI-NSGA-II,5,47,0.01745958972357802,23177.421175141626,
Truss2D,PI-NSGA-II,5,47,0.006419308612166675,62997.28641576872,
Truss2D,PI-NSGA-II,5,47,0.01538753912973633,26482.581275343477,
Truss2D,PI-NSGA-II,5,47,0.02400876699229637,16898.26310652312,
Truss2D,PI-NSGA-II,5,47,0.02737181990178498,14721.573259923885,
Truss2D,PI-NSGA-II,5,47,0.013409721089232279,30430.185108619404,
Truss2D,PI-NSGA-II,5,47,0.022435573957000375,17931.39006527175,
Truss2D,PI-NSGA-II,5,47,0.027655813856696278,14592.192039303616,
Truss2D,PI-NSGA-II,5,47,0.026029868842990807,15392.446224528938,
Truss2D,PI-NSGA-II,5,47,0.03444386253922101,11709.284489260983,
Truss2D,PI-NSGA-II,5,47,0.02670093222331014,15028.976389213856,
Truss2D,PI-NSGA-II,5,47,0.010559927282474424,38045.15423599366,
Truss2D,PI-NSGA-II,5,47,0.012675226445039151,31607.8363882013,
Truss2D,PI-NSGA-II,5,47,0.007759931044857714,51636.285196468634,
Truss2D,PI-NSGA-II,5,47,0.011733080369562093,34923.28490135442,
Truss2D,PI-NSGA-II,5,47,0.016224201676573034,25098.841171256438,
Truss2D,PI-NSGA-II,5,47,0.03532920869943717,11325.13317658582,
Truss2D,PI-NSGA-II,5,47,0.028198101627622936,14374.657903704188,
Truss2D,PI-NSGA-II,5,47,0.021268533091586994,19297.557848194316,
Truss2D,PI-NSGA-II,5,47,0.015589465720041244,25794.084139929862,
Truss2D,PI-NSGA-II,5,47,0.025397115610619223,16056.113341925506,
Truss2D,PI-NSGA-II,5,47,0.024217925580911667,16521.58692861825,
Truss2D,PI-NSGA-II,5,47,0.01925197522556685,21028.560266247463,
Truss2D,PI-NSGA-II,5,47,0.023063188618425753,17470.943099395372,
Truss2D,PI-NSGA-II,5,47,0.008918839542910634,45738.13329921549,
Truss2D,PI-NSGA-II,5,47,0.017238699482474813,23287.5683542773,
Truss2D,PI-NSGA-II,5,47,0.033446333380549906,12165.465610733563,
Truss2D,PI-NSGA-II,5,47,0.02297661352379724,17895.87964954314,
Truss2D,PI-NSGA-II,5,47,0.010094771566916658,39891.01587597924,
Truss2D,PI-NSGA-II,5,47,0.028663592834580424,14171.484559546216,
Truss2D,PI-NSGA-II,5,47,0.0338940156533023,11840.924088592446,
Truss2D,PI-NSGA-II,5,47,0.006018229668774261,66803.55305574193,
Truss2D,PI-NSGA-II,5,47,0.006994364426261607,58129.071871648346,
Truss2D,PI-NSGA-II,5,47,0.007874475306623524,51193.3931879692,
Truss2D,PI-NSGA-II,5,47,0.026788470357849172,14932.956774533879,
Truss2D,PI-NSGA-II,5,47,0.008152991908808308,49367.18948291397,
Truss2D,PI-NSGA-II,5,47,0.013397589751968975,30588.510647072886,
Truss2D,PI-NSGA-II,5,47,0.03124941925923282,13041.021047178856,
Truss2D,PI-NSGA-II,5,47,0.029639958343461146,13724.618197250551,
Truss2D,PI-NSGA-II,5,47,0.010808603072987436,37173.960334898904,
Truss2D,PI-NSGA-II,5,47,0.011563914157848219,35370.37166903098,
Truss2D,PI-NSGA-II,5,47,0.019923252457737583,20098.990278441524,
Truss2D,PI-NSGA-II,5,47,0.025513616289808427,15844.91226471853,
Truss2D,PI-NSGA-II,5,47,0.008544412420947431,47433.805669159054,
Truss2D,PI-NSGA-II,5,47,0.010079534758172751,40898.48006087853,
Truss2D,PI-NSGA-II,5,47,0.00810185222663163,49380.5572441003,
Truss2D,PI-NSGA-II,5,47,0.02594399521095793,15498.1735931716,
Truss2D,PI-NSGA-II,5,47,0.006242720094162589,64737.66192638377,
Truss2D,PI-NSGA-II,5,47,0.010451142163139762,38732.095639760184,
Truss2D,PI-NSGA-II,5,47,0.015966447175790096,25774.33438105229,
Truss2D,PI-NSGA-II,5,47,0.020771677312931024,19379.77328800922,
Truss2D,PI-NSGA-II,5,47,0.010213180271621637,39525.51667059202,
Truss2D,PI-NSGA-II,6,48,0.05141651540230413,8432.807022646206,
Truss2D,PI-NSGA-II,6,48,0.004026913325138892,99890.14495482735,
Truss2D,PI-NSGA-II,6,48,0.00918691703032216,43585.95092495387,
Truss2D,PI-NSGA-II,6,48,0.0046840717273266535,86673.94361791565,
Truss2D,PI-NSGA-II,6,48,0.017739572202829568,22701.511529303447,
Truss2D,PI-NSGA-II,6,48,0.04779589641445564,8630.094477442331,
Truss2D,PI-NSGA-II,6,48,0.046690160266157216,8734.018577502997,
Truss2D,PI-NSGA-II,6,48,0.02431433759861909,16744.73715574778,
Truss2D,PI-NSGA-II,6,48,0.032839281646020874,12292.860579572138,
Truss2D,PI-NSGA-II,6,48,0.009425092522596767,42570.139415599835,
Truss2D,PI-NSGA-II,6,48,0.023364254894307143,17305.13809704823,
Truss2D,PI-NSGA-II,6,48,0.004214189557412856,95179.56331500069,
Truss2D,PI-NSGA-II,6,48,0.004350975974666974,94069.99346841143,
Truss2D,PI-NSGA-II,6,48,0.026115035656507628,15403.639560710193,
Truss2D,PI-NSGA-II,6,48,0.021719163965335728,18464.28701761837,
Truss2D,PI-NSGA-II,6,48,0.015187516841849047,26403.798327016233,
Truss2D,PI-NSGA-II,6,48,0.004366095468801547,92165.28776319661,
Truss2D,PI-NSGA-II,6,48,0.0041656337393148925,97063.04502643536,
Truss2D,PI-NSGA-II,6,48,0.014199783620032713,28395.435337317813,
Truss2D,PI-NSGA-II,6,48,0.026859161955856872,15160.58890359051,
Truss2D,PI-NSGA-II,6,48,0.004134141925357266,98261.8043579044,
Truss2D,PI-NSGA-II,6,48,0.01699644583113826,23565.542890402292,
Truss2D,PI-NSGA-II,6,48,0.02559265199368887,16014.905321274398,
Truss2D,PI-NSGA-II,6,48,0.020077880132967848,20437.34214249042,
Truss2D,PI-NSGA-II,6,48,0.015833548684971763,26336.688124118486,
Truss2D,PI-NSGA-II,6,48,0.05026813214579365,8494.742620042744,
Truss2D,PI-NSGA-II,6,48,0.0211442379163681,19438.05604413023,
Truss2D,PI-NSGA-II,6,48,0.018383815184350612,22194.22957455616,
Truss2D,PI-NSGA-II,6,48,0.01082253504278528,37991.283029269325,
Truss2D,PI-NSGA-II,6,48,0.01948222645696185,20901.122322224277,
Truss2D,PI-NSGA-II,6,48,0.04946489844222998,8532.149800217418,
Truss2D,PI-NSGA-II,6,48,0.016242286931427055,25489.3901721782,
Truss2D,PI-NSGA-II,6,48,0.031455179082438,12872.46539828276,
Truss2D,PI-NSGA-II,6,48,0.011430765586580132,35247.198557683194,
Truss2D,PI-NSGA-II,6,48,0.04447946129860279,9021.424630364261,
Truss2D,PI-NSGA-II,6,48,0.012636299839575354,32106.775404950513,
Truss2D,PI-NSGA-II,6,48,0.01096576218552635,36927.00606209348,
Truss2D,PI-NSGA-II,6,48,0.03642857835370128,11123.064479499713,
Truss2D,PI-NSGA-II,6,48,0.013328010004800994,30154.895950282946,
Truss2D,PI-NSGA-II,6,48,0.037528746389135004,10780.079462061352,
Truss2D,PI-NSGA-II,6,48,0.028075124269138992,14276.868495082195,
Truss2D,PI-NSGA-II,6,48,0.03369688292400143,11975.366485743198,
Truss2D,PI-NSGA-II,6,48,0.03452090524809118,11667.051202097837,
Truss2D,PI-NSGA-II,6,48,0.011173234761055162,36012.96604022617,
Truss2D,PI-NSGA-II,6,48,0.012333295045465698,32859.80544408839,
Truss2D,PI-NSGA-II,6,48,0.011739075929090171,34327.92835155161,
Truss2D,PI-NSGA-II,6,48,0.01009168178026652,39885.84590682471,
Truss2D,PI-NSGA-II,6,48,0.037033646933244804,10827.07664168828,
Truss2D,PI-NSGA-II,6,48,0.03508712960331707,11438.684861980226,
Truss2D,PI-NSGA-II,6,48,0.04038103242574943,9976.763203983812,
Truss2D,PI-NSGA-II,6,48,0.04213731308392897,9557.74625013066,
Truss2D,PI-NSGA-II,6,48,0.00444130728943145,90999.85861938175,
Truss2D,PI-NSGA-II,6,48,0.04069200975699465,9846.88820472422,
Truss2D,PI-NSGA-II,6,48,0.05095277419251807,8476.712324408416,
Truss2D,PI-NSGA-II,6,48,0.01477848401876691,27574.56145726893,
Truss2D,PI-NSGA-II,6,48,0.018995277038229647,21235.41206769136,
Truss2D,PI-NSGA-II,6,48,0.038243768432678356,10551.28230466635,
Truss2D,PI-NSGA-II,6,48,0.04387587229266876,9167.627911593572,
Truss2D,PI-NSGA-II,6,48,0.02042166593635518,19696.955251973013,
Truss2D,PI-NSGA-II,6,48,0.030693567275547402,13087.48983936823,
Truss2D,PI-NSGA-II,6,48,0.012935703138236972,31327.555158649848,
Truss2D,PI-NSGA-II,6,48,0.0045206744436742125,89259.75114509276,
Truss2D,PI-NSGA-II,6,48,0.0187121447912309,21670.64746505751,
Truss2D,PI-NSGA-II,6,48,0.03216240043910737,12494.494666561548,
Truss2D,PI-NSGA-II,6,48,0.04597605314684039,8767.251210440456,
Truss2D,PI-NSGA-II,6,48,0.04865752907276891,8590.03437053562,
Truss2D,PI-NSGA-II,6,48,0.016392242042626952,24584.67277177392,
Truss2D,PI-NSGA-II,6,48,0.009750373841030842,41204.117335272946,
Truss2D,PI-NSGA-II,6,48,0.045169450868134495,8955.4066181254,
Truss2D,PI-NSGA-II,6,48,0.02940888340874332,13664.922635257144,
Truss2D,PI-NSGA-II,6,48,0.03958277504623037,10118.138974317115,
Truss2D,PI-NSGA-II,6,48,0.009895957181835273,40551.01367997768,
Truss2D,PI-NSGA-II,6,48,0.0274794958084324,14814.271590660806,
Truss2D,PI-NSGA-II,6,48,0.014723207868068243,27776.322491293122,
Truss2D,PI-NSGA-II,6,48,0.01308803577453221,30778.566998709954,
Truss2D,PI-NSGA-II,6,48,0.042574469259193594,9402.583286063631,
Truss2D,PI-NSGA-II,6,48,0.013826291112435232,29275.874873593344,
Truss2D,PI-NSGA-II,6,48,0.03394952689331305,11837.28015287622,
Truss2D,PI-NSGA-II,6,48,0.004490413845195534,90048.97044227156,
Truss2D,PI-NSGA-II,6,48,0.02281239890034526,17575.14218029341,
Truss2D,PI-NSGA-II,6,48,0.013756579307981461,29446.20252455089,
Truss2D,PI-NSGA-II,6,48,0.04302294615435935,9346.86600210808,
Truss2D,PI-NSGA-II,6,48,0.04347808372722094,9310.278573702586,
Truss2D,PI-NSGA-II,6,48,0.010369263621213067,38680.672231069984,
Truss2D,PI-NSGA-II,6,48,0.022358089363170637,18231.046565049517,
Truss2D,PI-NSGA-II,6,48,0.03594182531039422,11347.921028096149,
Truss2D,PI-NSGA-II,6,48,0.03191802685848674,12642.036246155038,
Truss2D,PI-NSGA-II,6,48,0.010342023985442941,38885.80042233737,
Truss2D,PI-NSGA-II,6,48,0.03562540440841917,11370.753556424761,
Truss2D,PI-NSGA-II,6,48,0.025093051701960835,16490.12661343206,
Truss2D,PI-NSGA-II,6,48,0.0275680423781145,14583.590550764828,
Truss2D,PI-NSGA-II,6,48,0.041444965051382426,9746.066626666876,
Truss2D,PI-NSGA-II,6,48,0.020781382325409953,19578.94866326503,
Truss2D,PI-NSGA-II,6,48,0.029246641909471866,14025.581712969271,
Truss2D,PI-NSGA-II,6,48,0.038496511831130203,10411.153999477388,
Truss2D,PI-NSGA-II,6,48,0.04883952984423848,8568.62381371852,
Truss2D,PI-NSGA-II,6,48,0.004560153938491497,87800.63836801812,
Truss2D,PI-NSGA-II,6,48,0.012010706903241922,33460.72682997239,
Truss2D,PI-NSGA-II,6,48,0.029932721026977638,13379.831322246086,
Truss2D,PI-NSGA-II,6,48,0.004554976837569547,88030.63959748176,
Truss2D,PI-NSGA-II,7,49,0.004015274785601259,99677.5015706002,
Truss2D,PI-NSGA-II,7,49,0.05739092744232758,8432.740427507815,
Truss2D,PI-NSGA-II,7,49,0.005910631655951543,68812.48596674866,
Truss2D,PI-NSGA-II,7,49,0.01236305334284824,32677.410979222026,
Truss2D,PI-NSGA-II,7,49,0.05359637849532678,8432.740428596735,
Truss2D,PI-NSGA-II,7,49,0.017780721931133635,22628.75071450718,
Truss2D,PI-NSGA-II,7,49,0.00429386233314658,93881.51609062808,
Truss2D,PI-NSGA-II,7,49,0.00476194699920709,84312.73116556213,
Truss2D,PI-NSGA-II,7,49,0.031784719281293936,12589.22288195057,
Truss2D,PI-NSGA-II,7,49,0.004932542988837436,81754.10267964023,
Truss2D,PI-NSGA-II,7,49,0.05157013940936374,8432.740433311687,
Truss2D,PI-NSGA-II,7,49,0.03788889881160848,10705.782453632266,
Truss2D,PI-NSGA-II,7,49,0.04773758074775744,8611.652431087143,
Truss2D,PI-NSGA-II,7,49,0.0053909147003253725,75092.9996775208,
Truss2D,PI-NSGA-II,7,49,0.05359637849392499,8432.740428970545,
Truss2D,PI-NSGA-II,7,49,0.038665882589852665,10679.287946409799,
Truss2D,PI-NSGA-II,7,49,0.02473078022747203,16207.152179952323,
Truss2D,PI-NSGA-II,7,49,0.004269097013408545,95915.83740472366,
Truss2D,PI-NSGA-II,7,49,0.02585444719008993,15504.69841961603,
Truss2D,PI-NSGA-II,7,49,0.0398157731590601,10622.344591439087,
Truss2D,PI-NSGA-II,7,49,0.005245525316159191,76681.91785926245,
Truss2D,PI-NSGA-II,7,49,0.020778496159518482,19527.363114973345,
Truss2D,PI-NSGA-II,7,49,0.030683644139978705,13375.580377577533,
Truss2D,PI-NSGA-II,7,49,0.0188411605718631,21408.772009636665,
Truss2D,PI-NSGA-II,7,49,0.05056104170176179,8492.399725225048,
Truss2D,PI-NSGA-II,7,49,0.03677621108068125,10950.954386089872,
Truss2D,PI-NSGA-II,7,49,0.020055523167347745,20139.787204711633,
Truss2D,PI-NSGA-II,7,49,0.021220103761178027,18922.21650432183,
Truss2D,PI-NSGA-II,7,49,0.005738180786103704,69961.84840926419,
Truss2D,PI-NSGA-II,7,49,0.013719783996333688,30027.124930106165,
Truss2D,PI-NSGA-II,7,49,0.01439916224944364,28660.518745707803,
Truss2D,PI-NSGA-II,7,49,0.022435904790809643,18089.301518162014,
Truss2D,PI-NSGA-II,7,49,0.02687712573312613,15037.509508998286,
Truss2D,PI-NSGA-II,7,49,0.01322901277053603,31017.141092195496,
Truss2D,PI-NSGA-II,7,49,0.005143143265952569,77926.94192182906,
Truss2D,PI-NSGA-II,7,49,0.004361246084493509,91869.90128843597,
Truss2D,PI-NSGA-II,7,49,0.046610888105689585,8735.628953921623,
Truss2D,PI-NSGA-II,7,49,0.044326892995592546,9101.264700240645,
Truss2D,PI-NSGA-II,7,49,0.04540731141743687,8862.110106346285,
Truss2D,PI-NSGA-II,7,49,0.005091111089519497,79233.67996709723,
Truss2D,PI-NSGA-II,7,49,0.03645294063326081,11348.033287327096,
Truss2D,PI-NSGA-II,7,49,0.035532014640455606,11439.968460576962,
Truss2D,PI-NSGA-II,7,49,0.04198031320360174,9553.583435170602,
Truss2D,PI-NSGA-II,7,49,0.04020385079082971,10009.171976130036,
Truss2D,PI-NSGA-II,7,49,0.014180689452250258,29720.553981258618,
Truss2D,PI-NSGA-II,7,49,0.04303430584308417,9322.341736787575,
Truss2D,PI-NSGA-II,7,49,0.03244873290902732,12406.193416892254,
Truss2D,PI-NSGA-II,7,49,0.04857192123835446,8589.478715597825,
Truss2D,PI-NSGA-II,7,49,0.015679972543909397,26622.857727937127,
Truss2D,PI-NSGA-II,7,49,0.043271881451918154,9254.013928256583,
Truss2D,PI-NSGA-II,7,49,0.023290581088391667,17403.59201195305,
Truss2D,PI-NSGA-II,7,49,0.004108609743098662,98868.68979445913,
Truss2D,PI-NSGA-II,7,49,0.004714367646068257,85437.28707651587,
Truss2D,PI-NSGA-II,7,49,0.004665415096915203,86497.60892687635,
Truss2D,PI-NSGA-II,7,49,0.0056291293605023685,71269.17647535715,
Truss2D,PI-NSGA-II,7,49,0.005483044838262591,73596.68407300996,
Truss2D,PI-NSGA-II,7,49,0.004521011606069617,90049.11727419334,
Truss2D,PI-NSGA-II,7,49,0.02817333789961874,14284.009626922834,
Truss2D,PI-NSGA-II,7,49,0.01283737173723385,31352.27112587484,
Truss2D,PI-NSGA-II,7,49,0.02615170595546181,15329.79676684157,
Truss2D,PI-NSGA-II,7,49,0.034220386365702175,12050.16894329342,
Truss2D,PI-NSGA-II,7,49,0.04617358425487499,8742.91240442188,
Truss2D,PI-NSGA-II,7,49,0.022012877455828358,18684.792906518007,
Truss2D,PI-NSGA-II,7,49,0.03508742614202119,11569.249542500069,
Truss2D,PI-NSGA-II,7,49,0.01606996176675687,25314.631460803063,
Truss2D,PI-NSGA-II,7,49,0.014618744379409208,27547.182264837138,
Truss2D,PI-NSGA-II,7,49,0.012601196432550334,32207.24882212243,
Truss2D,PI-NSGA-II,7,49,0.01639129043087006,24582.178190935505,
Truss2D,PI-NSGA-II,7,49,0.02894965057422949,14105.829743345852,
Truss2D,PI-NSGA-II,7,49,0.004487611323246733,91403.7226015552,
Truss2D,PI-NSGA-II,7,49,0.04476491597482314,9008.85119659357,
Truss2D,PI-NSGA-II,7,49,0.015128157275206451,27017.13455991528,
Truss2D,PI-NSGA-II,7,49,0.01945129453203772,20810.90323220695,
Truss2D,PI-NSGA-II,7,49,0.030495680873421537,13509.913214690741,
Truss2D,PI-NSGA-II,7,49,0.00411181452440032,97457.27921002344,
Truss2D,PI-NSGA-II,7,49,0.015736676359675083,25613.269217058532,
Truss2D,PI-NSGA-II,7,49,0.04089291560272509,9915.628142305202,
Truss2D,PI-NSGA-II,7,49,0.0344512243588042,11755.149117927784,
Truss2D,PI-NSGA-II,7,49,0.004540725863640084,89225.69360282089,
Truss2D,PI-NSGA-II,7,49,0.005598391060579251,72045.30736849074,
Truss2D,PI-NSGA-II,7,49,0.04915870519679247,8572.823724842134,
Truss2D,PI-NSGA-II,7,49,0.024474120064056873,16485.546608591627,
Truss2D,PI-NSGA-II,7,49,0.004628801873837438,87626.1454909,
Truss2D,PI-NSGA-II,7,49,0.024018114571720442,16850.899956261062,
Truss2D,PI-NSGA-II,7,49,0.0167842546313175,24093.660847010346,
Truss2D,PI-NSGA-II,7,49,0.004216665121624026,97069.06812194848,
Truss2D,PI-NSGA-II,7,49,0.05154616795765393,8434.056526644887,
Truss2D,PI-NSGA-II,7,49,0.027461474215263987,14692.17936746605,
Truss2D,PI-NSGA-II,7,49,0.004568692460991048,88172.2289898557,
Truss2D,PI-NSGA-II,7,49,0.005584896822532106,73102.73112950263,
Truss2D,PI-NSGA-II,7,49,0.02964010300087059,13617.61860661447,
Truss2D,PI-NSGA-II,7,49,0.033011611360840326,12200.986914526664,
Truss2D,PI-NSGA-II,7,49,0.019589237774546304,20583.69538979814,
Truss2D,PI-NSGA-II,7,49,0.04122247030507079,9776.832983025974,
Truss2D,PI-NSGA-II,7,49,0.03339779484758032,12152.953470030072,
Truss2D,PI-NSGA-II,7,49,0.005039037880085027,80419.77389931318,
Truss2D,PI-NSGA-II,7,49,0.017358606839845688,23566.235632011,
Truss2D,PI-NSGA-II,7,49,0.018863867806777266,21368.007112775198,
Truss2D,PI-NSGA-II,7,49,0.027672843330199023,14627.794034376984,
Truss2D,PI-NSGA-II,7,49,0.049773425174031063,8515.779536004009,
Truss2D,PI-NSGA-II,8,50,0.009647581170886158,41942.16238307702,
Truss2D,PI-NSGA-II,8,50,0.025180501670937317,15930.643401029425,
Truss2D,PI-NSGA-II,8,50,0.020583796853749736,19516.762602056977,
Truss2D,PI-NSGA-II,8,50,0.01995523805421629,20093.10009149513,
Truss2D,PI-NSGA-II,8,50,0.017545768657036193,22979.868957669136,
Truss2D,PI-NSGA-II,8,50,0.017201553718518052,23350.622605509034,
Truss2D,PI-NSGA-II,8,50,0.023306787184175153,17259.341672509352,
Truss2D,PI-NSGA-II,8,50,0.010135811309647549,39467.709924567076,
Truss2D,PI-NSGA-II,8,50,0.01363147551255288,29569.860697022392,
Truss2D,PI-NSGA-II,8,50,0.011817291489784828,34233.70778081428,
Truss2D,PI-NSGA-II,8,50,0.013264879550722124,30438.086943414328,
Truss2D,PI-NSGA-II,8,50,0.009834892208976292,40792.20777167434,
Truss2D,PI-NSGA-II,8,50,0.014747832378499914,27151.919909527853,
Truss2D,PI-NSGA-II,8,50,0.018481899486664812,21799.32297023781,
Truss2D,PI-NSGA-II,8,50,0.02302479865397021,17542.675226695625,
Truss2D,PI-NSGA-II,8,50,0.011341926225024227,35484.96225411792,
Truss2D,PI-NSGA-II,8,50,0.024761039750870854,16194.378783221084,
Truss2D,PI-NSGA-II,8,50,0.016951976603171177,23626.55951811518,
Truss2D,PI-NSGA-II,8,50,0.013814344118219551,29110.706126902864,
Truss2D,PI-NSGA-II,8,50,0.011422446361797112,35206.01720434607,
Truss2D,PI-NSGA-II,8,50,0.015248879539370154,26394.317773075403,
Truss2D,PI-NSGA-II,8,50,0.020756259605903046,19284.1443062534,
Truss2D,PI-NSGA-II,8,50,0.012549339424994626,32035.953444862476,
Truss2D,PI-NSGA-II,8,50,0.015415520716306804,26133.769901738713,
Truss2D,PI-NSGA-II,8,50,0.010555242246186768,37993.39271935351,
Truss2D,PI-NSGA-II,8,50,0.014468395510066954,27690.814628800035,
Truss2D,PI-NSGA-II,8,50,0.024541449568067475,16390.467611076485,
Truss2D,PI-NSGA-II,8,50,0.009752690557411625,41616.20038274311,
Truss2D,PI-NSGA-II,8,50,0.012350711567645261,32450.207468136778,
Truss2D,PI-NSGA-II,8,50,0.022827632109223013,17761.168370792642,
Truss2D,PI-NSGA-II,8,50,0.022564407131038557,17828.440864548367,
Truss2D,PI-NSGA-II,8,50,0.016376812124112388,24719.32363206621,
Truss2D,PI-NSGA-II,8,50,0.010009283204535216,40075.72532818017,
Truss2D,PI-NSGA-II,8,50,0.018709816846745674,21451.713045051252,
Truss2D,PI-NSGA-II,8,50,0.01677739155959829,23872.99968599535,
Truss2D,PI-NSGA-II,8,50,0.01651581727596841,24333.281960608936,
Truss2D,PI-NSGA-II,8,50,0.013073372583992283,30783.648462173,
Truss2D,PI-NSGA-II,8,50,0.011155471455373456,35997.1838559781,
Truss2D,PI-NSGA-II,8,50,0.019542015418387366,20483.957361247696,
Truss2D,PI-NSGA-II,8,50,0.018835109323770152,21359.194606601915,
Truss2D,PI-NSGA-II,8,50,0.010714244582566982,37650.71363999442,
Truss2D,PI-NSGA-II,8,50,0.02370628761922145,17122.415958880436,
Truss2D,PI-NSGA-II,8,50,0.021982122732630945,18291.598427164092,
Truss2D,PI-NSGA-II,8,50,0.014253761174535317,28169.03419393982,
Truss2D,PI-NSGA-II,8,50,0.012155024376373528,33252.41629060154,
Truss2D,PI-NSGA-II,8,50,0.017814662024186335,22610.473097218397,
Truss2D,PI-NSGA-II,8,50,0.02391509518172181,16824.26148312114,
Truss2D,PI-NSGA-II,8,50,0.01411677840427061,28491.53735472327,
Truss2D,PI-NSGA-II,8,50,0.016665081310808766,24176.51135829358,
Truss2D,PI-NSGA-II,8,50,0.02148295526802521,18651.62716607239,
Truss2D,PI-NSGA-II,8,50,0.02219106363962297,18060.779458833676,
Truss2D,PI-NSGA-II,8,50,0.019345282975481583,20890.446360363057,
Truss2D,PI-NSGA-II,8,50,0.010858610726376422,37214.406861063784,
Truss2D,PI-NSGA-II,8,50,0.01612544945626819,25143.22037282637,
Truss2D,PI-NSGA-II,8,50,0.012741212295724873,31988.36725049551,
Truss2D,PI-NSGA-II,8,50,0.011565121183875201,34680.23458578477,
Truss2D,PI-NSGA-II,8,50,0.021302420058066197,18971.819149596766,
Truss2D,PI-NSGA-II,8,50,0.015039855983103622,26634.3396106655,
Truss2D,PI-NSGA-II,8,50,0.022310788070721226,17947.597405338187,
Truss2D,PI-NSGA-II,8,50,0.018258455316563088,22003.357797073604,
Truss2D,PI-NSGA-II,8,50,0.016228591510319496,24897.292148430184,
Truss2D,PI-NSGA-II,8,50,0.018154417438448308,22104.94458807583,
Truss2D,PI-NSGA-II,8,50,0.021046600214996762,19167.41845176679,
Truss2D,PI-NSGA-II,8,50,0.015906323189353082,25247.789245100237,
Truss2D,PI-NSGA-II,8,50,0.010950228515753805,36798.23449583121,
Truss2D,PI-NSGA-II,8,50,0.010012916203620957,40053.03846354889,
Truss2D,PI-NSGA-II,8,50,0.021773132396433564,18394.101261009782,
Truss2D,PI-NSGA-II,8,50,0.019822080646182932,20338.78593397382,
Truss2D,PI-NSGA-II,8,50,0.012247089065347942,32857.64013227362,
Truss2D,PI-NSGA-II,8,50,0.01910699621673245,21152.40088035416,
Truss2D,PI-NSGA-II,8,50,0.010464783699040546,38342.08465077641,
Truss2D,PI-NSGA-II,8,50,0.025091560961394144,16074.170227445087,
Truss2D,PI-NSGA-II,8,50,0.01795981838509568,22341.759159135094,
Truss2D,PI-NSGA-II,8,50,0.01028743947613475,38966.061251732324,
Truss2D,PI-NSGA-II,8,50,0.012133460989365984,33591.81960373222,
Truss2D,PI-NSGA-II,8,50,0.013408485770394522,29966.140197845303,
Truss2D,PI-NSGA-II,8,50,0.011850376238961523,33775.50999149807,
Truss2D,PI-NSGA-II,8,50,0.015584781752059344,25846.48002500436,
Truss2D,PI-NSGA-II,8,50,0.024134115366589867,16767.84331998795,
Truss2D,PI-NSGA-II,8,50,0.013959884934562839,28907.60259069268,
Truss2D,PI-NSGA-II,8,50,0.01285776934941803,31525.96620234572,
Truss2D,PI-NSGA-II,8,50,0.012953266839124983,31075.84525565541,
Truss2D,PI-NSGA-II,8,50,0.011562364828150446,34693.391182942476,
Truss2D,PI-NSGA-II,8,50,0.019434129312752832,20660.864068808554,
Truss2D,PI-NSGA-II,8,50,0.014351604264379215,27953.370033955336,
Truss2D,PI-NSGA-II,8,50,0.014888669582511584,27056.706738451212,
Truss2D,PI-NSGA-II,8,50,0.024278501898496643,16493.177626723438,
Truss2D,PI-NSGA-II,8,50,0.013407117659483428,29967.69541325621,
Truss2D,PI-NSGA-II,8,50,0.011023399691173753,36368.36711243784,
Truss2D,PI-NSGA-II,8,50,0.014013978392186984,28676.54881146423,
Truss2D,PI-NSGA-II,8,50,0.01076055372537587,37374.53668760922,
Truss2D,PI-NSGA-II,8,50,0.014982657108692763,26809.91919224652,
Truss2D,PI-NSGA-II,8,50,0.01912332573777503,21034.71926342007,
Truss2D,PI-NSGA-II,8,50,0.012002072335523611,33772.74292039211,
Truss2D,PI-NSGA-II,8,50,0.012768714987835592,31526.125056280995,
Truss2D,PI-NSGA-II,8,50,0.023748233833400884,17036.32067832659,
Truss2D,PI-NSGA-II,8,50,0.015633050584294077,25728.418014795425,
Truss2D,PI-NSGA-II,8,50,0.021174101805943518,19152.82042753322,
Truss2D,PI-NSGA-II,8,50,0.021417188933920597,18695.204508344515,
Truss2D,PI-NSGA-II,8,50,0.010398181434072257,38557.321808859604,
Truss2D,PI-NSGA-II,9,51,0.05239956141850115,8436.522754774842,
Truss2D,PI-NSGA-II,9,51,0.0041101460426759655,98662.94178724116,
Truss2D,PI-NSGA-II,9,51,0.004486453612469431,89754.40391805077,
Truss2D,PI-NSGA-II,9,51,0.03181873482850865,12696.941989488865,
Truss2D,PI-NSGA-II,9,51,0.004217376662448175,95407.91592058152,
Truss2D,PI-NSGA-II,9,51,0.029445210517089752,13585.122391652949,
Truss2D,PI-NSGA-II,9,51,0.007456989537530148,54399.334094080856,
Truss2D,PI-NSGA-II,9,51,0.0254732858873808,15822.743515544036,
Truss2D,PI-NSGA-II,9,51,0.008028454555900415,51605.51948259236,
Truss2D,PI-NSGA-II,9,51,0.02663953799648955,15127.51125211743,
Truss2D,PI-NSGA-II,9,51,0.009539121200569782,42870.152584233045,
Truss2D,PI-NSGA-II,9,51,0.007073953844124787,58464.511597293356,
Truss2D,PI-NSGA-II,9,51,0.006758463580973503,59893.6867989955,
Truss2D,PI-NSGA-II,9,51,0.045672968666355784,8954.200419257391,
Truss2D,PI-NSGA-II,9,51,0.004874283519199888,84308.05675633467,
Truss2D,PI-NSGA-II,9,51,0.04743879314854858,8663.763004763627,
Truss2D,PI-NSGA-II,9,51,0.009119939225053445,44022.35457835263,
Truss2D,PI-NSGA-II,9,51,0.010194290102348347,39976.61733497668,
Truss2D,PI-NSGA-II,9,51,0.036366577363498034,11066.76494693648,
Truss2D,PI-NSGA-II,9,51,0.009818808499768902,40774.92494197273,
Truss2D,PI-NSGA-II,9,51,0.03734384904713655,10715.104235203227,
Truss2D,PI-NSGA-II,9,51,0.01594457206712925,25346.20342991037,
Truss2D,PI-NSGA-II,9,51,0.016477109942875094,24411.88216996606,
Truss2D,PI-NSGA-II,9,51,0.006037139408040107,66705.06848419987,
Truss2D,PI-NSGA-II,9,51,0.02310138361310307,18100.244048986413,
Truss2D,PI-NSGA-II,9,51,0.010563901395103489,38001.14001051163,
Truss2D,PI-NSGA-II,9,51,0.004891030440107379,82126.8639083885,
Truss2D,PI-NSGA-II,9,51,0.00887308717975865,45846.49594045993,
Truss2D,PI-NSGA-II,9,51,0.032810167136539975,12508.673258187802,
Truss2D,PI-NSGA-II,9,51,0.024506969947480584,16573.19934575891,
Truss2D,PI-NSGA-II,9,51,0.043024464740886253,9417.881645712854,
Truss2D,PI-NSGA-II,9,51,0.005410507852532773,74561.60693643989,
Truss2D,PI-NSGA-II,9,51,0.018859148899709473,22107.48239517414,
Truss2D,PI-NSGA-II,9,51,0.04680367667555169,8679.290385588967,
Truss2D,PI-NSGA-II,9,51,0.0116330457940295,35716.807678058736,
Truss2D,PI-NSGA-II,9,51,0.04082615127843267,9851.63305877656,
Truss2D,PI-NSGA-II,9,51,0.008171779422807245,50339.489714853866,
Truss2D,PI-NSGA-II,9,51,0.04919238778730528,8556.966883628835,
Truss2D,PI-NSGA-II,9,51,0.044083486895423574,9286.534990862303,
Truss2D,PI-NSGA-II,9,51,0.01373127689722101,29624.281250713477,
Truss2D,PI-NSGA-II,9,51,0.004692989652680806,88808.44879278423,
Truss2D,PI-NSGA-II,9,51,0.005039724575505961,80767.82149768721,
Truss2D,PI-NSGA-II,9,51,0.019771466657168828,20303.95598487464,
Truss2D,PI-NSGA-II,9,51,0.0490258776609107,8576.555738762772,
Truss2D,PI-NSGA-II,9,51,0.050820351496694324,8455.557654511784,
Truss2D,PI-NSGA-II,9,51,0.033528878372613084,12136.28316549608,
Truss2D,PI-NSGA-II,9,51,0.044671770849390356,9040.50995121691,
Truss2D,PI-NSGA-II,9,51,0.03547595319989925,11359.584792380936,
Truss2D,PI-NSGA-II,9,51,0.04011314436846036,10053.251904626302,
Truss2D,PI-NSGA-II,9,51,0.006399720534912436,63425.961287270125,
Truss2D,PI-NSGA-II,9,51,0.005587543216067645,71866.53081419977,
Truss2D,PI-NSGA-II,9,51,0.00418618416601192,95736.07093097019,
Truss2D,PI-NSGA-II,9,51,0.008321703454822567,48664.6815676573,
Truss2D,PI-NSGA-II,9,51,0.013340157449344001,30106.152417294674,
Truss2D,PI-NSGA-II,9,51,0.03425287191090565,11847.90884121291,
Truss2D,PI-NSGA-II,9,51,0.029038579115060692,13962.035917101533,
Truss2D,PI-NSGA-II,9,51,0.004128938397125928,98471.0940981614,
Truss2D,PI-NSGA-II,9,51,0.005977846575975013,69057.12201329484,
Truss2D,PI-NSGA-II,9,51,0.011366303326506951,37234.07948526804,
Truss2D,PI-NSGA-II,9,51,0.005524600519814814,73678.29716979046,
Truss2D,PI-NSGA-II,9,51,0.028189336852225223,14330.046280775365,
Truss2D,PI-NSGA-II,9,51,0.02356755341779388,17142.216517191257,
Truss2D,PI-NSGA-II,9,51,0.022092818523736835,18321.038780630373,
Truss2D,PI-NSGA-II,9,51,0.017421353512848875,24068.75252635736,
Truss2D,PI-NSGA-II,9,51,0.04186176095063002,9778.982597080541,
Truss2D,PI-NSGA-II,9,51,0.034861331265736574,11533.748337371926,
Truss2D,PI-NSGA-II,9,51,0.004758892563987182,86830.87168858595,
Truss2D,PI-NSGA-II,9,51,0.00478777789292098,86214.57641819012,
Truss2D,PI-NSGA-II,9,51,0.05127170739282137,8439.26454081814,
Truss2D,PI-NSGA-II,9,51,0.00509857257547495,79094.36200941635,
Truss2D,PI-NSGA-II,9,51,0.005262011068155364,76854.6312090829,
Truss2D,PI-NSGA-II,9,51,0.014882022676445412,27823.00785783315,
Truss2D,PI-NSGA-II,9,51,0.027503303796441992,14565.603055910286,
Truss2D,PI-NSGA-II,9,51,0.007175315791338427,56154.27134762127,
Truss2D,PI-NSGA-II,9,51,0.0119461263908603,34096.464662371625,
Truss2D,PI-NSGA-II,9,51,0.008552542087577117,46787.35280604834,
Truss2D,PI-NSGA-II,9,51,0.012919854333469137,31282.439148828933,
Truss2D,PI-NSGA-II,9,51,0.006643478102010347,62141.33664675135,
Truss2D,PI-NSGA-II,9,51,0.04224568466303996,9565.513671126051,
Truss2D,PI-NSGA-II,9,51,0.02177259246316771,18574.39553757071,
Truss2D,PI-NSGA-II,9,51,0.005733929346158262,70810.75763395292,
Truss2D,PI-NSGA-II,9,51,0.017944173311105087,22834.304566343784,
Truss2D,PI-NSGA-II,9,51,0.012874924336348272,31837.71853137865,
Truss2D,PI-NSGA-II,9,51,0.021130727220105748,19026.823539468394,
Truss2D,PI-NSGA-II,9,51,0.0062482424851304855,64744.00678829238,
Truss2D,PI-NSGA-II,9,51,0.005133165069995414,78210.37455346617,
Truss2D,PI-NSGA-II,9,51,0.006168532440747413,65393.189101213655,
Truss2D,PI-NSGA-II,9,51,0.019171434500961176,21170.483930429662,
Truss2D,PI-NSGA-II,9,51,0.01526536248733203,26290.778202609752,
Truss2D,PI-NSGA-II,9,51,0.02399676789073517,16797.338304250035,
Truss2D,PI-NSGA-II,9,51,0.008415826913222258,47600.295769880104,
Truss2D,PI-NSGA-II,9,51,0.014223987291191419,28309.409980001943,
Truss2D,PI-NSGA-II,9,51,0.010837871807811681,37268.19206775045,
Truss2D,PI-NSGA-II,9,51,0.01529917246091599,26272.024591828434,
Truss2D,PI-NSGA-II,9,51,0.011852091025010378,34553.78061555473,
Truss2D,PI-NSGA-II,9,51,0.012437628484245695,33023.34628864536,
Truss2D,PI-NSGA-II,9,51,0.007241689551626147,56029.68876668261,
Truss2D,PI-NSGA-II,9,51,0.03927199159142858,10210.677732636157,
Truss2D,PI-NSGA-II,9,51,0.038262837055272336,10513.860226988361,
Truss2D,PI-NSGA-II,9,51,0.01245275181988462,32849.01096226708,
Truss2D,PI-NSGA-II,10,52,0.005686068751746393,70582.08058986888,
Truss2D,PI-NSGA-II,10,52,0.04118621756300821,9736.82531720162,
Truss2D,PI-NSGA-II,10,52,0.01379068365602494,29166.78076051724,
Truss2D,PI-NSGA-II,10,52,0.023328620175769012,18009.21076952589,
Truss2D,PI-NSGA-II,10,52,0.016572763172461792,25217.712346298453,
Truss2D,PI-NSGA-II,10,52,0.011151809914699912,35953.330615106395,
Truss2D,PI-NSGA-II,10,52,0.00835388463494725,47969.21794533753,
Truss2D,PI-NSGA-II,10,52,0.026878505051917835,15015.82252629301,
Truss2D,PI-NSGA-II,10,52,0.011642318389749122,34709.48805096485,
Truss2D,PI-NSGA-II,10,52,0.007344480571200638,55016.56968194696,
Truss2D,PI-NSGA-II,10,52,0.021859961715271232,18488.498807839274,
Truss2D,PI-NSGA-II,10,52,0.008188022796095522,49594.44956726327,
Truss2D,PI-NSGA-II,10,52,0.01708955139052115,23538.70083652631,
Truss2D,PI-NSGA-II,10,52,0.010953707805385831,36993.0190110726,
Truss2D,PI-NSGA-II,10,52,0.030850733808329693,13132.827079739558,
Truss2D,PI-NSGA-II,10,52,0.0198936052279566,20289.628256722302,
Truss2D,PI-NSGA-II,10,52,0.0071298363678194854,56307.98455930244,
Truss2D,PI-NSGA-II,10,52,0.035969205505068824,11149.126742220931,
Truss2D,PI-NSGA-II,10,52,0.020351301777795157,19671.722222041808,
Truss2D,PI-NSGA-II,10,52,0.01035255676954805,39127.87726688223,
Truss2D,PI-NSGA-II,10,52,0.010066322344362087,39868.763328326946,
Truss2D,PI-NSGA-II,10,52,0.026038403429703975,15444.683746761873,
Truss2D,PI-NSGA-II,10,52,0.006839486007895876,58501.21477389349,
Truss2D,PI-NSGA-II,10,52,0.015591673299306085,25886.200010512337,
Truss2D,PI-NSGA-II,10,52,0.025660598729895442,15702.654706575546,
Truss2D,PI-NSGA-II,10,52,0.014533484507442643,28127.484675861106,
Truss2D,PI-NSGA-II,10,52,0.012922905021804678,31159.544556559522,
Truss2D,PI-NSGA-II,10,52,0.007009999560893751,57308.0797056564,
Truss2D,PI-NSGA-II,10,52,0.040164760695431644,10007.709693375791,
Truss2D,PI-NSGA-II,10,52,0.03846798335233417,10407.683024826432,
Truss2D,PI-NSGA-II,10,52,0.02374932896994076,16962.091251463917,
Truss2D,PI-NSGA-II,10,52,0.006719344209451595,59577.261137666144,
Truss2D,PI-NSGA-II,10,52,0.011898948983094182,33991.70353577953,
Truss2D,PI-NSGA-II,10,52,0.024466969556568626,16411.540551555627,
Truss2D,PI-NSGA-II,10,52,0.03769798869221126,10628.144916456196,
Truss2D,PI-NSGA-II,10,52,0.033270526027954155,12227.70069687533,
Truss2D,PI-NSGA-II,10,52,0.009054831806359496,44515.18518291949,
Truss2D,PI-NSGA-II,10,52,0.03537936802162779,11466.063286923933,
Truss2D,PI-NSGA-II,10,52,0.005838336172133473,68878.0558589005,
Truss2D,PI-NSGA-II,10,52,0.008839238946355323,46485.53114612962,
Truss2D,PI-NSGA-II,10,52,0.009909205066655706,41168.06134576272,
Truss2D,PI-NSGA-II,10,52,0.03669996857745446,10908.427168321812,
Truss2D,PI-NSGA-II,10,52,0.0060629142199987406,66030.01665427767,
Truss2D,PI-NSGA-II,10,52,0.018849590552351407,21678.602772463008,
Truss2D,PI-NSGA-II,10,52,0.017751693350977635,22851.968929816245,
Truss2D,PI-NSGA-II,10,52,0.006593988214749609,61700.46019725479,
Truss2D,PI-NSGA-II,10,52,0.016253671699110794,25642.933889818,
Truss2D,PI-NSGA-II,10,52,0.008079130975963227,50506.123846261384,
Truss2D,PI-NSGA-II,10,52,0.008922898947219761,45044.00454273172,
Truss2D,PI-NSGA-II,10,52,0.027622355662465133,14876.71121174547,
Truss2D,PI-NSGA-II,10,52,0.006680242875008541,60885.508538388414,
Truss2D,PI-NSGA-II,10,52,0.008636498274834968,47026.221342340796,
Truss2D,PI-NSGA-II,10,52,0.007873356693048087,51397.610519485825,
Truss2D,PI-NSGA-II,10,52,0.009325998275655095,43227.1230129251,
Truss2D,PI-NSGA-II,10,52,0.006287772193481297,64689.06638026386,
Truss2D,PI-NSGA-II,10,52,0.03178873250627876,12709.509699457602,
Truss2D,PI-NSGA-II,10,52,0.014776562943650717,27075.070317454974,
Truss2D,PI-NSGA-II,10,52,0.0393075182598102,10189.64672084539,
Truss2D,PI-NSGA-II,10,52,0.006390603003541094,63035.85275623351,
Truss2D,PI-NSGA-II,10,52,0.020945796818554338,19276.494937366915,
Truss2D,PI-NSGA-II,10,52,0.006004492591906566,67128.29524989366,
Truss2D,PI-NSGA-II,10,52,0.012174356359224009,32964.34245588043,
Truss2D,PI-NSGA-II,10,52,0.028474449212807694,14066.983663128281,
Truss2D,PI-NSGA-II,10,52,0.029954963931659778,13404.746944215833,
Truss2D,PI-NSGA-II,10,52,0.012774279749884574,32069.745191083013,
Truss2D,PI-NSGA-II,10,52,0.01842027098085825,22029.210787193377,
Truss2D,PI-NSGA-II,10,52,0.029173867796652733,13928.592667508046,
Truss2D,PI-NSGA-II,10,52,0.005976215551279175,67974.79119526767,
Truss2D,PI-NSGA-II,10,52,0.009441783854673223,42925.67618881856,
Truss2D,PI-NSGA-II,10,52,0.04071670019327855,9914.223227947126,
Truss2D,PI-NSGA-II,10,52,0.007524003354644081,53789.31662489968,
Truss2D,PI-NSGA-II,10,52,0.03717706558894997,10785.777902573313,
Truss2D,PI-NSGA-II,10,52,0.018105737848436415,22471.238509150822,
Truss2D,PI-NSGA-II,10,52,0.005781788654586953,70119.46610546317,
Truss2D,PI-NSGA-II,10,52,0.01342836467289445,30227.274709975354,
Truss2D,PI-NSGA-II,10,52,0.024937432119246893,16277.500828560336,
Truss2D,PI-NSGA-II,10,52,0.01932388570969342,20799.71774605211,
Truss2D,PI-NSGA-II,10,52,0.029519976205132206,13817.278309338863,
Truss2D,PI-NSGA-II,10,52,0.017204125529630403,23314.609464049576,
Truss2D,PI-NSGA-II,10,52,0.030400130608991282,13251.821082228555,
Truss2D,PI-NSGA-II,10,52,0.032567350738227085,12369.874640245282,
Truss2D,PI-NSGA-II,10,52,0.01337912476510281,30401.53310695805,
Truss2D,PI-NSGA-II,10,52,0.02358984224071794,17593.55491282626,
Truss2D,PI-NSGA-II,10,52,0.019219140997703936,20996.852122771208,
Truss2D,PI-NSGA-II,10,52,0.006532413250009289,62996.2998835875,
Truss2D,PI-NSGA-II,10,52,0.03185853383433476,12648.551810333916,
Truss2D,PI-NSGA-II,10,52,0.00961953264147254,41702.14061445897,
Truss2D,PI-NSGA-II,10,52,0.039070938747392876,10292.310362716778,
Truss2D,PI-NSGA-II,10,52,0.034606911119309657,11578.508900883282,
Truss2D,PI-NSGA-II,10,52,0.03392072600463096,11823.106524938363,
Truss2D,PI-NSGA-II,10,52,0.010667387454934854,38085.51918840886,
Truss2D,PI-NSGA-II,10,52,0.010669177888544698,38075.20095798638,
Truss2D,PI-NSGA-II,10,52,0.02153984923285887,18880.30882120756,
Truss2D,PI-NSGA-II,10,52,0.02802749050348541,14646.607268374995,
Truss2D,PI-NSGA-II,10,52,0.007698168047886847,52152.87067486715,
Truss2D,PI-NSGA-II,10,52,0.015173546017260644,26542.201398216042,
Truss2D,PI-NSGA-II,10,52,0.007553789449735476,53362.216610382144,
Truss2D,PI-NSGA-II,10,52,0.014725053789258579,28058.96154170164,
Truss2D,PI-NSGA-II,10,52,0.007661980376948428,52538.545323595885,
Truss2D,PI-NSGA-II,10,52,0.034766938859377934,11569.377142244733,
Truss2D,PI-NSGA-II,11,53,0.004192048924591201,98381.48487205362,
Truss2D,PI-NSGA-II,11,53,0.048479012712719496,11044.43627118417,
Truss2D,PI-NSGA-II,11,53,0.006254855200191104,66935.60386511727,
Truss2D,PI-NSGA-II,11,53,0.014674397481803731,27338.4381113326,
Truss2D,PI-NSGA-II,11,53,0.038051491070412294,11060.042184487436,
Truss2D,PI-NSGA-II,11,53,0.03772046975561866,12018.6615825292,
Truss2D,PI-NSGA-II,11,53,0.03367753316578025,12141.815949148118,
Truss2D,PI-NSGA-II,11,53,0.035271996740929616,12091.338012893884,
Truss2D,PI-NSGA-II,11,53,0.006242865379399571,69226.7754874005,
Truss2D,PI-NSGA-II,11,53,0.004398496515399935,91994.56702270707,
Truss2D,PI-NSGA-II,11,53,0.03116402371923461,13021.145039847606,
Truss2D,PI-NSGA-II,11,53,0.0352717641158978,12091.36072076864,
Truss2D,PI-NSGA-II,11,53,0.005232846247422346,79024.99953892961,
Truss2D,PI-NSGA-II,11,53,0.004286124052486344,93529.5431952205,
Truss2D,PI-NSGA-II,11,53,0.004538528024959286,89764.16667731944,
Truss2D,PI-NSGA-II,11,53,0.004737772788255372,84793.54834455637,
Truss2D,PI-NSGA-II,11,53,0.004622141265937177,87442.42270977778,
Truss2D,PI-NSGA-II,11,53,0.0052601630018554784,76411.44201468151,
Truss2D,PI-NSGA-II,11,53,0.01811707324747444,22095.44885229104,
Truss2D,PI-NSGA-II,11,53,0.032840198552813726,12250.351825500755,
Truss2D,PI-NSGA-II,11,53,0.005386948236506411,74886.10149900461,
Truss2D,PI-NSGA-II,11,53,0.031791973271635465,12698.627112356045,
Truss2D,PI-NSGA-II,11,53,0.004849309166952558,82674.43558626846,
Truss2D,PI-NSGA-II,11,53,0.0042663769829769825,94784.51190373478,
Truss2D,PI-NSGA-II,11,53,0.0046079752488683125,89375.78589191365,
Truss2D,PI-NSGA-II,11,53,0.017556695793298285,22921.647512770403,
Truss2D,PI-NSGA-II,11,53,0.030299163744745866,13383.11277452857,
Truss2D,PI-NSGA-II,11,53,0.006007159863383446,70869.01822556916,
Truss2D,PI-NSGA-II,11,53,0.029409800602040247,13754.813061221372,
Truss2D,PI-NSGA-II,11,53,0.0049043671320340605,81738.03832209668,
Truss2D,PI-NSGA-II,11,53,0.005657005446380982,72397.78815411821,
Truss2D,PI-NSGA-II,11,53,0.026310244019915295,15274.11922609542,
Truss2D,PI-NSGA-II,11,53,0.016558905484380257,24250.072865988142,
Truss2D,PI-NSGA-II,11,53,0.025993619959857224,15438.271728708936,
Truss2D,PI-NSGA-II,11,53,0.00568379470273199,72197.43579594666,
Truss2D,PI-NSGA-II,11,53,0.005009829881778796,80811.43048282442,
Truss2D,PI-NSGA-II,11,53,0.005961985922095346,71012.62951503794,
Truss2D,PI-NSGA-II,11,53,0.02055522585528255,19466.591835885007,
Truss2D,PI-NSGA-II,11,53,0.0046193342468212025,87532.61465578103,
Truss2D,PI-NSGA-II,11,53,0.005517772841830411,74039.34409744343,
Truss2D,PI-NSGA-II,11,53,0.014961643807673439,26769.932990979265,
Truss2D,PI-NSGA-II,11,53,0.026861455328459925,15066.748355935102,
Truss2D,PI-NSGA-II,11,53,0.015474802594610667,25928.876099702757,
Truss2D,PI-NSGA-II,11,53,0.021988664886036593,18241.268070570834,
Truss2D,PI-NSGA-II,11,53,0.015221325609851634,26463.44026174126,
Truss2D,PI-NSGA-II,11,53,0.025507376309323745,15751.149046241835,
Truss2D,PI-NSGA-II,11,53,0.004196122221582255,96674.4041226853,
Truss2D,PI-NSGA-II,11,53,0.02850296189870157,14202.172199384855,
Truss2D,PI-NSGA-II,11,53,0.02316169070919597,17319.598628880445,
Truss2D,PI-NSGA-II,11,53,0.005127023284073204,80208.5374275787,
Truss2D,PI-NSGA-II,11,53,0.005267310585279012,76204.94296735745,
Truss2D,PI-NSGA-II,11,53,0.029012442225440194,14105.980027932754,
Truss2D,PI-NSGA-II,11,53,0.022433046332975548,17899.338903868804,
Truss2D,PI-NSGA-II,11,53,0.020170074558988303,19958.502636598885,
Truss2D,PI-NSGA-II,11,53,0.0298433056374376,13445.148810320205,
Truss2D,PI-NSGA-II,11,53,0.019634912721739835,20391.81347425946,
Truss2D,PI-NSGA-II,11,53,0.01694234381876665,23725.92660651021,
Truss2D,PI-NSGA-II,11,53,0.015730237582057004,25547.544756841275,
Truss2D,PI-NSGA-II,11,53,0.032250931582136454,12599.25042763816,
Truss2D,PI-NSGA-II,11,53,0.027070530341518604,14851.542748511845,
Truss2D,PI-NSGA-II,11,53,0.018431811374437227,21859.995932750182,
Truss2D,PI-NSGA-II,11,53,0.02462790628983047,16281.106120154285,
Truss2D,PI-NSGA-II,11,53,0.019429316559883815,20663.55931849145,
Truss2D,PI-NSGA-II,11,53,0.022828373919891433,17591.301171833267,
Truss2D,PI-NSGA-II,11,53,0.03257126233944832,12594.143831695445,
Truss2D,PI-NSGA-II,11,53,0.01631834666729602,24569.179004295398,
Truss2D,PI-NSGA-II,11,53,0.02004011477079673,20172.23392547385,
Truss2D,PI-NSGA-II,11,53,0.027967643511006925,14434.966094309846,
Truss2D,PI-NSGA-II,11,53,0.015943439860897243,25167.70963606753,
Truss2D,PI-NSGA-II,11,53,0.004800616630231844,83989.92680943165,
Truss2D,PI-NSGA-II,11,53,0.005140983287849761,79288.74334849969,
Truss2D,PI-NSGA-II,11,53,0.023496003773111868,17121.991604166957,
Truss2D,PI-NSGA-II,11,53,0.004252347533009241,95886.9446588224,
Truss2D,PI-NSGA-II,11,53,0.016169585082699132,24987.965944367075,
Truss2D,PI-NSGA-II,11,53,0.021142003242749383,18936.496485345637,
Truss2D,PI-NSGA-II,11,53,0.02147632270421094,18829.21040658872,
Truss2D,PI-NSGA-II,11,53,0.018630174596357064,21482.609729670854,
Truss2D,PI-NSGA-II,11,53,0.02754445310727456,14787.628189872516,
Truss2D,PI-NSGA-II,11,53,0.02433325105306574,16551.511783067457,
Truss2D,PI-NSGA-II,11,53,0.025290035304826704,15879.341613217552,
Truss2D,PI-NSGA-II,11,53,0.02080120481234317,19241.067376055416,
Truss2D,PI-NSGA-II,11,53,0.017233079920040396,23240.979543213263,
Truss2D,PI-NSGA-II,11,53,0.018836107022593383,21384.08046094013,
Truss2D,PI-NSGA-II,11,53,0.005511909772962795,74065.83129099384,
Truss2D,PI-NSGA-II,11,53,0.028755447354832993,14189.061264157124,
Truss2D,PI-NSGA-II,11,53,0.024960550886311546,16168.09771291808,
Truss2D,PI-NSGA-II,11,53,0.02181951305977215,18553.971761478508,
Truss2D,PI-NSGA-II,11,53,0.02262361734349687,17769.540004384504,
Truss2D,PI-NSGA-II,11,53,0.024139342637386662,16760.713875754333,
Truss2D,PI-NSGA-II,11,53,0.017051879618035157,23533.831420547092,
Truss2D,PI-NSGA-II,11,53,0.027585896347054942,14654.205494701106,
Truss2D,PI-NSGA-II,11,53,0.020970231260520326,19130.662572690133,
Truss2D,PI-NSGA-II,11,53,0.01903603634823882,21167.36709026083,
Truss2D,PI-NSGA-II,11,53,0.02791383773615006,14475.052698954869,
Truss2D,PI-NSGA-II,11,53,0.017385617372785114,23038.74750553781,
Truss2D,PI-NSGA-II,11,53,0.021701246254509587,18762.450299140877,
Truss2D,PI-NSGA-II,11,53,0.02510988358010997,16133.54318333028,
Truss2D,PI-NSGA-II,11,53,0.004786819449966925,84788.1963093127,
Truss2D,PI-NSGA-II,11,53,0.019155144694448623,21030.38021751601,
Truss2D,PI-NSGA-II,11,53,0.004800251557183076,83997.57881671464,
Truss2D,PI-NSGA-II,12,54,0.051758533738862716,8453.290013834523,
Truss2D,PI-NSGA-II,12,54,0.007177412437193734,56286.04428252778,
Truss2D,PI-NSGA-II,12,54,0.012803950617310721,31549.29950982369,
Truss2D,PI-NSGA-II,12,54,0.010105004848898065,39936.71082640129,
Truss2D,PI-NSGA-II,12,54,0.00786645999088209,51453.23139110609,
Truss2D,PI-NSGA-II,12,54,0.013574340963377292,29732.32137834385,
Truss2D,PI-NSGA-II,12,54,0.03585804640437661,11446.916742709856,
Truss2D,PI-NSGA-II,12,54,0.03685347043284104,10856.867882513467,
Truss2D,PI-NSGA-II,12,54,0.01903624971095933,21150.790584546136,
Truss2D,PI-NSGA-II,12,54,0.009013856656477241,45022.90129724587,
Truss2D,PI-NSGA-II,12,54,0.02114004337006104,19082.11083066522,
Truss2D,PI-NSGA-II,12,54,0.0429232117349061,9341.16421415373,
Truss2D,PI-NSGA-II,12,54,0.012213089652128011,32990.27172632334,
Truss2D,PI-NSGA-II,12,54,0.019617791916144836,20637.212513794966,
Truss2D,PI-NSGA-II,12,54,0.009702994859694322,41665.70555696137,
Truss2D,PI-NSGA-II,12,54,0.03771078434290934,10732.343358464701,
Truss2D,PI-NSGA-II,12,54,0.034929592164253426,11508.678905366936,
Truss2D,PI-NSGA-II,12,54,0.03850263631149924,10470.93364806259,
Truss2D,PI-NSGA-II,12,54,0.007322356109596164,55599.69615640773,
Truss2D,PI-NSGA-II,12,54,0.04418061161718068,9248.569875263809,
Truss2D,PI-NSGA-II,12,54,0.011503498561839107,34861.799472601546,
Truss2D,PI-NSGA-II,12,54,0.009310793933720134,43426.093673055024,
Truss2D,PI-NSGA-II,12,54,0.02334807560429477,17391.884391066968,
Truss2D,PI-NSGA-II,12,54,0.009647100956368906,42274.822406873645,
Truss2D,PI-NSGA-II,12,54,0.017375840415980177,23231.487370168987,
Truss2D,PI-NSGA-II,12,54,0.00743416595917555,54478.22071474297,
Truss2D,PI-NSGA-II,12,54,0.008038929561980889,49768.318482092654,
Truss2D,PI-NSGA-II,12,54,0.014439527473206579,28287.55589236564,
Truss2D,PI-NSGA-II,12,54,0.028282249332816388,14557.304495492093,
Truss2D,PI-NSGA-II,12,54,0.010731318907526474,37908.46096783446,
Truss2D,PI-NSGA-II,12,54,0.029761030617748777,13495.721120316475,
Truss2D,PI-NSGA-II,12,54,0.014088931417721703,28620.765568486455,
Truss2D,PI-NSGA-II,12,54,0.022021595899906897,18462.611352581534,
Truss2D,PI-NSGA-II,12,54,0.008842025072956897,45438.43416528181,
Truss2D,PI-NSGA-II,12,54,0.008744154095871547,47145.76386915991,
Truss2D,PI-NSGA-II,12,54,0.04061943649528138,10209.1256294913,
Truss2D,PI-NSGA-II,12,54,0.04153239032217844,9666.489020778541,
Truss2D,PI-NSGA-II,12,54,0.025035128158392393,16049.38866875389,
Truss2D,PI-NSGA-II,12,54,0.042255106424128094,9548.565650021663,
Truss2D,PI-NSGA-II,12,54,0.01029565934587428,39050.63913971668,
Truss2D,PI-NSGA-II,12,54,0.030328346109268538,13331.352380654236,
Truss2D,PI-NSGA-II,12,54,0.008291481523980609,49319.16537192878,
Truss2D,PI-NSGA-II,12,54,0.007503344157570807,53792.2929006535,
Truss2D,PI-NSGA-II,12,54,0.031003762833263518,13015.817706908972,
Truss2D,PI-NSGA-II,12,54,0.027460619659761994,14664.495222951313,
Truss2D,PI-NSGA-II,12,54,0.018481927594101374,21942.944794298972,
Truss2D,PI-NSGA-II,12,54,0.010958338544119026,37097.52782329035,
Truss2D,PI-NSGA-II,12,54,0.023853135795418427,16798.237756087507,
Truss2D,PI-NSGA-II,12,54,0.029018112167074284,13861.849819304505,
Truss2D,PI-NSGA-II,12,54,0.02065231840372598,19401.859057647325,
Truss2D,PI-NSGA-II,12,54,0.05048021288691595,8480.430082363573,
Truss2D,PI-NSGA-II,12,54,0.02276420108596343,17668.15183130766,
Truss2D,PI-NSGA-II,12,54,0.007719980889730275,52507.65303729284,
Truss2D,PI-NSGA-II,12,54,0.014808310421182247,27183.108025211743,
Truss2D,PI-NSGA-II,12,54,0.015866401639735666,25553.23603337944,
Truss2D,PI-NSGA-II,12,54,0.010556188883415425,38603.87226326663,
Truss2D,PI-NSGA-II,12,54,0.04785383014876876,8607.070661903,
Truss2D,PI-NSGA-II,12,54,0.04452892318959112,8985.167621128288,
Truss2D,PI-NSGA-II,12,54,0.048908957439808776,8596.828546034736,
Truss2D,PI-NSGA-II,12,54,0.015340862648469211,26379.612100026472,
Truss2D,PI-NSGA-II,12,54,0.013154236614327401,30747.249978046857,
Truss2D,PI-NSGA-II,12,54,0.03417981552418094,11766.330618251035,
Truss2D,PI-NSGA-II,12,54,0.033260238011588034,12038.357244404167,
Truss2D,PI-NSGA-II,12,54,0.011963707682305284,33955.27942303514,
Truss2D,PI-NSGA-II,12,54,0.03948669246754916,10296.55661287503,
Truss2D,PI-NSGA-II,12,54,0.04105139206227734,10106.39208355464,
Truss2D,PI-NSGA-II,12,54,0.007595313657913997,52842.25544069333,
Truss2D,PI-NSGA-II,12,54,0.009324272355569506,43315.51180530531,
Truss2D,PI-NSGA-II,12,54,0.020068248114834576,20046.195542545032,
Truss2D,PI-NSGA-II,12,54,0.01699778185049855,24053.894824125433,
Truss2D,PI-NSGA-II,12,54,0.028691688007083813,14043.204304263918,
Truss2D,PI-NSGA-II,12,54,0.016794564627612113,24107.50651054333,
Truss2D,PI-NSGA-II,12,54,0.013313204288326233,30539.35232346182,
Truss2D,PI-NSGA-II,12,54,0.02445506215652926,16458.801246805182,
Truss2D,PI-NSGA-II,12,54,0.011715344510982769,34274.73714440356,
Truss2D,PI-NSGA-II,12,54,0.05117805954800462,8468.280094897884,
Truss2D,PI-NSGA-II,12,54,0.02712520969133058,15099.662980053146,
Truss2D,PI-NSGA-II,12,54,0.02564287650199833,15906.23877331124,
Truss2D,PI-NSGA-II,12,54,0.008368115609333072,48079.11483247253,
Truss2D,PI-NSGA-II,12,54,0.04965400289971211,8520.167015910747,
Truss2D,PI-NSGA-II,12,54,0.03284803682337424,12371.184460205453,
Truss2D,PI-NSGA-II,12,54,0.04536445872072627,8843.670826074262,
Truss2D,PI-NSGA-II,12,54,0.04645643269355413,8741.923563022381,
Truss2D,PI-NSGA-II,12,54,0.008729131933805314,47194.97323977677,
Truss2D,PI-NSGA-II,12,54,0.04746044735686034,8640.922864838813,
Truss2D,PI-NSGA-II,12,54,0.011328126932203097,35937.00408518687,
Truss2D,PI-NSGA-II,12,54,0.017849424113404157,22493.59057379513,
Truss2D,PI-NSGA-II,12,54,0.008349983321703974,48172.493562925054,
Truss2D,PI-NSGA-II,12,54,0.020283066145725455,19851.303419087595,
Truss2D,PI-NSGA-II,12,54,0.022432201403914914,18094.127934174325,
Truss2D,PI-NSGA-II,12,54,0.0267174432715266,15261.481059167527,
Truss2D,PI-NSGA-II,12,54,0.03380326188035582,11852.192597802921,
Truss2D,PI-NSGA-II,12,54,0.01767950690242714,22771.596316305953,
Truss2D,PI-NSGA-II,12,54,0.016244922684110957,24727.449108583856,
Truss2D,PI-NSGA-II,12,54,0.012149773967803288,33211.954136748725,
Truss2D,PI-NSGA-II,12,54,0.039288251892170625,10307.264010928957,
Truss2D,PI-NSGA-II,12,54,0.018306614435028394,22117.63141140042,
Truss2D,PI-NSGA-II,12,54,0.01624579266732243,24724.7846412588,
Truss2D,PI-NSGA-II,12,54,0.026157458639422527,15320.540005044259,
Truss2D,PI-NSGA-II,12,54,0.0150432043893446,26808.71959861813,
Truss2D,PI-NSGA-II,13,55,0.011627808445819206,34416.794260195995,
Truss2D,PI-NSGA-II,13,55,0.017222705534379303,23247.392422290843,
Truss2D,PI-NSGA-II,13,55,0.015472121144990246,25855.62084613701,
Truss2D,PI-NSGA-II,13,55,0.011848398396004232,33913.58616815647,
Truss2D,PI-NSGA-II,13,55,0.016689497474413777,23982.599917716,
Truss2D,PI-NSGA-II,13,55,0.016178599808753087,24786.795268209637,
Truss2D,PI-NSGA-II,13,55,0.01428896133051834,28026.382815005873,
Truss2D,PI-NSGA-II,13,55,0.01513622124545426,26452.640931227113,
Truss2D,PI-NSGA-II,13,55,0.016833399228124317,23837.50868401865,
Truss2D,PI-NSGA-II,13,55,0.01192608898777625,33680.88472409633,
Truss2D,PI-NSGA-II,13,55,0.012427848895860807,32310.172680958483,
Truss2D,PI-NSGA-II,13,55,0.011705571149314246,34254.27644809632,
Truss2D,PI-NSGA-II,13,55,0.012879435711674547,31164.39828458098,
Truss2D,PI-NSGA-II,13,55,0.014365461738271709,27862.43928434215,
Truss2D,PI-NSGA-II,13,55,0.015359166264594291,26095.50748912749,
Truss2D,PI-NSGA-II,13,55,0.012589997624162255,31883.959355384348,
Truss2D,PI-NSGA-II,13,55,0.016051517798872702,25023.90170303454,
Truss2D,PI-NSGA-II,13,55,0.01593661718605323,25145.313086728776,
Truss2D,PI-NSGA-II,13,55,0.01630583098312282,24594.02124382305,
Truss2D,PI-NSGA-II,13,55,0.015101703408941937,26654.915580394467,
Truss2D,PI-NSGA-II,13,55,0.015850613514448293,25355.532772017992,
Truss2D,PI-NSGA-II,13,55,0.013814878915684616,29174.18494563629,
Truss2D,PI-NSGA-II,13,55,0.012472248749632885,32079.818226704167,
Truss2D,PI-NSGA-II,13,55,0.01572111504847554,25545.17773402357,
Truss2D,PI-NSGA-II,13,55,0.013107735376154964,30581.498920486374,
Truss2D,PI-NSGA-II,13,55,0.013479249498363585,29684.040705485313,
Truss2D,PI-NSGA-II,13,55,0.01386061774224577,28895.66854918603,
Truss2D,PI-NSGA-II,13,55,0.017014319134424034,23536.880049339572,
Truss2D,PI-NSGA-II,13,55,0.013693842994141836,29276.89246277011,
Truss2D,PI-NSGA-II,13,55,0.013552987413262357,29553.43661558976,
Truss2D,PI-NSGA-II,13,55,0.016474539825378706,24300.329894015293,
Truss2D,PI-NSGA-II,13,55,0.014457256610526973,27788.17127729133,
Truss2D,PI-NSGA-II,13,55,0.013333757705669736,30022.311239583472,
Truss2D,PI-NSGA-II,13,55,0.014223633772686815,28227.076921183223,
Truss2D,PI-NSGA-II,13,55,0.016945953883901466,23672.792351329503,
Truss2D,PI-NSGA-II,13,55,0.012175840861859296,32934.005787760194,
Truss2D,PI-NSGA-II,13,55,0.014034406781316983,28544.074290927878,
Truss2D,PI-NSGA-II,13,55,0.012342702187664405,32415.732013964316,
Truss2D,PI-NSGA-II,13,55,0.01713992914851379,23387.89698371818,
Truss2D,PI-NSGA-II,13,55,0.012710650756188296,31485.09071960177,
Truss2D,PI-NSGA-II,13,55,0.01266385790714585,31673.991472135644,
Truss2D,PI-NSGA-II,13,55,0.013192904228448793,30374.566234939422,
Truss2D,PI-NSGA-II,13,55,0.012523735961141987,31962.566586208442,
Truss2D,PI-NSGA-II,13,55,0.012070389094323411,33191.73776421956,
Truss2D,PI-NSGA-II,13,55,0.014994523125252558,26724.68279317683,
Truss2D,PI-NSGA-II,13,55,0.015266289416261954,26346.391157695394,
Truss2D,PI-NSGA-II,13,55,0.012801198048747946,31260.995583215907,
Truss2D,PI-NSGA-II,13,55,0.014584046723502822,27491.326951330608,
Truss2D,PI-NSGA-II,13,55,0.012770727481375796,31358.060298422977,
Truss2D,PI-NSGA-II,13,55,0.01195288151796393,33509.65378902288,
Truss2D,PI-NSGA-II,13,55,0.01709642488992366,23457.85846786778,
Truss2D,PI-NSGA-II,13,55,0.014509736636836076,27660.86933066117,
Truss2D,PI-NSGA-II,13,55,0.014646967976298796,27358.734421604568,
Truss2D,PI-NSGA-II,13,55,0.016553514410471593,24207.49794095516,
Truss2D,PI-NSGA-II,13,55,0.016870313327917295,23728.81534086076,
Truss2D,PI-NSGA-II,13,55,0.013639159766739385,29494.500004315072,
Truss2D,PI-NSGA-II,13,55,0.015340015122160006,26160.533415035326,
Truss2D,PI-NSGA-II,13,55,0.012988806244951679,30829.884466813288,
Truss2D,PI-NSGA-II,13,55,0.015870173492340087,25290.291617914252,
Truss2D,PI-NSGA-II,13,55,0.01639071869872425,24463.305344455865,
Truss2D,PI-NSGA-II,13,55,0.013258938532968076,30222.131636508897,
Truss2D,PI-NSGA-II,13,55,0.012031619079033311,33298.74488522622,
Truss2D,PI-NSGA-II,13,55,0.01341050408867386,29886.597701816776,
Truss2D,PI-NSGA-II,13,55,0.015595720019616042,25663.50796180055,
Truss2D,PI-NSGA-II,13,55,0.01382844915626489,29000.175422589306,
Truss2D,PI-NSGA-II,13,55,0.01570236249122137,25588.570362633185,
Truss2D,PI-NSGA-II,13,55,0.012007082822738727,33442.60760408933,
Truss2D,PI-NSGA-II,13,55,0.013947956924939896,28719.082793309433,
Truss2D,PI-NSGA-II,13,55,0.01221288980076659,32756.695389825232,
Truss2D,PI-NSGA-II,13,55,0.01293547583233279,30950.50147904577,
Truss2D,PI-NSGA-II,13,55,0.015562221642115126,25772.276364756162,
Truss2D,PI-NSGA-II,13,55,0.01663884642648836,24131.414524509895,
Truss2D,PI-NSGA-II,13,55,0.011781669957035381,34085.87299893103,
Truss2D,PI-NSGA-II,13,55,0.014907377957008274,26877.229142546283,
Truss2D,PI-NSGA-II,13,55,0.01603219857444703,25056.016442510092,
Truss2D,PI-NSGA-II,13,55,0.01332829255903311,30204.997245811737,
Truss2D,PI-NSGA-II,13,55,0.014208855486254439,28348.976048701676,
Truss2D,PI-NSGA-II,13,55,0.013955394803281885,28719.04786974206,
Truss2D,PI-NSGA-II,13,55,0.014881646395243623,26982.102431465322,
Truss2D,PI-NSGA-II,13,55,0.016419429337859795,24439.74223501669,
Truss2D,PI-NSGA-II,13,55,0.013645364597523267,29349.002011132452,
Truss2D,PI-NSGA-II,13,55,0.014963172788587564,26792.57722407303,
Truss2D,PI-NSGA-II,13,55,0.011775168332411845,34121.52719602342,
Truss2D,PI-NSGA-II,13,55,0.014561915461939634,27598.5270712227,
Truss2D,PI-NSGA-II,13,55,0.01227978310455655,32595.983126121708,
Truss2D,PI-NSGA-II,13,55,0.01468858593061934,27307.376294614347,
Truss2D,PI-NSGA-II,13,55,0.012304001531199829,32512.40661135782,
Truss2D,PI-NSGA-II,13,55,0.017218759799499064,23255.896209620387,
Truss2D,PI-NSGA-II,13,55,0.01224176493123017,32701.676841493838,
Truss2D,PI-NSGA-II,13,55,0.014744585695003695,27131.57610976655,
Truss2D,PI-NSGA-II,13,55,0.014722921944580348,27203.834356519917,
Truss2D,PI-NSGA-II,13,55,0.016220729089605833,24680.036754541507,
Truss2D,PI-NSGA-II,13,55,0.01528449960800328,26329.480172466836,
Truss2D,PI-NSGA-II,13,55,0.014057113807400577,28470.3311296305,
Truss2D,PI-NSGA-II,13,55,0.01320296690784173,30333.399778145966,
Truss2D,PI-NSGA-II,13,55,0.012678254303315161,31616.932056887814,
Truss2D,PI-NSGA-II,13,55,0.012138678587170458,33095.17761644173,
Truss2D,PI-NSGA-II,13,55,0.014120546227776682,28370.32500622959,
Truss2D,PI-NSGA-II,13,55,0.01342829351632775,29825.146799258848,
Truss2D,PI-NSGA-II,13,55,0.016589073557996405,24137.476310130147,
Truss2D,PI-NSGA-II,14,56,0.0042136227024508225,96680.63646536706,
Truss2D,PI-NSGA-II,14,56,0.0509648611407017,8511.646140870613,
Truss2D,PI-NSGA-II,14,56,0.008438934399952882,47629.41655511077,
Truss2D,PI-NSGA-II,14,56,0.006608937665889701,60943.11189223504,
Truss2D,PI-NSGA-II,14,56,0.045139374874932234,8912.746072395636,
Truss2D,PI-NSGA-II,14,56,0.009073999316860613,44736.2719787217,
Truss2D,PI-NSGA-II,14,56,0.004719708467055033,86633.54868685243,
Truss2D,PI-NSGA-II,14,56,0.007885500266587592,51088.160976084735,
Truss2D,PI-NSGA-II,14,56,0.04752517208886377,8899.01500677967,
Truss2D,PI-NSGA-II,14,56,0.01726444616598534,23258.726349346318,
Truss2D,PI-NSGA-II,14,56,0.006303859242688185,63691.784500511545,
Truss2D,PI-NSGA-II,14,56,0.016313075314872316,24716.501658147074,
Truss2D,PI-NSGA-II,14,56,0.004774925535853275,83823.33803036118,
Truss2D,PI-NSGA-II,14,56,0.021821601556354653,18525.91105423555,
Truss2D,PI-NSGA-II,14,56,0.006890958761198442,58581.87123441518,
Truss2D,PI-NSGA-II,14,56,0.019523549097705265,20524.121017998914,
Truss2D,PI-NSGA-II,14,56,0.008159584896844912,49688.87601344601,
Truss2D,PI-NSGA-II,14,56,0.007713057220822465,54438.33379459998,
Truss2D,PI-NSGA-II,14,56,0.004361672146115788,93134.59429216289,
Truss2D,PI-NSGA-II,14,56,0.018810218482243984,21522.63557401489,
Truss2D,PI-NSGA-II,14,56,0.03381595781024822,12054.719601409362,
Truss2D,PI-NSGA-II,14,56,0.020663090940483728,19548.294194751026,
Truss2D,PI-NSGA-II,14,56,0.005752667207542724,72134.17533476058,
Truss2D,PI-NSGA-II,14,56,0.03476912652701061,11644.807836451911,
Truss2D,PI-NSGA-II,14,56,0.005856781575997679,69675.37755482095,
Truss2D,PI-NSGA-II,14,56,0.006038491501833403,66518.39457655148,
Truss2D,PI-NSGA-II,14,56,0.027347404374291125,15157.502350975032,
Truss2D,PI-NSGA-II,14,56,0.004613793447306402,89223.68292321367,
Truss2D,PI-NSGA-II,14,56,0.024943310261440227,16135.952994154402,
Truss2D,PI-NSGA-II,14,56,0.023101829342957434,17426.556365597145,
Truss2D,PI-NSGA-II,14,56,0.014107051989129121,28410.001282358215,
Truss2D,PI-NSGA-II,14,56,0.03183388412152108,12816.742662093524,
Truss2D,PI-NSGA-II,14,56,0.02244566219806032,18116.468512250067,
Truss2D,PI-NSGA-II,14,56,0.004256850688883745,94757.313168027,
Truss2D,PI-NSGA-II,14,56,0.03097861534044563,13014.385332623673,
Truss2D,PI-NSGA-II,14,56,0.013542653099317854,29957.05461162004,
Truss2D,PI-NSGA-II,14,56,0.014646780639984008,27520.170642106525,
Truss2D,PI-NSGA-II,14,56,0.004494208330962233,90998.72628599619,
Truss2D,PI-NSGA-II,14,56,0.02579378816710521,15543.596262026143,
Truss2D,PI-NSGA-II,14,56,0.04981188553463162,8618.314280860222,
Truss2D,PI-NSGA-II,14,56,0.023736834086407872,16876.634905509156,
Truss2D,PI-NSGA-II,14,56,0.037367889744479084,10825.45125335237,
Truss2D,PI-NSGA-II,14,56,0.015843316807889134,25523.54782278704,
Truss2D,PI-NSGA-II,14,56,0.011175298904409738,35892.85651986196,
Truss2D,PI-NSGA-II,14,56,0.04295652148664414,9361.66752825864,
Truss2D,PI-NSGA-II,14,56,0.020407269048441132,19974.98070690212,
Truss2D,PI-NSGA-II,14,56,0.0054928026741950554,73468.9847859249,
Truss2D,PI-NSGA-II,14,56,0.004913126060803401,82159.66714330508,
Truss2D,PI-NSGA-II,14,56,0.0053129250817928455,77204.9997736461,
Truss2D,PI-NSGA-II,14,56,0.02436713161828853,16539.45043593901,
Truss2D,PI-NSGA-II,14,56,0.04426992515238831,9056.221760596056,
Truss2D,PI-NSGA-II,14,56,0.0062667871676035086,65246.14866802984,
Truss2D,PI-NSGA-II,14,56,0.005045507541127521,79923.44969870275,
Truss2D,PI-NSGA-II,14,56,0.0401010554815264,10031.847625919028,
Truss2D,PI-NSGA-II,14,56,0.018072393354492112,22538.442743212207,
Truss2D,PI-NSGA-II,14,56,0.012898599385211984,31280.985514995453,
Truss2D,PI-NSGA-II,14,56,0.012260880841167186,33838.21536105485,
Truss2D,PI-NSGA-II,14,56,0.01534657693687664,26141.820961263682,
Truss2D,PI-NSGA-II,14,56,0.03289289982300331,12259.420782675843,
Truss2D,PI-NSGA-II,14,56,0.015138005336017094,26976.359795426135,
Truss2D,PI-NSGA-II,14,56,0.005789406700042623,69928.0162501989,
Truss2D,PI-NSGA-II,14,56,0.04046532243189774,9918.937539099546,
Truss2D,PI-NSGA-II,14,56,0.009397318754181927,43052.044996801684,
Truss2D,PI-NSGA-II,14,56,0.013763408500714128,29524.5972682891,
Truss2D,PI-NSGA-II,14,56,0.01173358094859497,34418.852259172374,
Truss2D,PI-NSGA-II,14,56,0.04905753375304469,8644.077578755698,
Truss2D,PI-NSGA-II,14,56,0.03270985562597463,12739.459924676787,
Truss2D,PI-NSGA-II,14,56,0.011462407867602963,34924.3151739286,
Truss2D,PI-NSGA-II,14,56,0.03563235360863247,11369.599597030736,
Truss2D,PI-NSGA-II,14,56,0.005007634110235719,81232.81461663535,
Truss2D,PI-NSGA-II,14,56,0.010375534544053067,38778.68007858228,
Truss2D,PI-NSGA-II,14,56,0.010049842883189511,40364.77930482342,
Truss2D,PI-NSGA-II,14,56,0.010900719145417556,37089.93502745156,
Truss2D,PI-NSGA-II,14,56,0.018208245627193316,22206.592283140646,
Truss2D,PI-NSGA-II,14,56,0.03669704610098186,10988.215598709572,
Truss2D,PI-NSGA-II,14,56,0.039105478397214864,10247.698023362034,
Truss2D,PI-NSGA-II,14,56,0.041671578411907974,9641.829140751823,
Truss2D,PI-NSGA-II,14,56,0.04258316927334703,9402.76604280257,
Truss2D,PI-NSGA-II,14,56,0.02968842770809979,13815.131129183184,
Truss2D,PI-NSGA-II,14,56,0.007292900475375545,56001.83007222267,
Truss2D,PI-NSGA-II,14,56,0.028021595322842305,14654.8585598438,
Truss2D,PI-NSGA-II,14,56,0.005388834518100776,74563.81941211666,
Truss2D,PI-NSGA-II,14,56,0.009246443994386951,43358.912848331594,
Truss2D,PI-NSGA-II,14,56,0.038279693569193404,10694.457591324408,
Truss2D,PI-NSGA-II,14,56,0.012449953122608898,32261.593184287587,
Truss2D,PI-NSGA-II,14,56,0.01010273653808639,39855.168850099064,
Truss2D,PI-NSGA-II,14,56,0.025790264805499313,15544.439216316261,
Truss2D,PI-NSGA-II,14,56,0.0414135427439635,9856.892942116554,
Truss2D,PI-NSGA-II,14,56,0.04849575030962673,8718.683911785845,
Truss2D,PI-NSGA-II,14,56,0.00969890054986576,41589.53614893904,
Truss2D,PI-NSGA-II,14,56,0.0302616130906279,13273.335082005484,
Truss2D,PI-NSGA-II,14,56,0.028400422207312925,14337.81162821653,
Truss2D,PI-NSGA-II,14,56,0.04805358621198187,8856.92981233489,
Truss2D,PI-NSGA-II,14,56,0.05073683799256316,8520.060648308588,
Truss2D,PI-NSGA-II,14,56,0.004223345237113321,96328.65148614698,
Truss2D,PI-NSGA-II,14,56,0.0045507777811323695,90116.66138039679,
Truss2D,PI-NSGA-II,14,56,0.01054562129271306,38238.581078294046,
Truss2D,PI-NSGA-II,14,56,0.0290866494422858,13876.070004118299,
Truss2D,PI-NSGA-II,14,56,0.035594109289147594,11394.204108965076,
Truss2D,PI-NSGA-II,14,56,0.009722521036017156,41565.8265295254,
Truss2D,PI-NSGA-II,15,57,0.005528475831830854,72385.87854947774,
Truss2D,PI-NSGA-II,15,57,0.035375764505100056,11372.4145412368,
Truss2D,PI-NSGA-II,15,57,0.01890593395351333,21491.76088274217,
Truss2D,PI-NSGA-II,15,57,0.02577670747218831,15866.414397103423,
Truss2D,PI-NSGA-II,15,57,0.006737931842102215,59744.92525384873,
Truss2D,PI-NSGA-II,15,57,0.01962774111987836,20404.952850730606,
Truss2D,PI-NSGA-II,15,57,0.026604157033304533,15048.072235301333,
Truss2D,PI-NSGA-II,15,57,0.02133807890693452,18889.349255123834,
Truss2D,PI-NSGA-II,15,57,0.012426843306906899,32795.483256122665,
Truss2D,PI-NSGA-II,15,57,0.012879773482396285,31696.15517086708,
Truss2D,PI-NSGA-II,15,57,0.006048740220767976,67424.80215565815,
Truss2D,PI-NSGA-II,15,57,0.007849847418681229,51083.703230201725,
Truss2D,PI-NSGA-II,15,57,0.03259222213896888,12330.079701132723,
Truss2D,PI-NSGA-II,15,57,0.006530022901063996,61548.496975915405,
Truss2D,PI-NSGA-II,15,57,0.029897314660579495,13433.907744406442,
Truss2D,PI-NSGA-II,15,57,0.005800782351650164,69433.84763446671,
Truss2D,PI-NSGA-II,15,57,0.029372543239110344,13648.670831965166,
Truss2D,PI-NSGA-II,15,57,0.008068770069729165,49942.502608084615,
Truss2D,PI-NSGA-II,15,57,0.013934118264197572,29056.368218433392,
Truss2D,PI-NSGA-II,15,57,0.020521218364110784,19591.646879633263,
Truss2D,PI-NSGA-II,15,57,0.023519925920692145,17171.54435973044,
Truss2D,PI-NSGA-II,15,57,0.010202787230004928,40676.86685935419,
Truss2D,PI-NSGA-II,15,57,0.00819669485436433,48891.5068703029,
Truss2D,PI-NSGA-II,15,57,0.017910671073844055,22441.048259880503,
Truss2D,PI-NSGA-II,15,57,0.005689972335821165,70652.90201483524,
Truss2D,PI-NSGA-II,15,57,0.014708490966702934,27224.794804307105,
Truss2D,PI-NSGA-II,15,57,0.02002039181320404,20232.830907946944,
Truss2D,PI-NSGA-II,15,57,0.009135572011638279,44447.38736386109,
Truss2D,PI-NSGA-II,15,57,0.015624189822483342,25786.845749539985,
Truss2D,PI-NSGA-II,15,57,0.024730288400825876,16260.350125851699,
Truss2D,PI-NSGA-II,15,57,0.027014353350243554,15022.657234077413,
Truss2D,PI-NSGA-II,15,57,0.007110083174001034,56366.03012247684,
Truss2D,PI-NSGA-II,15,57,0.025158643803827544,15935.472880358859,
Truss2D,PI-NSGA-II,15,57,0.028858367998818683,14216.809017508007,
Truss2D,PI-NSGA-II,15,57,0.034578167070459236,11828.254070694862,
Truss2D,PI-NSGA-II,15,57,0.013086157300878875,30905.501153111556,
Truss2D,PI-NSGA-II,15,57,0.009256007686944076,43559.91781726713,
Truss2D,PI-NSGA-II,15,57,0.006182103613226648,64726.47292747955,
Truss2D,PI-NSGA-II,15,57,0.00687178007040655,58693.78173381996,
Truss2D,PI-NSGA-II,15,57,0.01701381623260815,23527.507777776987,
Truss2D,PI-NSGA-II,15,57,0.027663115349674475,14660.733363796606,
Truss2D,PI-NSGA-II,15,57,0.010312683745204908,38976.75647906014,
Truss2D,PI-NSGA-II,15,57,0.020914791686927864,19217.9876490507,
Truss2D,PI-NSGA-II,15,57,0.007469227198922995,53652.76593993493,
Truss2D,PI-NSGA-II,15,57,0.007266806352646099,55382.006812957974,
Truss2D,PI-NSGA-II,15,57,0.013481368467101717,29934.52760073703,
Truss2D,PI-NSGA-II,15,57,0.014409652124814109,28024.14529461922,
Truss2D,PI-NSGA-II,15,57,0.01207474809918652,33299.9964885495,
Truss2D,PI-NSGA-II,15,57,0.006098153485405849,66122.31727539106,
Truss2D,PI-NSGA-II,15,57,0.008970821508172827,45613.79092784292,
Truss2D,PI-NSGA-II,15,57,0.016124304210026,24942.558082926324,
Truss2D,PI-NSGA-II,15,57,0.030696598049106807,13334.262299212787,
Truss2D,PI-NSGA-II,15,57,0.022106726045511393,18291.693840339936,
Truss2D,PI-NSGA-II,15,57,0.02842177477471754,14223.514161149393,
Truss2D,PI-NSGA-II,15,57,0.008372859327351712,47846.5597079181,
Truss2D,PI-NSGA-II,15,57,0.007413934259926218,54655.96300479426,
Truss2D,PI-NSGA-II,15,57,0.007669407961689757,52291.37635690089,
Truss2D,PI-NSGA-II,15,57,0.009486202441098913,42712.02034237052,
Truss2D,PI-NSGA-II,15,57,0.00638954270086712,64271.54089637941,
Truss2D,PI-NSGA-II,15,57,0.006423574533247784,63113.31473324488,
Truss2D,PI-NSGA-II,15,57,0.035101776704321755,11463.933998604907,
Truss2D,PI-NSGA-II,15,57,0.010832900352697815,37707.06656845262,
Truss2D,PI-NSGA-II,15,57,0.03195244298105822,12802.083924400973,
Truss2D,PI-NSGA-II,15,57,0.023979330947216184,16702.392728851413,
Truss2D,PI-NSGA-II,15,57,0.02303859815955399,17566.7252689407,
Truss2D,PI-NSGA-II,15,57,0.027869346242958174,14389.00605334072,
Truss2D,PI-NSGA-II,15,57,0.024225908409145867,16596.559878461365,
Truss2D,PI-NSGA-II,15,57,0.010980154117721824,36487.13129843088,
Truss2D,PI-NSGA-II,15,57,0.005642529461600852,72252.41890312675,
Truss2D,PI-NSGA-II,15,57,0.022812379141090487,17730.51773314183,
Truss2D,PI-NSGA-II,15,57,0.009707512961174159,41394.62477106014,
Truss2D,PI-NSGA-II,15,57,0.022371861927934743,18136.421410308965,
Truss2D,PI-NSGA-II,15,57,0.01550672132713601,27019.177366930642,
Truss2D,PI-NSGA-II,15,57,0.017462636260074875,23054.472428416877,
Truss2D,PI-NSGA-II,15,57,0.010548646078742004,38100.5748907524,
Truss2D,PI-NSGA-II,15,57,0.01591452716514321,25242.004200466065,
Truss2D,PI-NSGA-II,15,57,0.03388226047886354,11917.776694509022,
Truss2D,PI-NSGA-II,15,57,0.016534792942915995,24254.36770736432,
Truss2D,PI-NSGA-II,15,57,0.01335242422879386,30197.862473635945,
Truss2D,PI-NSGA-II,15,57,0.00762012074348631,52727.24093335278,
Truss2D,PI-NSGA-II,15,57,0.009611663752752419,42179.369037289856,
Truss2D,PI-NSGA-II,15,57,0.008743836221660698,45916.28846884952,
Truss2D,PI-NSGA-II,15,57,0.0099059125319491,40864.24371274417,
Truss2D,PI-NSGA-II,15,57,0.0070085748296490336,57402.7109046236,
Truss2D,PI-NSGA-II,15,57,0.016628253875067278,24128.412429677424,
Truss2D,PI-NSGA-II,15,57,0.011615425090138399,34907.17166023175,
Truss2D,PI-NSGA-II,15,57,0.03326159782107829,12029.368758331502,
Truss2D,PI-NSGA-II,15,57,0.03316258674096864,12121.365003856505,
Truss2D,PI-NSGA-II,15,57,0.00846354870756384,47293.436961313986,
Truss2D,PI-NSGA-II,15,57,0.018277354023091476,22029.32646074583,
Truss2D,PI-NSGA-II,15,57,0.01130966270606892,35674.115597854114,
Truss2D,PI-NSGA-II,15,57,0.006946685923716936,57751.06523987994,
Truss2D,PI-NSGA-II,15,57,0.010932507358364017,36848.46050519203,
Truss2D,PI-NSGA-II,15,57,0.034098348631050865,11889.318060776444,
Truss2D,PI-NSGA-II,15,57,0.030820257579576314,13087.490529396415,
Truss2D,PI-NSGA-II,15,57,0.031881690455463,12904.139492471377,
Truss2D,PI-NSGA-II,15,57,0.0057899139193102085,69893.89587318308,
Truss2D,PI-NSGA-II,15,57,0.015238490189598455,27063.51409657536,
Truss2D,PI-NSGA-II,15,57,0.006066968043236316,66802.94507604452,
Truss2D,PI-NSGA-II,15,57,0.01132190708851816,35603.74101574547,
Truss2D,PI-NSGA-II,16,58,0.02474606483637673,16211.716908904009,
Truss2D,PI-NSGA-II,16,58,0.009092178170228574,44549.89547759756,
Truss2D,PI-NSGA-II,16,58,0.012791057578043354,31336.609885967886,
Truss2D,PI-NSGA-II,16,58,0.014400986083202082,27779.269071402192,
Truss2D,PI-NSGA-II,16,58,0.010442627812867623,38333.309087883405,
Truss2D,PI-NSGA-II,16,58,0.011970961277118483,33679.83765100607,
Truss2D,PI-NSGA-II,16,58,0.01651268830699501,24466.010226974104,
Truss2D,PI-NSGA-II,16,58,0.013838809118083488,28962.73254609621,
Truss2D,PI-NSGA-II,16,58,0.014898255273245313,26865.2031826674,
Truss2D,PI-NSGA-II,16,58,0.016153119447396704,24874.819722858876,
Truss2D,PI-NSGA-II,16,58,0.01256870104096268,32247.34339392187,
Truss2D,PI-NSGA-II,16,58,0.01986164902860254,20309.768284494792,
Truss2D,PI-NSGA-II,16,58,0.012194624620880183,32970.61237647711,
Truss2D,PI-NSGA-II,16,58,0.020189515728242978,19992.300688254134,
Truss2D,PI-NSGA-II,16,58,0.02264357567450407,17873.634846515153,
Truss2D,PI-NSGA-II,16,58,0.02302348039047819,17622.22428856623,
Truss2D,PI-NSGA-II,16,58,0.010651406105053302,37584.725779868946,
Truss2D,PI-NSGA-II,16,58,0.011442424625114498,35396.52963678658,
Truss2D,PI-NSGA-II,16,58,0.013169700674155014,30398.16283821502,
Truss2D,PI-NSGA-II,16,58,0.018410056510056422,21903.92666121255,
Truss2D,PI-NSGA-II,16,58,0.01424146282284192,28169.15708975434,
Truss2D,PI-NSGA-II,16,58,0.010436064495558955,38917.424903729734,
Truss2D,PI-NSGA-II,16,58,0.015999561773340366,25105.32709808695,
Truss2D,PI-NSGA-II,16,58,0.00986763404393503,40574.83486545124,
Truss2D,PI-NSGA-II,16,58,0.014844214217922685,27529.915225300734,
Truss2D,PI-NSGA-II,16,58,0.02104113830854948,19133.663527859866,
Truss2D,PI-NSGA-II,16,58,0.011519107364804704,34960.37297245381,
Truss2D,PI-NSGA-II,16,58,0.013025092994709535,30746.332958646035,
Truss2D,PI-NSGA-II,16,58,0.02128282851593715,19010.563927621162,
Truss2D,PI-NSGA-II,16,58,0.02237731562563483,17913.816679889103,
Truss2D,PI-NSGA-II,16,58,0.009547402995785523,42447.054725973205,
Truss2D,PI-NSGA-II,16,58,0.011226286838867176,35703.630482770255,
Truss2D,PI-NSGA-II,16,58,0.015780177557717316,25419.129447798896,
Truss2D,PI-NSGA-II,16,58,0.012253602621933032,32698.195987759325,
Truss2D,PI-NSGA-II,16,58,0.011209759481875116,36158.53470592412,
Truss2D,PI-NSGA-II,16,58,0.009653831781313158,41624.901896712654,
Truss2D,PI-NSGA-II,16,58,0.010043729186518215,40429.13466405902,
Truss2D,PI-NSGA-II,16,58,0.016926345294876417,23751.89785961561,
Truss2D,PI-NSGA-II,16,58,0.009141083194915176,44129.28268666712,
Truss2D,PI-NSGA-II,16,58,0.010226896103323242,39167.77967038373,
Truss2D,PI-NSGA-II,16,58,0.011637095106195936,34548.59293233,
Truss2D,PI-NSGA-II,16,58,0.01104330349040441,36539.554137556406,
Truss2D,PI-NSGA-II,16,58,0.009392471790918245,42859.29532744206,
Truss2D,PI-NSGA-II,16,58,0.015382973909847615,26089.719594904655,
Truss2D,PI-NSGA-II,16,58,0.016627990387089273,24079.3726395612,
Truss2D,PI-NSGA-II,16,58,0.013667171229383473,29428.230925867098,
Truss2D,PI-NSGA-II,16,58,0.018749388896388088,21465.401823982826,
Truss2D,PI-NSGA-II,16,58,0.019284568093087796,20815.003506574874,
Truss2D,PI-NSGA-II,16,58,0.010121827527746215,39876.2560373501,
Truss2D,PI-NSGA-II,16,58,0.018993179330367142,21242.82858470973,
Truss2D,PI-NSGA-II,16,58,0.013641062997092127,29692.019369245063,
Truss2D,PI-NSGA-II,16,58,0.01863935256228996,21685.509892211732,
Truss2D,PI-NSGA-II,16,58,0.009333727436472861,43176.061133644,
Truss2D,PI-NSGA-II,16,58,0.02420449596009394,16728.156704931553,
Truss2D,PI-NSGA-II,16,58,0.024329559597951404,16582.86604608643,
Truss2D,PI-NSGA-II,16,58,0.012473508145702597,32300.636736403023,
Truss2D,PI-NSGA-II,16,58,0.019597459755313334,20457.10226440906,
Truss2D,PI-NSGA-II,16,58,0.017423054113869733,23160.17991154781,
Truss2D,PI-NSGA-II,16,58,0.009619137619530654,42081.65432718353,
Truss2D,PI-NSGA-II,16,58,0.012919880084293758,31146.207953703764,
Truss2D,PI-NSGA-II,16,58,0.015174908723448975,26393.100534819016,
Truss2D,PI-NSGA-II,16,58,0.021884254072375778,18367.794767231066,
Truss2D,PI-NSGA-II,16,58,0.023168768827113162,17485.74017739236,
Truss2D,PI-NSGA-II,16,58,0.020785220910835445,19310.18110343105,
Truss2D,PI-NSGA-II,16,58,0.017750851702442283,22627.77392093424,
Truss2D,PI-NSGA-II,16,58,0.01413457459444702,28659.172507275605,
Truss2D,PI-NSGA-II,16,58,0.011887276424306922,34112.402652559635,
Truss2D,PI-NSGA-II,16,58,0.019104657511123307,21037.747077291206,
Truss2D,PI-NSGA-II,16,58,0.021586481173119277,18924.598233541023,
Truss2D,PI-NSGA-II,16,58,0.0156376053538227,25628.938066161183,
Truss2D,PI-NSGA-II,16,58,0.019516491354028376,20702.251745328034,
Truss2D,PI-NSGA-II,16,58,0.015552204690142369,25941.941715370584,
Truss2D,PI-NSGA-II,16,58,0.013439337763905147,30073.99548788515,
Truss2D,PI-NSGA-II,16,58,0.010165481033950952,39577.13990245931,
Truss2D,PI-NSGA-II,16,58,0.011711249425702494,34172.2420582538,
Truss2D,PI-NSGA-II,16,58,0.023346094921707812,17211.017085298045,
Truss2D,PI-NSGA-II,16,58,0.023862146893071486,16785.540041768898,
Truss2D,PI-NSGA-II,16,58,0.02365483504351675,16963.1715412402,
Truss2D,PI-NSGA-II,16,58,0.016880585692614504,24036.060414270443,
Truss2D,PI-NSGA-II,16,58,0.010909316685812378,36732.81565390496,
Truss2D,PI-NSGA-II,16,58,0.02054634841064859,19571.33199391855,
Truss2D,PI-NSGA-II,16,58,0.013374327323687488,30126.20213129723,
Truss2D,PI-NSGA-II,16,58,0.01763127871944164,22904.873449223844,
Truss2D,PI-NSGA-II,16,58,0.02349767005523433,17196.859400111236,
Truss2D,PI-NSGA-II,16,58,0.010684939715968109,37445.934181220866,
Truss2D,PI-NSGA-II,16,58,0.00975397329645408,41121.916632500404,
Truss2D,PI-NSGA-II,16,58,0.021781605395773417,18578.03719619726,
Truss2D,PI-NSGA-II,16,58,0.017164234536836874,23395.99420348078,
Truss2D,PI-NSGA-II,16,58,0.014891305305073856,27450.87076861855,
Truss2D,PI-NSGA-II,16,58,0.022123299423491345,18119.953894832463,
Truss2D,PI-NSGA-II,16,58,0.01790172553803656,22417.61113753584,
Truss2D,PI-NSGA-II,16,58,0.024559086034886227,16331.709673549964,
Truss2D,PI-NSGA-II,16,58,0.017165074868254904,23394.135308164383,
Truss2D,PI-NSGA-II,16,58,0.021591565708417682,18629.550997938783,
Truss2D,PI-NSGA-II,16,58,0.010817913771713211,37087.648487955405,
Truss2D,PI-NSGA-II,16,58,0.020657670098096402,19416.889587662605,
Truss2D,PI-NSGA-II,16,58,0.009742574013907476,41143.06049683773,
Truss2D,PI-NSGA-II,16,58,0.014152462739589353,28558.537366421573,
Truss2D,PI-NSGA-II,16,58,0.022087251997659048,18131.034971987803,
Truss2D,PI-NSGA-II,16,58,0.015180583346413926,26367.02342010872,
Truss2D,PI-NSGA-II,17,59,0.03061069152938607,13120.796418505732,
Truss2D,PI-NSGA-II,17,59,0.007434114709521246,54372.9654600795,
Truss2D,PI-NSGA-II,17,59,0.008441432901646711,47775.32300787044,
Truss2D,PI-NSGA-II,17,59,0.00869709849000255,46181.110908489085,
Truss2D,PI-NSGA-II,17,59,0.012236714008543408,33065.22649211781,
Truss2D,PI-NSGA-II,17,59,0.012572320768884381,31856.828029336102,
Truss2D,PI-NSGA-II,17,59,0.017575262705963275,22906.901090725416,
Truss2D,PI-NSGA-II,17,59,0.027451147216772567,14606.126982875523,
Truss2D,PI-NSGA-II,17,59,0.010846765757790325,37084.74024674961,
Truss2D,PI-NSGA-II,17,59,0.026903525420170514,14992.433198127112,
Truss2D,PI-NSGA-II,17,59,0.01051308161744352,38095.0519594742,
Truss2D,PI-NSGA-II,17,59,0.009471992011163347,42536.857726290444,
Truss2D,PI-NSGA-II,17,59,0.0170443072981454,23721.412372938466,
Truss2D,PI-NSGA-II,17,59,0.021631856463200302,18570.831952615164,
Truss2D,PI-NSGA-II,17,59,0.013330936479554644,30356.702635478825,
Truss2D,PI-NSGA-II,17,59,0.007755507055604516,52206.19329104736,
Truss2D,PI-NSGA-II,17,59,0.024816670374011408,16331.713842499708,
Truss2D,PI-NSGA-II,17,59,0.0251360079791043,15952.746119721343,
Truss2D,PI-NSGA-II,17,59,0.01982459042887228,20326.51665699472,
Truss2D,PI-NSGA-II,17,59,0.030014261511543433,13460.345965982919,
Truss2D,PI-NSGA-II,17,59,0.013653164650358925,29760.003214322696,
Truss2D,PI-NSGA-II,17,59,0.02437187047429918,16598.557888285497,
Truss2D,PI-NSGA-II,17,59,0.009291401278449313,43481.36456537283,
Truss2D,PI-NSGA-II,17,59,0.023498632420496657,17042.111618727708,
Truss2D,PI-NSGA-II,17,59,0.029545467496272168,13640.470618932715,
Truss2D,PI-NSGA-II,17,59,0.020467989183182034,20039.868031693877,
Truss2D,PI-NSGA-II,17,59,0.009998591546867094,40028.98194208696,
Truss2D,PI-NSGA-II,17,59,0.019024727727784897,21061.677222387163,
Truss2D,PI-NSGA-II,17,59,0.01122409376927485,35810.97971244004,
Truss2D,PI-NSGA-II,17,59,0.008054909904054391,50132.832293583255,
Truss2D,PI-NSGA-II,17,59,0.028755314932775083,13981.01552493424,
Truss2D,PI-NSGA-II,17,59,0.029136703489847572,13778.228066909827,
Truss2D,PI-NSGA-II,17,59,0.01775247938454069,22584.097127421355,
Truss2D,PI-NSGA-II,17,59,0.007851326022533503,51308.17088898274,
Truss2D,PI-NSGA-II,17,59,0.008319801945173544,48251.23395774347,
Truss2D,PI-NSGA-II,17,59,0.02651501268854031,15257.109524445234,
Truss2D,PI-NSGA-II,17,59,0.007586783284233423,52844.16676031659,
Truss2D,PI-NSGA-II,17,59,0.01309751862503163,30778.727535546797,
Truss2D,PI-NSGA-II,17,59,0.011506285629142157,35428.717150317716,
Truss2D,PI-NSGA-II,17,59,0.011605022033504015,34813.35123607346,
Truss2D,PI-NSGA-II,17,59,0.02788342351306358,14352.998096721432,
Truss2D,PI-NSGA-II,17,59,0.0186940666463242,21434.300195488988,
Truss2D,PI-NSGA-II,17,59,0.008798680878347781,45688.34029921066,
Truss2D,PI-NSGA-II,17,59,0.01937771277224334,20842.860713176575,
Truss2D,PI-NSGA-II,17,59,0.02566880686390447,15844.425029889791,
Truss2D,PI-NSGA-II,17,59,0.02257007897856301,17778.59224464801,
Truss2D,PI-NSGA-II,17,59,0.023019832270295297,17464.35489606921,
Truss2D,PI-NSGA-II,17,59,0.009629954667603665,41716.41654092754,
Truss2D,PI-NSGA-II,17,59,0.0222487348803894,18236.601111765107,
Truss2D,PI-NSGA-II,17,59,0.015732593827637708,25498.782925504318,
Truss2D,PI-NSGA-II,17,59,0.014088605358880138,28451.278518884177,
Truss2D,PI-NSGA-II,17,59,0.015187402119716913,26737.32061764594,
Truss2D,PI-NSGA-II,17,59,0.007894452445741272,50732.69296321107,
Truss2D,PI-NSGA-II,17,59,0.026152111498410503,15368.86260942039,
Truss2D,PI-NSGA-II,17,59,0.018526269011413302,21841.656221029094,
Truss2D,PI-NSGA-II,17,59,0.009065168186734498,44183.390068922796,
Truss2D,PI-NSGA-II,17,59,0.016207794740628417,24842.159639225916,
Truss2D,PI-NSGA-II,17,59,0.008241444541543132,49135.119209414035,
Truss2D,PI-NSGA-II,17,59,0.013812767037247197,29290.837449426093,
Truss2D,PI-NSGA-II,17,59,0.030482155358669355,13384.064305333726,
Truss2D,PI-NSGA-II,17,59,0.023983273830197924,16737.36337956892,
Truss2D,PI-NSGA-II,17,59,0.009945594477269531,40911.09010477613,
Truss2D,PI-NSGA-II,17,59,0.018108397467321298,22114.196089790643,
Truss2D,PI-NSGA-II,17,59,0.014414817295652834,28119.48164968717,
Truss2D,PI-NSGA-II,17,59,0.025871105258929654,15609.447735325073,
Truss2D,PI-NSGA-II,17,59,0.013989993271973367,28933.60206206183,
Truss2D,PI-NSGA-II,17,59,0.008162802105304099,49408.88657711687,
Truss2D,PI-NSGA-II,17,59,0.019691759264587484,20594.8966034886,
Truss2D,PI-NSGA-II,17,59,0.010472338502616854,38594.228107118404,
Truss2D,PI-NSGA-II,17,59,0.0283914421407222,14240.219163848868,
Truss2D,PI-NSGA-II,17,59,0.020556951374146745,19775.20527318157,
Truss2D,PI-NSGA-II,17,59,0.015459735614614199,26102.27654679991,
Truss2D,PI-NSGA-II,17,59,0.010393422227884617,39176.27193934122,
Truss2D,PI-NSGA-II,17,59,0.015973358408665185,25432.891169345385,
Truss2D,PI-NSGA-II,17,59,0.01670276954492126,24554.468313254434,
Truss2D,PI-NSGA-II,17,59,0.015062526028423095,27131.971427569733,
Truss2D,PI-NSGA-II,17,59,0.011048545004920907,36421.780878427926,
Truss2D,PI-NSGA-II,17,59,0.012910502599582107,31286.471682930667,
Truss2D,PI-NSGA-II,17,59,0.01278893281151192,31412.90922244991,
Truss2D,PI-NSGA-II,17,59,0.023773858547336425,16921.5926413559,
Truss2D,PI-NSGA-II,17,59,0.014640595201595503,27518.352876603403,
Truss2D,PI-NSGA-II,17,59,0.007550931140942523,53530.25321937932,
Truss2D,PI-NSGA-II,17,59,0.02143121240581073,18854.865137595167,
Truss2D,PI-NSGA-II,17,59,0.014832608118803221,27294.174824615067,
Truss2D,PI-NSGA-II,17,59,0.01545125447938895,26271.11487292129,
Truss2D,PI-NSGA-II,17,59,0.02287768228867134,17551.704990737573,
Truss2D,PI-NSGA-II,17,59,0.009287349110888111,44095.99056259274,
Truss2D,PI-NSGA-II,17,59,0.00960680613846873,41920.83324287117,
Truss2D,PI-NSGA-II,17,59,0.020767306197499762,19299.26307052988,
Truss2D,PI-NSGA-II,17,59,0.016956228244962603,23925.87221036371,
Truss2D,PI-NSGA-II,17,59,0.02085384923431549,19210.06542524678,
Truss2D,PI-NSGA-II,17,59,0.011923143216448617,34351.93918963714,
Truss2D,PI-NSGA-II,17,59,0.0074940376328441905,53819.20566105582,
Truss2D,PI-NSGA-II,17,59,0.016806035429517918,24389.355698057567,
Truss2D,PI-NSGA-II,17,59,0.010149051484680423,39424.17729214727,
Truss2D,PI-NSGA-II,17,59,0.022251896851146348,18078.68680781631,
Truss2D,PI-NSGA-II,17,59,0.01191472655656963,34487.84834025466,
Truss2D,PI-NSGA-II,17,59,0.010959833630517763,36526.53165787262,
Truss2D,PI-NSGA-II,17,59,0.028234537464957778,14333.103287318589,
Truss2D,PI-NSGA-II,17,59,0.01822751214259358,22065.73128840701,
Truss2D,PI-NSGA-II,18,60,0.0040687103214493495,98602.32406268809,
Truss2D,PI-NSGA-II,18,60,0.05362963594229965,8432.773470333885,
Truss2D,PI-NSGA-II,18,60,0.00522390630947915,77293.00895048081,
Truss2D,PI-NSGA-II,18,60,0.01031770099743233,38928.53603590999,
Truss2D,PI-NSGA-II,18,60,0.052500423187377396,8435.559674207658,
Truss2D,PI-NSGA-II,18,60,0.04375433342133699,9172.57928678008,
Truss2D,PI-NSGA-II,18,60,0.015417957593866221,26237.634274816624,
Truss2D,PI-NSGA-II,18,60,0.01787349955044911,22607.623594932225,
Truss2D,PI-NSGA-II,18,60,0.004240764853332437,94915.48692090038,
Truss2D,PI-NSGA-II,18,60,0.027468041384869784,14692.062571217895,
Truss2D,PI-NSGA-II,18,60,0.004559408092785938,89389.4756643175,
Truss2D,PI-NSGA-II,18,60,0.01467312190189395,27405.980630025944,
Truss2D,PI-NSGA-II,18,60,0.044589380111709945,9071.169939534215,
Truss2D,PI-NSGA-II,18,60,0.004594799184480148,87556.90981484434,
Truss2D,PI-NSGA-II,18,60,0.01389631960224709,29152.42037482683,
Truss2D,PI-NSGA-II,18,60,0.01728324294892811,23174.110412469192,
Truss2D,PI-NSGA-II,18,60,0.02663814209243746,15118.740462296448,
Truss2D,PI-NSGA-II,18,60,0.045561152232182905,8828.482421720862,
Truss2D,PI-NSGA-II,18,60,0.0043484264795749334,92874.03096634801,
Truss2D,PI-NSGA-II,18,60,0.028262147028099687,14300.679098061279,
Truss2D,PI-NSGA-II,18,60,0.01677285048246733,23947.68454434817,
Truss2D,PI-NSGA-II,18,60,0.02401856924400143,17819.21379817562,
Truss2D,PI-NSGA-II,18,60,0.01434453314676869,28050.836781951315,
Truss2D,PI-NSGA-II,18,60,0.04251022301062343,9434.688821485426,
Truss2D,PI-NSGA-II,18,60,0.03592784565316374,11288.612745196318,
Truss2D,PI-NSGA-II,18,60,0.031838592747251954,12579.871834584372,
Truss2D,PI-NSGA-II,18,60,0.00489853455344452,82699.8255076688,
Truss2D,PI-NSGA-II,18,60,0.018631610012198076,21624.52594886213,
Truss2D,PI-NSGA-II,18,60,0.05099091433516323,8448.013842809238,
Truss2D,PI-NSGA-II,18,60,0.004425841868276013,91018.68019384626,
Truss2D,PI-NSGA-II,18,60,0.011870263940056743,34142.87997415097,
Truss2D,PI-NSGA-II,18,60,0.046300221871547226,8726.491715137336,
Truss2D,PI-NSGA-II,18,60,0.03949145874214915,10275.258415438524,
Truss2D,PI-NSGA-II,18,60,0.028977001036411876,14203.019729431335,
Truss2D,PI-NSGA-II,18,60,0.004753915992411373,86266.88928962448,
Truss2D,PI-NSGA-II,18,60,0.004207909515660636,96479.62941362195,
Truss2D,PI-NSGA-II,18,60,0.03403816603147341,11985.50790326897,
Truss2D,PI-NSGA-II,18,60,0.03043541095232371,13161.470422775305,
Truss2D,PI-NSGA-II,18,60,0.047708791180697624,8654.08350763528,
Truss2D,PI-NSGA-II,18,60,0.026037395657013004,15413.110150635071,
Truss2D,PI-NSGA-II,18,60,0.032981127856960085,12129.230531753194,
Truss2D,PI-NSGA-II,18,60,0.010896349494978416,37131.3856669707,
Truss2D,PI-NSGA-II,18,60,0.024667573283328935,16400.139324152125,
Truss2D,PI-NSGA-II,18,60,0.0327601288733011,12495.298848236596,
Truss2D,PI-NSGA-II,18,60,0.0049613458453746095,81228.76075292031,
Truss2D,PI-NSGA-II,18,60,0.020962354647123316,19106.12218067777,
Truss2D,PI-NSGA-II,18,60,0.04878390872309715,8551.413383012237,
Truss2D,PI-NSGA-II,18,60,0.03510472477745995,11462.387413554,
Truss2D,PI-NSGA-II,18,60,0.04165896736913709,9612.384575322447,
Truss2D,PI-NSGA-II,18,60,0.03882326144932301,10321.64635210998,
Truss2D,PI-NSGA-II,18,60,0.00512813018250576,78533.97790970608,
Truss2D,PI-NSGA-II,18,60,0.012466816208917701,32282.584695609607,
Truss2D,PI-NSGA-II,18,60,0.004782551693935159,85116.57592174689,
Truss2D,PI-NSGA-II,18,60,0.023054299475197985,18164.409191267972,
Truss2D,PI-NSGA-II,18,60,0.0041734003197997395,97518.93226306961,
Truss2D,PI-NSGA-II,18,60,0.02047032970834562,19825.244113071192,
Truss2D,PI-NSGA-II,18,60,0.016420717437002828,24832.244171875034,
Truss2D,PI-NSGA-II,18,60,0.019892971492753188,20547.320709129926,
Truss2D,PI-NSGA-II,18,60,0.025231722784045008,15953.62082633156,
Truss2D,PI-NSGA-II,18,60,0.01066025857185703,38028.9351573033,
Truss2D,PI-NSGA-II,18,60,0.02949050968296279,13742.955003303225,
Truss2D,PI-NSGA-II,18,60,0.012738630439671163,31758.23443443466,
Truss2D,PI-NSGA-II,18,60,0.049895106800064384,8536.236802743912,
Truss2D,PI-NSGA-II,18,60,0.03746535981148851,10870.973579432239,
Truss2D,PI-NSGA-II,18,60,0.005064284354833408,79407.83806020403,
Truss2D,PI-NSGA-II,18,60,0.033916721452863896,11999.157179102787,
Truss2D,PI-NSGA-II,18,60,0.05362960598772115,8432.781458468002,
Truss2D,PI-NSGA-II,18,60,0.02225606504493071,18363.195488393478,
Truss2D,PI-NSGA-II,18,60,0.005025768077439707,80415.28011816295,
Truss2D,PI-NSGA-II,18,60,0.025522071181053943,15766.50554274916,
Truss2D,PI-NSGA-II,18,60,0.04854010356584065,8564.830751460293,
Truss2D,PI-NSGA-II,18,60,0.004402881306252613,91949.43781420322,
Truss2D,PI-NSGA-II,18,60,0.013497968300222481,29905.813410498056,
Truss2D,PI-NSGA-II,18,60,0.022137222191057012,18804.09746312752,
Truss2D,PI-NSGA-II,18,60,0.04032167386637883,10250.370333949195,
Truss2D,PI-NSGA-II,18,60,0.0312864007397938,12871.73436678414,
Truss2D,PI-NSGA-II,18,60,0.018795836096104614,21372.99721848091,
Truss2D,PI-NSGA-II,18,60,0.03811198738657717,10675.000894089171,
Truss2D,PI-NSGA-II,18,60,0.011507610610909148,34892.55307777193,
Truss2D,PI-NSGA-II,18,60,0.040419632009126356,10023.873660104719,
Truss2D,PI-NSGA-II,18,60,0.03713090463140093,10980.705068561512,
Truss2D,PI-NSGA-II,18,60,0.042227371518037606,9485.532949948636,
Truss2D,PI-NSGA-II,18,60,0.01144652670832812,35236.62425353877,
Truss2D,PI-NSGA-II,18,60,0.05031343830185134,8492.672858847247,
Truss2D,PI-NSGA-II,18,60,0.015803394214106616,25435.50809499621,
Truss2D,PI-NSGA-II,18,60,0.03511137980791179,11452.938215838803,
Truss2D,PI-NSGA-II,18,60,0.022917705808567664,18195.662672525716,
Truss2D,PI-NSGA-II,18,60,0.038287380747984795,10490.064081025743,
Truss2D,PI-NSGA-II,18,60,0.011276993266887634,36194.51318579402,
Truss2D,PI-NSGA-II,18,60,0.01110660946839139,36264.60801289444,
Truss2D,PI-NSGA-II,18,60,0.013140233621549724,31343.147156418578,
Truss2D,PI-NSGA-II,18,60,0.013464229406949907,30331.98983467394,
Truss2D,PI-NSGA-II,18,60,0.04772229456885774,8621.091031099731,
Truss2D,PI-NSGA-II,18,60,0.01323277232381834,31032.736204274115,
Truss2D,PI-NSGA-II,18,60,0.012088767582975873,33144.14005524647,
Truss2D,PI-NSGA-II,18,60,0.012125116959012796,33040.3620161507,
Truss2D,PI-NSGA-II,18,60,0.02147263707948597,18878.370428336326,
Truss2D,PI-NSGA-II,18,60,0.016239999952154652,25190.849754051986,
Truss2D,PI-NSGA-II,18,60,0.030071306363028467,13354.440863643733,
Truss2D,PI-NSGA-II,18,60,0.010550346898339752,38670.38938328477,
Truss2D,PI-NSGA-II,19,61,0.006126420383824238,65421.91879143302,
Truss2D,PI-NSGA-II,19,61,0.037466178956601884,10774.2789175433,
Truss2D,PI-NSGA-II,19,61,0.019250017977525777,21207.974104043562,
Truss2D,PI-NSGA-II,19,61,0.02084074698604227,19279.163128400007,
Truss2D,PI-NSGA-II,19,61,0.011547371838476487,35400.9663678934,
Truss2D,PI-NSGA-II,19,61,0.008265234591017048,48938.4858023456,
Truss2D,PI-NSGA-II,19,61,0.018209735687247736,22132.47583536033,
Truss2D,PI-NSGA-II,19,61,0.008503042144573248,47266.95290494143,
Truss2D,PI-NSGA-II,19,61,0.015547994132984503,25894.278780792083,
Truss2D,PI-NSGA-II,19,61,0.027485164862563825,14648.226033228024,
Truss2D,PI-NSGA-II,19,61,0.01101236371998519,36919.9730709043,
Truss2D,PI-NSGA-II,19,61,0.006953584698040385,57872.40915662127,
Truss2D,PI-NSGA-II,19,61,0.02149348295888715,18674.645791252824,
Truss2D,PI-NSGA-II,19,61,0.020057234618306153,19982.700633813354,
Truss2D,PI-NSGA-II,19,61,0.01362082157228329,29790.48894800173,
Truss2D,PI-NSGA-II,19,61,0.007791133828566851,51539.20073431474,
Truss2D,PI-NSGA-II,19,61,0.017133527121883742,23478.27348369295,
Truss2D,PI-NSGA-II,19,61,0.03680936373657921,10868.86495389714,
Truss2D,PI-NSGA-II,19,61,0.023093596636523966,17599.182406461496,
Truss2D,PI-NSGA-II,19,61,0.007078081377597838,56612.21130559168,
Truss2D,PI-NSGA-II,19,61,0.009755884249035852,41568.00211844403,
Truss2D,PI-NSGA-II,19,61,0.02692910600406091,14910.456340866467,
Truss2D,PI-NSGA-II,19,61,0.008688721767084944,46530.13075485131,
Truss2D,PI-NSGA-II,19,61,0.007230251359342023,55838.65911615337,
Truss2D,PI-NSGA-II,19,61,0.008916728861349907,45540.19723327251,
Truss2D,PI-NSGA-II,19,61,0.02347814356984216,17072.103122571036,
Truss2D,PI-NSGA-II,19,61,0.012101035906552392,34052.359647856916,
Truss2D,PI-NSGA-II,19,61,0.02479289135181964,16155.729587283793,
Truss2D,PI-NSGA-II,19,61,0.010787211296892484,38168.603210604,
Truss2D,PI-NSGA-II,19,61,0.03373564201702546,11871.532489130797,
Truss2D,PI-NSGA-II,19,61,0.01171887172804899,34540.881046282426,
Truss2D,PI-NSGA-II,19,61,0.032771931194411366,12273.566151958794,
Truss2D,PI-NSGA-II,19,61,0.015025051750410558,26890.33434357296,
Truss2D,PI-NSGA-II,19,61,0.022524465523275305,17949.07092276906,
Truss2D,PI-NSGA-II,19,61,0.009998166913443246,40361.19473357999,
Truss2D,PI-NSGA-II,19,61,0.028325145752660104,14298.249922576833,
Truss2D,PI-NSGA-II,19,61,0.009117486422241434,44833.77240994102,
Truss2D,PI-NSGA-II,19,61,0.03431913009702696,11806.413220834105,
Truss2D,PI-NSGA-II,19,61,0.02872352404218935,13973.250964907353,
Truss2D,PI-NSGA-II,19,61,0.013963522703526807,28838.18290750756,
Truss2D,PI-NSGA-II,19,61,0.0065904709769440024,61232.482634118125,
Truss2D,PI-NSGA-II,19,61,0.01055267022735644,39030.873613919954,
Truss2D,PI-NSGA-II,19,61,0.026430285199821376,15268.56204838181,
Truss2D,PI-NSGA-II,19,61,0.01763714383748792,22877.82563675534,
Truss2D,PI-NSGA-II,19,61,0.023998053019857496,16735.669710606504,
Truss2D,PI-NSGA-II,19,61,0.016791453361330456,23980.346618972137,
Truss2D,PI-NSGA-II,19,61,0.02545118355778394,16050.216812338585,
Truss2D,PI-NSGA-II,19,61,0.03490578252488343,11693.94277048135,
Truss2D,PI-NSGA-II,19,61,0.03317930147559961,12138.039241656732,
Truss2D,PI-NSGA-II,19,61,0.01954874781518782,20531.104542606037,
Truss2D,PI-NSGA-II,19,61,0.014150665599974441,28519.050560308013,
Truss2D,PI-NSGA-II,19,61,0.007703345506765115,52421.7891773528,
Truss2D,PI-NSGA-II,19,61,0.012527352835193906,32860.286962308564,
Truss2D,PI-NSGA-II,19,61,0.03127409547511035,12823.678944348881,
Truss2D,PI-NSGA-II,19,61,0.02435197545234698,16471.246908676276,
Truss2D,PI-NSGA-II,19,61,0.013130204611373686,30822.902708055724,
Truss2D,PI-NSGA-II,19,61,0.012270613981696633,33159.76588961541,
Truss2D,PI-NSGA-II,19,61,0.007999177433260682,50358.32319879241,
Truss2D,PI-NSGA-II,19,61,0.015917665516274777,25302.728582105796,
Truss2D,PI-NSGA-II,19,61,0.012718093465531651,31933.37445969252,
Truss2D,PI-NSGA-II,19,61,0.012883100876615263,31574.22004550493,
Truss2D,PI-NSGA-II,19,61,0.006867248874704909,59085.40634467582,
Truss2D,PI-NSGA-II,19,61,0.029561194802180273,13812.305933166683,
Truss2D,PI-NSGA-II,19,61,0.007385769964794404,54701.11760051866,
Truss2D,PI-NSGA-II,19,61,0.03203838160655405,12516.226920469062,
Truss2D,PI-NSGA-II,19,61,0.030167073699925,13319.912413144155,
Truss2D,PI-NSGA-II,19,61,0.014859932192312804,26984.814380110947,
Truss2D,PI-NSGA-II,19,61,0.035604679876679146,11382.859446611199,
Truss2D,PI-NSGA-II,19,61,0.006324462271643234,64563.46985756838,
Truss2D,PI-NSGA-II,19,61,0.00947267878611368,42463.02805459609,
Truss2D,PI-NSGA-II,19,61,0.026046222823485253,15513.02695228986,
Truss2D,PI-NSGA-II,19,61,0.010201112500394419,39307.99498763236,
Truss2D,PI-NSGA-II,19,61,0.010902438799619305,37315.24672690427,
Truss2D,PI-NSGA-II,19,61,0.009153687790642524,43708.24176390925,
Truss2D,PI-NSGA-II,19,61,0.022166384595266743,18268.298894248524,
Truss2D,PI-NSGA-II,19,61,0.016468172448984922,24418.12016830387,
Truss2D,PI-NSGA-II,19,61,0.006821190783844241,59414.130574147544,
Truss2D,PI-NSGA-II,19,61,0.021958950408738895,18592.209090264903,
Truss2D,PI-NSGA-II,19,61,0.02568284479984231,15612.892511170463,
Truss2D,PI-NSGA-II,19,61,0.03540781539156444,11613.06527028683,
Truss2D,PI-NSGA-II,19,61,0.03206448368823666,12495.94873419719,
Truss2D,PI-NSGA-II,19,61,0.007507026928942914,53439.12856811442,
Truss2D,PI-NSGA-II,19,61,0.008178527622204095,50271.138113309906,
Truss2D,PI-NSGA-II,19,61,0.036204827858848,11122.142929939226,
Truss2D,PI-NSGA-II,19,61,0.007400087061862541,54418.27076194851,
Truss2D,PI-NSGA-II,19,61,0.014596589592413011,27871.3690715607,
Truss2D,PI-NSGA-II,19,61,0.019892303862156138,20248.97372665064,
Truss2D,PI-NSGA-II,19,61,0.010096972707693736,39883.57531052743,
Truss2D,PI-NSGA-II,19,61,0.009673207163765983,42294.650147272514,
Truss2D,PI-NSGA-II,19,61,0.007636792497116362,53316.109352639076,
Truss2D,PI-NSGA-II,19,61,0.009298652474517773,43314.81849981351,
Truss2D,PI-NSGA-II,19,61,0.01460874701925515,27859.83581069229,
Truss2D,PI-NSGA-II,19,61,0.030641113347793444,13256.210466383489,
Truss2D,PI-NSGA-II,19,61,0.006399151079153028,63194.67088292407,
Truss2D,PI-NSGA-II,19,61,0.03609900059293997,11126.289121477164,
Truss2D,PI-NSGA-II,19,61,0.006521411941063773,62270.23029182893,
Truss2D,PI-NSGA-II,19,61,0.006749394545558686,60460.086814581584,
Truss2D,PI-NSGA-II,19,61,0.030788172287781822,13057.261842043737,
Truss2D,PI-NSGA-II,19,61,0.006502436337116545,62342.52720186965,
Truss2D,PI-NSGA-II,19,61,0.013268880562720652,30222.941087929466,
Truss2D,PI-NSGA-II,20,62,0.004057256889026942,99728.15861768214,
Truss2D,PI-NSGA-II,20,62,0.05290369345452363,8584.604422746255,
Truss2D,PI-NSGA-II,20,62,0.012471140151796102,32094.11344060264,
Truss2D,PI-NSGA-II,20,62,0.05067959996033031,8671.714884251907,
Truss2D,PI-NSGA-II,20,62,0.04421017962557595,9070.222765654202,
Truss2D,PI-NSGA-II,20,62,0.011664161022135577,35166.2680331338,
Truss2D,PI-NSGA-II,20,62,0.0051044379918944605,79895.83425462057,
Truss2D,PI-NSGA-II,20,62,0.04661384612061946,8952.686695626053,
Truss2D,PI-NSGA-II,20,62,0.009263812278118351,43418.10116031801,
Truss2D,PI-NSGA-II,20,62,0.006711009318484859,60388.0036272017,
Truss2D,PI-NSGA-II,20,62,0.014751737369662548,28188.330686547208,
Truss2D,PI-NSGA-II,20,62,0.03669195709929714,10979.650570404874,
Truss2D,PI-NSGA-II,20,62,0.03513645568497782,11390.64040405663,
Truss2D,PI-NSGA-II,20,62,0.02668152717833054,15116.451966925411,
Truss2D,PI-NSGA-II,20,62,0.007418475094177744,54459.48982980388,
Truss2D,PI-NSGA-II,20,62,0.052186147939959196,8599.051050436068,
Truss2D,PI-NSGA-II,20,62,0.004531115370830143,89958.55073077268,
Truss2D,PI-NSGA-II,20,62,0.01711907834542434,23531.77121113086,
Truss2D,PI-NSGA-II,20,62,0.005227539671090358,76590.59747950459,
Truss2D,PI-NSGA-II,20,62,0.004308396105341195,93298.23352173589,
Truss2D,PI-NSGA-II,20,62,0.03373778505211299,12038.317294717854,
Truss2D,PI-NSGA-II,20,62,0.004928124521623431,81386.1628123175,
Truss2D,PI-NSGA-II,20,62,0.04681106933437738,8781.813342811363,
Truss2D,PI-NSGA-II,20,62,0.03902729965052454,10329.3817318355,
Truss2D,PI-NSGA-II,20,62,0.0486271736347558,8704.0322825128,
Truss2D,PI-NSGA-II,20,62,0.04177728335747419,9671.060390749117,
Truss2D,PI-NSGA-II,20,62,0.005915231916618608,68451.76007540687,
Truss2D,PI-NSGA-II,20,62,0.010009880243777415,40227.98561670783,
Truss2D,PI-NSGA-II,20,62,0.0488653429865404,8685.948199572655,
Truss2D,PI-NSGA-II,20,62,0.006037930762275752,66779.1801458587,
Truss2D,PI-NSGA-II,20,62,0.032537451910604025,12370.74859614585,
Truss2D,PI-NSGA-II,20,62,0.006550141035945904,62927.88901693318,
Truss2D,PI-NSGA-II,20,62,0.004394811941137041,91531.88028749806,
Truss2D,PI-NSGA-II,20,62,0.030476279306482622,13193.550907116509,
Truss2D,PI-NSGA-II,20,62,0.01908706697756825,21162.603692998156,
Truss2D,PI-NSGA-II,20,62,0.008095152966654282,50073.58858457783,
Truss2D,PI-NSGA-II,20,62,0.02085880167738622,19558.09272382279,
Truss2D,PI-NSGA-II,20,62,0.01057563232882553,39452.13777225948,
Truss2D,PI-NSGA-II,20,62,0.02797809068027015,14619.639265497815,
Truss2D,PI-NSGA-II,20,62,0.008317067286085361,49148.662322911965,
Truss2D,PI-NSGA-II,20,62,0.013820964660878546,29435.664372631745,
Truss2D,PI-NSGA-II,20,62,0.01759483185018338,22819.10063595199,
Truss2D,PI-NSGA-II,20,62,0.010966436689957624,36930.68486380434,
Truss2D,PI-NSGA-II,20,62,0.04048723323206427,10198.761915848549,
Truss2D,PI-NSGA-II,20,62,0.031214463229575676,12828.970542256788,
Truss2D,PI-NSGA-II,20,62,0.015449458998817917,26308.01548573707,
Truss2D,PI-NSGA-II,20,62,0.0384681372465361,10402.10262445458,
Truss2D,PI-NSGA-II,20,62,0.007733116200763913,52806.84584862709,
Truss2D,PI-NSGA-II,20,62,0.021627338078373366,19187.855572899727,
Truss2D,PI-NSGA-II,20,62,0.043468230058396826,9272.712386308462,
Truss2D,PI-NSGA-II,20,62,0.026055766879254774,15571.902327114387,
Truss2D,PI-NSGA-II,20,62,0.004212177773410751,95305.3015589203,
Truss2D,PI-NSGA-II,20,62,0.01064120958572328,37775.24821390028,
Truss2D,PI-NSGA-II,20,62,0.004137820221361039,97208.49555657865,
Truss2D,PI-NSGA-II,20,62,0.015001511316640168,26818.915671521358,
Truss2D,PI-NSGA-II,20,62,0.005469412028651481,75041.41472140499,
Truss2D,PI-NSGA-II,20,62,0.008837165481958793,45404.577662675845,
Truss2D,PI-NSGA-II,20,62,0.01981700069980781,20482.18702898457,
Truss2D,PI-NSGA-II,20,62,0.025399842835210087,16003.571246590964,
Truss2D,PI-NSGA-II,20,62,0.040740695620034226,10108.892785480819,
Truss2D,PI-NSGA-II,20,62,0.03196105641986631,12553.798061022606,
Truss2D,PI-NSGA-II,20,62,0.00696743925385304,58152.384993495434,
Truss2D,PI-NSGA-II,20,62,0.005754686746689747,70158.13133552924,
Truss2D,PI-NSGA-II,20,62,0.02016658301318636,20136.19498960347,
Truss2D,PI-NSGA-II,20,62,0.02821436070724112,14363.750310819616,
Truss2D,PI-NSGA-II,20,62,0.013581568038670184,29834.81967686675,
Truss2D,PI-NSGA-II,20,62,0.005592134014020587,72532.38066486256,
Truss2D,PI-NSGA-II,20,62,0.0182206424650872,22135.68377516176,
Truss2D,PI-NSGA-II,20,62,0.029662143499026572,13687.255023549702,
Truss2D,PI-NSGA-II,20,62,0.005542266374149958,73415.3309275572,
Truss2D,PI-NSGA-II,20,62,0.006832557107612688,58591.93954204734,
Truss2D,PI-NSGA-II,20,62,0.005655252977515425,70846.00115075705,
Truss2D,PI-NSGA-II,20,62,0.004068964417761131,99300.51371200827,
Truss2D,PI-NSGA-II,20,62,0.004625771433047161,87758.42728700796,
Truss2D,PI-NSGA-II,20,62,0.029121731011069334,13929.110406104102,
Truss2D,PI-NSGA-II,20,62,0.01848403249637954,21713.75527471968,
Truss2D,PI-NSGA-II,20,62,0.016369188505964638,24714.1275538837,
Truss2D,PI-NSGA-II,20,62,0.016083768899703234,25429.196807999666,
Truss2D,PI-NSGA-II,20,62,0.00482898704652725,83413.30653980494,
Truss2D,PI-NSGA-II,20,62,0.006165101115827854,65060.503429351316,
Truss2D,PI-NSGA-II,20,62,0.013007367314479856,31271.198747398837,
Truss2D,PI-NSGA-II,20,62,0.009644710013459824,41842.38596266746,
Truss2D,PI-NSGA-II,20,62,0.037424284857577275,10706.017134962925,
Truss2D,PI-NSGA-II,20,62,0.008512529928940268,47269.12155635214,
Truss2D,PI-NSGA-II,20,62,0.007228385116069231,56347.05995157463,
Truss2D,PI-NSGA-II,20,62,0.007797734058679957,51860.93053109699,
Truss2D,PI-NSGA-II,20,62,0.009675254873325743,41673.386833781035,
Truss2D,PI-NSGA-II,20,62,0.007218905150281268,56432.634063580925,
Truss2D,PI-NSGA-II,20,62,0.006362809058353414,63513.26881839739,
Truss2D,PI-NSGA-II,20,62,0.022073532923587172,18524.58037822869,
Truss2D,PI-NSGA-II,20,62,0.02475620266222345,16158.870031774288,
Truss2D,PI-NSGA-II,20,62,0.024356551187926494,16683.655444403943,
Truss2D,PI-NSGA-II,20,62,0.02355598670723535,17044.761519601565,
Truss2D,PI-NSGA-II,20,62,0.004649000080031829,86609.64625897187,
Truss2D,PI-NSGA-II,20,62,0.022752888972250564,17630.55178874469,
Truss2D,PI-NSGA-II,20,62,0.022322814440770875,18229.200494841974,
Truss2D,PI-NSGA-II,20,62,0.004191180192637103,96345.78063522065,
Truss2D,PI-NSGA-II,20,62,0.04265942401409596,9475.289557107693,
Truss2D,PI-NSGA-II,20,62,0.005413615910129094,76330.34096619849,
Truss2D,PI-NSGA-II,20,62,0.01137828600518707,35712.45115405591,
WeldedBeam,PI-NSGA-II,0,42,37.7126843099041,0.00043904449271869975,
WeldedBeam,PI-NSGA-II,0,42,6.274356315884131,0.005309779515295127,
WeldedBeam,PI-NSGA-II,0,42,6.723635413085996,0.004318526941872592,
WeldedBeam,PI-NSGA-II,0,42,7.022252647659627,0.00316308110260132,
WeldedBeam,PI-NSGA-II,0,42,6.318593398853223,0.005214538063853116,
WeldedBeam,PI-NSGA-II,0,42,7.318321076318711,0.0024721554923877276,
WeldedBeam,PI-NSGA-II,0,42,6.4943374728685965,0.004535041883578835,
WeldedBeam,PI-NSGA-II,0,42,7.1652460055110065,0.003089181476740666,
WeldedBeam,PI-NSGA-II,0,42,18.51575202008773,0.0009020018643657664,
WeldedBeam,PI-NSGA-II,0,42,36.888981298802484,0.0004415458128609709,
WeldedBeam,PI-NSGA-II,0,42,9.344263990559474,0.0018796539743989782,
WeldedBeam,PI-NSGA-II,0,42,6.5648714227571014,0.004534997757639987,
WeldedBeam,PI-NSGA-II,0,42,29.670104350818104,0.0005468309292897404,
WeldedBeam,PI-NSGA-II,0,42,19.20932903189087,0.0008691494120140299,
WeldedBeam,PI-NSGA-II,0,42,12.713111901476625,0.001347540708598754,
WeldedBeam,PI-NSGA-II,0,42,30.287985391040415,0.0005406563890501108,
WeldedBeam,PI-NSGA-II,0,42,8.683674113071334,0.0020821016035407693,
WeldedBeam,PI-NSGA-II,0,42,32.09113584287238,0.0005093697523609057,
WeldedBeam,PI-NSGA-II,0,42,8.893789411804937,0.001985665838357022,
WeldedBeam,PI-NSGA-II,0,42,15.553752468280836,0.0010838637023205858,
WeldedBeam,PI-NSGA-II,0,42,15.744877558580395,0.0010701752024926995,
WeldedBeam,PI-NSGA-II,0,42,13.134565751328019,0.0012979629862433307,
WeldedBeam,PI-NSGA-II,0,42,16.884088780156855,0.00099577107095829,
WeldedBeam,PI-NSGA-II,0,42,14.31599483651157,0.001184859975273051,
WeldedBeam,PI-NSGA-II,0,42,9.561334878858919,0.001833066756290877,
WeldedBeam,PI-NSGA-II,0,42,24.893445105777058,0.0006624518750110777,
WeldedBeam,PI-NSGA-II,0,42,28.237928805606995,0.0005811117055466189,
WeldedBeam,PI-NSGA-II,0,42,13.818158602483791,0.0012499949681684392,
WeldedBeam,PI-NSGA-II,0,42,11.71206849647235,0.00146842101524465,
WeldedBeam,PI-NSGA-II,0,42,28.964292117760554,0.0005583751702564876,
WeldedBeam,PI-NSGA-II,0,42,11.009377996541694,0.0015707294723769291,
WeldedBeam,PI-NSGA-II,0,42,14.89624821054634,0.0011351117889311015,
WeldedBeam,PI-NSGA-II,0,42,16.357876229166276,0.001027567599008091,
WeldedBeam,PI-NSGA-II,0,42,7.975032590167907,0.0022905230140685246,
WeldedBeam,PI-NSGA-II,0,42,26.421886169235986,0.0006207863716572144,
WeldedBeam,PI-NSGA-II,0,42,34.65858456632808,0.00047073998010678986,
WeldedBeam,PI-NSGA-II,0,42,17.251528103170983,0.000972188822502179,
WeldedBeam,PI-NSGA-II,0,42,7.4920380553533965,0.002407720069810525,
WeldedBeam,PI-NSGA-II,0,42,14.08088994553816,0.0012052011685508282,
WeldedBeam,PI-NSGA-II,0,42,25.608375134096804,0.0006392682928484281,
WeldedBeam,PI-NSGA-II,0,42,22.588446258322072,0.0007325748361585456,
WeldedBeam,PI-NSGA-II,0,42,8.153490517630313,0.002189064117348226,
WeldedBeam,PI-NSGA-II,0,42,23.825875934932014,0.0006902885008700737,
WeldedBeam,PI-NSGA-II,0,42,14.886789755363932,0.0011530680563151875,
WeldedBeam,PI-NSGA-II,0,42,36.02965164507519,0.000446145421463215,
WeldedBeam,PI-NSGA-II,0,42,25.83772376952246,0.0006332752403896946,
WeldedBeam,PI-NSGA-II,0,42,33.81595106248121,0.00047493780622953564,
WeldedBeam,PI-NSGA-II,0,42,17.89510015431951,0.0009359265640823961,
WeldedBeam,PI-NSGA-II,0,42,21.50239502628133,0.0007711224223747192,
WeldedBeam,PI-NSGA-II,0,42,8.068188278603738,0.002225960508907337,
WeldedBeam,PI-NSGA-II,0,42,8.837285819306107,0.001999958551552397,
WeldedBeam,PI-NSGA-II,0,42,10.092251353765251,0.0017270148922533075,
WeldedBeam,PI-NSGA-II,0,42,10.331076767772727,0.0016834419581417286,
WeldedBeam,PI-NSGA-II,0,42,10.662141158758075,0.0016356807192504101,
WeldedBeam,PI-NSGA-II,0,42,11.439857451333069,0.0015068566496158242,
WeldedBeam,PI-NSGA-II,0,42,21.151388159784208,0.0007844899483178462,
WeldedBeam,PI-NSGA-II,0,42,26.6799106441059,0.0006162273842170312,
WeldedBeam,PI-NSGA-II,0,42,22.94257398539966,0.0007209164138444765,
WeldedBeam,PI-NSGA-II,0,42,17.555450078619526,0.0009550092717587828,
WeldedBeam,PI-NSGA-II,0,42,12.340848450973539,0.0013883605030566367,
WeldedBeam,PI-NSGA-II,0,42,23.40091779576878,0.0007084489768552419,
WeldedBeam,PI-NSGA-II,0,42,30.94987097372329,0.0005329392030064036,
WeldedBeam,PI-NSGA-II,0,42,32.76010024328544,0.0004988158087139023,
WeldedBeam,PI-NSGA-II,0,42,22.196698599036726,0.0007459868748753849,
WeldedBeam,PI-NSGA-II,0,42,16.430550671030947,0.0010226754287955952,
WeldedBeam,PI-NSGA-II,0,42,7.735809368366351,0.0023225181962282988,
WeldedBeam,PI-NSGA-II,0,42,12.006308046914516,0.001434947143567117,
WeldedBeam,PI-NSGA-II,0,42,27.08008940758198,0.0006030556374510777,
WeldedBeam,PI-NSGA-II,0,42,24.393761733243487,0.0006762319072751,
WeldedBeam,PI-NSGA-II,0,42,24.141049223609215,0.0006835824303335362,
WeldedBeam,PI-NSGA-II,0,42,33.31348869513532,0.0004901883639726202,
WeldedBeam,PI-NSGA-II,0,42,27.268726194435228,0.0006024708150143532,
WeldedBeam,PI-NSGA-II,0,42,27.712833254094157,0.0005849401249202299,
WeldedBeam,PI-NSGA-II,0,42,28.673661846012255,0.0005720538688075997,
WeldedBeam,PI-NSGA-II,0,42,8.357765158464519,0.0021288441462298416,
WeldedBeam,PI-NSGA-II,0,42,19.59485488055542,0.0008497836396077861,
WeldedBeam,PI-NSGA-II,0,42,9.831644502730578,0.001778086667546588,
WeldedBeam,PI-NSGA-II,0,42,9.815200640579937,0.001781009302703666,
WeldedBeam,PI-NSGA-II,0,42,7.070239888536027,0.0031322407518447897,
WeldedBeam,PI-NSGA-II,0,42,33.26278504711846,0.0004912184777541336,
WeldedBeam,PI-NSGA-II,0,42,11.307452197478225,0.0015266025362082067,
WeldedBeam,PI-NSGA-II,0,42,33.81534760988795,0.0004749406405445354,
WeldedBeam,PI-NSGA-II,0,42,21.826353488256807,0.0007589933778180307,
WeldedBeam,PI-NSGA-II,0,42,8.35466535471827,0.0021298269497123244,
WeldedBeam,PI-NSGA-II,0,42,31.575074760102805,0.0005179444036022714,
WeldedBeam,PI-NSGA-II,0,42,24.698961113820577,0.0006651996478536635,
WeldedBeam,PI-NSGA-II,0,42,11.129969413188087,0.0015519761523265538,
WeldedBeam,PI-NSGA-II,0,42,10.588773395570932,0.0016392237358525143,
WeldedBeam,PI-NSGA-II,0,42,13.441001013665334,0.0012663902677472216,
WeldedBeam,PI-NSGA-II,0,42,27.65176280787157,0.0005898648704823057,
WeldedBeam,PI-NSGA-II,0,42,35.21490624191719,0.00046368646475324033,
WeldedBeam,PI-NSGA-II,0,42,32.76356162101638,0.0004986533051397349,
WeldedBeam,PI-NSGA-II,0,42,20.33633564065616,0.0008206836922014815,
WeldedBeam,PI-NSGA-II,0,42,23.215956756054727,0.0007118306374222677,
WeldedBeam,PI-NSGA-II,0,42,35.12175347801881,0.00046428357982120473,
WeldedBeam,PI-NSGA-II,0,42,20.738384960130254,0.0008018087463584947,
WeldedBeam,PI-NSGA-II,0,42,20.880777947281775,0.0007948965015310677,
WeldedBeam,PI-NSGA-II,0,42,20.465369106757528,0.0008119321803574383,
WeldedBeam,PI-NSGA-II,0,42,12.12189694392658,0.0014231403892786703,
WeldedBeam,PI-NSGA-II,0,42,10.200408357007861,0.0017070715608012241,
WeldedBeam,PI-NSGA-II,1,43,6.185087991943117,0.0038311344827179255,
WeldedBeam,PI-NSGA-II,1,43,7.9957165117934155,0.0022324860887375556,
WeldedBeam,PI-NSGA-II,1,43,6.57285289086636,0.0031150989131661973,
WeldedBeam,PI-NSGA-II,1,43,6.6617230850177975,0.002742722140882408,
WeldedBeam,PI-NSGA-II,1,43,6.305764400934133,0.0036947422953433136,
WeldedBeam,PI-NSGA-II,1,43,6.3705921099246225,0.003470176780842788,
WeldedBeam,PI-NSGA-II,1,43,6.46693655436574,0.003293528531368806,
WeldedBeam,PI-NSGA-II,1,43,6.3805277355378465,0.0034515321619666595,
WeldedBeam,PI-NSGA-II,1,43,6.532891768388955,0.0032095690786092426,
WeldedBeam,PI-NSGA-II,1,43,6.286739668910791,0.003772122158175231,
WeldedBeam,PI-NSGA-II,1,43,6.3019696362684625,0.0037400914425721418,
WeldedBeam,PI-NSGA-II,1,43,6.4987719414346135,0.00324419172805417,
WeldedBeam,PI-NSGA-II,1,43,7.065916148284268,0.0025658201822146742,
WeldedBeam,PI-NSGA-II,1,43,7.617318185768534,0.002357297371750718,
WeldedBeam,PI-NSGA-II,1,43,7.130918055592548,0.0025385948690778213,
WeldedBeam,PI-NSGA-II,1,43,7.038273851085322,0.002576337891616384,
WeldedBeam,PI-NSGA-II,1,43,6.9724193189653345,0.0026048403031531473,
WeldedBeam,PI-NSGA-II,1,43,7.538935980509745,0.002384355880677019,
WeldedBeam,PI-NSGA-II,1,43,7.149238738283617,0.002531148282790909,
WeldedBeam,PI-NSGA-II,1,43,7.749145849815206,0.002312149800620251,
WeldedBeam,PI-NSGA-II,1,43,7.425215586414092,0.0024254318917962614,
WeldedBeam,PI-NSGA-II,1,43,7.497232788693772,0.0023992278843342134,
WeldedBeam,PI-NSGA-II,1,43,7.515843659588654,0.0023930854297310924,
WeldedBeam,PI-NSGA-II,1,43,7.3738536301715865,0.0024457410731088787,
WeldedBeam,PI-NSGA-II,1,43,6.747690170019648,0.002702828314681072,
WeldedBeam,PI-NSGA-II,1,43,7.2618439533227415,0.0024869688750404568,
WeldedBeam,PI-NSGA-II,1,43,6.7741579294314676,0.002690944905824657,
WeldedBeam,PI-NSGA-II,1,43,7.642757683568945,0.002348212496876414,
WeldedBeam,PI-NSGA-II,1,43,7.237813628572502,0.0024963308023443907,
WeldedBeam,PI-NSGA-II,1,43,7.932005322192771,0.002252480312419679,
WeldedBeam,PI-NSGA-II,1,43,7.17296741027935,0.0025217878113925644,
WeldedBeam,PI-NSGA-II,1,43,6.675309085141691,0.002736273265561994,
WeldedBeam,PI-NSGA-II,1,43,7.0206365575958225,0.0025845817120745654,
WeldedBeam,PI-NSGA-II,1,43,7.397075435738025,0.0024357771367577194,
WeldedBeam,PI-NSGA-II,1,43,7.350155806610632,0.0024534274896567576,
WeldedBeam,PI-NSGA-II,1,43,7.784028034058634,0.002300414844022331,
WeldedBeam,PI-NSGA-II,1,43,7.08573801606551,0.0025569161967438935,
WeldedBeam,PI-NSGA-II,1,43,7.592864672639415,0.0023653683884986075,
WeldedBeam,PI-NSGA-II,1,43,6.783183785105096,0.00268660011124388,
WeldedBeam,PI-NSGA-II,1,43,7.780093977842824,0.0023017236329088025,
WeldedBeam,PI-NSGA-II,1,43,6.98764833926286,0.002597667318311119,
WeldedBeam,PI-NSGA-II,1,43,7.004432816612071,0.002590680045043392,
WeldedBeam,PI-NSGA-II,1,43,7.858345826128202,0.002276155654767936,
WeldedBeam,PI-NSGA-II,1,43,7.306595218403482,0.002470014639136262,
WeldedBeam,PI-NSGA-II,1,43,6.942833705772649,0.00261665091886263,
WeldedBeam,PI-NSGA-II,1,43,6.922240237851456,0.0026253928287050653,
WeldedBeam,PI-NSGA-II,1,43,7.7360102300860945,0.0023165199917046676,
WeldedBeam,PI-NSGA-II,1,43,7.1034751839194135,0.0025496042871552527,
WeldedBeam,PI-NSGA-II,1,43,7.816322933520331,0.0022897390645289797,
WeldedBeam,PI-NSGA-II,1,43,7.473717878075613,0.0024077664477692323,
WeldedBeam,PI-NSGA-II,1,43,7.957525521445327,0.002245105385478301,
WeldedBeam,PI-NSGA-II,1,43,7.559254927517096,0.0023771518965595693,
WeldedBeam,PI-NSGA-II,1,43,7.877160063614929,0.002270198841865923,
WeldedBeam,PI-NSGA-II,1,43,6.823944710105425,0.002668483102745165,
WeldedBeam,PI-NSGA-II,1,43,7.972903507310055,0.002240402854562209,
WeldedBeam,PI-NSGA-II,1,43,7.285747869277363,0.0024777402632722664,
WeldedBeam,PI-NSGA-II,1,43,6.694727985660431,0.0027276232988310495,
WeldedBeam,PI-NSGA-II,1,43,6.737322247676148,0.002707977545070241,
WeldedBeam,PI-NSGA-II,1,43,7.655701651648783,0.002343625890791796,
WeldedBeam,PI-NSGA-II,1,43,7.842077003248437,0.0022814099360364505,
WeldedBeam,PI-NSGA-II,1,43,6.836174096391641,0.0026630216196534234,
WeldedBeam,PI-NSGA-II,1,43,6.88019960284953,0.002643661285471464,
WeldedBeam,PI-NSGA-II,1,43,7.197253742827546,0.0025121021626705905,
WeldedBeam,PI-NSGA-II,1,43,6.703647194019245,0.0027234783613769168,
WeldedBeam,PI-NSGA-II,1,43,6.49146874545127,0.0032474288370197284,
WeldedBeam,PI-NSGA-II,1,43,6.806159978414434,0.002676645865275029,
WeldedBeam,PI-NSGA-II,1,43,6.9024279609955785,0.0026348111199184844,
WeldedBeam,PI-NSGA-II,1,43,7.691829478083417,0.0023312363718243547,
WeldedBeam,PI-NSGA-II,1,43,7.465918400506237,0.0024106277651051947,
WeldedBeam,PI-NSGA-II,1,43,7.337791899512481,0.002458014156494342,
WeldedBeam,PI-NSGA-II,1,43,6.482982685273126,0.0032718686783040733,
WeldedBeam,PI-NSGA-II,1,43,7.829196618893449,0.0022862314777471987,
WeldedBeam,PI-NSGA-II,1,43,6.858846561548358,0.002653184376423141,
WeldedBeam,PI-NSGA-II,1,43,7.390021066840923,0.0024384892420180864,
WeldedBeam,PI-NSGA-II,1,43,7.27663638659516,0.0024814226921237486,
WeldedBeam,PI-NSGA-II,1,43,7.889943049874429,0.0022659306047579314,
WeldedBeam,PI-NSGA-II,1,43,6.885138438987171,0.0026421945353531477,
WeldedBeam,PI-NSGA-II,1,43,7.715640891830334,0.0023234594138617642,
WeldedBeam,PI-NSGA-II,1,43,7.581411134970622,0.0023694144476728626,
WeldedBeam,PI-NSGA-II,1,43,6.850042438218965,0.0026569274563879365,
WeldedBeam,PI-NSGA-II,1,43,7.439207857609796,0.0024202572935450844,
WeldedBeam,PI-NSGA-II,1,43,7.569827136779293,0.002373420324914081,
WeldedBeam,PI-NSGA-II,1,43,6.474224732649243,0.0032871358870413064,
WeldedBeam,PI-NSGA-II,1,43,6.379753626247257,0.0034531244628038006,
WeldedBeam,PI-NSGA-II,1,43,6.940353728822608,0.002617808384583722,
WeldedBeam,PI-NSGA-II,1,43,6.908966920200774,0.0026311297923162233,
WeldedBeam,PI-NSGA-II,1,43,7.919615285362399,0.0022563986865739233,
WeldedBeam,PI-NSGA-II,1,43,7.672398829840793,0.0023380637431472955,
WeldedBeam,PI-NSGA-II,1,43,7.225630092901053,0.002501962083080993,
WeldedBeam,PI-NSGA-II,1,43,7.9009825083299,0.00226258517152492,
WeldedBeam,PI-NSGA-II,1,43,7.676282605777064,0.0023365625105048094,
WeldedBeam,PI-NSGA-II,1,43,6.807764634344695,0.0026759348812249594,
WeldedBeam,PI-NSGA-II,1,43,6.720227575695071,0.002715413693699985,
WeldedBeam,PI-NSGA-II,1,43,7.3251932964359305,0.0024629421929841075,
WeldedBeam,PI-NSGA-II,1,43,7.3192572392215975,0.0024651987886580603,
WeldedBeam,PI-NSGA-II,1,43,6.486157569249835,0.0032661659057944548,
WeldedBeam,PI-NSGA-II,1,43,7.44835779072224,0.002416992185959395,
WeldedBeam,PI-NSGA-II,1,43,7.099420794387756,0.002551486821510676,
WeldedBeam,PI-NSGA-II,1,43,6.719283029646711,0.0027157206467492293,
WeldedBeam,PI-NSGA-II,1,43,7.91068698279844,0.0022592894385823,
WeldedBeam,PI-NSGA-II,2,44,22.155167833374882,0.0007532646445162982,
WeldedBeam,PI-NSGA-II,2,44,3.783112455135106,0.005295646589149814,
WeldedBeam,PI-NSGA-II,2,44,10.454673569947703,0.0016754709503040525,
WeldedBeam,PI-NSGA-II,2,44,9.9895807482845,0.0017514178575747021,
WeldedBeam,PI-NSGA-II,2,44,5.0997966013963785,0.0037781649647540745,
WeldedBeam,PI-NSGA-II,2,44,5.2669657927004785,0.0036844138031081595,
WeldedBeam,PI-NSGA-II,2,44,18.395218158648856,0.0009104003002362596,
WeldedBeam,PI-NSGA-II,2,44,3.861037936023706,0.0051536676774828405,
WeldedBeam,PI-NSGA-II,2,44,15.8075097981193,0.0010829655713342685,
WeldedBeam,PI-NSGA-II,2,44,3.95463058047273,0.005018430080424851,
WeldedBeam,PI-NSGA-II,2,44,17.19451887176665,0.0009840607498493533,
WeldedBeam,PI-NSGA-II,2,44,5.382515944652483,0.0035737550529950316,
WeldedBeam,PI-NSGA-II,2,44,17.91940108028751,0.0009359211224771801,
WeldedBeam,PI-NSGA-II,2,44,17.655712384295043,0.0009573830036009247,
WeldedBeam,PI-NSGA-II,2,44,19.507517382418722,0.0008834142337111598,
WeldedBeam,PI-NSGA-II,2,44,16.286335559365263,0.0010415509898060306,
WeldedBeam,PI-NSGA-II,2,44,7.243653553758072,0.0024924421124937024,
WeldedBeam,PI-NSGA-II,2,44,10.852384667441216,0.0016024767926515644,
WeldedBeam,PI-NSGA-II,2,44,6.147829216793578,0.0030003093522951354,
WeldedBeam,PI-NSGA-II,2,44,4.386705561517368,0.004463432691513532,
WeldedBeam,PI-NSGA-II,2,44,5.9482358046913975,0.003112316296541504,
WeldedBeam,PI-NSGA-II,2,44,7.42248535050441,0.0024248880523751342,
WeldedBeam,PI-NSGA-II,2,44,4.0172471045030615,0.004936061725337175,
WeldedBeam,PI-NSGA-II,2,44,7.083256420520924,0.0025552915391161457,
WeldedBeam,PI-NSGA-II,2,44,14.593187713737914,0.0011630996350456494,
WeldedBeam,PI-NSGA-II,2,44,14.221381553432527,0.001201475125548415,
WeldedBeam,PI-NSGA-II,2,44,5.609626191406205,0.0034082578049900118,
WeldedBeam,PI-NSGA-II,2,44,5.701578483211951,0.0033401741885780117,
WeldedBeam,PI-NSGA-II,2,44,10.965482173534285,0.0015887939049097583,
WeldedBeam,PI-NSGA-II,2,44,4.817773177349087,0.004046361309142373,
WeldedBeam,PI-NSGA-II,2,44,6.489749003063908,0.0028218153293570465,
WeldedBeam,PI-NSGA-II,2,44,6.619615238143389,0.002768816248685724,
WeldedBeam,PI-NSGA-II,2,44,4.312499555511866,0.004650061342578461,
WeldedBeam,PI-NSGA-II,2,44,11.763528789734913,0.0014859203833292385,
WeldedBeam,PI-NSGA-II,2,44,4.18662538197249,0.004705444370726281,
WeldedBeam,PI-NSGA-II,2,44,18.875819998561667,0.0009013504394748415,
WeldedBeam,PI-NSGA-II,2,44,20.296264756419514,0.0008280240251442962,
WeldedBeam,PI-NSGA-II,2,44,4.07877972629161,0.004846746587497661,
WeldedBeam,PI-NSGA-II,2,44,8.6205894994855,0.002055991628661377,
WeldedBeam,PI-NSGA-II,2,44,4.956663675769612,0.003909402368632812,
WeldedBeam,PI-NSGA-II,2,44,15.450668712691126,0.0010944986893767876,
WeldedBeam,PI-NSGA-II,2,44,12.847608131239108,0.0013386408193752123,
WeldedBeam,PI-NSGA-II,2,44,14.800839849706216,0.0011455855269135759,
WeldedBeam,PI-NSGA-II,2,44,13.754125021083428,0.001244711333764785,
WeldedBeam,PI-NSGA-II,2,44,5.827685441491497,0.0031927044213157954,
WeldedBeam,PI-NSGA-II,2,44,4.671828151756491,0.00428534256649519,
WeldedBeam,PI-NSGA-II,2,44,4.12535745822708,0.004784815557168886,
WeldedBeam,PI-NSGA-II,2,44,6.744127773904726,0.0026990748070753984,
WeldedBeam,PI-NSGA-II,2,44,16.482532436280174,0.0010289989385605471,
WeldedBeam,PI-NSGA-II,2,44,6.93733964085793,0.0026173319121417624,
WeldedBeam,PI-NSGA-II,2,44,6.069249580569704,0.0030448864402903212,
WeldedBeam,PI-NSGA-II,2,44,3.806978325571298,0.005242736637897222,
WeldedBeam,PI-NSGA-II,2,44,4.8705103262726315,0.0039955861048406515,
WeldedBeam,PI-NSGA-II,2,44,12.237500512193215,0.0014199986739628987,
WeldedBeam,PI-NSGA-II,2,44,14.033898211565539,0.001223336774080864,
WeldedBeam,PI-NSGA-II,2,44,8.553565461816802,0.002081141252678602,
WeldedBeam,PI-NSGA-II,2,44,6.359239266548065,0.0029042374048954727,
WeldedBeam,PI-NSGA-II,2,44,9.734192340437057,0.001801118187297174,
WeldedBeam,PI-NSGA-II,2,44,11.337102677588847,0.0015295957892495374,
WeldedBeam,PI-NSGA-II,2,44,11.814198059622042,0.001463057886267436,
WeldedBeam,PI-NSGA-II,2,44,9.637029662940353,0.001820808316512805,
WeldedBeam,PI-NSGA-II,2,44,11.337642468767465,0.0015284746624815554,
WeldedBeam,PI-NSGA-II,2,44,4.680246558819816,0.004150505337581773,
WeldedBeam,PI-NSGA-II,2,44,12.109080704729745,0.0014199986888247219,
WeldedBeam,PI-NSGA-II,2,44,20.652449079865733,0.0008130616689837579,
WeldedBeam,PI-NSGA-II,2,44,20.016444975290835,0.0008345542957933705,
WeldedBeam,PI-NSGA-II,2,44,21.06853754595199,0.0007985265874834061,
WeldedBeam,PI-NSGA-II,2,44,21.299472086742334,0.0007851335563039116,
WeldedBeam,PI-NSGA-II,2,44,8.89519348421728,0.0019878402758798253,
WeldedBeam,PI-NSGA-II,2,44,8.011480233192904,0.0022278853115661537,
WeldedBeam,PI-NSGA-II,2,44,4.689041333641022,0.004141722500384682,
WeldedBeam,PI-NSGA-II,2,44,15.16513223339502,0.001133357909040236,
WeldedBeam,PI-NSGA-II,2,44,8.912894463750975,0.001986140142942482,
WeldedBeam,PI-NSGA-II,2,44,12.560009182486557,0.0013710333872457845,
WeldedBeam,PI-NSGA-II,2,44,8.316065214815607,0.002138741161148963,
WeldedBeam,PI-NSGA-II,2,44,7.627477973036508,0.0023562034691427783,
WeldedBeam,PI-NSGA-II,2,44,13.506431048091793,0.0012632694833685984,
WeldedBeam,PI-NSGA-II,2,44,6.843437500701103,0.0026576996436840066,
WeldedBeam,PI-NSGA-II,2,44,8.22849697173396,0.002165379411151377,
WeldedBeam,PI-NSGA-II,2,44,18.856455048412634,0.0009020093961175785,
WeldedBeam,PI-NSGA-II,2,44,9.167437551441788,0.0019221531348648552,
WeldedBeam,PI-NSGA-II,2,44,19.76579392897357,0.0008423460344118205,
WeldedBeam,PI-NSGA-II,2,44,21.895423507526186,0.0007625579064553187,
WeldedBeam,PI-NSGA-II,2,44,4.471641689143934,0.004367337108499528,
WeldedBeam,PI-NSGA-II,2,44,7.577024635870075,0.0023703194212224272,
WeldedBeam,PI-NSGA-II,2,44,5.769977480494019,0.003251085880221571,
WeldedBeam,PI-NSGA-II,2,44,7.8026308631942864,0.002295120359961656,
WeldedBeam,PI-NSGA-II,2,44,5.492106827664349,0.0034852206579360817,
WeldedBeam,PI-NSGA-II,2,44,20.825717916989475,0.0008130610056140307,
WeldedBeam,PI-NSGA-II,2,44,16.82849278788093,0.0010069575522354069,
WeldedBeam,PI-NSGA-II,2,44,8.058627376331403,0.0022188071000999983,
WeldedBeam,PI-NSGA-II,2,44,5.478952525140831,0.0034944000462301464,
WeldedBeam,PI-NSGA-II,2,44,6.371608066512092,0.002898021722097781,
WeldedBeam,PI-NSGA-II,2,44,13.13970930666243,0.0013024406243702467,
WeldedBeam,PI-NSGA-II,2,44,4.319830050090829,0.004553917034675202,
WeldedBeam,PI-NSGA-II,2,44,9.400159411837292,0.0018707995721623217,
WeldedBeam,PI-NSGA-II,2,44,21.565347382537652,0.0007773984340622044,
WeldedBeam,PI-NSGA-II,2,44,15.235069491650748,0.0011170303253838978,
WeldedBeam,PI-NSGA-II,2,44,9.167476208927386,0.0019221266603895585,
WeldedBeam,PI-NSGA-II,2,44,9.402716656831368,0.0018702881689362026,
WeldedBeam,PI-NSGA-II,3,45,5.2475934909575885,0.003625406292547787,
WeldedBeam,PI-NSGA-II,3,45,12.141722416012465,0.001412955274318523,
WeldedBeam,PI-NSGA-II,3,45,10.136469117189176,0.001726101056819024,
WeldedBeam,PI-NSGA-II,3,45,6.095922829187393,0.0030327339772307275,
WeldedBeam,PI-NSGA-II,3,45,6.248667841445029,0.002951311080164018,
WeldedBeam,PI-NSGA-II,3,45,5.286419393597921,0.0035640129269174773,
WeldedBeam,PI-NSGA-II,3,45,8.85952240513361,0.002006667705205034,
WeldedBeam,PI-NSGA-II,3,45,11.741304765463168,0.0014647252949015763,
WeldedBeam,PI-NSGA-II,3,45,6.5105641984349925,0.002819172777152026,
WeldedBeam,PI-NSGA-II,3,45,8.99007321723904,0.001971572257844419,
WeldedBeam,PI-NSGA-II,3,45,10.302901235524581,0.0016912268031296902,
WeldedBeam,PI-NSGA-II,3,45,7.7593351164041575,0.002321192711100826,
WeldedBeam,PI-NSGA-II,3,45,7.969935571431451,0.002264366429170459,
WeldedBeam,PI-NSGA-II,3,45,11.941484755459706,0.0014385068674230743,
WeldedBeam,PI-NSGA-II,3,45,6.628718118679894,0.0027633823513706552,
WeldedBeam,PI-NSGA-II,3,45,5.7869067553701425,0.0032166883494087477,
WeldedBeam,PI-NSGA-II,3,45,10.518987455174011,0.0016530418593120322,
WeldedBeam,PI-NSGA-II,3,45,6.045901738840883,0.003065167920597263,
WeldedBeam,PI-NSGA-II,3,45,5.622496999793859,0.0033254277954820593,
WeldedBeam,PI-NSGA-II,3,45,6.8630052966418384,0.002656109001276997,
WeldedBeam,PI-NSGA-II,3,45,7.641111143340068,0.0023605199613440666,
WeldedBeam,PI-NSGA-II,3,45,9.707138836429085,0.001807641123929108,
WeldedBeam,PI-NSGA-II,3,45,9.9443975567988,0.0017615941031583968,
WeldedBeam,PI-NSGA-II,3,45,8.75788804052731,0.002028441015467996,
WeldedBeam,PI-NSGA-II,3,45,5.671036172422688,0.0032932011468681816,
WeldedBeam,PI-NSGA-II,3,45,11.563897169854872,0.0014892436182874949,
WeldedBeam,PI-NSGA-II,3,45,8.364309151807099,0.002138576062309652,
WeldedBeam,PI-NSGA-II,3,45,7.060500554807899,0.002589463100565509,
WeldedBeam,PI-NSGA-II,3,45,11.27511017590052,0.0015326160559554572,
WeldedBeam,PI-NSGA-II,3,45,5.849538784394644,0.0031774772479212297,
WeldedBeam,PI-NSGA-II,3,45,7.895938123166375,0.0022909813062496555,
WeldedBeam,PI-NSGA-II,3,45,11.842245799847934,0.0014529704702043289,
WeldedBeam,PI-NSGA-II,3,45,9.342550886954358,0.0018901727921203295,
WeldedBeam,PI-NSGA-II,3,45,11.16487724597222,0.001547860855519938,
WeldedBeam,PI-NSGA-II,3,45,6.746943537000744,0.0027096464200749124,
WeldedBeam,PI-NSGA-II,3,45,7.234305827492093,0.0025068388185715794,
WeldedBeam,PI-NSGA-II,3,45,9.467504448746904,0.0018659346669026274,
WeldedBeam,PI-NSGA-II,3,45,11.360189628935387,0.0015187209650569568,
WeldedBeam,PI-NSGA-II,3,45,10.420811800575295,0.001672202462375717,
WeldedBeam,PI-NSGA-II,3,45,6.36641342538258,0.002883395522857498,
WeldedBeam,PI-NSGA-II,3,45,8.052369355553878,0.0022303603470226847,
WeldedBeam,PI-NSGA-II,3,45,9.490071292869773,0.0018537056093283848,
WeldedBeam,PI-NSGA-II,3,45,11.451986808871169,0.0015058303809839756,
WeldedBeam,PI-NSGA-II,3,45,8.451096733428079,0.002115173389430748,
WeldedBeam,PI-NSGA-II,3,45,6.424880681007243,0.002862945101534736,
WeldedBeam,PI-NSGA-II,3,45,8.494101634930125,0.0021002082075757184,
WeldedBeam,PI-NSGA-II,3,45,7.456831182292895,0.0024264345404487824,
WeldedBeam,PI-NSGA-II,3,45,11.087347205193867,0.0015618224502505719,
WeldedBeam,PI-NSGA-II,3,45,6.9590577681965895,0.0026128285830709164,
WeldedBeam,PI-NSGA-II,3,45,5.931305189600708,0.0031350767972020905,
WeldedBeam,PI-NSGA-II,3,45,5.347898138323146,0.003524624181332135,
WeldedBeam,PI-NSGA-II,3,45,5.403177053949804,0.0034795255454396767,
WeldedBeam,PI-NSGA-II,3,45,6.9424852215532535,0.0026275877728760967,
WeldedBeam,PI-NSGA-II,3,45,7.8122955056807895,0.0023043036798375952,
WeldedBeam,PI-NSGA-II,3,45,9.606364260008506,0.0018300142113600584,
WeldedBeam,PI-NSGA-II,3,45,10.635457662615677,0.001637782126231815,
WeldedBeam,PI-NSGA-II,3,45,7.338778132820917,0.002469486276411957,
WeldedBeam,PI-NSGA-II,3,45,6.464231610796442,0.002834968959831988,
WeldedBeam,PI-NSGA-II,3,45,10.665174220317173,0.001627962464750964,
WeldedBeam,PI-NSGA-II,3,45,7.618952074782512,0.002374192432582142,
WeldedBeam,PI-NSGA-II,3,45,6.690494057225745,0.0027342141162654174,
WeldedBeam,PI-NSGA-II,3,45,10.813867499850282,0.0016256075066675263,
WeldedBeam,PI-NSGA-II,3,45,9.199563645929425,0.0019327112035903505,
WeldedBeam,PI-NSGA-II,3,45,5.71935650012077,0.0032605019678514325,
WeldedBeam,PI-NSGA-II,3,45,9.068538577667905,0.0019499932093814492,
WeldedBeam,PI-NSGA-II,3,45,11.00610890759745,0.0015738588335826671,
WeldedBeam,PI-NSGA-II,3,45,9.818814803041832,0.001785267512354258,
WeldedBeam,PI-NSGA-II,3,45,5.733119335615496,0.0032458731425112214,
WeldedBeam,PI-NSGA-II,3,45,6.330249567207376,0.002915719707099203,
WeldedBeam,PI-NSGA-II,3,45,5.98323129334149,0.003098314061878959,
WeldedBeam,PI-NSGA-II,3,45,9.9443643198888,0.001761613832485974,
WeldedBeam,PI-NSGA-II,3,45,8.292466026681035,0.0021574974793928075,
WeldedBeam,PI-NSGA-II,3,45,8.683658655726092,0.00204836161115061,
WeldedBeam,PI-NSGA-II,3,45,12.093268853991852,0.001424226121464237,
WeldedBeam,PI-NSGA-II,3,45,5.362959351718063,0.0035133235439807104,
WeldedBeam,PI-NSGA-II,3,45,8.229785421649412,0.002189467881790016,
WeldedBeam,PI-NSGA-II,3,45,9.226612632400656,0.0019126324656785166,
WeldedBeam,PI-NSGA-II,3,45,5.562227343137356,0.00336420425987032,
WeldedBeam,PI-NSGA-II,3,45,8.581729012725422,0.0020774986562835697,
WeldedBeam,PI-NSGA-II,3,45,10.821143050487356,0.0016096375315986277,
WeldedBeam,PI-NSGA-II,3,45,9.30982129450311,0.0019055996881917525,
WeldedBeam,PI-NSGA-II,3,45,9.106241773634409,0.0019417101192340744,
WeldedBeam,PI-NSGA-II,3,45,5.510346254873979,0.0034043926885457348,
WeldedBeam,PI-NSGA-II,3,45,9.815767689780769,0.0017871203693264213,
WeldedBeam,PI-NSGA-II,3,45,5.567496604397714,0.0033604253838341092,
WeldedBeam,PI-NSGA-II,3,45,10.351608779589936,0.0016825321190447385,
WeldedBeam,PI-NSGA-II,3,45,7.138340570723202,0.002545838083353611,
WeldedBeam,PI-NSGA-II,3,45,7.20878004890212,0.0025182715106959407,
WeldedBeam,PI-NSGA-II,3,45,9.626312668928744,0.0018242529637131734,
WeldedBeam,PI-NSGA-II,3,45,10.897444558117389,0.0015916458458411305,
WeldedBeam,PI-NSGA-II,3,45,5.972566140356801,0.003105736881982223,
WeldedBeam,PI-NSGA-II,3,45,11.543558807762183,0.0014972325258642402,
WeldedBeam,PI-NSGA-II,3,45,8.178123252428255,0.0022045861147626284,
WeldedBeam,PI-NSGA-II,3,45,7.540133038721488,0.002397448446098112,
WeldedBeam,PI-NSGA-II,3,45,8.258438289756391,0.002167796566930392,
WeldedBeam,PI-NSGA-II,3,45,7.089734732741137,0.0025622088168722906,
WeldedBeam,PI-NSGA-II,3,45,7.514248520168153,0.002404670854470517,
WeldedBeam,PI-NSGA-II,3,45,8.58172899494936,0.002077498670910361,
WeldedBeam,PI-NSGA-II,3,45,5.439181472726897,0.0034634562991021096,
WeldedBeam,PI-NSGA-II,3,45,6.8029978447616495,0.0026817919144272507,
WeldedBeam,PI-NSGA-II,4,46,7.036767261135376,0.0025755970510386284,
WeldedBeam,PI-NSGA-II,4,46,7.957070089310365,0.0022444164267171546,
WeldedBeam,PI-NSGA-II,4,46,7.884331879308094,0.002267392604422402,
WeldedBeam,PI-NSGA-II,4,46,7.561431554221767,0.0023754955368210967,
WeldedBeam,PI-NSGA-II,4,46,7.580278557424827,0.0023696225701468096,
WeldedBeam,PI-NSGA-II,4,46,7.909228480094553,0.0022597585448082217,
WeldedBeam,PI-NSGA-II,4,46,7.594427955903231,0.0023646232478434005,
WeldedBeam,PI-NSGA-II,4,46,7.829819361746574,0.0022853046773511493,
WeldedBeam,PI-NSGA-II,4,46,7.352151660515512,0.0024513898793421794,
WeldedBeam,PI-NSGA-II,4,46,7.47077000743858,0.0024080144990102797,
WeldedBeam,PI-NSGA-II,4,46,7.370492734849227,0.002444979480625177,
WeldedBeam,PI-NSGA-II,4,46,7.1433965346543085,0.00253460873448438,
WeldedBeam,PI-NSGA-II,4,46,7.810720283484902,0.0022911271272057837,
WeldedBeam,PI-NSGA-II,4,46,7.846728477287936,0.002279993176444002,
WeldedBeam,PI-NSGA-II,4,46,7.713588475906366,0.0023236911642539122,
WeldedBeam,PI-NSGA-II,4,46,7.669617349995317,0.0023386523353474925,
WeldedBeam,PI-NSGA-II,4,46,7.523905700466809,0.002388892003599043,
WeldedBeam,PI-NSGA-II,4,46,7.862622561430788,0.002274484430214078,
WeldedBeam,PI-NSGA-II,4,46,7.547205113921772,0.002381118518814035,
WeldedBeam,PI-NSGA-II,4,46,7.704219691415328,0.0023271916668835017,
WeldedBeam,PI-NSGA-II,4,46,7.944219768521192,0.0022487056961369954,
WeldedBeam,PI-NSGA-II,4,46,7.129049310573561,0.0025385104102292047,
WeldedBeam,PI-NSGA-II,4,46,7.685090437865842,0.0023337227350036373,
WeldedBeam,PI-NSGA-II,4,46,7.4847548346608095,0.002403289928229363,
WeldedBeam,PI-NSGA-II,4,46,7.397102096467774,0.0024350611368514886,
WeldedBeam,PI-NSGA-II,4,46,7.338475553158258,0.0024571600706363556,
WeldedBeam,PI-NSGA-II,4,46,7.309801587665399,0.002468310550236114,
WeldedBeam,PI-NSGA-II,4,46,7.360666906789398,0.002448328192411274,
WeldedBeam,PI-NSGA-II,4,46,7.265605775721705,0.002485289771564524,
WeldedBeam,PI-NSGA-II,4,46,7.461853023196765,0.0024116822412682034,
WeldedBeam,PI-NSGA-II,4,46,7.647589079491004,0.0023459095769193345,
WeldedBeam,PI-NSGA-II,4,46,7.3176113441306,0.0024644374640613365,
WeldedBeam,PI-NSGA-II,4,46,7.32680982009875,0.0024620514090944825,
WeldedBeam,PI-NSGA-II,4,46,7.4137938314001595,0.0024295107163651137,
WeldedBeam,PI-NSGA-II,4,46,7.441966969351967,0.002418899125408232,
WeldedBeam,PI-NSGA-II,4,46,7.425340209606981,0.0024253461327622345,
WeldedBeam,PI-NSGA-II,4,46,7.255721604111261,0.0024889356457282446,
WeldedBeam,PI-NSGA-II,4,46,7.211748315959858,0.002505122163003704,
WeldedBeam,PI-NSGA-II,4,46,7.728787567018504,0.002318077228657287,
WeldedBeam,PI-NSGA-II,4,46,7.8386830820843345,0.0022822505484856375,
WeldedBeam,PI-NSGA-II,4,46,7.539436982424184,0.002383538549993793,
WeldedBeam,PI-NSGA-II,4,46,7.183342804018692,0.0025172292746183833,
WeldedBeam,PI-NSGA-II,4,46,7.27698595431243,0.0024798558507906554,
WeldedBeam,PI-NSGA-II,4,46,7.120551229939464,0.0025415255142821015,
WeldedBeam,PI-NSGA-II,4,46,7.496514107139433,0.0023985395942750383,
WeldedBeam,PI-NSGA-II,4,46,7.6064813140029255,0.002359969563493478,
WeldedBeam,PI-NSGA-II,4,46,7.16874140501463,0.0025227987330990426,
WeldedBeam,PI-NSGA-II,4,46,7.097562652618747,0.002550820069190912,
WeldedBeam,PI-NSGA-II,4,46,7.058549715808049,0.0025672432105925047,
WeldedBeam,PI-NSGA-II,4,46,7.233003872841165,0.0024978428957491347,
WeldedBeam,PI-NSGA-II,4,46,7.089168785698889,0.0025549740260179233,
WeldedBeam,PI-NSGA-II,4,46,7.683854005505558,0.0023347117333502422,
WeldedBeam,PI-NSGA-II,4,46,7.071113364733745,0.0025625274023361763,
WeldedBeam,PI-NSGA-II,4,46,7.193374658997781,0.002513361763531121,
WeldedBeam,PI-NSGA-II,4,46,7.740368359131226,0.002315353830610484,
WeldedBeam,PI-NSGA-II,4,46,7.244539711092493,0.002493004334883542,
WeldedBeam,PI-NSGA-II,4,46,7.38429825853129,0.002440295497722871,
WeldedBeam,PI-NSGA-II,4,46,7.506101365024994,0.002395175229555105,
WeldedBeam,PI-NSGA-II,4,46,7.084015281762152,0.002556443081348326,
WeldedBeam,PI-NSGA-II,4,46,7.38526993656202,0.0024402945967099956,
WeldedBeam,PI-NSGA-II,4,46,7.055610000662073,0.0025676414285099648,
WeldedBeam,PI-NSGA-II,4,46,7.075579147992335,0.002559951062050685,
WeldedBeam,PI-NSGA-II,4,46,7.520846970446414,0.002392809717349067,
WeldedBeam,PI-NSGA-II,4,46,7.9219840717150625,0.002255729189969112,
WeldedBeam,PI-NSGA-II,4,46,7.7449505464620945,0.0023130645446799714,
WeldedBeam,PI-NSGA-II,4,46,7.773184418497993,0.0023042522151883035,
WeldedBeam,PI-NSGA-II,4,46,7.77686217123155,0.002302181745049495,
WeldedBeam,PI-NSGA-II,4,46,7.787260126376895,0.002298664717428297,
WeldedBeam,PI-NSGA-II,4,46,7.3340931552815585,0.0024580861094527177,
WeldedBeam,PI-NSGA-II,4,46,7.1136724517442875,0.002544046447962972,
WeldedBeam,PI-NSGA-II,4,46,7.108343040278491,0.0025461961561090603,
WeldedBeam,PI-NSGA-II,4,46,7.491293289760154,0.0024007386606848184,
WeldedBeam,PI-NSGA-II,4,46,7.045946899245012,0.002572480789610319,
WeldedBeam,PI-NSGA-II,4,46,7.207280213321651,0.0025072289805844958,
WeldedBeam,PI-NSGA-II,4,46,7.222607019516392,0.002500888626252278,
WeldedBeam,PI-NSGA-II,4,46,7.753213830748663,0.002310434827472622,
WeldedBeam,PI-NSGA-II,4,46,7.7639351383857305,0.002306855593606019,
WeldedBeam,PI-NSGA-II,4,46,7.915635782901393,0.0022577373107242195,
WeldedBeam,PI-NSGA-II,4,46,7.799395882178128,0.0022952816326064357,
WeldedBeam,PI-NSGA-II,4,46,7.452805728841462,0.0024151861416198276,
WeldedBeam,PI-NSGA-II,4,46,7.640751660516232,0.0023485902130889772,
WeldedBeam,PI-NSGA-II,4,46,7.619321192705883,0.0023562348715710454,
WeldedBeam,PI-NSGA-II,4,46,7.657465720413123,0.002342199559409386,
WeldedBeam,PI-NSGA-II,4,46,7.301216424282898,0.0024716079013509303,
WeldedBeam,PI-NSGA-II,4,46,7.200898505022444,0.002510142048336732,
WeldedBeam,PI-NSGA-II,4,46,7.150364190986791,0.002529710787367788,
WeldedBeam,PI-NSGA-II,4,46,7.286629629276025,0.0024770358915317077,
WeldedBeam,PI-NSGA-II,4,46,7.65875832833715,0.002341753239400705,
WeldedBeam,PI-NSGA-II,4,46,7.635962215371857,0.0023500518451133735,
WeldedBeam,PI-NSGA-II,4,46,7.8730803139623715,0.0022711375755880845,
WeldedBeam,PI-NSGA-II,4,46,7.403191441042558,0.002433176311669007,
WeldedBeam,PI-NSGA-II,4,46,7.159112626388958,0.0025268612319268155,
WeldedBeam,PI-NSGA-II,4,46,7.935217016777971,0.002251795417980175,
WeldedBeam,PI-NSGA-II,4,46,7.514437769649392,0.002395080149075005,
WeldedBeam,PI-NSGA-II,4,46,7.627921997870316,0.00235241608748495,
WeldedBeam,PI-NSGA-II,4,46,7.168740264755536,0.0025228000891455264,
WeldedBeam,PI-NSGA-II,4,46,7.408213044914218,0.002431302479955133,
WeldedBeam,PI-NSGA-II,4,46,7.183716239631103,0.0025170376667039084,
WeldedBeam,PI-NSGA-II,4,46,7.805174439349517,0.002292828842411494,
WeldedBeam,PI-NSGA-II,4,46,7.929478866193075,0.0022531353779808865,
WeldedBeam,PI-NSGA-II,5,47,5.339244484942776,0.0037177788663398867,
WeldedBeam,PI-NSGA-II,5,47,9.933472877067071,0.0017593574525527403,
WeldedBeam,PI-NSGA-II,5,47,5.353246463523153,0.00350957548758425,
WeldedBeam,PI-NSGA-II,5,47,5.3403620646641725,0.003715098601090202,
WeldedBeam,PI-NSGA-II,5,47,5.605937652526771,0.0033362646373231606,
WeldedBeam,PI-NSGA-II,5,47,8.012832867066109,0.0022282643142505485,
WeldedBeam,PI-NSGA-II,5,47,5.551212143571123,0.0033716389205211356,
WeldedBeam,PI-NSGA-II,5,47,7.5009251476628265,0.002398215225162474,
WeldedBeam,PI-NSGA-II,5,47,7.410610251963556,0.00243020674270881,
WeldedBeam,PI-NSGA-II,5,47,5.706420004123795,0.0032804875395652405,
WeldedBeam,PI-NSGA-II,5,47,8.121310184492303,0.0021942601383631707,
WeldedBeam,PI-NSGA-II,5,47,5.808310017671492,0.003200868217915032,
WeldedBeam,PI-NSGA-II,5,47,5.753513733559327,0.003239351157221352,
WeldedBeam,PI-NSGA-II,5,47,6.79923015101415,0.0026759363943757875,
WeldedBeam,PI-NSGA-II,5,47,8.64399522721278,0.002047878077997947,
WeldedBeam,PI-NSGA-II,5,47,8.500103630443808,0.0020860537992066033,
WeldedBeam,PI-NSGA-II,5,47,7.940121889716114,0.0022561533407669484,
WeldedBeam,PI-NSGA-II,5,47,6.575094098097342,0.002779587358449481,
WeldedBeam,PI-NSGA-II,5,47,9.472672908446942,0.001856176558171804,
WeldedBeam,PI-NSGA-II,5,47,6.223659518090258,0.0029568038729886506,
WeldedBeam,PI-NSGA-II,5,47,5.99242071343815,0.003087573799880072,
WeldedBeam,PI-NSGA-II,5,47,6.9292269638839405,0.0026199156875273415,
WeldedBeam,PI-NSGA-II,5,47,8.729587470014865,0.0020259544679978357,
WeldedBeam,PI-NSGA-II,5,47,7.29417044298318,0.002473553191492962,
WeldedBeam,PI-NSGA-II,5,47,7.563870449384197,0.0023742716678416304,
WeldedBeam,PI-NSGA-II,5,47,6.302707709390082,0.0029252539942909855,
WeldedBeam,PI-NSGA-II,5,47,6.49512035921717,0.0028227247092491806,
WeldedBeam,PI-NSGA-II,5,47,6.045108361956099,0.0030576936947165805,
WeldedBeam,PI-NSGA-II,5,47,5.490002835845385,0.003413634186588349,
WeldedBeam,PI-NSGA-II,5,47,9.066174208787471,0.0019459358887153738,
WeldedBeam,PI-NSGA-II,5,47,9.186335621690871,0.0019186445417098028,
WeldedBeam,PI-NSGA-II,5,47,6.9821470877140195,0.002597083996615706,
WeldedBeam,PI-NSGA-II,5,47,7.227799823482582,0.002507357111405883,
WeldedBeam,PI-NSGA-II,5,47,5.844985154635056,0.0031759992538366714,
WeldedBeam,PI-NSGA-II,5,47,7.61220824046682,0.0023572484849047645,
WeldedBeam,PI-NSGA-II,5,47,7.667028661014372,0.0023384810459505328,
WeldedBeam,PI-NSGA-II,5,47,9.132992461248506,0.001928815815909756,
WeldedBeam,PI-NSGA-II,5,47,6.136122559683637,0.003006506203113513,
WeldedBeam,PI-NSGA-II,5,47,5.401458247289219,0.003472775809629197,
WeldedBeam,PI-NSGA-II,5,47,7.760021054914924,0.002315580347153241,
WeldedBeam,PI-NSGA-II,5,47,6.374884229267931,0.002880852532863133,
WeldedBeam,PI-NSGA-II,5,47,8.428919971080367,0.0021063558477643807,
WeldedBeam,PI-NSGA-II,5,47,7.81655671713212,0.0022917306741712887,
WeldedBeam,PI-NSGA-II,5,47,6.8746620715176885,0.0026444888518823424,
WeldedBeam,PI-NSGA-II,5,47,7.8784024401111115,0.0022700210474115405,
WeldedBeam,PI-NSGA-II,5,47,9.010703381557324,0.0019596674890287567,
WeldedBeam,PI-NSGA-II,5,47,8.33872694898343,0.0021308450093485247,
WeldedBeam,PI-NSGA-II,5,47,9.390948356503012,0.0018711735728540052,
WeldedBeam,PI-NSGA-II,5,47,8.875621464028043,0.001990102375496461,
WeldedBeam,PI-NSGA-II,5,47,9.748622407374038,0.0017956165860504012,
WeldedBeam,PI-NSGA-II,5,47,9.261824418603245,0.0019009982026772824,
WeldedBeam,PI-NSGA-II,5,47,7.0526252794831885,0.002567614761287306,
WeldedBeam,PI-NSGA-II,5,47,7.717755293229083,0.0023229143079913166,
WeldedBeam,PI-NSGA-II,5,47,5.452056121053596,0.003443323188294394,
WeldedBeam,PI-NSGA-II,5,47,5.708700000978612,0.0032602197982227765,
WeldedBeam,PI-NSGA-II,5,47,7.159703070099054,0.0025251956937539363,
WeldedBeam,PI-NSGA-II,5,47,6.760300363541402,0.0026968334301554608,
WeldedBeam,PI-NSGA-II,5,47,7.029830906179673,0.0025803536691298696,
WeldedBeam,PI-NSGA-II,5,47,9.837392113863668,0.0017944815277277104,
WeldedBeam,PI-NSGA-II,5,47,8.570631816415458,0.002067333550276742,
WeldedBeam,PI-NSGA-II,5,47,6.480104095657308,0.0028259336629961594,
WeldedBeam,PI-NSGA-II,5,47,6.679652523793672,0.002732440803137209,
WeldedBeam,PI-NSGA-II,5,47,6.110620562667469,0.003035785165271042,
WeldedBeam,PI-NSGA-II,5,47,7.108640505974411,0.002550818757805092,
WeldedBeam,PI-NSGA-II,5,47,8.271224512313037,0.0021503258833727727,
WeldedBeam,PI-NSGA-II,5,47,9.925388721874544,0.0017624812085205832,
WeldedBeam,PI-NSGA-II,5,47,6.34764276854361,0.0028928860132848566,
WeldedBeam,PI-NSGA-II,5,47,9.539868591198442,0.0018383768069606848,
WeldedBeam,PI-NSGA-II,5,47,9.678129819947024,0.001810583691851135,
WeldedBeam,PI-NSGA-II,5,47,9.311287049451211,0.001888032180875768,
WeldedBeam,PI-NSGA-II,5,47,7.3462141664044,0.0024530540447560713,
WeldedBeam,PI-NSGA-II,5,47,5.888248181994033,0.0031535057876732444,
WeldedBeam,PI-NSGA-II,5,47,6.427003648272815,0.0028546006148848376,
WeldedBeam,PI-NSGA-II,5,47,9.550766983426811,0.0018360707240178671,
WeldedBeam,PI-NSGA-II,5,47,6.325228539874401,0.0029131209845589443,
WeldedBeam,PI-NSGA-II,5,47,6.4305571199728275,0.0028520889700205552,
WeldedBeam,PI-NSGA-II,5,47,5.423858622505233,0.003465703356744261,
WeldedBeam,PI-NSGA-II,5,47,9.364042584169736,0.0018761455906446416,
WeldedBeam,PI-NSGA-II,5,47,8.582194793524273,0.002064134732232907,
WeldedBeam,PI-NSGA-II,5,47,8.205466082284104,0.0021689651060753383,
WeldedBeam,PI-NSGA-II,5,47,8.825478116295145,0.0020017198802915184,
WeldedBeam,PI-NSGA-II,5,47,6.082564063473012,0.0030392203662549856,
WeldedBeam,PI-NSGA-II,5,47,6.59620868608221,0.002769401678784117,
WeldedBeam,PI-NSGA-II,5,47,9.847429197004779,0.0017761673583697388,
WeldedBeam,PI-NSGA-II,5,47,8.280788489980281,0.002147582664538975,
WeldedBeam,PI-NSGA-II,5,47,8.774493179167333,0.002014556390157603,
WeldedBeam,PI-NSGA-II,5,47,7.8604292405748115,0.0022895347906340333,
WeldedBeam,PI-NSGA-II,5,47,6.877299740776947,0.002641773272371264,
WeldedBeam,PI-NSGA-II,5,47,6.1726213776548455,0.002987839848502554,
WeldedBeam,PI-NSGA-II,5,47,7.118291368806765,0.0025415312052952644,
WeldedBeam,PI-NSGA-II,5,47,5.9542550468969075,0.0031120883679722454,
WeldedBeam,PI-NSGA-II,5,47,7.19299683277676,0.002512735286688712,
WeldedBeam,PI-NSGA-II,5,47,5.466689193985509,0.0034222834363859043,
WeldedBeam,PI-NSGA-II,5,47,9.621953973337462,0.0018213324141444567,
WeldedBeam,PI-NSGA-II,5,47,9.710574448347224,0.0018060371421829721,
WeldedBeam,PI-NSGA-II,5,47,8.961556043382434,0.001968341852420374,
WeldedBeam,PI-NSGA-II,5,47,8.923927248732086,0.0019776430804734676,
WeldedBeam,PI-NSGA-II,5,47,8.377644382042085,0.002121971338037638,
WeldedBeam,PI-NSGA-II,5,47,6.64686479005859,0.0027518810835845983,
WeldedBeam,PI-NSGA-II,5,47,7.32637347965394,0.0024604494406159877,
WeldedBeam,PI-NSGA-II,6,48,4.386631948909434,0.01159722493823825,
WeldedBeam,PI-NSGA-II,6,48,25.196710930750566,0.0006512884131317561,
WeldedBeam,PI-NSGA-II,6,48,4.533174631132037,0.010178869894640738,
WeldedBeam,PI-NSGA-II,6,48,4.570599492710177,0.008411577785001127,
WeldedBeam,PI-NSGA-II,6,48,5.440418268081587,0.003736375185866355,
WeldedBeam,PI-NSGA-II,6,48,5.388584674068311,0.005266938897016934,
WeldedBeam,PI-NSGA-II,6,48,4.819510412771173,0.0072601934903485325,
WeldedBeam,PI-NSGA-II,6,48,5.176060567381222,0.0058404396279435845,
WeldedBeam,PI-NSGA-II,6,48,4.7968080113649165,0.008088627769261152,
WeldedBeam,PI-NSGA-II,6,48,4.978086306096486,0.006543605454152455,
WeldedBeam,PI-NSGA-II,6,48,4.89268739855587,0.007047524194625456,
WeldedBeam,PI-NSGA-II,6,48,5.3668565945412485,0.005323976569199146,
WeldedBeam,PI-NSGA-II,6,48,5.0093694168556455,0.006190775250590503,
WeldedBeam,PI-NSGA-II,6,48,18.995282290016302,0.0008753606630907503,
WeldedBeam,PI-NSGA-II,6,48,6.348749665756549,0.002905787217959357,
WeldedBeam,PI-NSGA-II,6,48,5.51556640451269,0.003405059401659229,
WeldedBeam,PI-NSGA-II,6,48,10.430172807170399,0.0016687527192483422,
WeldedBeam,PI-NSGA-II,6,48,5.037867302684764,0.006071868516548418,
WeldedBeam,PI-NSGA-II,6,48,6.763630817303397,0.0026959014264542006,
WeldedBeam,PI-NSGA-II,6,48,6.629155243356939,0.0027569662418295993,
WeldedBeam,PI-NSGA-II,6,48,14.606995546836025,0.0011741088022956833,
WeldedBeam,PI-NSGA-II,6,48,21.859970094925195,0.000755392351601754,
WeldedBeam,PI-NSGA-II,6,48,19.922684948277208,0.0008333393870893165,
WeldedBeam,PI-NSGA-II,6,48,12.838514743531448,0.0013297031670618932,
WeldedBeam,PI-NSGA-II,6,48,11.18611938933728,0.0015580728521821508,
WeldedBeam,PI-NSGA-II,6,48,24.809327373885385,0.0006621524505058977,
WeldedBeam,PI-NSGA-II,6,48,7.608853066880221,0.002367193877084543,
WeldedBeam,PI-NSGA-II,6,48,14.17916601659972,0.0011954835764186374,
WeldedBeam,PI-NSGA-II,6,48,5.499824079869751,0.0036899600095381788,
WeldedBeam,PI-NSGA-II,6,48,10.735043593349975,0.0016152619390761812,
WeldedBeam,PI-NSGA-II,6,48,9.067531249442013,0.001954237893445105,
WeldedBeam,PI-NSGA-II,6,48,21.656233899898417,0.0007627897143272361,
WeldedBeam,PI-NSGA-II,6,48,15.436273697383138,0.001094947156936043,
WeldedBeam,PI-NSGA-II,6,48,8.294464274874144,0.0021644103589060775,
WeldedBeam,PI-NSGA-II,6,48,17.212623601505143,0.0009739019027559558,
WeldedBeam,PI-NSGA-II,6,48,7.07350749155261,0.002561555856934478,
WeldedBeam,PI-NSGA-II,6,48,15.02924745020207,0.001124787631775672,
WeldedBeam,PI-NSGA-II,6,48,13.13058318975414,0.001301044374108468,
WeldedBeam,PI-NSGA-II,6,48,10.024244742314924,0.0017567675513262835,
WeldedBeam,PI-NSGA-II,6,48,21.23462337070676,0.0007786129060815151,
WeldedBeam,PI-NSGA-II,6,48,16.28224033052137,0.0010309011290948423,
WeldedBeam,PI-NSGA-II,6,48,22.71122494543294,0.0007256563731170641,
WeldedBeam,PI-NSGA-II,6,48,18.59391378581615,0.0008959008092528609,
WeldedBeam,PI-NSGA-II,6,48,24.182099236156112,0.0006799646670270087,
WeldedBeam,PI-NSGA-II,6,48,5.736477974826396,0.0032400135352837318,
WeldedBeam,PI-NSGA-II,6,48,22.40969887258908,0.0007358279147672973,
WeldedBeam,PI-NSGA-II,6,48,11.757282407654001,0.001463673722131425,
WeldedBeam,PI-NSGA-II,6,48,15.610248171761734,0.0010801843324828937,
WeldedBeam,PI-NSGA-II,6,48,19.454674407821106,0.0008551853150738745,
WeldedBeam,PI-NSGA-II,6,48,11.589657350821803,0.0015064209029202306,
WeldedBeam,PI-NSGA-II,6,48,8.100099073990304,0.002221942604643936,
WeldedBeam,PI-NSGA-II,6,48,16.883361346344927,0.0009917206544407956,
WeldedBeam,PI-NSGA-II,6,48,4.708359915513833,0.008277469748536187,
WeldedBeam,PI-NSGA-II,6,48,5.630239552817926,0.003314334683436474,
WeldedBeam,PI-NSGA-II,6,48,9.706061410127168,0.0018053737891420862,
WeldedBeam,PI-NSGA-II,6,48,7.7832368433391235,0.002315416956763237,
WeldedBeam,PI-NSGA-II,6,48,12.021091126290994,0.0014282568415641345,
WeldedBeam,PI-NSGA-II,6,48,13.759005093232718,0.00123402171726863,
WeldedBeam,PI-NSGA-II,6,48,14.869714503190135,0.0011348503370659365,
WeldedBeam,PI-NSGA-II,6,48,20.22239664792131,0.0008195467947012845,
WeldedBeam,PI-NSGA-II,6,48,12.199332679044842,0.0014223226142695596,
WeldedBeam,PI-NSGA-II,6,48,16.616389730830292,0.0010247093654800375,
WeldedBeam,PI-NSGA-II,6,48,11.324532715558046,0.0015230982035905711,
WeldedBeam,PI-NSGA-II,6,48,5.897640794958283,0.0031438162288530873,
WeldedBeam,PI-NSGA-II,6,48,12.477439861157373,0.0013724110042229614,
WeldedBeam,PI-NSGA-II,6,48,19.40698537018578,0.000855723977574373,
WeldedBeam,PI-NSGA-II,6,48,13.36736032295338,0.0012724765766493889,
WeldedBeam,PI-NSGA-II,6,48,7.949943735384778,0.0022680358836515706,
WeldedBeam,PI-NSGA-II,6,48,13.976786276330724,0.0012136737044871,
WeldedBeam,PI-NSGA-II,6,48,15.932473879019602,0.0010548461815006191,
WeldedBeam,PI-NSGA-II,6,48,6.180302127758019,0.0029812313327799264,
WeldedBeam,PI-NSGA-II,6,48,18.390431549608337,0.0009068592370033456,
WeldedBeam,PI-NSGA-II,6,48,17.546694169571303,0.0009523091045720581,
WeldedBeam,PI-NSGA-II,6,48,23.90432693031456,0.000688057792558944,
WeldedBeam,PI-NSGA-II,6,48,17.914394324518927,0.0009329775242640934,
WeldedBeam,PI-NSGA-II,6,48,20.661045160013753,0.0008020760730677106,
WeldedBeam,PI-NSGA-II,6,48,13.538610268322001,0.0012553354580142355,
WeldedBeam,PI-NSGA-II,6,48,17.999851001104116,0.000926525762128055,
WeldedBeam,PI-NSGA-II,6,48,7.366336911925698,0.0024677057694416343,
WeldedBeam,PI-NSGA-II,6,48,23.725571442617284,0.0006936905261369705,
WeldedBeam,PI-NSGA-II,6,48,22.998168239741155,0.0007214648833352046,
WeldedBeam,PI-NSGA-II,6,48,20.896797808199313,0.000792187446516307,
WeldedBeam,PI-NSGA-II,6,48,8.531690760993731,0.0021003672461145486,
WeldedBeam,PI-NSGA-II,6,48,6.092290475979459,0.0030265100659936403,
WeldedBeam,PI-NSGA-II,6,48,8.566609439020668,0.0020784675676139273,
WeldedBeam,PI-NSGA-II,6,48,5.971142357126525,0.0031002537874189953,
WeldedBeam,PI-NSGA-II,6,48,23.124295702740177,0.0007121307311713529,
WeldedBeam,PI-NSGA-II,6,48,9.587362062475203,0.0018399620283703877,
WeldedBeam,PI-NSGA-II,6,48,9.98246579302231,0.001766683006408454,
WeldedBeam,PI-NSGA-II,6,48,25.19553014386254,0.0006513058333283312,
WeldedBeam,PI-NSGA-II,6,48,10.626933326678255,0.001633109658567899,
WeldedBeam,PI-NSGA-II,6,48,9.263621184117106,0.0019039996793752312,
WeldedBeam,PI-NSGA-II,6,48,16.037423226045295,0.0010469076775552388,
WeldedBeam,PI-NSGA-II,6,48,4.5763739962983845,0.008399086802128097,
WeldedBeam,PI-NSGA-II,6,48,23.38841028902185,0.0007080029411726605,
WeldedBeam,PI-NSGA-II,6,48,8.804375651478445,0.0020148306035351407,
WeldedBeam,PI-NSGA-II,6,48,17.50945790369378,0.0009738906114076958,
WeldedBeam,PI-NSGA-II,6,48,7.222244697061141,0.002505664859176702,
WeldedBeam,PI-NSGA-II,6,48,12.429073167692415,0.0013764462087383542,
WeldedBeam,PI-NSGA-II,6,48,23.48940591653659,0.0007011731254803092,
WeldedBeam,PI-NSGA-II,7,49,6.651208249136837,0.003295547372301696,
WeldedBeam,PI-NSGA-II,7,49,29.342909070536145,0.0006024261021475217,
WeldedBeam,PI-NSGA-II,7,49,6.820795172882438,0.0030064618743976777,
WeldedBeam,PI-NSGA-II,7,49,6.985200342511802,0.0026031744624416815,
WeldedBeam,PI-NSGA-II,7,49,26.465420913603356,0.0006226524630114445,
WeldedBeam,PI-NSGA-II,7,49,29.101428836228443,0.0006179576182817064,
WeldedBeam,PI-NSGA-II,7,49,8.98243049898288,0.0019646604618259807,
WeldedBeam,PI-NSGA-II,7,49,6.754335101897257,0.0031189470612596054,
WeldedBeam,PI-NSGA-II,7,49,22.694909162095538,0.0007303151674902193,
WeldedBeam,PI-NSGA-II,7,49,9.240810072585552,0.0019040112423399222,
WeldedBeam,PI-NSGA-II,7,49,22.075463907487222,0.0007612250068048679,
WeldedBeam,PI-NSGA-II,7,49,15.43637192432501,0.0010938674940402311,
WeldedBeam,PI-NSGA-II,7,49,14.971883791257776,0.0011297667758524276,
WeldedBeam,PI-NSGA-II,7,49,16.902437807396407,0.0009940648370318672,
WeldedBeam,PI-NSGA-II,7,49,18.926778448383516,0.0008984951558320508,
WeldedBeam,PI-NSGA-II,7,49,6.69992004045461,0.003227387841748771,
WeldedBeam,PI-NSGA-II,7,49,13.1065304171695,0.00130181367140204,
WeldedBeam,PI-NSGA-II,7,49,20.096751937157997,0.0008290095709939373,
WeldedBeam,PI-NSGA-II,7,49,13.416365012535838,0.0012698154115610468,
WeldedBeam,PI-NSGA-II,7,49,8.484175850713305,0.002094797340269329,
WeldedBeam,PI-NSGA-II,7,49,19.597566109585337,0.0008508836087784644,
WeldedBeam,PI-NSGA-II,7,49,11.804768995623927,0.0014575950793483984,
WeldedBeam,PI-NSGA-II,7,49,7.6278385092263825,0.002355800427031142,
WeldedBeam,PI-NSGA-II,7,49,8.717734192267542,0.002029035969853606,
WeldedBeam,PI-NSGA-II,7,49,14.357078471425824,0.0011812726533773266,
WeldedBeam,PI-NSGA-II,7,49,25.575210810384387,0.0006451074573749943,
WeldedBeam,PI-NSGA-II,7,49,9.391664576635542,0.0018690137880352116,
WeldedBeam,PI-NSGA-II,7,49,21.40597827128627,0.0007759460121280762,
WeldedBeam,PI-NSGA-II,7,49,20.927743078206596,0.0007945326845004585,
WeldedBeam,PI-NSGA-II,7,49,7.136780831968651,0.002540086412281582,
WeldedBeam,PI-NSGA-II,7,49,12.436508289380697,0.0013778957995129993,
WeldedBeam,PI-NSGA-II,7,49,7.790712943294481,0.0023006921091130554,
WeldedBeam,PI-NSGA-II,7,49,17.186406637094205,0.000976571337258862,
WeldedBeam,PI-NSGA-II,7,49,9.90991129629323,0.0017903571833568772,
WeldedBeam,PI-NSGA-II,7,49,17.94790509866643,0.0009329843515051405,
WeldedBeam,PI-NSGA-II,7,49,25.883701975548657,0.0006410299088972557,
WeldedBeam,PI-NSGA-II,7,49,14.04950753930837,0.001209341681188602,
WeldedBeam,PI-NSGA-II,7,49,11.505896579814582,0.0014975714280912851,
WeldedBeam,PI-NSGA-II,7,49,7.4484517524841936,0.0024199759178973896,
WeldedBeam,PI-NSGA-II,7,49,17.409312384774392,0.0009633862643507877,
WeldedBeam,PI-NSGA-II,7,49,7.998202624078937,0.002233840740115396,
WeldedBeam,PI-NSGA-II,7,49,14.752323546424865,0.0011475946374733636,
WeldedBeam,PI-NSGA-II,7,49,8.679604335629264,0.0020471518843878257,
WeldedBeam,PI-NSGA-II,7,49,11.295712440457388,0.001527761910335998,
WeldedBeam,PI-NSGA-II,7,49,25.15735391114492,0.0006561834802960325,
WeldedBeam,PI-NSGA-II,7,49,7.079304933390831,0.0025634915441310933,
WeldedBeam,PI-NSGA-II,7,49,14.553573874074322,0.0011643384889976115,
WeldedBeam,PI-NSGA-II,7,49,7.3416143552294795,0.0024599633628186904,
WeldedBeam,PI-NSGA-II,7,49,6.714144393361705,0.0031762318700044867,
WeldedBeam,PI-NSGA-II,7,49,16.465482765231787,0.0010220103182554583,
WeldedBeam,PI-NSGA-II,7,49,18.3329066593825,0.0009124753102889666,
WeldedBeam,PI-NSGA-II,7,49,7.261521690964489,0.0024905653487267737,
WeldedBeam,PI-NSGA-II,7,49,10.233162484455388,0.0017029519219566558,
WeldedBeam,PI-NSGA-II,7,49,13.94293153132255,0.0012191797935789503,
WeldedBeam,PI-NSGA-II,7,49,11.624596098717895,0.0014810499224182175,
WeldedBeam,PI-NSGA-II,7,49,24.285931897524737,0.0006807340608334426,
WeldedBeam,PI-NSGA-II,7,49,7.675712068716945,0.0023393064931056177,
WeldedBeam,PI-NSGA-II,7,49,18.399228124119624,0.0009092577113823292,
WeldedBeam,PI-NSGA-II,7,49,6.696185735682834,0.0032951037005301224,
WeldedBeam,PI-NSGA-II,7,49,8.202243529293286,0.0021912521026705768,
WeldedBeam,PI-NSGA-II,7,49,7.922306785497123,0.0022773365182437123,
WeldedBeam,PI-NSGA-II,7,49,10.043982907614327,0.0017360383720260303,
WeldedBeam,PI-NSGA-II,7,49,10.847273639824698,0.0015966250895542177,
WeldedBeam,PI-NSGA-II,7,49,16.18901958639966,0.0010401724668546455,
WeldedBeam,PI-NSGA-II,7,49,17.66980169218791,0.0009484808232342347,
WeldedBeam,PI-NSGA-II,7,49,15.909120921656237,0.001060090365781978,
WeldedBeam,PI-NSGA-II,7,49,8.25398030502678,0.0021579660768240223,
WeldedBeam,PI-NSGA-II,7,49,19.116591554331567,0.0008732982368177164,
WeldedBeam,PI-NSGA-II,7,49,11.083202103704718,0.00156258706660088,
WeldedBeam,PI-NSGA-II,7,49,20.327489309409753,0.0008189403585826179,
WeldedBeam,PI-NSGA-II,7,49,10.428809140540052,0.0016661412364863454,
WeldedBeam,PI-NSGA-II,7,49,23.303502692455652,0.0007107269523031492,
WeldedBeam,PI-NSGA-II,7,49,23.826991207533432,0.0006957763595113537,
WeldedBeam,PI-NSGA-II,7,49,12.06288646510471,0.0014232951450427996,
WeldedBeam,PI-NSGA-II,7,49,20.80467522805699,0.0007995500203238909,
WeldedBeam,PI-NSGA-II,7,49,10.54315145177428,0.0016491578637298648,
WeldedBeam,PI-NSGA-II,7,49,13.689583717694594,0.0012426801417727007,
WeldedBeam,PI-NSGA-II,7,49,12.672473671036716,0.0013496908724045095,
WeldedBeam,PI-NSGA-II,7,49,6.727597383121191,0.003150822472500611,
WeldedBeam,PI-NSGA-II,7,49,9.581235006308681,0.0018280971057847517,
WeldedBeam,PI-NSGA-II,7,49,10.306220447461655,0.0016880392341860023,
WeldedBeam,PI-NSGA-II,7,49,10.652310223711382,0.0016283384756458849,
WeldedBeam,PI-NSGA-II,7,49,13.641446769724114,0.0012473536188989489,
WeldedBeam,PI-NSGA-II,7,49,12.886596482488955,0.001326095867861213,
WeldedBeam,PI-NSGA-II,7,49,9.726988510991909,0.0017981431443288274,
WeldedBeam,PI-NSGA-II,7,49,10.057758857095521,0.0017347844247301845,
WeldedBeam,PI-NSGA-II,7,49,11.19607159690374,0.001542678516524773,
WeldedBeam,PI-NSGA-II,7,49,24.54963801342101,0.0006729943340416803,
WeldedBeam,PI-NSGA-II,7,49,8.36209446670302,0.0021256903383074467,
WeldedBeam,PI-NSGA-II,7,49,16.078578414100026,0.0010479930279283598,
WeldedBeam,PI-NSGA-II,7,49,21.834186776139223,0.0007662536763049363,
WeldedBeam,PI-NSGA-II,7,49,7.448450685331624,0.0024199765069838463,
WeldedBeam,PI-NSGA-II,7,49,23.529094022167342,0.0007032630614536968,
WeldedBeam,PI-NSGA-II,7,49,7.95691236842664,0.002247078317643467,
WeldedBeam,PI-NSGA-II,7,49,19.40041813999162,0.0008599295991242993,
WeldedBeam,PI-NSGA-II,7,49,15.667143518433907,0.001076832531714474,
WeldedBeam,PI-NSGA-II,7,49,24.873811142676907,0.0006638988702759413,
WeldedBeam,PI-NSGA-II,7,49,12.24238303569702,0.0014023343838155708,
WeldedBeam,PI-NSGA-II,7,49,16.46544604869443,0.0010220175348555074,
WeldedBeam,PI-NSGA-II,7,49,6.985488194529886,0.0026028074622978102,
WeldedBeam,PI-NSGA-II,8,50,7.834577512562348,0.0022832836792675355,
WeldedBeam,PI-NSGA-II,8,50,6.996505294703566,0.0025919868517354982,
WeldedBeam,PI-NSGA-II,8,50,7.081567813789601,0.002557132213252741,
WeldedBeam,PI-NSGA-II,8,50,7.1030787166410985,0.0025481421201645825,
WeldedBeam,PI-NSGA-II,8,50,7.490455152896342,0.002401081302333174,
WeldedBeam,PI-NSGA-II,8,50,7.619017137499049,0.0023554343852607578,
WeldedBeam,PI-NSGA-II,8,50,7.603516912381426,0.0023608995538948493,
WeldedBeam,PI-NSGA-II,8,50,7.015197439718275,0.0025848397020700187,
WeldedBeam,PI-NSGA-II,8,50,7.457153040665391,0.0024125981634123476,
WeldedBeam,PI-NSGA-II,8,50,7.397212538829591,0.0024345147560336736,
WeldedBeam,PI-NSGA-II,8,50,7.66625013603421,0.0023391145408998967,
WeldedBeam,PI-NSGA-II,8,50,7.729562763646253,0.0023179584697188317,
WeldedBeam,PI-NSGA-II,8,50,7.338803921079762,0.0024566899926875743,
WeldedBeam,PI-NSGA-II,8,50,7.708163552931201,0.0023250457023927212,
WeldedBeam,PI-NSGA-II,8,50,7.2540154462598725,0.0024887487252182212,
WeldedBeam,PI-NSGA-II,8,50,7.745676569659104,0.002312349127626754,
WeldedBeam,PI-NSGA-II,8,50,7.5001935850704164,0.002396914184316629,
WeldedBeam,PI-NSGA-II,8,50,7.558766686904137,0.0023765755889857145,
WeldedBeam,PI-NSGA-II,8,50,7.003325001892894,0.002589255639342787,
WeldedBeam,PI-NSGA-II,8,50,7.316234805187625,0.002466043377050279,
WeldedBeam,PI-NSGA-II,8,50,7.470959974612503,0.0024075959183991105,
WeldedBeam,PI-NSGA-II,8,50,7.438773208495256,0.0024192875069164025,
WeldedBeam,PI-NSGA-II,8,50,7.657306744128349,0.0023423337691483867,
WeldedBeam,PI-NSGA-II,8,50,7.2722511458543595,0.0024817351273201662,
WeldedBeam,PI-NSGA-II,8,50,7.548872068214425,0.0023798546002746722,
WeldedBeam,PI-NSGA-II,8,50,7.196213686006843,0.002511265561388088,
WeldedBeam,PI-NSGA-II,8,50,7.306850297079663,0.0024684539528640153,
WeldedBeam,PI-NSGA-II,8,50,7.5923543119609676,0.002364690383641267,
WeldedBeam,PI-NSGA-II,8,50,7.229170231262713,0.0024989725819930557,
WeldedBeam,PI-NSGA-II,8,50,7.134706068175959,0.0025356279611729073,
WeldedBeam,PI-NSGA-II,8,50,7.50994508782449,0.0023937393465595373,
WeldedBeam,PI-NSGA-II,8,50,7.067433563077677,0.0025629300119796423,
WeldedBeam,PI-NSGA-II,8,50,7.346047298134075,0.0024535570681377154,
WeldedBeam,PI-NSGA-II,8,50,7.045568565592552,0.0025717473970922763,
WeldedBeam,PI-NSGA-II,8,50,7.203606665677149,0.002507409812220143,
WeldedBeam,PI-NSGA-II,8,50,7.15040839870912,0.0025292923111580224,
WeldedBeam,PI-NSGA-II,8,50,7.406120129228381,0.0024311936599203544,
WeldedBeam,PI-NSGA-II,8,50,7.429211312627137,0.002423140968755401,
WeldedBeam,PI-NSGA-II,8,50,7.384021087061417,0.002439388511617647,
WeldedBeam,PI-NSGA-II,8,50,7.414026226527775,0.0024285394318098227,
WeldedBeam,PI-NSGA-II,8,50,7.6947658869597735,0.0023295054743107087,
WeldedBeam,PI-NSGA-II,8,50,7.792129852267664,0.0022970946644949894,
WeldedBeam,PI-NSGA-II,8,50,7.540133176042083,0.00238335111795988,
WeldedBeam,PI-NSGA-II,8,50,7.813280234764724,0.0022900680227947003,
WeldedBeam,PI-NSGA-II,8,50,7.360284925108378,0.0024488112964139927,
WeldedBeam,PI-NSGA-II,8,50,7.730470687494647,0.002317958157233483,
WeldedBeam,PI-NSGA-II,8,50,7.124515981235838,0.002539756094975009,
WeldedBeam,PI-NSGA-II,8,50,7.422443513589658,0.002425358608740689,
WeldedBeam,PI-NSGA-II,8,50,7.237098643254788,0.002495870364971266,
WeldedBeam,PI-NSGA-II,8,50,7.219481915546337,0.002502420311552608,
WeldedBeam,PI-NSGA-II,8,50,7.055328731908711,0.0025685302171778585,
WeldedBeam,PI-NSGA-II,8,50,7.5328060794480995,0.0023856464553504877,
WeldedBeam,PI-NSGA-II,8,50,7.569141601252347,0.0023732701496074664,
WeldedBeam,PI-NSGA-II,8,50,7.518492382519065,0.002390761569212851,
WeldedBeam,PI-NSGA-II,8,50,7.6856865040630655,0.0023328792250555284,
WeldedBeam,PI-NSGA-II,8,50,7.163340989104655,0.002524308157169241,
WeldedBeam,PI-NSGA-II,8,50,7.6335567216220666,0.0023507774005102613,
WeldedBeam,PI-NSGA-II,8,50,7.524794585220928,0.002388541030803033,
WeldedBeam,PI-NSGA-II,8,50,7.779094629314871,0.0023013966452458978,
WeldedBeam,PI-NSGA-II,8,50,7.470900149453646,0.0024078539513752153,
WeldedBeam,PI-NSGA-II,8,50,7.355521242511921,0.0024502132452747225,
WeldedBeam,PI-NSGA-II,8,50,7.15133640990132,0.0025292917229875873,
WeldedBeam,PI-NSGA-II,8,50,7.291579529046722,0.0024741353667561404,
WeldedBeam,PI-NSGA-II,8,50,7.325633485372028,0.0024613413226928097,
WeldedBeam,PI-NSGA-II,8,50,7.679954396014235,0.0023346662433531336,
WeldedBeam,PI-NSGA-II,8,50,7.381035279981022,0.0024404957304609205,
WeldedBeam,PI-NSGA-II,8,50,7.172998225159382,0.0025204242607053955,
WeldedBeam,PI-NSGA-II,8,50,7.573469055762354,0.0023712915246676225,
WeldedBeam,PI-NSGA-II,8,50,7.701901821101187,0.0023270355586914736,
WeldedBeam,PI-NSGA-II,8,50,7.025415029059425,0.002580126371366193,
WeldedBeam,PI-NSGA-II,8,50,7.760781939981394,0.0023075051717352476,
WeldedBeam,PI-NSGA-II,8,50,7.0381741515428455,0.0025755976456581023,
WeldedBeam,PI-NSGA-II,8,50,7.784010197500666,0.0023000889587064645,
WeldedBeam,PI-NSGA-II,8,50,7.296913977977164,0.002472355872147038,
WeldedBeam,PI-NSGA-II,8,50,7.635708581234892,0.0023498876849718012,
WeldedBeam,PI-NSGA-II,8,50,7.3710882980600685,0.0024443119910401256,
WeldedBeam,PI-NSGA-II,8,50,7.110136867946898,0.002545761936371387,
WeldedBeam,PI-NSGA-II,8,50,7.0253459574510115,0.002580144741634426,
WeldedBeam,PI-NSGA-II,8,50,7.768811877997549,0.002304816516199913,
WeldedBeam,PI-NSGA-II,8,50,7.073617829487679,0.002560270903983245,
WeldedBeam,PI-NSGA-II,8,50,7.646123930786563,0.002346219399980355,
WeldedBeam,PI-NSGA-II,8,50,7.3256334747107115,0.002461341334759169,
WeldedBeam,PI-NSGA-II,8,50,7.802565465045515,0.0022939912903414865,
WeldedBeam,PI-NSGA-II,8,50,7.581446923194338,0.00236835954763957,
WeldedBeam,PI-NSGA-II,8,50,7.6473656315045515,0.0023460012645926506,
WeldedBeam,PI-NSGA-II,8,50,7.133560519528461,0.002536087208551031,
WeldedBeam,PI-NSGA-II,8,50,7.58483140428796,0.0023674110272729207,
WeldedBeam,PI-NSGA-II,8,50,7.187653528774078,0.002515144113107087,
WeldedBeam,PI-NSGA-II,8,50,7.281645749260986,0.002478030542330112,
WeldedBeam,PI-NSGA-II,8,50,7.243292420797286,0.002493241927085433,
WeldedBeam,PI-NSGA-II,8,50,7.37161314502504,0.0024443114020418883,
WeldedBeam,PI-NSGA-II,8,50,7.246646722863206,0.0024918689485759287,
WeldedBeam,PI-NSGA-II,8,50,7.819238878848756,0.002288434920373253,
WeldedBeam,PI-NSGA-II,8,50,7.272972517023056,0.002481734650784082,
WeldedBeam,PI-NSGA-II,8,50,7.824061917505364,0.002286850293366778,
WeldedBeam,PI-NSGA-II,8,50,7.2133700588123855,0.0025050640298467327,
WeldedBeam,PI-NSGA-II,8,50,7.11915537606818,0.002541820500136162,
WeldedBeam,PI-NSGA-II,8,50,7.179391983002869,0.002517897563591136,
WeldedBeam,PI-NSGA-II,8,50,7.447988029785998,0.0024161308923841577,
WeldedBeam,PI-NSGA-II,8,50,7.281644592833278,0.0024780318689643813,
WeldedBeam,PI-NSGA-II,9,51,13.150024388980931,0.0012965868931044276,
WeldedBeam,PI-NSGA-II,9,51,8.93344879694316,0.001975934185749397,
WeldedBeam,PI-NSGA-II,9,51,9.046722833363898,0.0019478918924787016,
WeldedBeam,PI-NSGA-II,9,51,12.003998178786935,0.001430109055225563,
WeldedBeam,PI-NSGA-II,9,51,10.638800425600474,0.0016301677311831744,
WeldedBeam,PI-NSGA-II,9,51,10.543808700301318,0.0016462390120406598,
WeldedBeam,PI-NSGA-II,9,51,11.905863910775683,0.0014427738736528346,
WeldedBeam,PI-NSGA-II,9,51,9.166018744580352,0.001920702903395641,
WeldedBeam,PI-NSGA-II,9,51,12.418600298093494,0.0013786717222339284,
WeldedBeam,PI-NSGA-II,9,51,12.509162435703479,0.001368014178002501,
WeldedBeam,PI-NSGA-II,9,51,9.105091072312268,0.0019340695035166488,
WeldedBeam,PI-NSGA-II,9,51,10.864314754505445,0.0015932952606915831,
WeldedBeam,PI-NSGA-II,9,51,9.647222681324696,0.0018146507007169004,
WeldedBeam,PI-NSGA-II,9,51,9.704825244706935,0.0018027701426985676,
WeldedBeam,PI-NSGA-II,9,51,9.784683228760855,0.0017865282006185106,
WeldedBeam,PI-NSGA-II,9,51,11.662229541044288,0.0014755551649276795,
WeldedBeam,PI-NSGA-II,9,51,10.123316722082153,0.001721025136149444,
WeldedBeam,PI-NSGA-II,9,51,11.264058674329611,0.0015327948984100496,
WeldedBeam,PI-NSGA-II,9,51,12.884296529655513,0.0013254569073390381,
WeldedBeam,PI-NSGA-II,9,51,12.70399715192838,0.0013458400395596273,
WeldedBeam,PI-NSGA-II,9,51,11.30288581702823,0.001526428801143309,
WeldedBeam,PI-NSGA-II,9,51,9.24403361775365,0.0019021954615076272,
WeldedBeam,PI-NSGA-II,9,51,10.92904215416274,0.0015832208603991972,
WeldedBeam,PI-NSGA-II,9,51,10.176129155937476,0.0017116826915966699,
WeldedBeam,PI-NSGA-II,9,51,9.743814225283828,0.0017948679184854191,
WeldedBeam,PI-NSGA-II,9,51,12.835095492392847,0.0013310711907420219,
WeldedBeam,PI-NSGA-II,9,51,11.090393452264275,0.0015580035517752159,
WeldedBeam,PI-NSGA-II,9,51,12.224453948042928,0.00140266238856143,
WeldedBeam,PI-NSGA-II,9,51,12.072556013357273,0.0014213108125172885,
WeldedBeam,PI-NSGA-II,9,51,10.384184976587708,0.0016739606444866658,
WeldedBeam,PI-NSGA-II,9,51,11.009141690837925,0.0015706768391637804,
WeldedBeam,PI-NSGA-II,9,51,10.815357823977195,0.001602229706932652,
WeldedBeam,PI-NSGA-II,9,51,11.364079625938773,0.0015174295530261844,
WeldedBeam,PI-NSGA-II,9,51,10.356999953339177,0.001678654386271252,
WeldedBeam,PI-NSGA-II,9,51,12.777030176470925,0.0013372489396840572,
WeldedBeam,PI-NSGA-II,9,51,11.598746506013468,0.0014841157899437036,
WeldedBeam,PI-NSGA-II,9,51,10.725799800171224,0.001615713128369383,
WeldedBeam,PI-NSGA-II,9,51,9.291169769972974,0.0018914422166052102,
WeldedBeam,PI-NSGA-II,9,51,11.057129274670329,0.0015631514463388106,
WeldedBeam,PI-NSGA-II,9,51,11.460756349114746,0.001503553569649565,
WeldedBeam,PI-NSGA-II,9,51,12.560984086127505,0.0013619228205160611,
WeldedBeam,PI-NSGA-II,9,51,11.71577205736839,0.0014680893080987099,
WeldedBeam,PI-NSGA-II,9,51,12.311933520819098,0.0013916075890588102,
WeldedBeam,PI-NSGA-II,9,51,9.842999729558423,0.0017755418767452125,
WeldedBeam,PI-NSGA-II,9,51,9.973666370991012,0.0017505194956317328,
WeldedBeam,PI-NSGA-II,9,51,10.2501385975308,0.0016983034330711746,
WeldedBeam,PI-NSGA-II,9,51,9.349805737944434,0.001878225483541829,
WeldedBeam,PI-NSGA-II,9,51,9.064824438213282,0.001943587925736606,
WeldedBeam,PI-NSGA-II,9,51,10.505585332745461,0.0016526683058362766,
WeldedBeam,PI-NSGA-II,9,51,10.023899446656001,0.0017402028723600054,
WeldedBeam,PI-NSGA-II,9,51,12.625561585335769,0.0013551371896675592,
WeldedBeam,PI-NSGA-II,9,51,9.311998048032802,0.001887322554459086,
WeldedBeam,PI-NSGA-II,9,51,12.951956499128292,0.0013180380904645708,
WeldedBeam,PI-NSGA-II,9,51,10.474714832747953,0.0016581184773241102,
WeldedBeam,PI-NSGA-II,9,51,11.429442157278167,0.0015079343453165818,
WeldedBeam,PI-NSGA-II,9,51,11.800661582599064,0.001456723133976468,
WeldedBeam,PI-NSGA-II,9,51,9.372629700784668,0.0018731776077079215,
WeldedBeam,PI-NSGA-II,9,51,12.739680113530236,0.0013419388522333481,
WeldedBeam,PI-NSGA-II,9,51,9.456667524813039,0.0018550987932301189,
WeldedBeam,PI-NSGA-II,9,51,11.38998285018853,0.0015135971361902496,
WeldedBeam,PI-NSGA-II,9,51,10.078069358803614,0.0017298585616448627,
WeldedBeam,PI-NSGA-II,9,51,9.421925663701893,0.0018630327847140708,
WeldedBeam,PI-NSGA-II,9,51,10.301193247067074,0.0016885619600827337,
WeldedBeam,PI-NSGA-II,9,51,12.210125395222589,0.0014040283267904236,
WeldedBeam,PI-NSGA-II,9,51,11.199071993762132,0.0015417222655776438,
WeldedBeam,PI-NSGA-II,9,51,10.440048927896902,0.0016640173049070573,
WeldedBeam,PI-NSGA-II,9,51,10.066777414641367,0.001731897109140888,
WeldedBeam,PI-NSGA-II,9,51,9.514395653289903,0.0018427170279457128,
WeldedBeam,PI-NSGA-II,9,51,10.305633715136505,0.001687776752584862,
WeldedBeam,PI-NSGA-II,9,51,12.366852168763073,0.001384938305205168,
WeldedBeam,PI-NSGA-II,9,51,11.150313666901894,0.001549146903726319,
WeldedBeam,PI-NSGA-II,9,51,10.001072994219442,0.0017442510956180452,
WeldedBeam,PI-NSGA-II,9,51,9.932960878709087,0.0017582496271363105,
WeldedBeam,PI-NSGA-II,9,51,9.208173320001848,0.0019102370794383274,
WeldedBeam,PI-NSGA-II,9,51,11.847710077987822,0.0014504737500295477,
WeldedBeam,PI-NSGA-II,9,51,11.747667749122623,0.0014641085585613905,
WeldedBeam,PI-NSGA-II,9,51,13.027520151027923,0.0013097874544754074,
WeldedBeam,PI-NSGA-II,9,51,10.77022392187008,0.0016085031480821486,
WeldedBeam,PI-NSGA-II,9,51,12.964633170968138,0.0013166437178998623,
WeldedBeam,PI-NSGA-II,9,51,13.014592541695412,0.0013111215023390702,
WeldedBeam,PI-NSGA-II,9,51,10.677321626670405,0.0016237717415685333,
WeldedBeam,PI-NSGA-II,9,51,9.555530293508825,0.0018337366023646554,
WeldedBeam,PI-NSGA-II,9,51,9.876055297360642,0.0017685883358656803,
WeldedBeam,PI-NSGA-II,9,51,11.514870743311716,0.001495959648967449,
WeldedBeam,PI-NSGA-II,9,51,12.600655950416908,0.0013573337275819726,
WeldedBeam,PI-NSGA-II,9,51,9.588119921134696,0.001826936288626917,
WeldedBeam,PI-NSGA-II,9,51,12.155078560099005,0.0014109098071116255,
WeldedBeam,PI-NSGA-II,9,51,11.776701310900144,0.0014599981126757603,
WeldedBeam,PI-NSGA-II,9,51,10.690555916965444,0.0016215805877404235,
WeldedBeam,PI-NSGA-II,9,51,10.968992256995389,0.0015769259143725664,
WeldedBeam,PI-NSGA-II,9,51,9.604563104207037,0.0018234916742688391,
WeldedBeam,PI-NSGA-II,9,51,9.543433573363652,0.0018362105456783604,
WeldedBeam,PI-NSGA-II,9,51,12.353830228840838,0.0013869248584253467,
WeldedBeam,PI-NSGA-II,9,51,9.917567450028363,0.0017602595544858111,
WeldedBeam,PI-NSGA-II,9,51,11.150363864797479,0.0015491241864126364,
WeldedBeam,PI-NSGA-II,9,51,11.199071980832137,0.0015417222713739842,
WeldedBeam,PI-NSGA-II,9,51,12.113465214925203,0.0014162797117072674,
WeldedBeam,PI-NSGA-II,9,51,9.494431064235036,0.0018473637219759366,
WeldedBeam,PI-NSGA-II,9,51,13.136017318070461,0.0012980426607432552,
WeldedBeam,PI-NSGA-II,9,51,13.080929234777994,0.0013039447189865836,
WeldedBeam,PI-NSGA-II,10,52,15.668555474238511,0.0010805423935634085,
WeldedBeam,PI-NSGA-II,10,52,3.1773507587807215,0.010500421718741066,
WeldedBeam,PI-NSGA-II,10,52,3.388338769421458,0.009600511609436018,
WeldedBeam,PI-NSGA-II,10,52,3.3908633100860675,0.006414851360391929,
WeldedBeam,PI-NSGA-II,10,52,3.5431105455831076,0.005760435484602769,
WeldedBeam,PI-NSGA-II,10,52,6.937238502338711,0.0026209555901238538,
WeldedBeam,PI-NSGA-II,10,52,5.329308414301447,0.003522650422430017,
WeldedBeam,PI-NSGA-II,10,52,7.136985318460298,0.0025402308073577294,
WeldedBeam,PI-NSGA-II,10,52,9.7044555046507,0.0018056012544057747,
WeldedBeam,PI-NSGA-II,10,52,14.65111595530938,0.0011551095485946455,
WeldedBeam,PI-NSGA-II,10,52,9.19652122065075,0.00191547830931374,
WeldedBeam,PI-NSGA-II,10,52,12.982777472300986,0.0013140576834181235,
WeldedBeam,PI-NSGA-II,10,52,4.566850167939361,0.00422224741435296,
WeldedBeam,PI-NSGA-II,10,52,12.228102748249352,0.0014070262973066678,
WeldedBeam,PI-NSGA-II,10,52,12.475837595240856,0.0013738844079890173,
WeldedBeam,PI-NSGA-II,10,52,6.081602379061324,0.003033792554728284,
WeldedBeam,PI-NSGA-II,10,52,6.77739545936642,0.002767023579325744,
WeldedBeam,PI-NSGA-II,10,52,7.408943493879048,0.0024444885646933935,
WeldedBeam,PI-NSGA-II,10,52,11.379448525733672,0.0015346862175342132,
WeldedBeam,PI-NSGA-II,10,52,3.232346419347782,0.010055915095240143,
WeldedBeam,PI-NSGA-II,10,52,5.97560769135589,0.0031303692852916666,
WeldedBeam,PI-NSGA-II,10,52,5.566602513632607,0.0033906772766370153,
WeldedBeam,PI-NSGA-II,10,52,3.3992654751774922,0.006240937969619387,
WeldedBeam,PI-NSGA-II,10,52,3.4994530550470895,0.005943750898778032,
WeldedBeam,PI-NSGA-II,10,52,8.674735090384806,0.002045376047380432,
WeldedBeam,PI-NSGA-II,10,52,12.0200593324203,0.001427730421735766,
WeldedBeam,PI-NSGA-II,10,52,3.2149313194702236,0.01034753198038701,
WeldedBeam,PI-NSGA-II,10,52,3.899314457934178,0.0052620296025186865,
WeldedBeam,PI-NSGA-II,10,52,6.516279618259648,0.0028967243014408712,
WeldedBeam,PI-NSGA-II,10,52,8.976097978074456,0.001987430885656514,
WeldedBeam,PI-NSGA-II,10,52,3.3799735109927935,0.009832900130610533,
WeldedBeam,PI-NSGA-II,10,52,3.371851718740507,0.009923300452283365,
WeldedBeam,PI-NSGA-II,10,52,14.116543277663926,0.0012011836772742946,
WeldedBeam,PI-NSGA-II,10,52,11.093351605362898,0.0015579018873178967,
WeldedBeam,PI-NSGA-II,10,52,4.835684347020473,0.00396166832229658,
WeldedBeam,PI-NSGA-II,10,52,15.466067382970719,0.001093473032863081,
WeldedBeam,PI-NSGA-II,10,52,10.38081414011856,0.00167483547782522,
WeldedBeam,PI-NSGA-II,10,52,15.098255640244956,0.0011178307962414523,
WeldedBeam,PI-NSGA-II,10,52,5.233081057517539,0.0036295905524972266,
WeldedBeam,PI-NSGA-II,10,52,10.854950475804127,0.0016209479287338686,
WeldedBeam,PI-NSGA-II,10,52,9.463054434744691,0.0018718871648183623,
WeldedBeam,PI-NSGA-II,10,52,4.027458555229591,0.004912480254336258,
WeldedBeam,PI-NSGA-II,10,52,6.251119858173362,0.002945488087724441,
WeldedBeam,PI-NSGA-II,10,52,4.125609160791231,0.004780109019797453,
WeldedBeam,PI-NSGA-II,10,52,3.753118130172773,0.0054111558270347635,
WeldedBeam,PI-NSGA-II,10,52,3.221293766522024,0.010180651763892974,
WeldedBeam,PI-NSGA-II,10,52,11.813926828526638,0.0014550165982941468,
WeldedBeam,PI-NSGA-II,10,52,10.220949365359985,0.0017040547248039347,
WeldedBeam,PI-NSGA-II,10,52,7.383900935086355,0.002531185809229642,
WeldedBeam,PI-NSGA-II,10,52,3.6574021235431715,0.005551288894044586,
WeldedBeam,PI-NSGA-II,10,52,9.92585874980335,0.0017955702003041832,
WeldedBeam,PI-NSGA-II,10,52,11.527502366947838,0.0014992117329788064,
WeldedBeam,PI-NSGA-II,10,52,8.851883418249974,0.001998556998860534,
WeldedBeam,PI-NSGA-II,10,52,7.694728599822309,0.002377838104183488,
WeldedBeam,PI-NSGA-II,10,52,5.602028534209242,0.0033596268902405415,
WeldedBeam,PI-NSGA-II,10,52,5.150314520099207,0.003707413144301627,
WeldedBeam,PI-NSGA-II,10,52,5.036424558177465,0.0037605625029138875,
WeldedBeam,PI-NSGA-II,10,52,5.791695506383199,0.0032809012775669357,
WeldedBeam,PI-NSGA-II,10,52,12.716914582921921,0.0013436051796300319,
WeldedBeam,PI-NSGA-II,10,52,13.458000672532707,0.0012651633331227463,
WeldedBeam,PI-NSGA-II,10,52,11.700319818804733,0.0014910620088992347,
WeldedBeam,PI-NSGA-II,10,52,3.8619505419269724,0.005378431907129368,
WeldedBeam,PI-NSGA-II,10,52,13.190873930358233,0.0012918628177581003,
WeldedBeam,PI-NSGA-II,10,52,4.694145036543276,0.004096032641360335,
WeldedBeam,PI-NSGA-II,10,52,13.968720959788259,0.00121563376593646,
WeldedBeam,PI-NSGA-II,10,52,6.32276823313491,0.0029073564940810203,
WeldedBeam,PI-NSGA-II,10,52,4.221187157100333,0.004620613231108696,
WeldedBeam,PI-NSGA-II,10,52,9.390253237607023,0.0018846644495813792,
WeldedBeam,PI-NSGA-II,10,52,3.917783047315324,0.005070598459010548,
WeldedBeam,PI-NSGA-II,10,52,10.989387411213853,0.001573900456903333,
WeldedBeam,PI-NSGA-II,10,52,10.5665774777443,0.0016429416891800455,
WeldedBeam,PI-NSGA-II,10,52,5.888108451694139,0.003258079318420831,
WeldedBeam,PI-NSGA-II,10,52,8.44249781444569,0.0021208239987690635,
WeldedBeam,PI-NSGA-II,10,52,4.348476519929451,0.004492993454613059,
WeldedBeam,PI-NSGA-II,10,52,14.362732179297067,0.0011790913221907903,
WeldedBeam,PI-NSGA-II,10,52,3.9348549880000685,0.005044756298172399,
WeldedBeam,PI-NSGA-II,10,52,10.647365921282105,0.0016336784646133562,
WeldedBeam,PI-NSGA-II,10,52,4.357859533890082,0.004481932093848202,
WeldedBeam,PI-NSGA-II,10,52,4.4622257884007235,0.004342634498142772,
WeldedBeam,PI-NSGA-II,10,52,4.99249861604519,0.0038629415016507218,
WeldedBeam,PI-NSGA-II,10,52,8.05498111269583,0.00222703689432898,
WeldedBeam,PI-NSGA-II,10,52,13.280703335261128,0.0012824022342174243,
WeldedBeam,PI-NSGA-II,10,52,3.416536543802958,0.006066873477997462,
WeldedBeam,PI-NSGA-II,10,52,8.258110419929043,0.0021718939264316712,
WeldedBeam,PI-NSGA-II,10,52,4.913422505590306,0.003896645588480967,
WeldedBeam,PI-NSGA-II,10,52,3.6686034915946033,0.005538478930504692,
WeldedBeam,PI-NSGA-II,10,52,12.696388683941045,0.0013667894902872637,
WeldedBeam,PI-NSGA-II,10,52,4.209736130853089,0.004634986240324347,
WeldedBeam,PI-NSGA-II,10,52,14.362523948409184,0.0011791460846124703,
WeldedBeam,PI-NSGA-II,10,52,7.830276877074904,0.0022951850011405186,
WeldedBeam,PI-NSGA-II,10,52,4.717017498022036,0.004073665336725638,
WeldedBeam,PI-NSGA-II,10,52,4.079117275995788,0.004843040746999492,
WeldedBeam,PI-NSGA-II,10,52,6.60661917721362,0.002772409689557957,
WeldedBeam,PI-NSGA-II,10,52,10.059098236557569,0.0017338075737671531,
WeldedBeam,PI-NSGA-II,10,52,4.471689308217217,0.004335474296075022,
WeldedBeam,PI-NSGA-II,10,52,8.035912770652185,0.002232793889569015,
WeldedBeam,PI-NSGA-II,10,52,14.890306597690591,0.0011392585576558137,
WeldedBeam,PI-NSGA-II,10,52,13.807874469819216,0.0012299326707704966,
WeldedBeam,PI-NSGA-II,10,52,14.86767426363077,0.0011410804287062494,
WeldedBeam,PI-NSGA-II,10,52,7.867191319670804,0.002282986397254258,
WeldedBeam,PI-NSGA-II,11,53,19.27644352551033,0.0008678607143048415,
WeldedBeam,PI-NSGA-II,11,53,3.6464078224798393,0.005962895152497612,
WeldedBeam,PI-NSGA-II,11,53,17.140964029841133,0.0009816685481644377,
WeldedBeam,PI-NSGA-II,11,53,17.808419811805035,0.0009429527834890264,
WeldedBeam,PI-NSGA-II,11,53,3.698563540958343,0.005696248704231605,
WeldedBeam,PI-NSGA-II,11,53,7.7776663489039715,0.002306475644515593,
WeldedBeam,PI-NSGA-II,11,53,3.7037810148097705,0.005422431537515338,
WeldedBeam,PI-NSGA-II,11,53,8.92917414768299,0.0019861060732604065,
WeldedBeam,PI-NSGA-II,11,53,10.616658240499808,0.0016385197124016775,
WeldedBeam,PI-NSGA-II,11,53,4.340134026378941,0.004507070216476004,
WeldedBeam,PI-NSGA-II,11,53,4.765963838823646,0.004046491170828486,
WeldedBeam,PI-NSGA-II,11,53,16.671611047747103,0.001015558702354339,
WeldedBeam,PI-NSGA-II,11,53,10.237767772548464,0.001705223432817839,
WeldedBeam,PI-NSGA-II,11,53,16.41706859767065,0.0010279407691476865,
WeldedBeam,PI-NSGA-II,11,53,4.646032930203601,0.004195651647026791,
WeldedBeam,PI-NSGA-II,11,53,18.22036545669038,0.0009220076022253754,
WeldedBeam,PI-NSGA-II,11,53,4.989180946697385,0.0038178630577869184,
WeldedBeam,PI-NSGA-II,11,53,4.469971173066551,0.004362874913081361,
WeldedBeam,PI-NSGA-II,11,53,5.868972174685243,0.0031782160265222455,
WeldedBeam,PI-NSGA-II,11,53,5.48927722754832,0.0034624592048558577,
WeldedBeam,PI-NSGA-II,11,53,3.6861307756479187,0.00576255541817156,
WeldedBeam,PI-NSGA-II,11,53,3.917572971489706,0.005076942724440877,
WeldedBeam,PI-NSGA-II,11,53,8.585004267899526,0.002065617917676518,
WeldedBeam,PI-NSGA-II,11,53,4.260847051463178,0.0045952715107375796,
WeldedBeam,PI-NSGA-II,11,53,8.077933582230072,0.0022186662775565136,
WeldedBeam,PI-NSGA-II,11,53,5.0894101128532,0.0037429805920037485,
WeldedBeam,PI-NSGA-II,11,53,6.56259529819245,0.002785253044556292,
WeldedBeam,PI-NSGA-II,11,53,12.000045782083477,0.001445302651189717,
WeldedBeam,PI-NSGA-II,11,53,12.26557195492649,0.0014005009257871282,
WeldedBeam,PI-NSGA-II,11,53,15.98959195490593,0.0010563307988108554,
WeldedBeam,PI-NSGA-II,11,53,3.859159974637337,0.0051829300532057814,
WeldedBeam,PI-NSGA-II,11,53,14.127429540745876,0.001223761941803457,
WeldedBeam,PI-NSGA-II,11,53,5.777869469357228,0.003256740553836045,
WeldedBeam,PI-NSGA-II,11,53,15.291329519113065,0.001107267382916538,
WeldedBeam,PI-NSGA-II,11,53,6.471118123054265,0.002861417661974123,
WeldedBeam,PI-NSGA-II,11,53,6.712395611075235,0.0027153382701022104,
WeldedBeam,PI-NSGA-II,11,53,7.421904788978122,0.0024295696849990943,
WeldedBeam,PI-NSGA-II,11,53,19.257084652189796,0.0008700345085552702,
WeldedBeam,PI-NSGA-II,11,53,4.862033246812546,0.003920967320586847,
WeldedBeam,PI-NSGA-II,11,53,5.641648096352945,0.00334161237549423,
WeldedBeam,PI-NSGA-II,11,53,18.74545286470167,0.0008934269315230628,
WeldedBeam,PI-NSGA-II,11,53,6.819164620984503,0.002666860283783726,
WeldedBeam,PI-NSGA-II,11,53,6.31938482779993,0.002913527649953263,
WeldedBeam,PI-NSGA-II,11,53,3.668625069547408,0.005929857038189825,
WeldedBeam,PI-NSGA-II,11,53,6.149795973884186,0.003057835635262079,
WeldedBeam,PI-NSGA-II,11,53,14.5787983315486,0.0011672366434744706,
WeldedBeam,PI-NSGA-II,11,53,13.634846099745616,0.0012571622902090086,
WeldedBeam,PI-NSGA-II,11,53,15.59842890312978,0.001090557038921033,
WeldedBeam,PI-NSGA-II,11,53,4.067520077474639,0.0048567544000349275,
WeldedBeam,PI-NSGA-II,11,53,9.123531249028112,0.0019359939197828536,
WeldedBeam,PI-NSGA-II,11,53,11.809182302540606,0.0014738095835829183,
WeldedBeam,PI-NSGA-II,11,53,3.8039967944465967,0.0052552583293926985,
WeldedBeam,PI-NSGA-II,11,53,8.333546261026342,0.002136413922354694,
WeldedBeam,PI-NSGA-II,11,53,3.7626611711661844,0.005325062633288933,
WeldedBeam,PI-NSGA-II,11,53,4.603243464078204,0.004254447949600316,
WeldedBeam,PI-NSGA-II,11,53,4.015175356021525,0.004955631418963984,
WeldedBeam,PI-NSGA-II,11,53,15.081309121129777,0.0011320585474800017,
WeldedBeam,PI-NSGA-II,11,53,4.821518038059892,0.00396175386899465,
WeldedBeam,PI-NSGA-II,11,53,9.746713163602198,0.0018037259997740447,
WeldedBeam,PI-NSGA-II,11,53,3.975837592320974,0.004984976720338387,
WeldedBeam,PI-NSGA-II,11,53,8.513647317351664,0.0020839505755749026,
WeldedBeam,PI-NSGA-II,11,53,4.535584482203903,0.004319269983213099,
WeldedBeam,PI-NSGA-II,11,53,5.2737915538365385,0.003617109975556156,
WeldedBeam,PI-NSGA-II,11,53,18.49232022945599,0.0009064351973069691,
WeldedBeam,PI-NSGA-II,11,53,5.333123408958772,0.0035522669925881277,
WeldedBeam,PI-NSGA-II,11,53,9.332137233470233,0.001884459045192437,
WeldedBeam,PI-NSGA-II,11,53,13.330890995654425,0.0012815683298566351,
WeldedBeam,PI-NSGA-II,11,53,11.351744172012623,0.0015401977520129995,
WeldedBeam,PI-NSGA-II,11,53,5.403703890130356,0.0035093255156634627,
WeldedBeam,PI-NSGA-II,11,53,7.569204768656224,0.002376306942178612,
WeldedBeam,PI-NSGA-II,11,53,5.998889834936619,0.0030815480620685655,
WeldedBeam,PI-NSGA-II,11,53,7.003580490125152,0.0026156273133493622,
WeldedBeam,PI-NSGA-II,11,53,10.000206200316233,0.0017515663138263787,
WeldedBeam,PI-NSGA-II,11,53,14.88201287863023,0.0011672338660788525,
WeldedBeam,PI-NSGA-II,11,53,9.80932894647482,0.0017849218896893002,
WeldedBeam,PI-NSGA-II,11,53,12.778380766928304,0.001340291061541147,
WeldedBeam,PI-NSGA-II,11,53,13.773279479047032,0.0012422031189434444,
WeldedBeam,PI-NSGA-II,11,53,4.194907268204554,0.004691739132217469,
WeldedBeam,PI-NSGA-II,11,53,10.843364871785793,0.0015996601016878193,
WeldedBeam,PI-NSGA-II,11,53,5.653314504799349,0.003318667338613036,
WeldedBeam,PI-NSGA-II,11,53,4.106488351823909,0.004804231437391077,
WeldedBeam,PI-NSGA-II,11,53,4.177506356525984,0.004763344393734325,
WeldedBeam,PI-NSGA-II,11,53,14.379365718525426,0.0011877012986695147,
WeldedBeam,PI-NSGA-II,11,53,10.079774574115254,0.0017366501464468088,
WeldedBeam,PI-NSGA-II,11,53,7.108920076345052,0.002551377539158103,
WeldedBeam,PI-NSGA-II,11,53,13.02053765370894,0.0013203331054385079,
WeldedBeam,PI-NSGA-II,11,53,8.242722558232213,0.0021592035670455092,
WeldedBeam,PI-NSGA-II,11,53,12.46627030613007,0.0013761838246327623,
WeldedBeam,PI-NSGA-II,11,53,5.247454080084404,0.003675611959592245,
WeldedBeam,PI-NSGA-II,11,53,13.069983220595471,0.0013139435906463386,
WeldedBeam,PI-NSGA-II,11,53,14.267336326084028,0.0011917427884538545,
WeldedBeam,PI-NSGA-II,11,53,13.277865385495145,0.0012856514320666302,
WeldedBeam,PI-NSGA-II,11,53,9.51421964667262,0.0018447216666894483,
WeldedBeam,PI-NSGA-II,11,53,3.760022661445396,0.0054039328312216126,
WeldedBeam,PI-NSGA-II,11,53,11.64599980588299,0.0015051076127233518,
WeldedBeam,PI-NSGA-II,11,53,6.210597189640425,0.002964186821744889,
WeldedBeam,PI-NSGA-II,11,53,8.135431632990283,0.0021915722208030366,
WeldedBeam,PI-NSGA-II,11,53,15.80057729164721,0.0010905299973952124,
WeldedBeam,PI-NSGA-II,11,53,7.1833714760270295,0.0025236208219254117,
WeldedBeam,PI-NSGA-II,11,53,7.385861352640036,0.0025172355417290297,
WeldedBeam,PI-NSGA-II,12,54,13.688253756635463,0.001241046652402485,
WeldedBeam,PI-NSGA-II,12,54,36.9448408933074,0.00043964422187024477,
WeldedBeam,PI-NSGA-II,12,54,36.267715248985084,0.00044565190211309986,
WeldedBeam,PI-NSGA-II,12,54,26.950809061396697,0.0006053797869540883,
WeldedBeam,PI-NSGA-II,12,54,17.800322286021373,0.0009402449625473968,
WeldedBeam,PI-NSGA-II,12,54,14.434744066279968,0.0011752945882328792,
WeldedBeam,PI-NSGA-II,12,54,26.267961013395293,0.0006217703465833642,
WeldedBeam,PI-NSGA-II,12,54,14.142573701691415,0.0011971219873428886,
WeldedBeam,PI-NSGA-II,12,54,16.82555955782146,0.0009951617181512174,
WeldedBeam,PI-NSGA-II,12,54,17.47070383040287,0.0009599719794143209,
WeldedBeam,PI-NSGA-II,12,54,35.027630849753116,0.00046100573090968733,
WeldedBeam,PI-NSGA-II,12,54,31.127459964429807,0.0005214284711274077,
WeldedBeam,PI-NSGA-II,12,54,29.06734117833062,0.000556965076600754,
WeldedBeam,PI-NSGA-II,12,54,14.767875544450568,0.0011468869304950234,
WeldedBeam,PI-NSGA-II,12,54,35.62060243901349,0.00045447530074839426,
WeldedBeam,PI-NSGA-II,12,54,19.689214814104787,0.0008414785478138955,
WeldedBeam,PI-NSGA-II,12,54,15.409829213315037,0.001091866639893174,
WeldedBeam,PI-NSGA-II,12,54,19.918057894231268,0.0008312794356518015,
WeldedBeam,PI-NSGA-II,12,54,23.370994106527796,0.0007040957585858867,
WeldedBeam,PI-NSGA-II,12,54,28.681782981611555,0.000565474388074209,
WeldedBeam,PI-NSGA-II,12,54,33.47748283025707,0.00048355302346167185,
WeldedBeam,PI-NSGA-II,12,54,34.015566725651915,0.0004754613478638365,
WeldedBeam,PI-NSGA-II,12,54,15.126549525348883,0.0011134677460931108,
WeldedBeam,PI-NSGA-II,12,54,18.005934810586858,0.0009262233256394727,
WeldedBeam,PI-NSGA-II,12,54,27.464345254850116,0.000591711591027701,
WeldedBeam,PI-NSGA-II,12,54,24.069750886696827,0.0006815355333695822,
WeldedBeam,PI-NSGA-II,12,54,33.06138634059746,0.0004934535721589856,
WeldedBeam,PI-NSGA-II,12,54,18.80919321356506,0.0008846943968533012,
WeldedBeam,PI-NSGA-II,12,54,22.57292710806241,0.0007295554620206406,
WeldedBeam,PI-NSGA-II,12,54,16.604420967322426,0.001008320989129597,
WeldedBeam,PI-NSGA-II,12,54,20.779301082662,0.0007951228852000833,
WeldedBeam,PI-NSGA-II,12,54,21.638767468762456,0.0007624338908425995,
WeldedBeam,PI-NSGA-II,12,54,19.060105109481338,0.0008774128653901482,
WeldedBeam,PI-NSGA-II,12,54,27.184785401658566,0.0005970315381273986,
WeldedBeam,PI-NSGA-II,12,54,15.336784164680678,0.0011102270822446897,
WeldedBeam,PI-NSGA-II,12,54,19.169556556716756,0.0008656173038860653,
WeldedBeam,PI-NSGA-II,12,54,18.59339714896376,0.000894007688107718,
WeldedBeam,PI-NSGA-II,12,54,27.792065599965945,0.0005841306229043381,
WeldedBeam,PI-NSGA-II,12,54,36.887076242981706,0.00043973791320148247,
WeldedBeam,PI-NSGA-II,12,54,34.54789595806358,0.0004665794388228891,
WeldedBeam,PI-NSGA-II,12,54,32.07664106026156,0.0005054380965717709,
WeldedBeam,PI-NSGA-II,12,54,14.03726881683021,0.001211488450044544,
WeldedBeam,PI-NSGA-II,12,54,30.864258659919756,0.0005340644576958582,
WeldedBeam,PI-NSGA-II,12,54,16.22117800268421,0.001033594895454322,
WeldedBeam,PI-NSGA-II,12,54,22.33197082115114,0.0007417766347438005,
WeldedBeam,PI-NSGA-II,12,54,14.94886723427755,0.0011319680663478134,
WeldedBeam,PI-NSGA-II,12,54,15.657587602089867,0.0010735746244434094,
WeldedBeam,PI-NSGA-II,12,54,16.364664982759844,0.0010269705189698774,
WeldedBeam,PI-NSGA-II,12,54,25.13538125986933,0.0006509184413423332,
WeldedBeam,PI-NSGA-II,12,54,23.775116284141387,0.0006909000236647371,
WeldedBeam,PI-NSGA-II,12,54,30.041352873500692,0.0005385293423742743,
WeldedBeam,PI-NSGA-II,12,54,19.542964565962208,0.0008557085552464384,
WeldedBeam,PI-NSGA-II,12,54,35.487701162185175,0.00045638939435597927,
WeldedBeam,PI-NSGA-II,12,54,16.557789388420982,0.0010177088619818804,
WeldedBeam,PI-NSGA-II,12,54,15.558798043738193,0.0010809490564916452,
WeldedBeam,PI-NSGA-II,12,54,33.68879617571172,0.000479605296777263,
WeldedBeam,PI-NSGA-II,12,54,30.388898043731924,0.0005351845169462004,
WeldedBeam,PI-NSGA-II,12,54,29.51117123783803,0.0005521865387100196,
WeldedBeam,PI-NSGA-II,12,54,16.068927587644943,0.0010446766634459935,
WeldedBeam,PI-NSGA-II,12,54,20.581328690557513,0.0008031855192973636,
WeldedBeam,PI-NSGA-II,12,54,27.986344972824902,0.0005795293418370337,
WeldedBeam,PI-NSGA-II,12,54,20.227626634003155,0.0008232034091526424,
WeldedBeam,PI-NSGA-II,12,54,15.824988976774828,0.0010626158029536075,
WeldedBeam,PI-NSGA-II,12,54,24.466795486484965,0.0006699242130682795,
WeldedBeam,PI-NSGA-II,12,54,17.063863335789872,0.0009794425618466981,
WeldedBeam,PI-NSGA-II,12,54,21.525383595451405,0.0007724636933170427,
WeldedBeam,PI-NSGA-II,12,54,31.555819305622443,0.0005156438409867697,
WeldedBeam,PI-NSGA-II,12,54,22.879180300624917,0.0007193801233738932,
WeldedBeam,PI-NSGA-II,12,54,21.298993505210337,0.0007747313038796094,
WeldedBeam,PI-NSGA-II,12,54,13.896992277985797,0.0012199281154266933,
WeldedBeam,PI-NSGA-II,12,54,23.10772320542251,0.0007134077342767989,
WeldedBeam,PI-NSGA-II,12,54,25.020661815745836,0.0006549053022965273,
WeldedBeam,PI-NSGA-II,12,54,25.448261112672167,0.0006424430326841881,
WeldedBeam,PI-NSGA-II,12,54,32.35448222625471,0.0004983165465014491,
WeldedBeam,PI-NSGA-II,12,54,20.99747727203927,0.0007858698399476939,
WeldedBeam,PI-NSGA-II,12,54,28.475091112826682,0.0005728723598924811,
WeldedBeam,PI-NSGA-II,12,54,14.88697424843305,0.0011328180394206287,
WeldedBeam,PI-NSGA-II,12,54,31.780670352945297,0.0005118966860970465,
WeldedBeam,PI-NSGA-II,12,54,22.745568551704626,0.0007242449949376273,
WeldedBeam,PI-NSGA-II,12,54,34.443969768637466,0.0004703073791008809,
WeldedBeam,PI-NSGA-II,12,54,17.080533654959424,0.0009789239295346906,
WeldedBeam,PI-NSGA-II,12,54,32.78725270170352,0.0004969186661013009,
WeldedBeam,PI-NSGA-II,12,54,14.57058341543531,0.0011597856814813004,
WeldedBeam,PI-NSGA-II,12,54,26.06631637373607,0.0006269144854534055,
WeldedBeam,PI-NSGA-II,12,54,14.570632834926291,0.001159772984556525,
WeldedBeam,PI-NSGA-II,12,54,22.080987008786632,0.0007517697848445187,
WeldedBeam,PI-NSGA-II,12,54,24.70494767667421,0.0006633133141970602,
WeldedBeam,PI-NSGA-II,12,54,23.775117157967067,0.000690899943985067,
WeldedBeam,PI-NSGA-II,12,54,13.75041458183684,0.0012343432867887368,
WeldedBeam,PI-NSGA-II,12,54,17.278013024700897,0.0009663842941233887,
WeldedBeam,PI-NSGA-II,12,54,24.781786745439053,0.0006611189748067999,
WeldedBeam,PI-NSGA-II,12,54,20.4373197925034,0.0008090879679540036,
WeldedBeam,PI-NSGA-II,12,54,22.169006950557055,0.0007433406700167929,
WeldedBeam,PI-NSGA-II,12,54,23.3478375896251,0.0007129468588147754,
WeldedBeam,PI-NSGA-II,12,54,25.858570500575933,0.0006334333019503456,
WeldedBeam,PI-NSGA-II,12,54,21.8876563972358,0.0007533350772167696,
WeldedBeam,PI-NSGA-II,12,54,15.97408545980599,0.0010508802671239754,
WeldedBeam,PI-NSGA-II,12,54,30.685644140068867,0.0005341768798575346,
WeldedBeam,PI-NSGA-II,12,54,21.153049117913284,0.0007826518209072063,
WeldedBeam,PI-NSGA-II,12,54,15.895949501851556,0.0010563682009060939,
WeldedBeam,PI-NSGA-II,13,55,23.267945959356005,0.0007074109361715187,
WeldedBeam,PI-NSGA-II,13,55,2.913301327225213,0.007667246324426402,
WeldedBeam,PI-NSGA-II,13,55,4.3595480043667765,0.004547729662119074,
WeldedBeam,PI-NSGA-II,13,55,8.285334427556226,0.002160504280302629,
WeldedBeam,PI-NSGA-II,13,55,3.0668917992111817,0.007234661538786828,
WeldedBeam,PI-NSGA-II,13,55,6.166241073394,0.003022998772587385,
WeldedBeam,PI-NSGA-II,13,55,14.526491176142152,0.001165421870882583,
WeldedBeam,PI-NSGA-II,13,55,5.1026997600302995,0.003718461307360763,
WeldedBeam,PI-NSGA-II,13,55,6.487821098558282,0.0028582910308052162,
WeldedBeam,PI-NSGA-II,13,55,11.974386384074805,0.0014411292692221808,
WeldedBeam,PI-NSGA-II,13,55,12.447326921761492,0.0013801197751447769,
WeldedBeam,PI-NSGA-II,13,55,7.334864579048551,0.002460708406204335,
WeldedBeam,PI-NSGA-II,13,55,2.984728754291783,0.0074288417338491545,
WeldedBeam,PI-NSGA-II,13,55,5.643370114867539,0.0033858143478931978,
WeldedBeam,PI-NSGA-II,13,55,20.591182659027638,0.0008075157140201073,
WeldedBeam,PI-NSGA-II,13,55,15.071858111750268,0.0011279573757807329,
WeldedBeam,PI-NSGA-II,13,55,3.4143404322144857,0.006217003850321662,
WeldedBeam,PI-NSGA-II,13,55,3.0688200493369093,0.006893942643815189,
WeldedBeam,PI-NSGA-II,13,55,16.26081986911677,0.0010333530608975978,
WeldedBeam,PI-NSGA-II,13,55,8.783232246465111,0.002047195419817172,
WeldedBeam,PI-NSGA-II,13,55,3.95583877500095,0.005198623337708857,
WeldedBeam,PI-NSGA-II,13,55,21.09530092315453,0.0007838609060793403,
WeldedBeam,PI-NSGA-II,13,55,3.6337718716885097,0.0056934675227019215,
WeldedBeam,PI-NSGA-II,13,55,4.449933803017576,0.004415095377213392,
WeldedBeam,PI-NSGA-II,13,55,4.044005652788681,0.005103894925081765,
WeldedBeam,PI-NSGA-II,13,55,9.190888711363439,0.0019399667291247753,
WeldedBeam,PI-NSGA-II,13,55,3.1939138538434295,0.006604050858765194,
WeldedBeam,PI-NSGA-II,13,55,3.2552147932402775,0.006444779077802798,
WeldedBeam,PI-NSGA-II,13,55,17.530629572804177,0.0009566920078114058,
WeldedBeam,PI-NSGA-II,13,55,6.975054993975303,0.002627655339146091,
WeldedBeam,PI-NSGA-II,13,55,4.2415738539605155,0.0047945863023918355,
WeldedBeam,PI-NSGA-II,13,55,22.137517602195096,0.0007456193563008109,
WeldedBeam,PI-NSGA-II,13,55,18.182552137742622,0.0009174230810413535,
WeldedBeam,PI-NSGA-II,13,55,5.8114797183306734,0.003262519380214203,
WeldedBeam,PI-NSGA-II,13,55,17.126493940901575,0.0009796013629714243,
WeldedBeam,PI-NSGA-II,13,55,4.517281626468236,0.004290966009955426,
WeldedBeam,PI-NSGA-II,13,55,4.849214839344417,0.003962593169573402,
WeldedBeam,PI-NSGA-II,13,55,3.3754440468048768,0.006366376580478411,
WeldedBeam,PI-NSGA-II,13,55,13.292199251681458,0.0013026186415870083,
WeldedBeam,PI-NSGA-II,13,55,5.3033931512868175,0.0035499674536919362,
WeldedBeam,PI-NSGA-II,13,55,3.865184063676912,0.005367386142532918,
WeldedBeam,PI-NSGA-II,13,55,21.675411309287345,0.0007599417317630891,
WeldedBeam,PI-NSGA-II,13,55,9.739963355919627,0.0018339752132919874,
WeldedBeam,PI-NSGA-II,13,55,4.744509517347779,0.004036939998446524,
WeldedBeam,PI-NSGA-II,13,55,20.153171014782657,0.000822562592678508,
WeldedBeam,PI-NSGA-II,13,55,17.85574390697776,0.0009358336627321987,
WeldedBeam,PI-NSGA-II,13,55,13.584510731957252,0.001255459118186458,
WeldedBeam,PI-NSGA-II,13,55,10.115892151998418,0.0017324192008113552,
WeldedBeam,PI-NSGA-II,13,55,15.743734514316886,0.0010675582959082598,
WeldedBeam,PI-NSGA-II,13,55,22.918823682282863,0.0007193395793352603,
WeldedBeam,PI-NSGA-II,13,55,11.6184123005321,0.0014841930800262118,
WeldedBeam,PI-NSGA-II,13,55,14.10433756247829,0.0012006320173843475,
WeldedBeam,PI-NSGA-II,13,55,10.660064183205868,0.001631737979173946,
WeldedBeam,PI-NSGA-II,13,55,9.369787354204313,0.001900061343123621,
WeldedBeam,PI-NSGA-II,13,55,19.89900339369655,0.0008344525370820245,
WeldedBeam,PI-NSGA-II,13,55,8.84945161511534,0.002028619320609598,
WeldedBeam,PI-NSGA-II,13,55,15.366620105562596,0.0010956738190585854,
WeldedBeam,PI-NSGA-II,13,55,3.143161677972341,0.006707595646562084,
WeldedBeam,PI-NSGA-II,13,55,5.3033922631949295,0.0035499694596325907,
WeldedBeam,PI-NSGA-II,13,55,12.789459898622058,0.0013357819382841206,
WeldedBeam,PI-NSGA-II,13,55,16.81826650446611,0.0009961221406652738,
WeldedBeam,PI-NSGA-II,13,55,16.55244367294472,0.0010116656785150602,
WeldedBeam,PI-NSGA-II,13,55,3.572820754602624,0.0058599914442934485,
WeldedBeam,PI-NSGA-II,13,55,3.0460746922378945,0.007332768697365977,
WeldedBeam,PI-NSGA-II,13,55,11.002484155995354,0.0015772900259730946,
WeldedBeam,PI-NSGA-II,13,55,6.602782296536653,0.002783756114431017,
WeldedBeam,PI-NSGA-II,13,55,4.128264314991452,0.004950125536101589,
WeldedBeam,PI-NSGA-II,13,55,12.953593402917303,0.00132033778093379,
WeldedBeam,PI-NSGA-II,13,55,19.514733790660475,0.0008511466532796016,
WeldedBeam,PI-NSGA-II,13,55,4.724137829815781,0.004191429331173741,
WeldedBeam,PI-NSGA-II,13,55,5.958057695672249,0.0031171575343519175,
WeldedBeam,PI-NSGA-II,13,55,7.729497881049333,0.002323253665592057,
WeldedBeam,PI-NSGA-II,13,55,4.167249254296266,0.004938855771494699,
WeldedBeam,PI-NSGA-II,13,55,9.618709852739254,0.0018340487057940961,
WeldedBeam,PI-NSGA-II,13,55,6.733139195429491,0.0027256762508437926,
WeldedBeam,PI-NSGA-II,13,55,3.529811987470361,0.005886973197828003,
WeldedBeam,PI-NSGA-II,13,55,7.967585459657604,0.002322047454627849,
WeldedBeam,PI-NSGA-II,13,55,18.957024116203925,0.0008783877448425041,
WeldedBeam,PI-NSGA-II,13,55,3.4496794501765655,0.006045352452211267,
WeldedBeam,PI-NSGA-II,13,55,3.449620541756608,0.006045701491826877,
WeldedBeam,PI-NSGA-II,13,55,7.60145922386013,0.0023924366883923,
WeldedBeam,PI-NSGA-II,13,55,11.431229690203182,0.0015110098174943643,
WeldedBeam,PI-NSGA-II,13,55,3.105008399819511,0.006811964493157562,
WeldedBeam,PI-NSGA-II,13,55,5.685412090181309,0.003307480569805277,
WeldedBeam,PI-NSGA-II,13,55,6.85240905552075,0.0026765057489187894,
WeldedBeam,PI-NSGA-II,13,55,19.38174335146381,0.00085715882061377,
WeldedBeam,PI-NSGA-II,13,55,22.594284849883067,0.0007336093752360515,
WeldedBeam,PI-NSGA-II,13,55,10.378636038911804,0.001701601104783672,
WeldedBeam,PI-NSGA-II,13,55,4.965069799964337,0.003830153462233574,
WeldedBeam,PI-NSGA-II,13,55,4.631476081650813,0.004194530840686973,
WeldedBeam,PI-NSGA-II,13,55,3.6940464038205074,0.0055876324026005566,
WeldedBeam,PI-NSGA-II,13,55,4.24137784620074,0.004795318257787235,
WeldedBeam,PI-NSGA-II,13,55,22.442746235138614,0.0007352059753483979,
WeldedBeam,PI-NSGA-II,13,55,19.060772864854634,0.0008750628365642695,
WeldedBeam,PI-NSGA-II,13,55,10.527903517178663,0.0016678656321785907,
WeldedBeam,PI-NSGA-II,13,55,5.9581711751007695,0.0031169599423721142,
WeldedBeam,PI-NSGA-II,13,55,11.241940874396875,0.0015370940525583556,
WeldedBeam,PI-NSGA-II,13,55,8.047107961355074,0.002242389524282686,
WeldedBeam,PI-NSGA-II,13,55,3.7990054170718626,0.005424130213547078,
WeldedBeam,PI-NSGA-II,13,55,7.471714304281194,0.0024172859479581056,
WeldedBeam,PI-NSGA-II,14,56,36.612117821528884,0.00044566476644002665,
WeldedBeam,PI-NSGA-II,14,56,3.0097281431074587,0.007095003321470991,
WeldedBeam,PI-NSGA-II,14,56,33.28703669360182,0.0004856131957593625,
WeldedBeam,PI-NSGA-II,14,56,36.48691550279751,0.0004521283269072878,
WeldedBeam,PI-NSGA-II,14,56,19.195296556364138,0.0008772876117874736,
WeldedBeam,PI-NSGA-II,14,56,22.686425919212653,0.0007355392466863342,
WeldedBeam,PI-NSGA-II,14,56,23.88376375099822,0.0007352720152114205,
WeldedBeam,PI-NSGA-II,14,56,29.03729488070066,0.0005707323338080206,
WeldedBeam,PI-NSGA-II,14,56,5.962421288291855,0.0031221922398358636,
WeldedBeam,PI-NSGA-II,14,56,3.7693935817887336,0.0053950427802765925,
WeldedBeam,PI-NSGA-II,14,56,4.120931796578305,0.004786047174140017,
WeldedBeam,PI-NSGA-II,14,56,25.762634847524737,0.0006457194305164611,
WeldedBeam,PI-NSGA-II,14,56,12.275266522586511,0.0013977476459328946,
WeldedBeam,PI-NSGA-II,14,56,7.071938177392266,0.0025667589025514435,
WeldedBeam,PI-NSGA-II,14,56,11.63679833308482,0.0014879743269819445,
WeldedBeam,PI-NSGA-II,14,56,8.417822294847896,0.002108655666887098,
WeldedBeam,PI-NSGA-II,14,56,4.78985366208823,0.003992053421919909,
WeldedBeam,PI-NSGA-II,14,56,4.91085340577857,0.0038901270985528934,
WeldedBeam,PI-NSGA-II,14,56,20.355772563266534,0.0008208306236774689,
WeldedBeam,PI-NSGA-II,14,56,31.349153878001328,0.0005368006603592481,
WeldedBeam,PI-NSGA-II,14,56,32.65767118114055,0.0004953010978504362,
WeldedBeam,PI-NSGA-II,14,56,30.278088139702113,0.0005519954909942384,
WeldedBeam,PI-NSGA-II,14,56,31.88579840856666,0.00051682709803839,
WeldedBeam,PI-NSGA-II,14,56,4.460704434979033,0.004374792616061447,
WeldedBeam,PI-NSGA-II,14,56,7.571880759576063,0.0024002704719710047,
WeldedBeam,PI-NSGA-II,14,56,18.386465313915714,0.000905274830143198,
WeldedBeam,PI-NSGA-II,14,56,3.735268217041274,0.005542566472184579,
WeldedBeam,PI-NSGA-II,14,56,5.677462122487087,0.0033203547781389996,
WeldedBeam,PI-NSGA-II,14,56,3.401957536119056,0.006072802624536971,
WeldedBeam,PI-NSGA-II,14,56,14.742676880472725,0.0011513684668735015,
WeldedBeam,PI-NSGA-II,14,56,26.85465129502758,0.0006186157434154614,
WeldedBeam,PI-NSGA-II,14,56,21.80289900208967,0.000767751977706502,
WeldedBeam,PI-NSGA-II,14,56,3.231618407662086,0.006476902155160836,
WeldedBeam,PI-NSGA-II,14,56,28.316465118713502,0.0005851515441644945,
WeldedBeam,PI-NSGA-II,14,56,9.404824695556616,0.0019117266380191224,
WeldedBeam,PI-NSGA-II,14,56,15.238046651749734,0.0011050636189859186,
WeldedBeam,PI-NSGA-II,14,56,3.1753751100311827,0.006720947388218666,
WeldedBeam,PI-NSGA-II,14,56,15.939712260572405,0.0010625483355498158,
WeldedBeam,PI-NSGA-II,14,56,4.686919353169162,0.004165634192672122,
WeldedBeam,PI-NSGA-II,14,56,10.919426996689324,0.0015861493016309305,
WeldedBeam,PI-NSGA-II,14,56,4.573370292646625,0.004206566261006641,
WeldedBeam,PI-NSGA-II,14,56,17.97604183475225,0.0009307497095757989,
WeldedBeam,PI-NSGA-II,14,56,21.00880856180596,0.0007883267732032686,
WeldedBeam,PI-NSGA-II,14,56,24.791780920047724,0.0007160563267593123,
WeldedBeam,PI-NSGA-II,14,56,5.084617462433708,0.003734635591511701,
WeldedBeam,PI-NSGA-II,14,56,5.4598276026904635,0.0034450816268515854,
WeldedBeam,PI-NSGA-II,14,56,3.3429240474754875,0.006183156543475192,
WeldedBeam,PI-NSGA-II,14,56,6.232809630289919,0.00297485998962504,
WeldedBeam,PI-NSGA-II,14,56,11.298539867528998,0.0015451391046303932,
WeldedBeam,PI-NSGA-II,14,56,13.168744052860193,0.0012977895189213683,
WeldedBeam,PI-NSGA-II,14,56,3.8704040694424893,0.005180537837704787,
WeldedBeam,PI-NSGA-II,14,56,7.625357471851043,0.002381035522254356,
WeldedBeam,PI-NSGA-II,14,56,16.669840033076138,0.0010099382267379357,
WeldedBeam,PI-NSGA-II,14,56,7.959897322237064,0.0022439926586551007,
WeldedBeam,PI-NSGA-II,14,56,3.9147025292982938,0.00508670324632593,
WeldedBeam,PI-NSGA-II,14,56,30.47806262771372,0.0005506361705783721,
WeldedBeam,PI-NSGA-II,14,56,4.222420609880245,0.004658783473974,
WeldedBeam,PI-NSGA-II,14,56,8.0687564692602,0.002237519199815071,
WeldedBeam,PI-NSGA-II,14,56,8.757796838121818,0.0020340965093734683,
WeldedBeam,PI-NSGA-II,14,56,3.109890340391931,0.0068349346610775095,
WeldedBeam,PI-NSGA-II,14,56,25.230337906450437,0.0006597510996573354,
WeldedBeam,PI-NSGA-II,14,56,6.9132269447262535,0.0026289145681966026,
WeldedBeam,PI-NSGA-II,14,56,3.983867530801953,0.004974852867915231,
WeldedBeam,PI-NSGA-II,14,56,3.4701308240975894,0.005924488575866761,
WeldedBeam,PI-NSGA-II,14,56,3.6515825593318105,0.005660846951288452,
WeldedBeam,PI-NSGA-II,14,56,26.997357856432238,0.0006152408634084634,
WeldedBeam,PI-NSGA-II,14,56,9.570084949928717,0.0018319267117533232,
WeldedBeam,PI-NSGA-II,14,56,14.254673578545958,0.0011876789406873591,
WeldedBeam,PI-NSGA-II,14,56,6.1643750907618085,0.0030138060274255266,
WeldedBeam,PI-NSGA-II,14,56,3.3078806382610497,0.006331032248871865,
WeldedBeam,PI-NSGA-II,14,56,6.518549975111745,0.0028435070878283434,
WeldedBeam,PI-NSGA-II,14,56,3.0587948580956428,0.006966349732373456,
WeldedBeam,PI-NSGA-II,14,56,9.797867388532293,0.001785479985989813,
WeldedBeam,PI-NSGA-II,14,56,15.736577237445765,0.0010831112633433353,
WeldedBeam,PI-NSGA-II,14,56,14.059635502295084,0.0012200796020675727,
WeldedBeam,PI-NSGA-II,14,56,21.50979904774815,0.0007756438240209426,
WeldedBeam,PI-NSGA-II,14,56,27.81043146438794,0.0006028148693730306,
WeldedBeam,PI-NSGA-II,14,56,17.44146661483633,0.0009707185394146056,
WeldedBeam,PI-NSGA-II,14,56,3.528231241499252,0.005882866132538809,
WeldedBeam,PI-NSGA-II,14,56,4.382985428235567,0.004466259130906474,
WeldedBeam,PI-NSGA-II,14,56,3.598256004336835,0.005725521253432069,
WeldedBeam,PI-NSGA-II,14,56,10.031993272314205,0.0017394138080102483,
WeldedBeam,PI-NSGA-II,14,56,6.70320427713842,0.002730435614419472,
WeldedBeam,PI-NSGA-II,14,56,8.93348682350375,0.001976362658047924,
WeldedBeam,PI-NSGA-II,14,56,5.3919472704442635,0.0035521212826102526,
WeldedBeam,PI-NSGA-II,14,56,16.797007653397795,0.001000429851393933,
WeldedBeam,PI-NSGA-II,14,56,20.476331141180818,0.0008156970992908241,
WeldedBeam,PI-NSGA-II,14,56,12.73442194350878,0.0013452723177427917,
WeldedBeam,PI-NSGA-II,14,56,4.275992844684374,0.0045898384976644025,
WeldedBeam,PI-NSGA-II,14,56,17.323236051937993,0.0009764899312228791,
WeldedBeam,PI-NSGA-II,14,56,3.3268130630567305,0.006299803929361534,
WeldedBeam,PI-NSGA-II,14,56,5.1939815245330205,0.0036633104742449856,
WeldedBeam,PI-NSGA-II,14,56,6.518552648420788,0.002843503238374606,
WeldedBeam,PI-NSGA-II,14,56,10.563595803253442,0.001653740195508712,
WeldedBeam,PI-NSGA-II,14,56,4.332379678345602,0.004522418768907646,
WeldedBeam,PI-NSGA-II,14,56,13.614112870601254,0.0012642600051129497,
WeldedBeam,PI-NSGA-II,14,56,3.204357323967471,0.006591562229320894,
WeldedBeam,PI-NSGA-II,14,56,24.958587179954396,0.0007036562297993894,
WeldedBeam,PI-NSGA-II,14,56,6.7213067984573165,0.0027141133134085805,
WeldedBeam,PI-NSGA-II,14,56,3.0703408027387966,0.006918560126511498,
WeldedBeam,PI-NSGA-II,15,57,12.738662345391006,0.0013442912582366203,
WeldedBeam,PI-NSGA-II,15,57,8.201561889577384,0.002170173641279197,
WeldedBeam,PI-NSGA-II,15,57,10.529189595110184,0.001650544320061864,
WeldedBeam,PI-NSGA-II,15,57,8.466552616526156,0.002095008778392388,
WeldedBeam,PI-NSGA-II,15,57,8.547248693518368,0.0020731202331681587,
WeldedBeam,PI-NSGA-II,15,57,10.644592275842683,0.0016311585368270834,
WeldedBeam,PI-NSGA-II,15,57,10.075592182616035,0.0017316727028026866,
WeldedBeam,PI-NSGA-II,15,57,11.97291337842153,0.0014366691906374822,
WeldedBeam,PI-NSGA-II,15,57,10.23867859097168,0.0017008938161331144,
WeldedBeam,PI-NSGA-II,15,57,12.05194436095624,0.0014291730925827528,
WeldedBeam,PI-NSGA-II,15,57,11.244799606927046,0.001538925069655238,
WeldedBeam,PI-NSGA-II,15,57,12.631849841741117,0.0013564845826625081,
WeldedBeam,PI-NSGA-II,15,57,9.369820801436976,0.0018742288755059019,
WeldedBeam,PI-NSGA-II,15,57,10.010047030743893,0.0017436741172093737,
WeldedBeam,PI-NSGA-II,15,57,12.414650108199043,0.0013823818260767313,
WeldedBeam,PI-NSGA-II,15,57,11.137259625840036,0.001553258060841541,
WeldedBeam,PI-NSGA-II,15,57,11.749244588783185,0.0014660373470445564,
WeldedBeam,PI-NSGA-II,15,57,9.853548300733888,0.0017735462905224104,
WeldedBeam,PI-NSGA-II,15,57,10.731992272359388,0.0016164066632655238,
WeldedBeam,PI-NSGA-II,15,57,9.114906175223192,0.001931438490767488,
WeldedBeam,PI-NSGA-II,15,57,10.451622455814036,0.0016637152767350538,
WeldedBeam,PI-NSGA-II,15,57,8.83711041944608,0.00199857120811079,
WeldedBeam,PI-NSGA-II,15,57,10.364840647865051,0.0016785684926215489,
WeldedBeam,PI-NSGA-II,15,57,9.913024564519164,0.0017621227840644502,
WeldedBeam,PI-NSGA-II,15,57,10.292168604220606,0.001691404447545768,
WeldedBeam,PI-NSGA-II,15,57,9.954669480557442,0.001754264779903054,
WeldedBeam,PI-NSGA-II,15,57,9.444462695433135,0.0018577970367685509,
WeldedBeam,PI-NSGA-II,15,57,12.475857161083095,0.0013750712356350064,
WeldedBeam,PI-NSGA-II,15,57,11.648030073091018,0.0014799465969033661,
WeldedBeam,PI-NSGA-II,15,57,9.623117361621347,0.00182020568637323,
WeldedBeam,PI-NSGA-II,15,57,9.803449829618124,0.0017840294360199054,
WeldedBeam,PI-NSGA-II,15,57,8.581035853974935,0.002064097956608524,
WeldedBeam,PI-NSGA-II,15,57,12.329964935654589,0.0013929817852823597,
WeldedBeam,PI-NSGA-II,15,57,10.139316871719046,0.0017193545418952242,
WeldedBeam,PI-NSGA-II,15,57,8.312766634288536,0.00213863838333745,
WeldedBeam,PI-NSGA-II,15,57,9.297016847529836,0.0018899761362781442,
WeldedBeam,PI-NSGA-II,15,57,12.55552805576606,0.001365547224774466,
WeldedBeam,PI-NSGA-II,15,57,10.967625796147233,0.0015790406625932948,
WeldedBeam,PI-NSGA-II,15,57,8.905812062428021,0.001982118825616099,
WeldedBeam,PI-NSGA-II,15,57,11.822386659804454,0.0014565409750396552,
WeldedBeam,PI-NSGA-II,15,57,8.287159343035322,0.0021456603140914184,
WeldedBeam,PI-NSGA-II,15,57,8.689122951283512,0.0020372616575492285,
WeldedBeam,PI-NSGA-II,15,57,10.673622131799672,0.0016262716650742054,
WeldedBeam,PI-NSGA-II,15,57,8.409878742641789,0.002110617021096188,
WeldedBeam,PI-NSGA-II,15,57,11.009454903730008,0.0015728927996471792,
WeldedBeam,PI-NSGA-II,15,57,8.738661055076681,0.0020240394565172373,
WeldedBeam,PI-NSGA-II,15,57,11.566304728733462,0.0014961307205274682,
WeldedBeam,PI-NSGA-II,15,57,12.706830390855384,0.0013479132492298803,
WeldedBeam,PI-NSGA-II,15,57,8.630829731622038,0.0020514938490838385,
WeldedBeam,PI-NSGA-II,15,57,11.899404472224237,0.0014488069795573902,
WeldedBeam,PI-NSGA-II,15,57,9.200989496987525,0.0019123216245402795,
WeldedBeam,PI-NSGA-II,15,57,10.162214924975608,0.0017151247491397187,
WeldedBeam,PI-NSGA-II,15,57,8.96494553894733,0.0019671863871965883,
WeldedBeam,PI-NSGA-II,15,57,12.123785988518932,0.0014174101561736732,
WeldedBeam,PI-NSGA-II,15,57,10.476167170356055,0.001659836851536661,
WeldedBeam,PI-NSGA-II,15,57,11.055469681450942,0.0015654603442635145,
WeldedBeam,PI-NSGA-II,15,57,9.16965718123828,0.001922509548564249,
WeldedBeam,PI-NSGA-II,15,57,9.524700485674625,0.0018403955626156159,
WeldedBeam,PI-NSGA-II,15,57,8.246567931651239,0.0021573154072967674,
WeldedBeam,PI-NSGA-II,15,57,9.495294475368693,0.0018469467253262827,
WeldedBeam,PI-NSGA-II,15,57,10.343633221558933,0.0016824325577326454,
WeldedBeam,PI-NSGA-II,15,57,8.428858954152831,0.002105353053552104,
WeldedBeam,PI-NSGA-II,15,57,9.703537987793858,0.0018040848950589957,
WeldedBeam,PI-NSGA-II,15,57,8.365386634222958,0.002123421766970467,
WeldedBeam,PI-NSGA-II,15,57,8.362879357371606,0.0021275782844761577,
WeldedBeam,PI-NSGA-II,15,57,9.746975334560343,0.0017945689975763963,
WeldedBeam,PI-NSGA-II,15,57,10.802940812925181,0.00160816406200944,
WeldedBeam,PI-NSGA-II,15,57,12.549331822647355,0.0013729889093698764,
WeldedBeam,PI-NSGA-II,15,57,11.323710971232565,0.0015253850364513638,
WeldedBeam,PI-NSGA-II,15,57,9.575542299946196,0.001830101731760813,
WeldedBeam,PI-NSGA-II,15,57,9.018817959901051,0.001954242226474121,
WeldedBeam,PI-NSGA-II,15,57,9.661241790990756,0.0018119705216113377,
WeldedBeam,PI-NSGA-II,15,57,11.439764842106108,0.0015086063647748189,
WeldedBeam,PI-NSGA-II,15,57,8.700166798935152,0.002033427156429879,
WeldedBeam,PI-NSGA-II,15,57,11.598891327866763,0.001491603866642526,
WeldedBeam,PI-NSGA-II,15,57,11.881215755244115,0.0014488075544430118,
WeldedBeam,PI-NSGA-II,15,57,8.814136881510644,0.0020041717341233675,
WeldedBeam,PI-NSGA-II,15,57,8.621039113483294,0.0020537016802586417,
WeldedBeam,PI-NSGA-II,15,57,8.769229047733166,0.0020164516977548364,
WeldedBeam,PI-NSGA-II,15,57,10.915364564935436,0.001587262230204732,
WeldedBeam,PI-NSGA-II,15,57,12.2532538050196,0.0014017782501667296,
WeldedBeam,PI-NSGA-II,15,57,9.065827124572511,0.0019433585307007675,
WeldedBeam,PI-NSGA-II,15,57,9.766296989931268,0.0017907316564437805,
WeldedBeam,PI-NSGA-II,15,57,8.7861349542536,0.0020110396009077984,
WeldedBeam,PI-NSGA-II,15,57,9.250453504285513,0.001901093127967326,
WeldedBeam,PI-NSGA-II,15,57,10.845780100012556,0.0015986122965234012,
WeldedBeam,PI-NSGA-II,15,57,8.91083583495604,0.0019805376699031083,
WeldedBeam,PI-NSGA-II,15,57,10.861648444494444,0.0015956725210212201,
WeldedBeam,PI-NSGA-II,15,57,12.2370201709077,0.0014036162196652939,
WeldedBeam,PI-NSGA-II,15,57,9.46781090281186,0.0018561401023388182,
WeldedBeam,PI-NSGA-II,15,57,11.42212427297494,0.0015114874100827429,
WeldedBeam,PI-NSGA-II,15,57,9.250999307247671,0.0019010929672723755,
WeldedBeam,PI-NSGA-II,15,57,8.231789212632739,0.0021618896914608944,
WeldedBeam,PI-NSGA-II,15,57,9.562579137104358,0.0018328599833187925,
WeldedBeam,PI-NSGA-II,15,57,9.065760519819325,0.001943358609018465,
WeldedBeam,PI-NSGA-II,15,57,9.018829119957484,0.001954234247500982,
WeldedBeam,PI-NSGA-II,15,57,11.493059239809412,0.0015016664096273993,
WeldedBeam,PI-NSGA-II,15,57,11.619699154170789,0.0014838602750908904,
WeldedBeam,PI-NSGA-II,15,57,12.131975860026479,0.0014163871694951832,
WeldedBeam,PI-NSGA-II,15,57,11.08969021772318,0.0015602449357607435,
WeldedBeam,PI-NSGA-II,16,58,4.453718480546009,0.004390718787649921,
WeldedBeam,PI-NSGA-II,16,58,31.701374123676608,0.0005146207245286384,
WeldedBeam,PI-NSGA-II,16,58,5.306895776177955,0.0035922403235576373,
WeldedBeam,PI-NSGA-II,16,58,4.896033824826712,0.0038881536816981364,
WeldedBeam,PI-NSGA-II,16,58,4.458277995007756,0.0043479374180039375,
WeldedBeam,PI-NSGA-II,16,58,4.618280874218434,0.0041685586918097355,
WeldedBeam,PI-NSGA-II,16,58,28.20181839443611,0.0005768444156795238,
WeldedBeam,PI-NSGA-II,16,58,6.516015858862288,0.0028058864718852826,
WeldedBeam,PI-NSGA-II,16,58,4.789467664751856,0.003990713648835041,
WeldedBeam,PI-NSGA-II,16,58,25.061828967241976,0.0006569029091755888,
WeldedBeam,PI-NSGA-II,16,58,10.939691473819815,0.001581431812080427,
WeldedBeam,PI-NSGA-II,16,58,16.263768905503927,0.0010358585596898237,
WeldedBeam,PI-NSGA-II,16,58,5.525485994783349,0.003426758246336057,
WeldedBeam,PI-NSGA-II,16,58,20.987181258306244,0.0007899768448433246,
WeldedBeam,PI-NSGA-II,16,58,5.070935827186891,0.00378120721548367,
WeldedBeam,PI-NSGA-II,16,58,28.918760548651136,0.0005657863998009528,
WeldedBeam,PI-NSGA-II,16,58,9.149716645212202,0.0019278376846943446,
WeldedBeam,PI-NSGA-II,16,58,15.541669748030682,0.0010835393718303188,
WeldedBeam,PI-NSGA-II,16,58,6.714793751623868,0.0027126366462786825,
WeldedBeam,PI-NSGA-II,16,58,6.841102498658793,0.0026565234480825776,
WeldedBeam,PI-NSGA-II,16,58,8.148287548232478,0.0021887356771577646,
WeldedBeam,PI-NSGA-II,16,58,30.956286759727305,0.0005283075977585767,
WeldedBeam,PI-NSGA-II,16,58,27.093031317736312,0.0006069236227894499,
WeldedBeam,PI-NSGA-II,16,58,10.57956073344619,0.0016432292823295447,
WeldedBeam,PI-NSGA-II,16,58,5.812851834111385,0.0032422982688607546,
WeldedBeam,PI-NSGA-II,16,58,21.511960687778625,0.0007693303018423753,
WeldedBeam,PI-NSGA-II,16,58,18.588526968840878,0.0009030185760545951,
WeldedBeam,PI-NSGA-II,16,58,5.658430082949201,0.0033153661828131497,
WeldedBeam,PI-NSGA-II,16,58,6.339956804960997,0.0028940185943254477,
WeldedBeam,PI-NSGA-II,16,58,4.722622787065347,0.004092274240842847,
WeldedBeam,PI-NSGA-II,16,58,26.279301085995552,0.0006286821365052799,
WeldedBeam,PI-NSGA-II,16,58,7.135833677360619,0.0025773203594681294,
WeldedBeam,PI-NSGA-II,16,58,14.692737043021836,0.0011503503001152383,
WeldedBeam,PI-NSGA-II,16,58,6.074631755964731,0.003044828086286851,
WeldedBeam,PI-NSGA-II,16,58,24.560660551201565,0.0006707852566348056,
WeldedBeam,PI-NSGA-II,16,58,12.14978513881887,0.0014352443373365116,
WeldedBeam,PI-NSGA-II,16,58,17.770885432832316,0.0009425247794070492,
WeldedBeam,PI-NSGA-II,16,58,5.926403861427629,0.0031248854812775994,
WeldedBeam,PI-NSGA-II,16,58,11.683396785336894,0.0014866210444364426,
WeldedBeam,PI-NSGA-II,16,58,8.439977225000908,0.002105416739687881,
WeldedBeam,PI-NSGA-II,16,58,30.182175475388803,0.0005414074454596844,
WeldedBeam,PI-NSGA-II,16,58,8.84008050808447,0.0020064200870640466,
WeldedBeam,PI-NSGA-II,16,58,12.49115612971906,0.0013693634409291725,
WeldedBeam,PI-NSGA-II,16,58,5.253666205553797,0.0036444801611023956,
WeldedBeam,PI-NSGA-II,16,58,22.891434997232277,0.0007248302894371308,
WeldedBeam,PI-NSGA-II,16,58,19.26806604848631,0.0008752378748534944,
WeldedBeam,PI-NSGA-II,16,58,25.885638581782832,0.000635296365893886,
WeldedBeam,PI-NSGA-II,16,58,6.167818632266726,0.0029860255419031497,
WeldedBeam,PI-NSGA-II,16,58,27.463125126845892,0.0005984484605193929,
WeldedBeam,PI-NSGA-II,16,58,15.086103768890373,0.0011183949260098452,
WeldedBeam,PI-NSGA-II,16,58,8.71416412826373,0.0020473656140101567,
WeldedBeam,PI-NSGA-II,16,58,23.380281455357128,0.0007164247494938815,
WeldedBeam,PI-NSGA-II,16,58,7.417424915255519,0.0024279505165388745,
WeldedBeam,PI-NSGA-II,16,58,13.809205520033343,0.001230773731921528,
WeldedBeam,PI-NSGA-II,16,58,5.558523611797662,0.0034101817898985367,
WeldedBeam,PI-NSGA-II,16,58,11.311901910397491,0.0015247744926035571,
WeldedBeam,PI-NSGA-II,16,58,10.359400709769089,0.001678778271807057,
WeldedBeam,PI-NSGA-II,16,58,9.669828748691323,0.001811020529408994,
WeldedBeam,PI-NSGA-II,16,58,17.034934830917276,0.0009896908289676904,
WeldedBeam,PI-NSGA-II,16,58,9.958749500772718,0.00179872715524352,
WeldedBeam,PI-NSGA-II,16,58,8.323879228024067,0.0021379446670123895,
WeldedBeam,PI-NSGA-II,16,58,7.8872796187545,0.002268504728558491,
WeldedBeam,PI-NSGA-II,16,58,12.604235632079472,0.001356111041029032,
WeldedBeam,PI-NSGA-II,16,58,14.174105434797722,0.0011954477439538058,
WeldedBeam,PI-NSGA-II,16,58,31.3442989739297,0.0005169630410831805,
WeldedBeam,PI-NSGA-II,16,58,20.339824246454736,0.0008175286622385904,
WeldedBeam,PI-NSGA-II,16,58,11.955031946209205,0.0014468606354387274,
WeldedBeam,PI-NSGA-II,16,58,7.544099123790797,0.002382313919430912,
WeldedBeam,PI-NSGA-II,16,58,6.27320173600508,0.0029352201520789654,
WeldedBeam,PI-NSGA-II,16,58,13.248951762893842,0.0012851295768087486,
WeldedBeam,PI-NSGA-II,16,58,9.372353200176002,0.001878000282884921,
WeldedBeam,PI-NSGA-II,16,58,19.900629454713048,0.0008364323243130753,
WeldedBeam,PI-NSGA-II,16,58,18.18387279223585,0.0009190695931036599,
WeldedBeam,PI-NSGA-II,16,58,10.16854942525999,0.0017549851667631703,
WeldedBeam,PI-NSGA-II,16,58,7.316519407425844,0.0024834877568490963,
WeldedBeam,PI-NSGA-II,16,58,19.719159720147207,0.0008454019804008864,
WeldedBeam,PI-NSGA-II,16,58,30.047650968699585,0.0005438511697106352,
WeldedBeam,PI-NSGA-II,16,58,9.469744480617956,0.001857126008014058,
WeldedBeam,PI-NSGA-II,16,58,10.183816071036738,0.0017170195403450185,
WeldedBeam,PI-NSGA-II,16,58,7.735822161970632,0.002317583604173799,
WeldedBeam,PI-NSGA-II,16,58,15.301221931536478,0.001101665591355,
WeldedBeam,PI-NSGA-II,16,58,23.729925071004523,0.0007096822703225751,
WeldedBeam,PI-NSGA-II,16,58,5.792925375048275,0.003279596273018853,
WeldedBeam,PI-NSGA-II,16,58,16.64153953356308,0.001019855925516042,
WeldedBeam,PI-NSGA-II,16,58,19.377287620564914,0.0008742689049444898,
WeldedBeam,PI-NSGA-II,16,58,13.017902770196283,0.0013216691562801385,
WeldedBeam,PI-NSGA-II,16,58,7.654323696885479,0.0023448888154287088,
WeldedBeam,PI-NSGA-II,16,58,29.48534410992933,0.0005545625742993697,
WeldedBeam,PI-NSGA-II,16,58,4.642156492447627,0.004130398315968668,
WeldedBeam,PI-NSGA-II,16,58,11.40309011079641,0.0015172108669496878,
WeldedBeam,PI-NSGA-II,16,58,29.485346189735615,0.0005545624531505834,
WeldedBeam,PI-NSGA-II,16,58,21.970651070676958,0.0007569869774420832,
WeldedBeam,PI-NSGA-II,16,58,13.575412958678067,0.0012845968822254366,
WeldedBeam,PI-NSGA-II,16,58,22.430203378827606,0.0007397803147408795,
WeldedBeam,PI-NSGA-II,16,58,13.660622854979557,0.0012557717180493517,
WeldedBeam,PI-NSGA-II,16,58,17.44031184440482,0.0009669575551122918,
WeldedBeam,PI-NSGA-II,16,58,5.139463814911003,0.003711541043863524,
WeldedBeam,PI-NSGA-II,16,58,16.704055952722467,0.0010044801584758356,
WeldedBeam,PI-NSGA-II,16,58,14.404408550022069,0.0011783408737267274,
WeldedBeam,PI-NSGA-II,16,58,6.014378407823486,0.0031194901374747195,
WeldedBeam,PI-NSGA-II,17,59,20.426480005345645,0.0008081463292768422,
WeldedBeam,PI-NSGA-II,17,59,3.2246630675734855,0.009340482124644027,
WeldedBeam,PI-NSGA-II,17,59,3.2872762316786046,0.008663384389978449,
WeldedBeam,PI-NSGA-II,17,59,3.4175290516363392,0.006912164612286455,
WeldedBeam,PI-NSGA-II,17,59,3.3542046394272123,0.007399785219784447,
WeldedBeam,PI-NSGA-II,17,59,3.34979779507605,0.007978997011589242,
WeldedBeam,PI-NSGA-II,17,59,3.5201717576174767,0.006218988985994709,
WeldedBeam,PI-NSGA-II,17,59,20.054503950471844,0.000825141577144029,
WeldedBeam,PI-NSGA-II,17,59,3.43247911691681,0.00649375114059549,
WeldedBeam,PI-NSGA-II,17,59,3.2931267319160358,0.00814393013184198,
WeldedBeam,PI-NSGA-II,17,59,19.378103630602297,0.0008555001020658131,
WeldedBeam,PI-NSGA-II,17,59,3.5214416500147743,0.005782021797328382,
WeldedBeam,PI-NSGA-II,17,59,3.2517036642162713,0.009005508511239437,
WeldedBeam,PI-NSGA-II,17,59,9.88573904289838,0.0017979945327376249,
WeldedBeam,PI-NSGA-II,17,59,3.9396839151086316,0.005017756898754367,
WeldedBeam,PI-NSGA-II,17,59,4.467269286961388,0.004357832418882287,
WeldedBeam,PI-NSGA-II,17,59,3.6627900828319735,0.005535780305406119,
WeldedBeam,PI-NSGA-II,17,59,3.4155609840437076,0.007098145499492074,
WeldedBeam,PI-NSGA-II,17,59,4.6145616900653215,0.004186234863345601,
WeldedBeam,PI-NSGA-II,17,59,4.146407063983318,0.004740713676449253,
WeldedBeam,PI-NSGA-II,17,59,9.472494221674324,0.0018754486499850866,
WeldedBeam,PI-NSGA-II,17,59,6.474409118319286,0.0028505518232356986,
WeldedBeam,PI-NSGA-II,17,59,16.61699128532958,0.001006966478942832,
WeldedBeam,PI-NSGA-II,17,59,18.578724873693503,0.0008939949638167171,
WeldedBeam,PI-NSGA-II,17,59,4.063054942015987,0.004904803739675402,
WeldedBeam,PI-NSGA-II,17,59,17.52085648294786,0.0009520887571152148,
WeldedBeam,PI-NSGA-II,17,59,17.022510348320957,0.000993439490130983,
WeldedBeam,PI-NSGA-II,17,59,12.845858272544575,0.0013691819875628814,
WeldedBeam,PI-NSGA-II,17,59,3.7246008950222915,0.005391138423905864,
WeldedBeam,PI-NSGA-II,17,59,5.30347532542695,0.003612689212832985,
WeldedBeam,PI-NSGA-II,17,59,3.278822385714958,0.008879802188268792,
WeldedBeam,PI-NSGA-II,17,59,4.729900053752327,0.004078534171235067,
WeldedBeam,PI-NSGA-II,17,59,6.251657369021211,0.002958096224024302,
WeldedBeam,PI-NSGA-II,17,59,12.269717804065433,0.0014058177879809047,
WeldedBeam,PI-NSGA-II,17,59,4.265379955319411,0.004598392193697983,
WeldedBeam,PI-NSGA-II,17,59,15.790904830170202,0.0010634052131341745,
WeldedBeam,PI-NSGA-II,17,59,5.150513439246148,0.0037163271693753746,
WeldedBeam,PI-NSGA-II,17,59,7.636130967313256,0.002402125857489509,
WeldedBeam,PI-NSGA-II,17,59,4.333562615219865,0.0044856811541703874,
WeldedBeam,PI-NSGA-II,17,59,15.199835978736743,0.0011096732953935094,
WeldedBeam,PI-NSGA-II,17,59,15.35504492224668,0.0010958226702949378,
WeldedBeam,PI-NSGA-II,17,59,13.448560555765983,0.0012694401096142627,
WeldedBeam,PI-NSGA-II,17,59,14.77654782438362,0.0011484161820667406,
WeldedBeam,PI-NSGA-II,17,59,4.882647626855099,0.0039595608645233964,
WeldedBeam,PI-NSGA-II,17,59,6.822938657956788,0.0026854471531506706,
WeldedBeam,PI-NSGA-II,17,59,3.6108931905877437,0.00576903364343608,
WeldedBeam,PI-NSGA-II,17,59,10.584301233195877,0.0016622018201918635,
WeldedBeam,PI-NSGA-II,17,59,3.388002973062833,0.007330812237071903,
WeldedBeam,PI-NSGA-II,17,59,8.114490277729562,0.0022048421733461957,
WeldedBeam,PI-NSGA-II,17,59,9.289870834569065,0.0019072174348015954,
WeldedBeam,PI-NSGA-II,17,59,3.8339557692084147,0.005242342355693965,
WeldedBeam,PI-NSGA-II,17,59,17.301941285473767,0.000976110337919674,
WeldedBeam,PI-NSGA-II,17,59,10.843504932389372,0.0016149414728732388,
WeldedBeam,PI-NSGA-II,17,59,11.411417398512393,0.0015165168206088967,
WeldedBeam,PI-NSGA-II,17,59,19.023820801526966,0.0008719618209652907,
WeldedBeam,PI-NSGA-II,17,59,8.716192017094725,0.002061308369875495,
WeldedBeam,PI-NSGA-II,17,59,5.974917526081268,0.003097958760845663,
WeldedBeam,PI-NSGA-II,17,59,6.157485405124215,0.003048846848144447,
WeldedBeam,PI-NSGA-II,17,59,7.245794903873055,0.0025176100467371853,
WeldedBeam,PI-NSGA-II,17,59,5.786747405394644,0.0032454576292071484,
WeldedBeam,PI-NSGA-II,17,59,14.069466668711128,0.001206093156115979,
WeldedBeam,PI-NSGA-II,17,59,7.834416302188428,0.0023190707301247422,
WeldedBeam,PI-NSGA-II,17,59,9.050226000610726,0.0019608979728511712,
WeldedBeam,PI-NSGA-II,17,59,8.928830199116096,0.0019948328675351637,
WeldedBeam,PI-NSGA-II,17,59,11.97160950639632,0.0014384989336969798,
WeldedBeam,PI-NSGA-II,17,59,17.964852110008973,0.0009263921780534943,
WeldedBeam,PI-NSGA-II,17,59,5.55714353727746,0.003385049749283031,
WeldedBeam,PI-NSGA-II,17,59,10.12195482729749,0.0017397578690913384,
WeldedBeam,PI-NSGA-II,17,59,7.916711016911688,0.0022733711029740635,
WeldedBeam,PI-NSGA-II,17,59,13.811619720445984,0.001242919093360707,
WeldedBeam,PI-NSGA-II,17,59,11.359704515613167,0.001555121528499269,
WeldedBeam,PI-NSGA-II,17,59,11.75983094151047,0.0014671159186335323,
WeldedBeam,PI-NSGA-II,17,59,5.019911387641221,0.0038188688331505663,
WeldedBeam,PI-NSGA-II,17,59,13.077359106918983,0.001305357007633956,
WeldedBeam,PI-NSGA-II,17,59,15.967155993381315,0.0010518940167459124,
WeldedBeam,PI-NSGA-II,17,59,8.278974813816335,0.0021573801575134302,
WeldedBeam,PI-NSGA-II,17,59,16.303680656263975,0.0010277884809534175,
WeldedBeam,PI-NSGA-II,17,59,10.366593630923422,0.001693848960790365,
WeldedBeam,PI-NSGA-II,17,59,14.24924973644891,0.0011879556567616389,
WeldedBeam,PI-NSGA-II,17,59,5.840592670581595,0.003174354424123021,
WeldedBeam,PI-NSGA-II,17,59,7.391026706881185,0.0024420997245332907,
WeldedBeam,PI-NSGA-II,17,59,3.484731225765109,0.0063317305341919474,
WeldedBeam,PI-NSGA-II,17,59,14.44893902822858,0.0011716433928610733,
WeldedBeam,PI-NSGA-II,17,59,4.967292911255934,0.0038644021911998496,
WeldedBeam,PI-NSGA-II,17,59,18.315190327307945,0.0009097003729876948,
WeldedBeam,PI-NSGA-II,17,59,13.640213064061157,0.0012456219899468265,
WeldedBeam,PI-NSGA-II,17,59,8.547520790412014,0.002090783308610683,
WeldedBeam,PI-NSGA-II,17,59,3.8253001153657635,0.005249614515405135,
WeldedBeam,PI-NSGA-II,17,59,8.41951178637365,0.002120678684323698,
WeldedBeam,PI-NSGA-II,17,59,5.427417659208145,0.0034937952292708402,
WeldedBeam,PI-NSGA-II,17,59,6.645425262554607,0.002752281107950344,
WeldedBeam,PI-NSGA-II,17,59,19.102715789223026,0.00086810486395857,
WeldedBeam,PI-NSGA-II,17,59,7.013029161142686,0.0025877270407755966,
WeldedBeam,PI-NSGA-II,17,59,16.246219342373116,0.0010517979836643548,
WeldedBeam,PI-NSGA-II,17,59,11.045297564770362,0.0015791014353446575,
WeldedBeam,PI-NSGA-II,17,59,3.29342752314749,0.008141305506249218,
WeldedBeam,PI-NSGA-II,17,59,3.3494955765984877,0.007981531400993143,
WeldedBeam,PI-NSGA-II,17,59,3.472481094488267,0.006409409145366586,
WeldedBeam,PI-NSGA-II,17,59,14.61715032958276,0.0011565530355917683,
WeldedBeam,PI-NSGA-II,17,59,7.013070036304287,0.002587677018495358,
WeldedBeam,PI-NSGA-II,18,60,37.34018966626997,0.00043904734109032767,
WeldedBeam,PI-NSGA-II,18,60,4.122186862356479,0.006813525423618167,
WeldedBeam,PI-NSGA-II,18,60,4.269573518410007,0.004689202074435301,
WeldedBeam,PI-NSGA-II,18,60,4.256841475271769,0.0057083187202132445,
WeldedBeam,PI-NSGA-II,18,60,10.040981762201847,0.0017468166681832646,
WeldedBeam,PI-NSGA-II,18,60,34.00130811133389,0.0004797310712131609,
WeldedBeam,PI-NSGA-II,18,60,4.166642437048234,0.006370585892452074,
WeldedBeam,PI-NSGA-II,18,60,11.53661411155771,0.0015107849267257368,
WeldedBeam,PI-NSGA-II,18,60,9.42558406071937,0.0018623985001096615,
WeldedBeam,PI-NSGA-II,18,60,5.544958720252591,0.003375558703903908,
WeldedBeam,PI-NSGA-II,18,60,4.23365553884261,0.005880629260573466,
WeldedBeam,PI-NSGA-II,18,60,6.346954743081724,0.0029049709997883734,
WeldedBeam,PI-NSGA-II,18,60,4.148206669157373,0.00664809017956722,
WeldedBeam,PI-NSGA-II,18,60,7.484027362523895,0.0024031060819616245,
WeldedBeam,PI-NSGA-II,18,60,21.389074242292597,0.0007785622458697178,
WeldedBeam,PI-NSGA-II,18,60,22.283191336313287,0.0007481303681979812,
WeldedBeam,PI-NSGA-II,18,60,10.970450458225496,0.0015781198652733755,
WeldedBeam,PI-NSGA-II,18,60,4.216941941472112,0.006128931758062122,
WeldedBeam,PI-NSGA-II,18,60,30.250948516594182,0.000544900824884285,
WeldedBeam,PI-NSGA-II,18,60,30.92070470540633,0.0005214384981706471,
WeldedBeam,PI-NSGA-II,18,60,33.003475749394035,0.0004956978667190643,
WeldedBeam,PI-NSGA-II,18,60,19.18246716819665,0.0008734961024095227,
WeldedBeam,PI-NSGA-II,18,60,4.9800999896887665,0.003915708532352263,
WeldedBeam,PI-NSGA-II,18,60,31.569037111455593,0.0005153912756438016,
WeldedBeam,PI-NSGA-II,18,60,9.136897428867597,0.0019273372771237759,
WeldedBeam,PI-NSGA-II,18,60,6.977809160700393,0.0026014188879725317,
WeldedBeam,PI-NSGA-II,18,60,6.4838392897100885,0.00282589838514438,
WeldedBeam,PI-NSGA-II,18,60,34.97968900445449,0.00047265095786772976,
WeldedBeam,PI-NSGA-II,18,60,24.388703882562282,0.0006727282493812004,
WeldedBeam,PI-NSGA-II,18,60,7.871009546088133,0.002287633995229634,
WeldedBeam,PI-NSGA-II,18,60,25.212813174002086,0.0006688130740230377,
WeldedBeam,PI-NSGA-II,18,60,6.047256318133809,0.003060991310829866,
WeldedBeam,PI-NSGA-II,18,60,13.089894431235432,0.0013343161156433344,
WeldedBeam,PI-NSGA-II,18,60,8.31197020101901,0.00216795446579765,
WeldedBeam,PI-NSGA-II,18,60,5.766377461384824,0.003228135831938822,
WeldedBeam,PI-NSGA-II,18,60,28.565641878455654,0.0005705989675593256,
WeldedBeam,PI-NSGA-II,18,60,5.108857257101587,0.003819772552492061,
WeldedBeam,PI-NSGA-II,18,60,4.290544155841422,0.004558472296273511,
WeldedBeam,PI-NSGA-II,18,60,4.722911556317837,0.004203353218521586,
WeldedBeam,PI-NSGA-II,18,60,14.768770752623972,0.0011474549982713254,
WeldedBeam,PI-NSGA-II,18,60,23.327845406323576,0.0007229994349714921,
WeldedBeam,PI-NSGA-II,18,60,13.357932110223553,0.0012771350634324414,
WeldedBeam,PI-NSGA-II,18,60,22.670899190566207,0.0007265288916115216,
WeldedBeam,PI-NSGA-II,18,60,10.527143568332972,0.0016503553799854177,
WeldedBeam,PI-NSGA-II,18,60,35.53257639621772,0.0004582677662369012,
WeldedBeam,PI-NSGA-II,18,60,36.36823144251265,0.00045067554877545774,
WeldedBeam,PI-NSGA-II,18,60,20.041156907312978,0.0008595575674671523,
WeldedBeam,PI-NSGA-II,18,60,29.582857413515043,0.0005557843684231633,
WeldedBeam,PI-NSGA-II,18,60,5.196911405900034,0.003646378001967376,
WeldedBeam,PI-NSGA-II,18,60,13.844247146873547,0.0012523626773891573,
WeldedBeam,PI-NSGA-II,18,60,29.18257008843302,0.0005594212669431201,
WeldedBeam,PI-NSGA-II,18,60,4.1822949038823625,0.0062769525747388265,
WeldedBeam,PI-NSGA-II,18,60,8.93245335600714,0.0020363491616362493,
WeldedBeam,PI-NSGA-II,18,60,7.967690444446431,0.00224395455218582,
WeldedBeam,PI-NSGA-II,18,60,12.084172303499265,0.0014355377776077215,
WeldedBeam,PI-NSGA-II,18,60,15.154746941402465,0.0011154199971119732,
WeldedBeam,PI-NSGA-II,18,60,16.450709771575696,0.0010292457595737887,
WeldedBeam,PI-NSGA-II,18,60,17.131907318804714,0.0010238109628153249,
WeldedBeam,PI-NSGA-II,18,60,5.444883456750971,0.0035168063530302343,
WeldedBeam,PI-NSGA-II,18,60,36.61560887282162,0.0004414130911920591,
WeldedBeam,PI-NSGA-II,18,60,6.756891060427466,0.002720230968437595,
WeldedBeam,PI-NSGA-II,18,60,5.122483861859789,0.0037062161165912206,
WeldedBeam,PI-NSGA-II,18,60,8.497801976172363,0.00210423742155012,
WeldedBeam,PI-NSGA-II,18,60,14.32784328273589,0.0011907353227547054,
WeldedBeam,PI-NSGA-II,18,60,5.835235791982009,0.003190763316055998,
WeldedBeam,PI-NSGA-II,18,60,18.081545121732333,0.0009295155669676819,
WeldedBeam,PI-NSGA-II,18,60,4.729372696500154,0.004046061977475218,
WeldedBeam,PI-NSGA-II,18,60,4.668771731389562,0.004268521987435043,
WeldedBeam,PI-NSGA-II,18,60,17.730828066091515,0.0009520433181874416,
WeldedBeam,PI-NSGA-II,18,60,17.24055730256919,0.0009809053427532028,
WeldedBeam,PI-NSGA-II,18,60,27.225331361919842,0.000605834254643414,
WeldedBeam,PI-NSGA-II,18,60,27.28386796682205,0.0006043090859565745,
WeldedBeam,PI-NSGA-II,18,60,26.393512152150276,0.000619358866328548,
WeldedBeam,PI-NSGA-II,18,60,25.76023658763403,0.0006424145187313928,
WeldedBeam,PI-NSGA-II,18,60,4.790018799614948,0.004029078542023242,
WeldedBeam,PI-NSGA-II,18,60,20.52425259568905,0.0008141862604856933,
WeldedBeam,PI-NSGA-II,18,60,5.384151530606889,0.0035435463705963586,
WeldedBeam,PI-NSGA-II,18,60,4.2480752782719176,0.005806189478153519,
WeldedBeam,PI-NSGA-II,18,60,7.2783248049077836,0.0025171613678477067,
WeldedBeam,PI-NSGA-II,18,60,18.799920782682545,0.000905700956576103,
WeldedBeam,PI-NSGA-II,18,60,16.180671325105,0.0010416720612693906,
WeldedBeam,PI-NSGA-II,18,60,28.04049179942546,0.0005782454421330648,
WeldedBeam,PI-NSGA-II,18,60,6.007274344517755,0.003085797309683106,
WeldedBeam,PI-NSGA-II,18,60,4.142138151054466,0.006682886902880066,
WeldedBeam,PI-NSGA-II,18,60,4.441372898524633,0.004487627266926886,
WeldedBeam,PI-NSGA-II,18,60,6.781938480935147,0.0026863888020701465,
WeldedBeam,PI-NSGA-II,18,60,23.730255076663294,0.0007025529145591601,
WeldedBeam,PI-NSGA-II,18,60,10.625666112479157,0.0016337825042319798,
WeldedBeam,PI-NSGA-II,18,60,12.150160158238322,0.001425479943484958,
WeldedBeam,PI-NSGA-II,18,60,23.965269332077515,0.0006851895167697473,
WeldedBeam,PI-NSGA-II,18,60,4.197787451107672,0.006166550172243483,
WeldedBeam,PI-NSGA-II,18,60,14.187024195128043,0.0012253641252080616,
WeldedBeam,PI-NSGA-II,18,60,7.336020323887864,0.002494361994323293,
WeldedBeam,PI-NSGA-II,18,60,8.66200252808872,0.0020452407842974103,
WeldedBeam,PI-NSGA-II,18,60,32.23490299026433,0.0005050224665463711,
WeldedBeam,PI-NSGA-II,18,60,32.661134901645525,0.0005015647779282374,
WeldedBeam,PI-NSGA-II,18,60,26.345111564167148,0.0006197986324329669,
WeldedBeam,PI-NSGA-II,18,60,37.33902593327665,0.00043905957754941785,
WeldedBeam,PI-NSGA-II,18,60,15.761870111069491,0.001070927496250625,
WeldedBeam,PI-NSGA-II,18,60,12.598666041598314,0.0013769974223331372,
WeldedBeam,PI-NSGA-II,19,61,13.608311899404947,0.001255355647296802,
WeldedBeam,PI-NSGA-II,19,61,2.7022766482521794,0.011447924509727021,
WeldedBeam,PI-NSGA-II,19,61,2.8207736593700004,0.009681266047672756,
WeldedBeam,PI-NSGA-II,19,61,3.0152888824399797,0.008641031100765317,
WeldedBeam,PI-NSGA-II,19,61,3.1508784846532385,0.007495071294487958,
WeldedBeam,PI-NSGA-II,19,61,3.2923589434791993,0.006968203002259656,
WeldedBeam,PI-NSGA-II,19,61,3.557385999099035,0.006725615056825453,
WeldedBeam,PI-NSGA-II,19,61,4.987736529113445,0.0038699185772089317,
WeldedBeam,PI-NSGA-II,19,61,3.638937304886462,0.0060323411824008185,
WeldedBeam,PI-NSGA-II,19,61,3.5920593741753457,0.006302483300888474,
WeldedBeam,PI-NSGA-II,19,61,4.075637509443486,0.004998734787079075,
WeldedBeam,PI-NSGA-II,19,61,4.8659075159929905,0.004218907451974133,
WeldedBeam,PI-NSGA-II,19,61,6.666712729724062,0.002736299027506557,
WeldedBeam,PI-NSGA-II,19,61,4.199523243249952,0.004731311717343922,
WeldedBeam,PI-NSGA-II,19,61,6.190425957324271,0.0029773060146193516,
WeldedBeam,PI-NSGA-II,19,61,10.333648783906627,0.0016834003316624868,
WeldedBeam,PI-NSGA-II,19,61,12.465033964664272,0.0013761079554075997,
WeldedBeam,PI-NSGA-II,19,61,12.740012044405939,0.0013491923733688618,
WeldedBeam,PI-NSGA-II,19,61,4.119996062662231,0.004801920066878942,
WeldedBeam,PI-NSGA-II,19,61,3.6479779691503182,0.005726327824261032,
WeldedBeam,PI-NSGA-II,19,61,8.971675232071092,0.001965264270792481,
WeldedBeam,PI-NSGA-II,19,61,5.068353109206636,0.0037658514096285916,
WeldedBeam,PI-NSGA-II,19,61,7.7115938018946055,0.0023355477021653193,
WeldedBeam,PI-NSGA-II,19,61,7.572733609711934,0.002379823894780654,
WeldedBeam,PI-NSGA-II,19,61,9.930725104498487,0.0017739358876738764,
WeldedBeam,PI-NSGA-II,19,61,5.190059304708788,0.003694750841216826,
WeldedBeam,PI-NSGA-II,19,61,12.230956361436279,0.001405528160818229,
WeldedBeam,PI-NSGA-II,19,61,6.510042992741955,0.002808846085201458,
WeldedBeam,PI-NSGA-II,19,61,8.551319280701764,0.0020774214354718355,
WeldedBeam,PI-NSGA-II,19,61,6.418470741272376,0.0028643250272664114,
WeldedBeam,PI-NSGA-II,19,61,4.34656404884494,0.004570840028998264,
WeldedBeam,PI-NSGA-II,19,61,11.118864000780503,0.001554920908927308,
WeldedBeam,PI-NSGA-II,19,61,5.720406610613172,0.0032631276819820006,
WeldedBeam,PI-NSGA-II,19,61,3.813415187294994,0.005307451765789797,
WeldedBeam,PI-NSGA-II,19,61,13.31263572637063,0.0012860888036384736,
WeldedBeam,PI-NSGA-II,19,61,10.56265031188293,0.0016475095787970755,
WeldedBeam,PI-NSGA-II,19,61,11.67633329871928,0.001488679906401259,
WeldedBeam,PI-NSGA-II,19,61,3.5987590179861146,0.006262020057008501,
WeldedBeam,PI-NSGA-II,19,61,12.995721730283096,0.0013382685976834662,
WeldedBeam,PI-NSGA-II,19,61,7.438079542702306,0.0024408855838909233,
WeldedBeam,PI-NSGA-II,19,61,4.654261012147301,0.004222746380430843,
WeldedBeam,PI-NSGA-II,19,61,8.080354379637324,0.0022174176542677656,
WeldedBeam,PI-NSGA-II,19,61,6.986899444225349,0.0025974395498631485,
WeldedBeam,PI-NSGA-II,19,61,4.424891181126375,0.004546602609287578,
WeldedBeam,PI-NSGA-II,19,61,7.224705702504775,0.0025018278632569116,
WeldedBeam,PI-NSGA-II,19,61,3.9638811791931783,0.005149909500022103,
WeldedBeam,PI-NSGA-II,19,61,13.483531905383389,0.001269871122997381,
WeldedBeam,PI-NSGA-II,19,61,4.495578046464138,0.0043678646015351515,
WeldedBeam,PI-NSGA-II,19,61,5.831564780777126,0.003185514836883178,
WeldedBeam,PI-NSGA-II,19,61,8.414068510546112,0.002122516858254356,
WeldedBeam,PI-NSGA-II,19,61,7.861554608145038,0.0022885634491775415,
WeldedBeam,PI-NSGA-II,19,61,13.167569829975942,0.0012984657791419464,
WeldedBeam,PI-NSGA-II,19,61,12.60518052934464,0.0013605437827130808,
WeldedBeam,PI-NSGA-II,19,61,11.804455632108759,0.0014579074812182083,
WeldedBeam,PI-NSGA-II,19,61,5.448831530799284,0.0034734760761589768,
WeldedBeam,PI-NSGA-II,19,61,7.943912250371705,0.0022551214695253207,
WeldedBeam,PI-NSGA-II,19,61,5.25588808628128,0.003588528277868536,
WeldedBeam,PI-NSGA-II,19,61,3.738592808298072,0.005466240324257966,
WeldedBeam,PI-NSGA-II,19,61,9.7022189312134,0.0018169548747960864,
WeldedBeam,PI-NSGA-II,19,61,11.92967314003678,0.0014436998552349424,
WeldedBeam,PI-NSGA-II,19,61,9.348265600149789,0.001882144078063587,
WeldedBeam,PI-NSGA-II,19,61,7.3356139286737365,0.0024685573522040486,
WeldedBeam,PI-NSGA-II,19,61,8.694297055067143,0.002038660005140467,
WeldedBeam,PI-NSGA-II,19,61,3.8903213542964945,0.005280531345661748,
WeldedBeam,PI-NSGA-II,19,61,6.050161091936079,0.003057072423713149,
WeldedBeam,PI-NSGA-II,19,61,10.625438363445825,0.0016347960132634994,
WeldedBeam,PI-NSGA-II,19,61,9.18667433193266,0.0019241497214188697,
WeldedBeam,PI-NSGA-II,19,61,6.842044532257002,0.0026581288006256288,
WeldedBeam,PI-NSGA-II,19,61,3.7231393078474824,0.005629810467177924,
WeldedBeam,PI-NSGA-II,19,61,10.915250918624649,0.0016034679224319194,
WeldedBeam,PI-NSGA-II,19,61,4.58283372993677,0.004268542555503617,
WeldedBeam,PI-NSGA-II,19,61,11.019314386194804,0.0015833931342548548,
WeldedBeam,PI-NSGA-II,19,61,5.620212963469502,0.0033160459001704474,
WeldedBeam,PI-NSGA-II,19,61,9.419409041296728,0.0018673869046188314,
WeldedBeam,PI-NSGA-II,19,61,5.588532000626829,0.0034078671352600867,
WeldedBeam,PI-NSGA-II,19,61,11.328968406439559,0.0015397479892362523,
WeldedBeam,PI-NSGA-II,19,61,12.056982696558313,0.0014291425779010757,
WeldedBeam,PI-NSGA-II,19,61,5.969428813572651,0.003113747425292885,
WeldedBeam,PI-NSGA-II,19,61,6.143273528337943,0.003024237173677312,
WeldedBeam,PI-NSGA-II,19,61,5.36383344792066,0.003583399712371371,
WeldedBeam,PI-NSGA-II,19,61,7.105082470437737,0.0025552238421465336,
WeldedBeam,PI-NSGA-II,19,61,11.507952330568443,0.0015006590721564324,
WeldedBeam,PI-NSGA-II,19,61,4.863900261214466,0.0042210815558757124,
WeldedBeam,PI-NSGA-II,19,61,5.9201976161842325,0.0031510120261649343,
WeldedBeam,PI-NSGA-II,19,61,10.199641125517417,0.0017076740077194,
WeldedBeam,PI-NSGA-II,19,61,13.033297338910655,0.0013122188581940419,
WeldedBeam,PI-NSGA-II,19,61,3.9434146756076416,0.005175953655831984,
WeldedBeam,PI-NSGA-II,19,61,6.8425673739954025,0.0026581277634867293,
WeldedBeam,PI-NSGA-II,19,61,11.47481756438372,0.0015041526352441972,
WeldedBeam,PI-NSGA-II,19,61,9.194985049198802,0.0019222698044439827,
WeldedBeam,PI-NSGA-II,19,61,5.390704080145109,0.0035044237043620192,
WeldedBeam,PI-NSGA-II,19,61,9.5589975882487,0.0018441375151865343,
WeldedBeam,PI-NSGA-II,19,61,12.13414303050194,0.001417310406309008,
WeldedBeam,PI-NSGA-II,19,61,8.869172352156374,0.0020010039680829488,
WeldedBeam,PI-NSGA-II,19,61,4.5420777933518455,0.004356990524970975,
WeldedBeam,PI-NSGA-II,19,61,10.783158529324911,0.0016097036712967602,
WeldedBeam,PI-NSGA-II,19,61,3.7323127551460495,0.005498492774314681,
WeldedBeam,PI-NSGA-II,19,61,8.196690306719352,0.0021829288241658833,
WeldedBeam,PI-NSGA-II,19,61,11.329357680010704,0.0015268844850038917,
WeldedBeam,PI-NSGA-II,19,61,10.003422283599981,0.0017440245434973598,
WeldedBeam,PI-NSGA-II,20,62,10.04209203651342,0.0017393685240342694,
WeldedBeam,PI-NSGA-II,20,62,5.7880111346657035,0.0039172714007963075,
WeldedBeam,PI-NSGA-II,20,62,5.853283441386389,0.0037960777784258114,
WeldedBeam,PI-NSGA-II,20,62,5.927993562464389,0.0034834122341536153,
WeldedBeam,PI-NSGA-II,20,62,6.022796900357186,0.003368038334160554,
WeldedBeam,PI-NSGA-II,20,62,6.106961608858352,0.0030359087385978243,
WeldedBeam,PI-NSGA-II,20,62,6.04632627072421,0.0032048952755669483,
WeldedBeam,PI-NSGA-II,20,62,6.042315210354464,0.003212221371451241,
WeldedBeam,PI-NSGA-II,20,62,5.979259707468061,0.0034497402381764505,
WeldedBeam,PI-NSGA-II,20,62,5.804421000330486,0.0039043318399778837,
WeldedBeam,PI-NSGA-II,20,62,6.584011011399399,0.0027742426286729645,
WeldedBeam,PI-NSGA-II,20,62,8.391297242551895,0.0021166280580360987,
WeldedBeam,PI-NSGA-II,20,62,6.153964815860642,0.00301109967395534,
WeldedBeam,PI-NSGA-II,20,62,7.391571988320086,0.002441122991823291,
WeldedBeam,PI-NSGA-II,20,62,9.832651134419109,0.0017775840210415544,
WeldedBeam,PI-NSGA-II,20,62,9.932770040624659,0.0017601427509624375,
WeldedBeam,PI-NSGA-II,20,62,7.845433866649856,0.00228107828304926,
WeldedBeam,PI-NSGA-II,20,62,8.318853541256157,0.002152080287823728,
WeldedBeam,PI-NSGA-II,20,62,6.786453817515946,0.002685994369015377,
WeldedBeam,PI-NSGA-II,20,62,8.486836359154267,0.0020900502224705454,
WeldedBeam,PI-NSGA-II,20,62,8.933480495078236,0.001975980033769577,
WeldedBeam,PI-NSGA-II,20,62,8.705193214552708,0.0020324812890876553,
WeldedBeam,PI-NSGA-II,20,62,7.579756935281237,0.002368708328992154,
WeldedBeam,PI-NSGA-II,20,62,6.525953778561592,0.0028030362379611626,
WeldedBeam,PI-NSGA-II,20,62,9.367387778236575,0.0018760444098027808,
WeldedBeam,PI-NSGA-II,20,62,8.85662989139534,0.001994405708126714,
WeldedBeam,PI-NSGA-II,20,62,6.211598212438716,0.002979113578557247,
WeldedBeam,PI-NSGA-II,20,62,7.3343859776057805,0.0024575805848473463,
WeldedBeam,PI-NSGA-II,20,62,7.031727762651241,0.0025827915970909813,
WeldedBeam,PI-NSGA-II,20,62,9.538885876193854,0.00183936524887092,
WeldedBeam,PI-NSGA-II,20,62,6.309986193029635,0.002911826467433418,
WeldedBeam,PI-NSGA-II,20,62,7.19431950048938,0.0025110861562156724,
WeldedBeam,PI-NSGA-II,20,62,8.780449412057646,0.002013692232929785,
WeldedBeam,PI-NSGA-II,20,62,6.723884840089669,0.002712806319900491,
WeldedBeam,PI-NSGA-II,20,62,9.635771422312796,0.0018190561609882031,
WeldedBeam,PI-NSGA-II,20,62,7.23115369614667,0.002496784043406078,
WeldedBeam,PI-NSGA-II,20,62,8.443281783135745,0.002102166402586472,
WeldedBeam,PI-NSGA-II,20,62,7.620991960706122,0.0023544505585516707,
WeldedBeam,PI-NSGA-II,20,62,9.452795264068957,0.0018577362053121978,
WeldedBeam,PI-NSGA-II,20,62,6.4111743962639,0.0028595774211076464,
WeldedBeam,PI-NSGA-II,20,62,8.086037417639483,0.002207952423322322,
WeldedBeam,PI-NSGA-II,20,62,7.463779130573126,0.002415803192275586,
WeldedBeam,PI-NSGA-II,20,62,9.146818647903343,0.0019256881102843691,
WeldedBeam,PI-NSGA-II,20,62,9.583958413402117,0.0018301942797010222,
WeldedBeam,PI-NSGA-II,20,62,6.704934068224899,0.0027236670018664253,
WeldedBeam,PI-NSGA-II,20,62,7.780866990454872,0.002302058179731512,
WeldedBeam,PI-NSGA-II,20,62,7.725041411471022,0.002319058439078747,
WeldedBeam,PI-NSGA-II,20,62,6.868058629676778,0.002645366988064403,
WeldedBeam,PI-NSGA-II,20,62,6.898666459864559,0.002632336832705128,
WeldedBeam,PI-NSGA-II,20,62,6.496480597143726,0.0028174734104921273,
WeldedBeam,PI-NSGA-II,20,62,9.024730649853394,0.0019541297083056994,
WeldedBeam,PI-NSGA-II,20,62,9.289439062015077,0.0018930689239431721,
WeldedBeam,PI-NSGA-II,20,62,6.273482335891046,0.0029310532096681148,
WeldedBeam,PI-NSGA-II,20,62,6.648742908766265,0.002747857483003361,
WeldedBeam,PI-NSGA-II,20,62,9.469070863327655,0.0018542592950444288,
WeldedBeam,PI-NSGA-II,20,62,7.143203869927062,0.0025340155759057932,
WeldedBeam,PI-NSGA-II,20,62,7.076772795443509,0.002557511578488805,
WeldedBeam,PI-NSGA-II,20,62,8.562944174951317,0.002070034048897295,
WeldedBeam,PI-NSGA-II,20,62,9.696512706591456,0.001809453109325249,
WeldedBeam,PI-NSGA-II,20,62,6.939445660661068,0.002614862430689041,
WeldedBeam,PI-NSGA-II,20,62,9.07636698553991,0.001941534347053786,
WeldedBeam,PI-NSGA-II,20,62,9.725316443576112,0.0018036302014266747,
WeldedBeam,PI-NSGA-II,20,62,9.200509690565845,0.0019130621147043446,
WeldedBeam,PI-NSGA-II,20,62,6.370569160374061,0.002884738476149746,
WeldedBeam,PI-NSGA-II,20,62,9.982084120200064,0.0017508681920202903,
WeldedBeam,PI-NSGA-II,20,62,6.459395033330984,0.0028355357426771747,
WeldedBeam,PI-NSGA-II,20,62,6.353919307819114,0.002889396854063705,
WeldedBeam,PI-NSGA-II,20,62,6.985560690367966,0.002594966994303728,
WeldedBeam,PI-NSGA-II,20,62,7.955377635087846,0.0022447313526101783,
WeldedBeam,PI-NSGA-II,20,62,6.249236176716722,0.0029465994500482286,
WeldedBeam,PI-NSGA-II,20,62,7.51657658775879,0.0023906602288587655,
WeldedBeam,PI-NSGA-II,20,62,6.6498396556757395,0.002744305065327301,
WeldedBeam,PI-NSGA-II,20,62,7.2811924524052225,0.002477387817696213,
WeldedBeam,PI-NSGA-II,20,62,8.03978185912726,0.0022185961033829122,
WeldedBeam,PI-NSGA-II,20,62,7.4664808315637385,0.0024085841908438863,
WeldedBeam,PI-NSGA-II,20,62,9.105965980765289,0.001935198981231645,
WeldedBeam,PI-NSGA-II,20,62,6.239658615293234,0.0029690016103124106,
WeldedBeam,PI-NSGA-II,20,62,7.900616875774205,0.002262311646893871,
WeldedBeam,PI-NSGA-II,20,62,7.666637931273005,0.0023385995421657747,
WeldedBeam,PI-NSGA-II,20,62,8.127847935180194,0.0021921984042155094,
WeldedBeam,PI-NSGA-II,20,62,8.200009557647363,0.0021706868044887107,
WeldedBeam,PI-NSGA-II,20,62,7.68169449504312,0.002335125638287618,
WeldedBeam,PI-NSGA-II,20,62,8.268714178793935,0.0021571483660596546,
WeldedBeam,PI-NSGA-II,20,62,6.438070274349193,0.0028457362301465305,
WeldedBeam,PI-NSGA-II,20,62,6.826280765260033,0.0026637028707926225,
WeldedBeam,PI-NSGA-II,20,62,7.289554993934084,0.0024738201121300447,
WeldedBeam,PI-NSGA-II,20,62,9.23078607007112,0.0019061699602228436,
WeldedBeam,PI-NSGA-II,20,62,9.782705601407613,0.0017939686849977774,
WeldedBeam,PI-NSGA-II,20,62,7.906098402062691,0.0022604498290959966,
WeldedBeam,PI-NSGA-II,20,62,7.761596540259583,0.0023073226390702686,
WeldedBeam,PI-NSGA-II,20,62,8.170194512663596,0.00218289342271127,
WeldedBeam,PI-NSGA-II,20,62,7.095902842904074,0.0025538400979561136,
WeldedBeam,PI-NSGA-II,20,62,8.662075154045885,0.0020437208071787316,
WeldedBeam,PI-NSGA-II,20,62,7.128834576643607,0.0025397576426889235,
WeldedBeam,PI-NSGA-II,20,62,7.516467008458603,0.002390770212784901,
WeldedBeam,PI-NSGA-II,20,62,6.964516552889754,0.0026049084708983177,
WeldedBeam,PI-NSGA-II,20,62,6.81804021822689,0.002667333881168783,
WeldedBeam,PI-NSGA-II,20,62,10.016454562498339,0.0017442269135119854,
WeldedBeam,PI-NSGA-II,20,62,9.785704643187405,0.001788847822959534,
WeldedBeam,PI-NSGA-II,20,62,8.979193319059766,0.001965692127498533,
Carside,PI-NSGA-II,0,42,40.3182888023582,3.5867141516146233,10.928798891231985
Carside,PI-NSGA-II,0,42,40.90630415830267,3.5952244403562426,10.844736068932189
Carside,PI-NSGA-II,0,42,23.90227457726229,3.970920411818423,12.415683986842133
Carside,PI-NSGA-II,0,42,27.354579562306405,3.99947915652844,11.508376875340847
Carside,PI-NSGA-II,0,42,24.53261784839519,3.8914824912464296,12.506350712057724
Carside,PI-NSGA-II,0,42,40.33142990128015,3.653988305022066,10.821083288165518
Carside,PI-NSGA-II,0,42,37.89493806641645,3.636800715145485,11.117399591993763
Carside,PI-NSGA-II,0,42,38.29438225492041,3.666395845827991,11.021112863296544
Carside,PI-NSGA-II,0,42,35.23897849258279,3.6029619913741824,11.566003682205615
Carside,PI-NSGA-II,0,42,30.153993839398588,3.7276121244410714,11.931891706878423
Carside,PI-NSGA-II,0,42,38.495929130390536,3.6618314807192767,10.995189856164384
Carside,PI-NSGA-II,0,42,29.976142056621523,3.735916756224168,12.056036020033819
Carside,PI-NSGA-II,0,42,39.12444282872547,3.63054009451287,10.972941556740633
Carside,PI-NSGA-II,0,42,35.847374424069564,3.6980679182064113,11.163691635372874
Carside,PI-NSGA-II,0,42,37.94682808645779,3.7049164582700547,11.076029765819296
Carside,PI-NSGA-II,0,42,28.57946716048355,3.8091528813781648,11.98496097609879
Carside,PI-NSGA-II,0,42,29.504848527177206,3.7507466389010156,12.171113553659334
Carside,PI-NSGA-II,0,42,37.37778806733255,3.7102083139269486,10.989304617727448
Carside,PI-NSGA-II,0,42,32.01277660381832,3.6752084168212225,12.019251349299015
Carside,PI-NSGA-II,0,42,38.73197337834529,3.6531849466898025,10.96480351764771
Carside,PI-NSGA-II,0,42,25.245087698230687,3.875200642255333,12.455809090179926
Carside,PI-NSGA-II,0,42,29.258100417622252,3.799655101330003,11.69260943285699
Carside,PI-NSGA-II,0,42,26.148849393690686,3.814952968618279,12.471407845014902
Carside,PI-NSGA-II,0,42,33.68910681284928,3.904700324929364,11.004623888623275
Carside,PI-NSGA-II,0,42,29.36363379787445,3.8262066639443093,11.500706768499867
Carside,PI-NSGA-II,0,42,32.52405485903683,3.6877709636983984,11.785087775326595
Carside,PI-NSGA-II,0,42,40.03160818770875,3.7032576667287262,10.826440788295276
Carside,PI-NSGA-II,0,42,25.898561614697996,3.9152842354824533,12.214753149358422
Carside,PI-NSGA-II,0,42,39.42830455063911,3.680204169864238,10.939415919544267
Carside,PI-NSGA-II,0,42,32.24599978704063,3.6760588169968917,11.795730149296055
Carside,PI-NSGA-II,0,42,33.1380692852094,3.797320127887012,11.281949481241488
Carside,PI-NSGA-II,0,42,27.709325012180123,3.846442519634236,11.951210069141673
Carside,PI-NSGA-II,0,42,29.078709695756718,3.7919920847337867,11.727889651268457
Carside,PI-NSGA-II,0,42,34.36418354001759,3.740512403792058,11.226039549985067
Carside,PI-NSGA-II,0,42,34.02681689706177,3.7181532376922415,11.337549415725032
Carside,PI-NSGA-II,0,42,30.655842267902283,3.7537774408627316,11.883725593486682
Carside,PI-NSGA-II,0,42,30.987936954495268,3.763881672706288,11.658268721189932
Carside,PI-NSGA-II,0,42,26.819510431919177,3.99947915652844,11.533452518540651
Carside,PI-NSGA-II,0,42,30.5626240061797,3.9517250584969648,11.24834155869838
Carside,PI-NSGA-II,0,42,26.638152059929283,3.921813557317003,11.820915825333216
Carside,PI-NSGA-II,0,42,26.000095658505163,3.9237620091768184,12.063475753829808
Carside,PI-NSGA-II,0,42,36.0991719925425,3.5957824368634794,11.308979086881203
Carside,PI-NSGA-II,0,42,39.26971697021593,3.6881830087960763,10.857391122840369
Carside,PI-NSGA-II,0,42,27.0934881344121,3.8570794971144866,11.830330517156204
Carside,PI-NSGA-II,0,42,39.72142534413719,3.640134907694293,10.874508678510042
Carside,PI-NSGA-II,0,42,29.526493334965483,3.8264449986757985,11.46955085188069
Carside,PI-NSGA-II,0,42,25.005010746223647,3.9572196784923843,12.265595543148379
Carside,PI-NSGA-II,0,42,32.46854501630805,3.8611327431285183,11.197920777434803
Carside,PI-NSGA-II,0,42,28.016973185711283,3.955581896322498,11.44340585112137
Carside,PI-NSGA-II,0,42,33.476903630205115,3.788252486897944,11.247739705678082
Carside,PI-NSGA-II,0,42,26.982767280226987,3.9877628536304015,11.629204513333988
Carside,PI-NSGA-II,0,42,26.747724387494095,3.977396786079114,11.738576945018732
Carside,PI-NSGA-II,0,42,25.854955202048505,3.923576308508376,12.10257460775167
Carside,PI-NSGA-II,0,42,24.848979010744113,3.934111374119942,12.348094206231096
Carside,PI-NSGA-II,0,42,36.78992208164874,3.749933808616367,11.07087199604618
Carside,PI-NSGA-II,0,42,33.952498666249056,3.8047176217711023,11.183730970318344
Carside,PI-NSGA-II,0,42,24.522457772515782,3.8957125543656965,12.501220640911903
Carside,PI-NSGA-II,0,42,32.935720420672475,3.91402094664437,11.038508229989944
Carside,PI-NSGA-II,0,42,27.557423911084694,3.981091996572912,11.50314162014851
Carside,PI-NSGA-II,0,42,39.87580185939909,3.6077119611508173,10.924949162630343
Carside,PI-NSGA-II,0,42,26.887878651309798,3.9141683228627793,11.772156299017494
Carside,PI-NSGA-II,0,42,26.600978948008983,3.8691500387538524,11.964857469344498
Carside,PI-NSGA-II,0,42,25.34086954863789,3.8803978915045105,12.334506867474284
Carside,PI-NSGA-II,0,42,30.98732172954127,3.7525315814561826,11.857849696164887
Carside,PI-NSGA-II,0,42,36.36784492284088,3.5904594658407323,11.268596777831117
Carside,PI-NSGA-II,0,42,33.933487800337005,3.7079947416161723,11.629080673947776
Carside,PI-NSGA-II,0,42,24.272518445171904,3.965134393572698,12.384464979050556
Carside,PI-NSGA-II,0,42,25.647473168057832,3.9427020667354364,12.247281053730745
Carside,PI-NSGA-II,0,42,34.55899267963463,3.7614276266612636,11.15525876039504
Carside,PI-NSGA-II,0,42,31.22941823451597,3.779680825950987,11.478891035027125
Carside,PI-NSGA-II,0,42,37.58266703148284,3.6444571310655727,11.15548175749311
Carside,PI-NSGA-II,0,42,40.445523505057515,3.6088538310740446,10.866560373252609
Carside,PI-NSGA-II,0,42,35.96308900185371,3.612697935812766,11.38929233152922
Carside,PI-NSGA-II,0,42,37.52178368151692,3.7888174493510847,10.9046952703221
Carside,PI-NSGA-II,0,42,36.309340284955816,3.5903614567187763,11.589233072283996
Carside,PI-NSGA-II,0,42,31.22941399292258,3.757499120993288,11.683184450947067
Carside,PI-NSGA-II,0,42,34.71818652615382,3.6498065426459125,11.394453337084071
Carside,PI-NSGA-II,0,42,30.393059272301517,3.969173854618088,11.301232333504588
Carside,PI-NSGA-II,0,42,34.92151974681418,3.6019038931016674,11.610277047671074
Carside,PI-NSGA-II,0,42,25.789496191085046,3.850815934709904,12.310181944281744
Carside,PI-NSGA-II,0,42,35.86541751504499,3.696421362993772,11.232882014920419
Carside,PI-NSGA-II,0,42,28.16509669177033,3.8838554184356022,11.52193552901942
Carside,PI-NSGA-II,0,42,24.6979126258705,3.8914824912464296,12.479875239824752
Carside,PI-NSGA-II,0,42,31.70364077940407,3.9023283468725953,11.240554584914445
Carside,PI-NSGA-II,0,42,31.282895656670924,3.780990561545322,11.47504088964645
Carside,PI-NSGA-II,0,42,39.66923116768845,3.6200716502426955,10.951207035281524
Carside,PI-NSGA-II,0,42,30.458660004425,3.7239545452683083,12.149913605687116
Carside,PI-NSGA-II,0,42,28.957656093447252,3.7307285859473525,12.294546439200783
Carside,PI-NSGA-II,0,42,25.39697679656328,3.9413524638067776,12.274179485993535
Carside,PI-NSGA-II,0,42,31.355270756772672,3.7552819511286124,11.488314436387284
Carside,PI-NSGA-II,0,42,24.166400202813517,3.962987368551054,12.401421697129138
Carside,PI-NSGA-II,0,42,33.35137673283812,3.7312364577066206,11.351621006402551
Carside,PI-NSGA-II,0,42,39.559726847357446,3.617657725980807,11.061231456450576
Carside,PI-NSGA-II,0,42,30.831545216934803,3.7473674938811197,11.880313342444962
Carside,PI-NSGA-II,0,42,26.382178695632785,3.8575696185242663,12.046940590093548
Carside,PI-NSGA-II,0,42,33.25126652526375,3.7213335092179083,11.41182528835859
Carside,PI-NSGA-II,0,42,31.682318828972384,3.700284423411392,11.971909985278835
Carside,PI-NSGA-II,0,42,31.578044749214207,3.769938894807286,11.451745277730739
Carside,PI-NSGA-II,0,42,26.237913454653608,3.9170910774997423,12.027593229026468
Carside,PI-NSGA-II,0,42,33.67389493647556,3.7181689248157705,11.370135686858475
Carside,PI-NSGA-II,1,43,34.06218454981173,3.6620349545711504,11.376963528107236
Carside,PI-NSGA-II,1,43,26.7149911732675,3.999975498769041,11.550074011495512
Carside,PI-NSGA-II,1,43,24.05303857162643,3.969298955971588,12.35943679560065
Carside,PI-NSGA-II,1,43,35.68704051786083,3.8793512127948837,11.062284418529025
Carside,PI-NSGA-II,1,43,36.182740740150095,3.6768476896517575,11.114228865308498
Carside,PI-NSGA-II,1,43,25.787037019209013,3.9225751667455637,12.080098206081885
Carside,PI-NSGA-II,1,43,28.69566360259649,3.7989531184892527,11.794309707859373
Carside,PI-NSGA-II,1,43,31.0426624817898,3.738593476286996,11.618699303806101
Carside,PI-NSGA-II,1,43,26.987050494081192,3.884940629517005,11.772456478064008
Carside,PI-NSGA-II,1,43,33.93820849230827,3.928664579014842,11.139953555182853
Carside,PI-NSGA-II,1,43,28.49235557481104,3.8164047298755173,11.841693863976221
Carside,PI-NSGA-II,1,43,24.15704443908545,3.967934810352957,12.35182639139931
Carside,PI-NSGA-II,1,43,33.77089758517107,3.7130326156275153,11.296953460217587
Carside,PI-NSGA-II,1,43,27.570808984890462,3.834775718020798,11.898883406806776
Carside,PI-NSGA-II,1,43,28.166618081810192,3.8264016577583573,11.905117801202689
Carside,PI-NSGA-II,1,43,29.88857260391367,3.805141625663155,11.489302901672087
Carside,PI-NSGA-II,1,43,25.40824862278379,3.942912869160618,12.113215779344458
Carside,PI-NSGA-II,1,43,25.975032576388934,3.845408957467525,12.198531771823642
Carside,PI-NSGA-II,1,43,25.088651963898343,3.948277634378154,12.161034802287432
Carside,PI-NSGA-II,1,43,31.956288413368775,3.731027482235235,11.42738995006103
Carside,PI-NSGA-II,1,43,35.09409800906539,3.7328582500901692,11.15276793780846
Carside,PI-NSGA-II,1,43,24.27216836850447,3.9630234893177176,12.31109664882164
Carside,PI-NSGA-II,1,43,34.878268080165526,3.724708902516017,11.167968273165556
Carside,PI-NSGA-II,1,43,26.43239429718297,3.884252674143787,12.016630051419607
Carside,PI-NSGA-II,1,43,35.77126026177814,3.8621326977108588,11.08507967418021
Carside,PI-NSGA-II,1,43,35.313365012598034,3.861523247265894,11.118061430176073
Carside,PI-NSGA-II,1,43,35.46034910366298,3.6943692845463203,11.190942170888492
Carside,PI-NSGA-II,1,43,26.35813623497622,3.89231421933034,11.976099435279671
Carside,PI-NSGA-II,1,43,35.88695939597761,3.8604520136389353,11.07229025711333
Carside,PI-NSGA-II,1,43,28.31420805597959,3.821705537816161,11.902446202108038
Carside,PI-NSGA-II,1,43,29.153422838189435,3.8076546554273354,11.645028045479094
Carside,PI-NSGA-II,1,43,26.075665399189283,3.908573583804542,11.990303064815002
Carside,PI-NSGA-II,1,43,27.04422817885476,3.856261718886523,11.874417876978088
Carside,PI-NSGA-II,1,43,24.60368425452997,3.974479005397413,12.251367142975074
Carside,PI-NSGA-II,1,43,30.27721245645905,3.772770084701341,11.587176394652529
Carside,PI-NSGA-II,1,43,26.474964396381925,3.8637625829132505,11.942248912724876
Carside,PI-NSGA-II,1,43,29.01139883834968,3.875605353435322,11.44120020197851
Carside,PI-NSGA-II,1,43,30.4221816334863,3.7470408868394753,11.690557591270014
Carside,PI-NSGA-II,1,43,25.494682460032497,3.962925129418393,12.081414056485599
Carside,PI-NSGA-II,1,43,35.0474574562489,3.7084653150161535,11.181095828614037
Carside,PI-NSGA-II,1,43,34.47286044849473,3.6913012321198946,11.262869608240559
Carside,PI-NSGA-II,1,43,27.16386797706398,3.894597890246624,11.748132046245773
Carside,PI-NSGA-II,1,43,29.626841265630837,3.7772607749869174,11.687057159569832
Carside,PI-NSGA-II,1,43,30.07861394513179,3.763835079451422,11.673350706201733
Carside,PI-NSGA-II,1,43,32.34217706611977,3.719546349389619,11.506800032898212
Carside,PI-NSGA-II,1,43,24.264488556876955,3.999270013064261,12.29706820635191
Carside,PI-NSGA-II,1,43,33.146264000246255,3.681294804351218,11.41382961849827
Carside,PI-NSGA-II,1,43,32.497953265240284,3.7177005258502436,11.47677192920225
Carside,PI-NSGA-II,1,43,24.490114107123183,3.9694587951957967,12.259949146387587
Carside,PI-NSGA-II,1,43,30.72649367707338,3.91442561976855,11.321215412722054
Carside,PI-NSGA-II,1,43,27.56917478709112,3.8478457631527085,11.71119601239974
Carside,PI-NSGA-II,1,43,25.210992042761568,3.9483528453324057,12.147358538664651
Carside,PI-NSGA-II,1,43,31.563312742097132,3.725090744295334,11.577892094326163
Carside,PI-NSGA-II,1,43,27.08831485466407,3.9946069602144547,11.521467395493056
Carside,PI-NSGA-II,1,43,26.057211450545584,3.8675340794277067,12.041723389820445
Carside,PI-NSGA-II,1,43,31.023468216763785,3.779645093540972,11.518372758729456
Carside,PI-NSGA-II,1,43,29.22439240155887,3.8728468734742494,11.413331296256398
Carside,PI-NSGA-II,1,43,26.30684376136655,3.853135688419936,12.07646896924065
Carside,PI-NSGA-II,1,43,29.705656199517133,3.759402242895854,11.809767579081552
Carside,PI-NSGA-II,1,43,30.701188877774708,3.8508181056031856,11.348717898838029
Carside,PI-NSGA-II,1,43,31.428170784155107,3.9886634012951334,11.28788875432154
Carside,PI-NSGA-II,1,43,27.372295251678388,3.952868755099929,11.526363995550632
Carside,PI-NSGA-II,1,43,32.68902631304077,3.941723799880938,11.244473157564546
Carside,PI-NSGA-II,1,43,25.625690654182165,3.9823428917125834,11.960686276157652
Carside,PI-NSGA-II,1,43,32.097616351797946,3.7290711607383087,11.527728331658079
Carside,PI-NSGA-II,1,43,36.02484431574474,3.6754512845241303,11.150765836950537
Carside,PI-NSGA-II,1,43,31.755420569168365,3.9546492483852456,11.283135293725316
Carside,PI-NSGA-II,1,43,27.940001250820888,3.8433330575241365,11.652233754834848
Carside,PI-NSGA-II,1,43,31.281345170681014,3.768320680731505,11.394474661542985
Carside,PI-NSGA-II,1,43,32.22095692297633,3.791044958437619,11.323135030278102
Carside,PI-NSGA-II,1,43,34.176780247278124,3.666062709560626,11.334763810247054
Carside,PI-NSGA-II,1,43,30.76818827302749,3.7864653556663055,11.401672574637963
Carside,PI-NSGA-II,1,43,30.20053298417391,3.760819158713592,11.672984024635943
Carside,PI-NSGA-II,1,43,25.58067239926397,3.905415181487693,12.141470134088333
Carside,PI-NSGA-II,1,43,31.71297554630701,3.7571154130225355,11.387195873015942
Carside,PI-NSGA-II,1,43,28.760165088571732,3.9693369248408135,11.43774273533686
Carside,PI-NSGA-II,1,43,24.651752464971203,3.969271305217449,12.284402801341619
Carside,PI-NSGA-II,1,43,24.87779328310558,3.9658158461139315,12.233887595253158
Carside,PI-NSGA-II,1,43,28.26445324315371,3.897805669743348,11.474582118545461
Carside,PI-NSGA-II,1,43,29.54516401958979,3.789452271015974,11.730444113514084
Carside,PI-NSGA-II,1,43,33.10604904311106,3.6889080918679897,11.411647934140191
Carside,PI-NSGA-II,1,43,31.33203845060925,3.7493189270574097,11.456953241333615
Carside,PI-NSGA-II,1,43,29.78365012613008,3.7940678563814707,11.508925651221354
Carside,PI-NSGA-II,1,43,24.968689306382853,3.9594177133182114,12.220218440172413
Carside,PI-NSGA-II,1,43,26.268637465895065,3.900887319529342,11.92829900319067
Carside,PI-NSGA-II,1,43,29.4809521132496,3.797765045580839,11.634491888494512
Carside,PI-NSGA-II,1,43,26.883038539937658,3.9353732096273633,11.726834703248343
Carside,PI-NSGA-II,1,43,34.66624609194354,3.6850001740565212,11.247966657698761
Carside,PI-NSGA-II,1,43,33.33443255610143,3.6989362535672377,11.360444651757303
Carside,PI-NSGA-II,1,43,24.921157694846773,3.972080767524151,12.158786907614406
Carside,PI-NSGA-II,1,43,33.120669439827985,3.751802694361781,11.31562490179519
Carside,PI-NSGA-II,1,43,32.953687293680666,3.9312265701247067,11.238366616982736
Carside,PI-NSGA-II,1,43,30.397925788413755,3.74791752141741,11.740528255907023
Carside,PI-NSGA-II,1,43,32.892588596414896,3.9368603907999464,11.254133080414988
Carside,PI-NSGA-II,1,43,26.22747174275595,3.843796004899544,12.125882648752558
Carside,PI-NSGA-II,1,43,27.671736736942908,3.8482485109999494,11.702249069424866
Carside,PI-NSGA-II,1,43,31.66772773689996,3.7192087338961284,11.555484289233231
Carside,PI-NSGA-II,1,43,33.46032206435552,3.8685353256240584,11.209882829969638
Carside,PI-NSGA-II,1,43,29.40573335288393,3.812385510856177,11.533646666632762
Carside,PI-NSGA-II,1,43,34.337439991925116,3.761012820790375,11.19763008640151
Carside,PI-NSGA-II,2,44,34.685918463207194,3.7811875065835503,11.060735284919758
Carside,PI-NSGA-II,2,44,25.890383304958544,3.9999940301174246,11.794238680985266
Carside,PI-NSGA-II,2,44,25.125060455629043,3.996917450079879,12.005034591889231
Carside,PI-NSGA-II,2,44,33.59164091414834,3.639614780097455,11.623963056230004
Carside,PI-NSGA-II,2,44,34.410632271258585,3.8498202761614855,11.03435212213381
Carside,PI-NSGA-II,2,44,25.873657029807415,3.9461019601662226,11.929752815775096
Carside,PI-NSGA-II,2,44,33.78212505752894,3.7225176262773787,11.347496015990256
Carside,PI-NSGA-II,2,44,29.765818177549928,3.8679370215019704,11.439601234151313
Carside,PI-NSGA-II,2,44,26.149713951541735,3.959925524418604,11.863560017055075
Carside,PI-NSGA-II,2,44,29.52114830623692,3.984463091226746,11.315042815218137
Carside,PI-NSGA-II,2,44,30.87479081580866,3.782690558338653,11.408803104128484
Carside,PI-NSGA-II,2,44,25.58153191482003,3.9709520888943044,11.96702575073103
Carside,PI-NSGA-II,2,44,27.022328363122423,3.9425828112976236,11.579659857750057
Carside,PI-NSGA-II,2,44,32.049121339682124,3.8875677538063074,11.140462497116221
Carside,PI-NSGA-II,2,44,25.340167316373577,3.9814933276055737,11.9908270787863
Carside,PI-NSGA-II,2,44,34.47228550665226,3.8334061603399734,11.04122578949261
Carside,PI-NSGA-II,2,44,32.92267904200974,3.7647820035845827,11.296710278101042
Carside,PI-NSGA-II,2,44,29.202104658535816,3.920712662868264,11.366378661500724
Carside,PI-NSGA-II,2,44,33.63876076797503,3.682936919266514,11.387265873245276
Carside,PI-NSGA-II,2,44,28.861778982061615,3.801215206536343,11.787533070690628
Carside,PI-NSGA-II,2,44,28.552962894730424,3.8156335560554675,11.77097184783033
Carside,PI-NSGA-II,2,44,28.39362365125103,3.814022065175986,11.781727707907724
Carside,PI-NSGA-II,2,44,31.792215522275686,3.8453017992331953,11.260217075884217
Carside,PI-NSGA-II,2,44,26.481318479949703,3.8994867338371324,11.84942285774651
Carside,PI-NSGA-II,2,44,30.794324980455773,3.7302477563828176,11.896816231846227
Carside,PI-NSGA-II,2,44,28.11372698346291,3.831235532616837,11.710930005671376
Carside,PI-NSGA-II,2,44,28.967098678888302,3.9027070724762427,11.402712301624497
Carside,PI-NSGA-II,2,44,30.140065930000308,3.761687819072481,11.817225425297327
Carside,PI-NSGA-II,2,44,27.374505595063695,3.9142484671012943,11.570443528892756
Carside,PI-NSGA-II,2,44,31.0102045933167,3.739931984801631,11.591247983173147
Carside,PI-NSGA-II,2,44,32.801353368173196,3.701590073844086,11.429971314294757
Carside,PI-NSGA-II,2,44,33.84787586946541,3.6606701338607195,11.46591685706578
Carside,PI-NSGA-II,2,44,25.621146239946793,3.9666270251380036,11.948105834183663
Carside,PI-NSGA-II,2,44,28.010955454255217,3.8430752143027855,11.695805100522453
Carside,PI-NSGA-II,2,44,33.013191883704316,3.671899138731347,11.686176392122483
Carside,PI-NSGA-II,2,44,34.680796074425345,3.7717512661424246,11.07981237387192
Carside,PI-NSGA-II,2,44,32.72485323594979,3.7699071862522446,11.319260264124575
Carside,PI-NSGA-II,2,44,28.029262358163933,3.8831112822601126,11.544477411832315
Carside,PI-NSGA-II,2,44,30.760517367502562,3.930254225420617,11.250556276993933
Carside,PI-NSGA-II,2,44,28.846431266450146,3.806271200852128,11.844965158425907
Carside,PI-NSGA-II,2,44,27.42980536528156,3.9503708872113115,11.499051383657093
Carside,PI-NSGA-II,2,44,31.449881784023745,3.746048466863642,11.531838098556042
Carside,PI-NSGA-II,2,44,31.634725695186006,3.8781646719763967,11.206777645460676
Carside,PI-NSGA-II,2,44,33.295823471871,3.646451044209048,11.649609331310527
Carside,PI-NSGA-II,2,44,31.28677851627825,3.715847633576656,11.734542135867787
Carside,PI-NSGA-II,2,44,29.96052508779529,3.7783542154475467,11.606112127102001
Carside,PI-NSGA-II,2,44,34.46714900972941,3.8119117701747856,11.058972038932058
Carside,PI-NSGA-II,2,44,27.133339215530302,3.858599387685241,11.917740195230039
Carside,PI-NSGA-II,2,44,34.17073453656144,3.8320014693947826,11.063938248131702
Carside,PI-NSGA-II,2,44,29.362646614143483,3.9545863949767095,11.33884550612139
Carside,PI-NSGA-II,2,44,26.3377800951323,3.9361225813364973,11.881803125299925
Carside,PI-NSGA-II,2,44,26.758792586286326,3.8898826195637946,11.803911821350027
Carside,PI-NSGA-II,2,44,26.713042932424774,3.988181579482286,11.730281875762127
Carside,PI-NSGA-II,2,44,28.71049394505753,3.844360405345106,11.480965684629982
Carside,PI-NSGA-II,2,44,33.23665576440535,3.6475206672014653,11.661178468156326
Carside,PI-NSGA-II,2,44,33.09754942377745,3.760300942365513,11.283446736474676
Carside,PI-NSGA-II,2,44,25.385190068194078,3.995914630111561,11.95772173117193
Carside,PI-NSGA-II,2,44,30.696033579379634,3.780108910249513,11.424888843007981
Carside,PI-NSGA-II,2,44,30.340092742320675,3.997281695066498,11.231256128057979
Carside,PI-NSGA-II,2,44,32.090531135470755,3.692571564476457,11.718408568211302
Carside,PI-NSGA-II,2,44,32.556590898408395,3.6893286935880316,11.614527455511592
Carside,PI-NSGA-II,2,44,30.59533177611066,3.7959077314646854,11.425603150707946
Carside,PI-NSGA-II,2,44,26.00498867720249,3.9071888769411096,11.974470309093196
Carside,PI-NSGA-II,2,44,33.404887229558,3.821020758686406,11.109318527144948
Carside,PI-NSGA-II,2,44,31.260735050763902,3.9238208574375006,11.178042858278495
Carside,PI-NSGA-II,2,44,27.325224968224923,3.859611781536233,11.749748933046206
Carside,PI-NSGA-II,2,44,33.03978430880808,3.656144280676605,11.668972537834161
Carside,PI-NSGA-II,2,44,31.212717150532562,3.940013396555389,11.187215075770963
Carside,PI-NSGA-II,2,44,25.187666117762923,3.987749174048989,11.99683757740198
Carside,PI-NSGA-II,2,44,33.66805610171714,3.6684929771815438,11.402068522903493
Carside,PI-NSGA-II,2,44,32.21519027432592,3.674325832651955,11.758233264975427
Carside,PI-NSGA-II,2,44,29.345595562720703,3.8413162574880952,11.446906996002518
Carside,PI-NSGA-II,2,44,33.1424896632655,3.756781764977643,11.293042197227857
Carside,PI-NSGA-II,2,44,28.82596678528723,3.8270951103080004,11.55077132048317
Carside,PI-NSGA-II,2,44,25.97962391088941,3.9072425267133615,11.980500383330483
Carside,PI-NSGA-II,2,44,33.53370430281398,3.639614780097455,11.629281039449886
Carside,PI-NSGA-II,2,44,32.87284331386475,3.8748034603701362,11.094559682930305
Carside,PI-NSGA-II,2,44,31.120889334127728,3.918135835356095,11.242739645031087
Carside,PI-NSGA-II,2,44,27.205251810280597,3.9184593537452446,11.741483658214662
Carside,PI-NSGA-II,2,44,31.442779696306836,3.697554128774526,11.834092848842449
Carside,PI-NSGA-II,2,44,31.319334578835694,3.844525969044962,11.33177509209662
Carside,PI-NSGA-II,2,44,32.21331627399833,3.781119306637387,11.367237707782543
Carside,PI-NSGA-II,2,44,31.84340420606136,3.856085119110493,11.19767266018853
Carside,PI-NSGA-II,2,44,31.520628569127325,3.7440780061994956,11.526396702153964
Carside,PI-NSGA-II,2,44,27.533634779947604,3.913839114723994,11.515467092918275
Carside,PI-NSGA-II,2,44,30.78435626400413,3.7302477563828176,11.90267282201405
Carside,PI-NSGA-II,2,44,31.644758308912493,3.863125634830646,11.216265274489643
Carside,PI-NSGA-II,2,44,34.26121103237244,3.852617681493677,11.045128735138093
Carside,PI-NSGA-II,2,44,27.676570401595598,3.983490873896574,11.477840793227251
Carside,PI-NSGA-II,2,44,32.04395919725949,3.8530749569860507,11.162449281925827
Carside,PI-NSGA-II,2,44,33.32922309285527,3.651228947217232,11.641441981133251
Carside,PI-NSGA-II,2,44,26.272517243093617,3.93416904789206,11.88258142177412
Carside,PI-NSGA-II,2,44,28.26957372339247,3.84595464350602,11.580871858599842
Carside,PI-NSGA-II,2,44,25.619836047316618,3.9928720781799267,11.940583382248349
Carside,PI-NSGA-II,2,44,33.542545711281115,3.6528367607118706,11.602989694342536
Carside,PI-NSGA-II,2,44,32.582955695727705,3.67675110274242,11.591535013630999
Carside,PI-NSGA-II,2,44,32.25669594558699,3.7101707749857917,11.520738891249621
Carside,PI-NSGA-II,2,44,34.39890172973121,3.7752098610558953,11.089712642671657
Carside,PI-NSGA-II,2,44,30.48891296772505,3.7405390170855446,11.746645778905336
Carside,PI-NSGA-II,2,44,32.970584621457334,3.697797865298632,11.399737808200552
Carside,PI-NSGA-II,3,45,28.582331789538756,3.9991021008136887,11.400663501797617
Carside,PI-NSGA-II,3,45,24.56038311466519,3.9081196206225317,12.390483739184926
Carside,PI-NSGA-II,3,45,31.463026681689204,3.923659474131821,11.145923948908713
Carside,PI-NSGA-II,3,45,31.52025143999602,3.9121779885981347,11.150218425249445
Carside,PI-NSGA-II,3,45,24.110006883719617,3.9909779534975858,12.285388367872045
Carside,PI-NSGA-II,3,45,29.824285268412762,3.7903023584310893,11.50019833401429
Carside,PI-NSGA-II,3,45,25.080717518120807,3.96959672563788,12.093065706026099
Carside,PI-NSGA-II,3,45,30.228974945211462,3.8346156422038478,11.388896639723226
Carside,PI-NSGA-II,3,45,31.255225505714307,3.8430533898449633,11.22368795021127
Carside,PI-NSGA-II,3,45,27.38841195182114,3.828660187149748,11.879731822130621
Carside,PI-NSGA-II,3,45,29.15394773080447,3.812282393324349,11.529546542098647
Carside,PI-NSGA-II,3,45,26.736410867609543,3.9925818613593327,11.604355687025317
Carside,PI-NSGA-II,3,45,26.547843448979723,3.988350279687105,11.626618029899905
Carside,PI-NSGA-II,3,45,30.448598699725977,3.885476227625371,11.330376007614078
Carside,PI-NSGA-II,3,45,26.422779241063832,3.972620319933454,11.751713690393792
Carside,PI-NSGA-II,3,45,25.9257576551983,3.8495718529037077,12.130437262184465
Carside,PI-NSGA-II,3,45,29.827214972641894,3.8162711580646094,11.43483589725302
Carside,PI-NSGA-II,3,45,27.92699605441395,3.8827480860666803,11.502902607428858
Carside,PI-NSGA-II,3,45,27.803089456506815,3.827415492959414,11.842285295172797
Carside,PI-NSGA-II,3,45,29.34924826988915,3.796004936862529,11.587356246670652
Carside,PI-NSGA-II,3,45,25.236310747761774,3.9254999364128187,12.152778201142489
Carside,PI-NSGA-II,3,45,31.11305455885705,3.918113378720233,11.188805258003384
Carside,PI-NSGA-II,3,45,27.136457651541786,3.853868193961396,11.788715222213838
Carside,PI-NSGA-II,3,45,25.572510912127765,3.9390625922428186,12.042163841749765
Carside,PI-NSGA-II,3,45,29.95108282235871,3.9647889020152673,11.287037841711765
Carside,PI-NSGA-II,3,45,25.843731449807766,3.9551796298497326,12.004271766438904
Carside,PI-NSGA-II,3,45,29.61176440321755,3.801303431887009,11.521129179233391
Carside,PI-NSGA-II,3,45,26.83197840577526,3.9441920058627233,11.668150173751394
Carside,PI-NSGA-II,3,45,28.480609317768913,3.827066543348597,11.68630223939579
Carside,PI-NSGA-II,3,45,27.719463622479484,3.8789662004514547,11.57932517255473
Carside,PI-NSGA-II,3,45,26.041934017078944,3.8765402201545225,12.070159624700949
Carside,PI-NSGA-II,3,45,27.97217502813954,3.83878220175997,11.726575209970544
Carside,PI-NSGA-II,3,45,29.091513189939747,3.8248061612422317,11.542082847207537
Carside,PI-NSGA-II,3,45,29.46437268449655,3.8602744634563586,11.417024720084541
Carside,PI-NSGA-II,3,45,28.363568855495604,3.8193190742924883,11.74546344881809
Carside,PI-NSGA-II,3,45,28.886538688133026,3.820983740568875,11.600785683522059
Carside,PI-NSGA-II,3,45,24.45959662063769,3.930935884198305,12.36922226591825
Carside,PI-NSGA-II,3,45,29.439835770782828,3.956399848525663,11.357428857367722
Carside,PI-NSGA-II,3,45,30.062992161037677,3.8995481065831896,11.333534701781527
Carside,PI-NSGA-II,3,45,24.91376066513752,3.9822808353199117,12.141138592778386
Carside,PI-NSGA-II,3,45,24.72381339691231,3.9979108747351892,12.170786617950935
Carside,PI-NSGA-II,3,45,31.148570319990604,3.912029021567256,11.203709221236219
Carside,PI-NSGA-II,3,45,27.35113996114323,3.9489264798459445,11.569398683120987
Carside,PI-NSGA-II,3,45,29.499377921567753,3.8064393783708534,11.482569556497713
Carside,PI-NSGA-II,3,45,24.396156782616284,3.996796864722023,12.222359892838625
Carside,PI-NSGA-II,3,45,31.05714811443263,3.9579124652865647,11.165571142781435
Carside,PI-NSGA-II,3,45,24.809764446297386,3.934376004749213,12.230570710282315
Carside,PI-NSGA-II,3,45,25.089713056155038,3.937828563042002,12.206170598713722
Carside,PI-NSGA-II,3,45,29.022417225264736,3.806885079929234,11.59197374836303
Carside,PI-NSGA-II,3,45,30.326191224988314,3.9418592327101165,11.241638311521653
Carside,PI-NSGA-II,3,45,30.932999606547043,3.8710187938221163,11.259329101798578
Carside,PI-NSGA-II,3,45,30.694843139034408,3.945810554369646,11.215703675963365
Carside,PI-NSGA-II,3,45,24.499637876334482,3.983975846136931,12.24507805456734
Carside,PI-NSGA-II,3,45,25.99288110731187,3.95247288691382,11.990172274272485
Carside,PI-NSGA-II,3,45,26.10128463183402,3.8742560307273473,12.072808559457538
Carside,PI-NSGA-II,3,45,24.342947969795123,3.9874004372973078,12.272969941325101
Carside,PI-NSGA-II,3,45,27.553825054559088,3.91495679058601,11.703763060014492
Carside,PI-NSGA-II,3,45,30.007987374786147,3.8050263935391446,11.451197320914561
Carside,PI-NSGA-II,3,45,26.177228559551978,3.9786686735372006,11.816191067030775
Carside,PI-NSGA-II,3,45,29.874495662453377,3.8001628385748543,11.471236122945147
Carside,PI-NSGA-II,3,45,27.069272369316938,3.8537739153010766,11.808546193754315
Carside,PI-NSGA-II,3,45,29.26790295549191,3.960651995937323,11.331273325493175
Carside,PI-NSGA-II,3,45,25.40283594323945,3.9157512663346457,12.187230678287696
Carside,PI-NSGA-II,3,45,28.24896603722486,3.827136807148396,11.704978212643772
Carside,PI-NSGA-II,3,45,24.548138106410953,3.9808084967627355,12.267829984611337
Carside,PI-NSGA-II,3,45,25.54534662809906,3.9696469926901328,11.962586643378941
Carside,PI-NSGA-II,3,45,30.86991672388092,3.8906089538213147,11.22562606792797
Carside,PI-NSGA-II,3,45,24.758314944863294,3.9296078912608006,12.295422140441614
Carside,PI-NSGA-II,3,45,28.114050332416536,3.8459502277627884,11.55347759057532
Carside,PI-NSGA-II,3,45,27.657355657453756,3.9759191237421043,11.495479077093387
Carside,PI-NSGA-II,3,45,27.340598585488944,3.852074848113406,11.900449798459544
Carside,PI-NSGA-II,3,45,26.270542843011103,3.9022474472385102,11.968871562357776
Carside,PI-NSGA-II,3,45,26.47518982733819,3.9699147543197104,11.76009925969579
Carside,PI-NSGA-II,3,45,27.7193678272394,3.825092746616957,11.857281015894863
Carside,PI-NSGA-II,3,45,26.123164001234798,3.8921479165008104,12.02399322397364
Carside,PI-NSGA-II,3,45,26.171972999608784,3.9102328720789012,11.950432288660048
Carside,PI-NSGA-II,3,45,24.606088524883944,3.9968172257040604,12.17575374885836
Carside,PI-NSGA-II,3,45,26.670349927968978,3.8664951954639135,11.932629778976263
Carside,PI-NSGA-II,3,45,26.818065950473528,3.932923551923478,11.71876201814092
Carside,PI-NSGA-II,3,45,29.88099021639684,3.903680331022124,11.342852715727204
Carside,PI-NSGA-II,3,45,28.76906936389738,3.8569051649520487,11.443305324957876
Carside,PI-NSGA-II,3,45,30.19988763564792,3.894126708093771,11.316584380483576
Carside,PI-NSGA-II,3,45,27.767922743423053,3.8589626714693734,11.642245978180952
Carside,PI-NSGA-II,3,45,30.947289852760562,3.867793330898752,11.250097799014174
Carside,PI-NSGA-II,3,45,31.350387770469727,3.93059862948959,11.151448594081277
Carside,PI-NSGA-II,3,45,26.779362965344284,3.863137708240653,11.919746310851398
Carside,PI-NSGA-II,3,45,30.576929892431828,3.9121585047593417,11.237181672987022
Carside,PI-NSGA-II,3,45,27.61404366071545,3.8218844976331905,11.876369615152859
Carside,PI-NSGA-II,3,45,25.69757850445106,3.982211577761747,11.873507704466913
Carside,PI-NSGA-II,3,45,27.19712500806278,3.926527953177297,11.64933145678939
Carside,PI-NSGA-II,3,45,28.0241816157248,3.8369869927980327,11.723593342924271
Carside,PI-NSGA-II,3,45,24.80862406961973,3.990318872666976,12.090585434357024
Carside,PI-NSGA-II,3,45,28.17045518302141,3.9211394778810518,11.45343873886836
Carside,PI-NSGA-II,3,45,30.621491574958455,3.8882472846171834,11.276661589155674
Carside,PI-NSGA-II,3,45,29.69246794144478,3.7942921462700507,11.514180060112079
Carside,PI-NSGA-II,3,45,27.01005356372691,3.9056594945917813,11.739902172930286
Carside,PI-NSGA-II,3,45,29.78492193464899,3.792450967297588,11.506660241539937
Carside,PI-NSGA-II,3,45,24.841134697410528,3.9786924745104817,12.188150102179558
Carside,PI-NSGA-II,3,45,24.51265125742792,3.928610582456993,12.348535562657624
Carside,PI-NSGA-II,3,45,30.734405140644633,3.8906089538213147,11.259308875052078
Carside,PI-NSGA-II,4,46,32.79517517538115,3.6649137034656603,11.61350408466463
Carside,PI-NSGA-II,4,46,33.20774180554724,3.888034742269747,11.010551155843196
Carside,PI-NSGA-II,4,46,30.477165841473642,3.999957406676046,11.199035935228316
Carside,PI-NSGA-II,4,46,33.34272859408643,3.8441078618445075,11.02925506582423
Carside,PI-NSGA-II,4,46,25.542334633441154,3.883980006345596,12.134906788343908
Carside,PI-NSGA-II,4,46,24.95043061075864,3.9942599782356334,12.033300549480513
Carside,PI-NSGA-II,4,46,31.727281284131095,3.731439409644803,11.54928580075471
Carside,PI-NSGA-II,4,46,29.308952273084422,3.7849757004725904,11.73083163975916
Carside,PI-NSGA-II,4,46,25.50113393630286,3.9699261308262317,12.040516824065856
Carside,PI-NSGA-II,4,46,25.23964335454911,3.9804540556396937,12.045640178843268
Carside,PI-NSGA-II,4,46,33.12297709451499,3.849718768165367,11.072439913585953
Carside,PI-NSGA-II,4,46,30.24198954499589,3.7503668093192295,11.712306353087381
Carside,PI-NSGA-II,4,46,26.607741514352195,3.860746738317171,11.935465075288155
Carside,PI-NSGA-II,4,46,28.807546052086487,3.9082921914428757,11.427461093889544
Carside,PI-NSGA-II,4,46,29.804116682068386,3.7923254020404933,11.60089066800577
Carside,PI-NSGA-II,4,46,25.772167750653807,3.9942777638054183,11.79962742038792
Carside,PI-NSGA-II,4,46,33.294896462731,3.8441078618445075,11.03706601481889
Carside,PI-NSGA-II,4,46,27.847289865256865,3.83185988942492,11.839783341967156
Carside,PI-NSGA-II,4,46,28.400715724076427,3.9145083848197304,11.434769980870655
Carside,PI-NSGA-II,4,46,31.348985063867616,3.679454165056394,11.991856087890413
Carside,PI-NSGA-II,4,46,26.076798473198817,3.9802863347446804,11.895975905566878
Carside,PI-NSGA-II,4,46,31.26936227864927,3.762325578257899,11.408738880874
Carside,PI-NSGA-II,4,46,30.03748250791485,3.758193548809279,11.742835562964789
Carside,PI-NSGA-II,4,46,28.15327079058584,3.846914799202169,11.639689898075943
Carside,PI-NSGA-II,4,46,32.97559098165586,3.6830794913588685,11.589503650829462
Carside,PI-NSGA-II,4,46,28.968036560688468,3.960047016230405,11.351601835209642
Carside,PI-NSGA-II,4,46,29.970482133147115,3.8041679106647575,11.44415149597667
Carside,PI-NSGA-II,4,46,29.158635675612704,3.778840047029466,11.806669983836567
Carside,PI-NSGA-II,4,46,25.071605548499683,3.9392333293401207,12.134665087713142
Carside,PI-NSGA-II,4,46,27.7875749849575,3.820925459320662,11.959870465180044
Carside,PI-NSGA-II,4,46,25.857810925734125,3.8681618556955075,12.064401579900984
Carside,PI-NSGA-II,4,46,26.31535359276912,3.938551420557618,11.856512906482694
Carside,PI-NSGA-II,4,46,32.200764599783206,3.903865350025102,11.101274277559558
Carside,PI-NSGA-II,4,46,25.97651512629036,3.863712927345312,12.095648680757293
Carside,PI-NSGA-II,4,46,31.91542669389726,3.6977742026811193,11.790177776538801
Carside,PI-NSGA-II,4,46,27.707530003742978,3.8353599477817326,11.891461528473673
Carside,PI-NSGA-II,4,46,32.11346586167738,3.904590816064585,11.108869779795885
Carside,PI-NSGA-II,4,46,28.702468471973162,3.8234930548216033,11.649793034648459
Carside,PI-NSGA-II,4,46,30.890507465146875,3.9544803476539405,11.178700898897823
Carside,PI-NSGA-II,4,46,29.475356118378702,3.7431966115181603,11.969280918177873
Carside,PI-NSGA-II,4,46,31.522177435854704,3.708455820416707,11.817680267558986
Carside,PI-NSGA-II,4,46,30.28106264248265,3.81341011839895,11.377350269024266
Carside,PI-NSGA-II,4,46,26.173223106494,3.852450860619212,12.106592821807281
Carside,PI-NSGA-II,4,46,31.107280111710445,3.9916110435812233,11.156145119388977
Carside,PI-NSGA-II,4,46,26.989148397924577,3.850456208834154,11.919642844111653
Carside,PI-NSGA-II,4,46,27.297164153151186,3.9292449145376773,11.56411533448662
Carside,PI-NSGA-II,4,46,32.411117496325616,3.7104072368228738,11.620769743056444
Carside,PI-NSGA-II,4,46,29.52131389079094,3.7739712251161004,11.77333073240461
Carside,PI-NSGA-II,4,46,28.285200521737853,3.8805477999716214,11.488781244138872
Carside,PI-NSGA-II,4,46,31.98609306422719,3.6928066321811555,11.696539700867476
Carside,PI-NSGA-II,4,46,32.734094194032764,3.7422681442799655,11.392824952470175
Carside,PI-NSGA-II,4,46,25.554568080912198,3.922593552380692,12.03039144636852
Carside,PI-NSGA-II,4,46,27.66957422909234,3.887284522140927,11.524204992744433
Carside,PI-NSGA-II,4,46,30.326582493143835,3.999726278907443,11.211075142481222
Carside,PI-NSGA-II,4,46,29.933048790754704,3.957225579758294,11.275825101321367
Carside,PI-NSGA-II,4,46,31.03404496731162,3.941457676549653,11.224890534315122
Carside,PI-NSGA-II,4,46,30.881072510592638,3.798573884754617,11.488309858591379
Carside,PI-NSGA-II,4,46,26.822335918380322,3.858016245049448,11.85618950699535
Carside,PI-NSGA-II,4,46,29.24726035077164,3.9442893825088907,11.34155583202854
Carside,PI-NSGA-II,4,46,28.130050942388483,3.8516333968050067,11.539615206003372
Carside,PI-NSGA-II,4,46,30.936500461808702,3.7209268386331527,11.775519130894335
Carside,PI-NSGA-II,4,46,27.57100316952209,3.9589998562522224,11.480388428384831
Carside,PI-NSGA-II,4,46,30.764283392952652,3.798573884754617,11.497576239072863
Carside,PI-NSGA-II,4,46,32.949442175511656,3.7026176960545976,11.469975329989218
Carside,PI-NSGA-II,4,46,33.1273821217842,3.890593977033543,11.0125224989069
Carside,PI-NSGA-II,4,46,27.890223805109677,3.8082918622479935,11.989348701781205
Carside,PI-NSGA-II,4,46,31.281706192908864,3.7244616246962856,11.656855596192925
Carside,PI-NSGA-II,4,46,28.538382252519483,3.9094621573632993,11.432793317699858
Carside,PI-NSGA-II,4,46,30.250648124413736,3.8173691801079004,11.376695628733891
Carside,PI-NSGA-II,4,46,28.53619201596073,3.8081853787146076,11.942327050310588
Carside,PI-NSGA-II,4,46,32.12470892319512,3.8972303123114167,11.283147761770582
Carside,PI-NSGA-II,4,46,30.595744082138996,3.9477280098125735,11.272586528921911
Carside,PI-NSGA-II,4,46,26.50210769637387,3.8477622307484727,12.081028474149548
Carside,PI-NSGA-II,4,46,26.381911659708347,3.939519878729022,11.817343046470086
Carside,PI-NSGA-II,4,46,28.46627042837899,3.8159587739560834,11.743771312213669
Carside,PI-NSGA-II,4,46,32.272017703014775,3.6846104897939727,11.694871405277627
Carside,PI-NSGA-II,4,46,30.419800538617974,3.9305885935722866,11.324300216048835
Carside,PI-NSGA-II,4,46,29.56174569944417,3.943287385102762,11.318073397958567
Carside,PI-NSGA-II,4,46,27.461655253318757,3.919717087121848,11.544854150739644
Carside,PI-NSGA-II,4,46,30.88883752098793,3.7114188417593112,11.87613567725785
Carside,PI-NSGA-II,4,46,25.93797201352709,3.9830420064091694,11.899950710331897
Carside,PI-NSGA-II,4,46,30.082613134182207,3.7788052444921174,11.60583233867037
Carside,PI-NSGA-II,4,46,32.225749592160604,3.6723433962164176,11.79455062349506
Carside,PI-NSGA-II,4,46,32.7641960093408,3.7284185290294305,11.401864574806506
Carside,PI-NSGA-II,4,46,29.18120238304253,3.767844310244007,11.927057215476095
Carside,PI-NSGA-II,4,46,28.01104836500335,3.8406553513940045,11.680186319836949
Carside,PI-NSGA-II,4,46,30.73641562206808,3.9671924381853088,11.229554211778396
Carside,PI-NSGA-II,4,46,25.937158529884904,3.864026444470679,12.074745878391106
Carside,PI-NSGA-II,4,46,30.126718399689054,3.8726666206219846,11.397298835293453
Carside,PI-NSGA-II,4,46,31.16671672727431,3.6901939112754847,12.020442615420002
Carside,PI-NSGA-II,4,46,27.196749799591405,3.9635497658592627,11.511129152794968
Carside,PI-NSGA-II,4,46,31.535553602974506,3.672390393148906,11.977991628298334
Carside,PI-NSGA-II,4,46,31.611584839924955,3.689018612546332,11.853036329560453
Carside,PI-NSGA-II,4,46,29.734485985818196,3.9595907228101375,11.294998835746323
Carside,PI-NSGA-II,4,46,27.107237576952464,3.9261521713722196,11.796386117527755
Carside,PI-NSGA-II,4,46,26.183466104006634,3.897797841542455,12.012177553138617
Carside,PI-NSGA-II,4,46,32.34982748166888,3.7173339549533755,11.453759350167832
Carside,PI-NSGA-II,4,46,32.68871561914531,3.8548870328771665,11.122050801080722
Carside,PI-NSGA-II,4,46,33.06346005213612,3.6953454907531844,11.393723666535077
Carside,PI-NSGA-II,4,46,32.49237151754891,3.855917196159625,11.138015147244708
Carside,PI-NSGA-II,5,47,30.446313602110703,3.8661896643151503,11.280081670095605
Carside,PI-NSGA-II,5,47,29.109314998087296,3.8199525932151546,11.479715947662982
Carside,PI-NSGA-II,5,47,25.633951547796244,3.9981155875256635,11.84588500572751
Carside,PI-NSGA-II,5,47,25.69221513364931,3.988697034565588,11.884853843268278
Carside,PI-NSGA-II,5,47,27.90501408247164,3.9998733787121123,11.430646161145077
Carside,PI-NSGA-II,5,47,27.095620225740447,3.9160170086341117,11.654150001884716
Carside,PI-NSGA-II,5,47,28.86788458607417,3.8344036071059886,11.497261575737923
Carside,PI-NSGA-II,5,47,25.69594767718426,3.988682859033653,11.8845297233986
Carside,PI-NSGA-II,5,47,25.763843717769813,3.9791179110395576,11.851064252481473
Carside,PI-NSGA-II,5,47,30.084240836931258,3.8579428713551005,11.331949478552112
Carside,PI-NSGA-II,5,47,27.34052649111951,3.911128481705654,11.633688576631318
Carside,PI-NSGA-II,5,47,26.005204716863783,3.976435996122375,11.804543953777337
Carside,PI-NSGA-II,5,47,26.439007412636194,3.961739003054791,11.728973097570492
Carside,PI-NSGA-II,5,47,28.900146489387794,3.896822028522984,11.411357390328424
Carside,PI-NSGA-II,5,47,28.707801133625388,3.839222241387002,11.480645020210414
Carside,PI-NSGA-II,5,47,28.724892177462877,3.927637053722201,11.399160237536531
Carside,PI-NSGA-II,5,47,30.237705416138773,3.863022275828792,11.30401900170413
Carside,PI-NSGA-II,5,47,26.764376879351907,3.9190717936783517,11.710855694165545
Carside,PI-NSGA-II,5,47,26.159635097607012,3.967174476917508,11.781086449472397
Carside,PI-NSGA-II,5,47,26.91558163364214,3.9949434234664407,11.516328705780438
Carside,PI-NSGA-II,5,47,29.450108240551675,3.9849770271557086,11.287438760541388
Carside,PI-NSGA-II,5,47,26.779035685242935,3.988964270519815,11.545796044649917
Carside,PI-NSGA-II,5,47,25.895593271445154,3.9800975126803753,11.806198301095613
Carside,PI-NSGA-II,5,47,26.70930864618397,3.9572398874956956,11.690975265526582
Carside,PI-NSGA-II,5,47,29.309317539131076,3.886965494116028,11.382220477002637
Carside,PI-NSGA-II,5,47,28.339159591182888,3.88408842890313,11.464700478060054
Carside,PI-NSGA-II,5,47,26.98018945759549,3.8930115656446063,11.702948364918523
Carside,PI-NSGA-II,5,47,28.114778154027263,3.844145515135208,11.577356836413983
Carside,PI-NSGA-II,5,47,29.528574441967212,3.8732537297972804,11.366379898555667
Carside,PI-NSGA-II,5,47,30.106436469482144,3.9051828447181025,11.289554683419261
Carside,PI-NSGA-II,5,47,26.53063809544737,3.92224600895223,11.749676659466477
Carside,PI-NSGA-II,5,47,28.730276221369504,3.8826285089641406,11.448736255631168
Carside,PI-NSGA-II,5,47,29.177478119108045,3.8247367219937414,11.46747542294224
Carside,PI-NSGA-II,5,47,29.921668997629183,3.8546086776337884,11.340980496704297
Carside,PI-NSGA-II,5,47,29.00380204405486,3.8239495431282355,11.49094622553984
Carside,PI-NSGA-II,5,47,27.244009792420076,3.8627577566995455,11.70837028524531
Carside,PI-NSGA-II,5,47,26.63974013899549,3.9140363832890466,11.751096027203193
Carside,PI-NSGA-II,5,47,27.291952665103974,3.9120285343407057,11.604940736756923
Carside,PI-NSGA-II,5,47,27.050058316077198,3.9572434893158923,11.584670832795895
Carside,PI-NSGA-II,5,47,29.110914979421526,3.932569474786268,11.360077659491411
Carside,PI-NSGA-II,5,47,27.147168796683044,3.879203598071649,11.683695944346745
Carside,PI-NSGA-II,5,47,26.309535374150926,3.9583945142079466,11.742329960044989
Carside,PI-NSGA-II,5,47,28.279315968806266,3.831093425465111,11.59385922545788
Carside,PI-NSGA-II,5,47,26.813312041682934,3.9605064666343113,11.626090803384844
Carside,PI-NSGA-II,5,47,25.961706726421305,3.9697477863963493,11.829913596824499
Carside,PI-NSGA-II,5,47,29.89500756808085,3.9005958204975326,11.325475955376696
Carside,PI-NSGA-II,5,47,29.566041406060577,3.979642744539881,11.317151178578168
Carside,PI-NSGA-II,5,47,28.251841009153758,3.842625180376423,11.526828959305771
Carside,PI-NSGA-II,5,47,26.259986738770134,3.986791649785328,11.69148328141903
Carside,PI-NSGA-II,5,47,27.452067369617296,3.868060622015225,11.614447401597923
Carside,PI-NSGA-II,5,47,29.646245939676447,3.8468924702838883,11.387347227097266
Carside,PI-NSGA-II,5,47,30.311088403055237,3.8810875746303406,11.28330310199631
Carside,PI-NSGA-II,5,47,29.36902477324878,3.8893790145772034,11.373235206656222
Carside,PI-NSGA-II,5,47,28.523237131467575,3.828830410101742,11.55791596670424
Carside,PI-NSGA-II,5,47,27.06821691711237,3.868057030277625,11.722703255435011
Carside,PI-NSGA-II,5,47,29.081452816499603,3.852869249165483,11.421479472355806
Carside,PI-NSGA-II,5,47,29.210902334448196,3.9514289021044267,11.345991177296014
Carside,PI-NSGA-II,5,47,28.248784373736285,3.832218075885342,11.594177581376625
Carside,PI-NSGA-II,5,47,26.339282242556237,3.9831057604526188,11.708156693400358
Carside,PI-NSGA-II,5,47,27.835699723514406,3.9073468964127263,11.50775791989291
Carside,PI-NSGA-II,5,47,27.0046566491993,3.8690545586082448,11.758041831798717
Carside,PI-NSGA-II,5,47,26.24493433516174,3.9670096969087867,11.76847679014057
Carside,PI-NSGA-II,5,47,29.857871484771927,3.9018930589761434,11.326072959321117
Carside,PI-NSGA-II,5,47,26.876291470325306,3.9928071380931165,11.518222091141318
Carside,PI-NSGA-II,5,47,27.702868963416662,3.9338778697087102,11.486990324548827
Carside,PI-NSGA-II,5,47,26.480269095931927,3.9603263129605306,11.728697150914257
Carside,PI-NSGA-II,5,47,29.77503364214678,3.921081581274663,11.301788431681741
Carside,PI-NSGA-II,5,47,28.43857445841731,3.9101499267149635,11.44029242641866
Carside,PI-NSGA-II,5,47,25.685665543435956,3.9918733022483788,11.844217220672181
Carside,PI-NSGA-II,5,47,27.640519254237816,3.9832591819188465,11.456298018588106
Carside,PI-NSGA-II,5,47,26.13766242132603,3.94728604932679,11.835627815958226
Carside,PI-NSGA-II,5,47,26.115412550623997,3.949972274263708,11.830165938521944
Carside,PI-NSGA-II,5,47,25.86245241108774,3.9791179110395576,11.822750739498485
Carside,PI-NSGA-II,5,47,26.991722408043955,3.964419093250303,11.608439343189383
Carside,PI-NSGA-II,5,47,26.038400123797476,3.9488614117530556,11.841278668244312
Carside,PI-NSGA-II,5,47,26.577029324225496,3.9145409014170798,11.754570972495413
Carside,PI-NSGA-II,5,47,30.30053399402927,3.8636476330737293,11.296822935362933
Carside,PI-NSGA-II,5,47,27.3928364830611,3.9783022054078305,11.483355163794824
Carside,PI-NSGA-II,5,47,28.395455864885907,3.831093425465111,11.56086355398249
Carside,PI-NSGA-II,5,47,29.762320846084084,3.864942996551159,11.342402606822999
Carside,PI-NSGA-II,5,47,29.587935370812435,3.937574990463174,11.340480442942681
Carside,PI-NSGA-II,5,47,28.187156599982657,3.9439842119347097,11.434682494214156
Carside,PI-NSGA-II,5,47,28.445361926419377,3.856166169264002,11.474051658812531
Carside,PI-NSGA-II,5,47,27.43057565723266,3.8749275358437023,11.67485889139882
Carside,PI-NSGA-II,5,47,27.740211768893857,3.9523193640615717,11.481979392906684
Carside,PI-NSGA-II,5,47,26.866313012716944,3.979258319420268,11.536399466933254
Carside,PI-NSGA-II,5,47,28.597516652165385,3.924957537961974,11.414613362747016
Carside,PI-NSGA-II,5,47,27.84732337422158,3.945802301885698,11.471269856601072
Carside,PI-NSGA-II,5,47,27.070229635778215,3.938862241649226,11.66922317060571
Carside,PI-NSGA-II,5,47,28.03525158664566,3.940918673270247,11.461330745389855
Carside,PI-NSGA-II,5,47,26.266477051946765,3.938869706400171,11.823819110760965
Carside,PI-NSGA-II,5,47,28.921400656993367,3.8781546678818257,11.41773355717725
Carside,PI-NSGA-II,5,47,26.852044236557497,3.936905626310827,11.709484682446753
Carside,PI-NSGA-II,5,47,26.85460100231346,3.970564507482974,11.563870149905213
Carside,PI-NSGA-II,5,47,29.387082599501284,3.8702674356165656,11.37520771338736
Carside,PI-NSGA-II,5,47,27.644434852214097,3.9648598395265466,11.506992665284734
Carside,PI-NSGA-II,5,47,29.108248893627366,3.8233003928523135,11.47479541966534
Carside,PI-NSGA-II,5,47,29.61935273005821,3.850699288690684,11.373015844936958
Carside,PI-NSGA-II,5,47,28.17246837694739,3.88851807020965,11.476962461638902
Carside,PI-NSGA-II,5,47,29.31130041903233,3.9147940383146445,11.351086303291032
Carside,PI-NSGA-II,6,48,42.62696531525898,3.587854706256457,10.67351678004589
Carside,PI-NSGA-II,6,48,26.649635829052873,3.9999744333962752,11.550767380666422
Carside,PI-NSGA-II,6,48,42.24384357410232,3.5938317772595534,10.663126714715634
Carside,PI-NSGA-II,6,48,36.99014654076318,3.585603716279623,11.20399283664633
Carside,PI-NSGA-II,6,48,24.700340497584524,3.8665829543047257,12.457819983789364
Carside,PI-NSGA-II,6,48,23.778107375436576,3.993651951762719,12.441112708306377
Carside,PI-NSGA-II,6,48,24.11622737361982,3.9854764721421208,12.377122994910113
Carside,PI-NSGA-II,6,48,26.447304282728563,3.8465856068289135,12.114637668910756
Carside,PI-NSGA-II,6,48,37.37274065380477,3.8073719901964442,11.046722277888527
Carside,PI-NSGA-II,6,48,25.17116536527504,3.9389812903128685,12.294388539944226
Carside,PI-NSGA-II,6,48,34.679311662350315,3.9513917968624206,10.964568290550876
Carside,PI-NSGA-II,6,48,28.766249428424494,3.7852729346522564,11.883121729800227
Carside,PI-NSGA-II,6,48,31.64109040194063,3.7192863005367505,11.596710495353712
Carside,PI-NSGA-II,6,48,38.67284015940495,3.698104908258298,10.927554168883441
Carside,PI-NSGA-II,6,48,31.2593943451089,3.686513106774219,11.951561617909721
Carside,PI-NSGA-II,6,48,35.69641148516123,3.6271224907277,11.322301908268727
Carside,PI-NSGA-II,6,48,31.374867162902408,3.725866165479104,11.627196096690819
Carside,PI-NSGA-II,6,48,40.26151374034804,3.602667039035664,10.987783566972636
Carside,PI-NSGA-II,6,48,26.054420068982356,3.8682324654573392,12.145991661141174
Carside,PI-NSGA-II,6,48,39.18773487166699,3.6616925190179876,10.986188944487317
Carside,PI-NSGA-II,6,48,37.816934549587764,3.8592854800690777,10.82566208130452
Carside,PI-NSGA-II,6,48,32.40255231110755,3.7053971662082144,11.86788942961427
Carside,PI-NSGA-II,6,48,32.89784655782952,3.6050548753543876,12.083990876457982
Carside,PI-NSGA-II,6,48,24.675869552962585,3.9164600072163918,12.337129777305869
Carside,PI-NSGA-II,6,48,30.28471836934912,3.7647013019909283,11.753408548809032
Carside,PI-NSGA-II,6,48,32.717812268084934,3.9630671976240075,11.054714900035131
Carside,PI-NSGA-II,6,48,35.84307208416829,3.6547108031165956,11.180499245368651
Carside,PI-NSGA-II,6,48,37.9685317564887,3.753466587039067,10.841829637875449
Carside,PI-NSGA-II,6,48,25.680277407808166,3.834897966891697,12.333782680071266
Carside,PI-NSGA-II,6,48,39.772653401763435,3.6360586429059945,10.87274777092518
Carside,PI-NSGA-II,6,48,41.63440476168759,3.587664734011538,10.759553190401519
Carside,PI-NSGA-II,6,48,35.51580757276331,3.676820381283368,11.195238671220926
Carside,PI-NSGA-II,6,48,27.690244519486278,3.800772984318063,12.246288687399147
Carside,PI-NSGA-II,6,48,24.928933678821828,3.8814311565529116,12.4220025640792
Carside,PI-NSGA-II,6,48,29.84271328095022,3.756834782103145,12.053482833638284
Carside,PI-NSGA-II,6,48,29.247376618490627,3.9074637654950584,11.428809472432375
Carside,PI-NSGA-II,6,48,25.526565675613632,3.876206944402941,12.286250143378584
Carside,PI-NSGA-II,6,48,33.5129955643337,3.6327584589187305,11.994591126675553
Carside,PI-NSGA-II,6,48,40.34561352297284,3.7362344795205003,10.731268725687137
Carside,PI-NSGA-II,6,48,25.48172824186275,3.8777791993236916,12.164052522208308
Carside,PI-NSGA-II,6,48,36.3798537068444,3.6137895242392277,11.233513428448983
Carside,PI-NSGA-II,6,48,28.334488914942394,3.774545951068553,12.113863121230764
Carside,PI-NSGA-II,6,48,26.666175017587033,3.9355219637954155,11.836686374244469
Carside,PI-NSGA-II,6,48,30.088732830835347,3.923196858434619,11.355241138419467
Carside,PI-NSGA-II,6,48,34.46389041988241,3.5938317772595534,11.965865321691933
Carside,PI-NSGA-II,6,48,33.652897358893355,3.69232450434031,11.392756381367192
Carside,PI-NSGA-II,6,48,30.92688571789698,3.840321903398783,11.363830298246311
Carside,PI-NSGA-II,6,48,32.16317575298249,3.959026794759157,11.171271896941327
Carside,PI-NSGA-II,6,48,33.396132919846096,3.913249790207176,11.076052718551217
Carside,PI-NSGA-II,6,48,41.03151703160929,3.6081558520634593,10.810426886396556
Carside,PI-NSGA-II,6,48,40.501889936669045,3.643063845856173,10.78975190124211
Carside,PI-NSGA-II,6,48,28.736449573393948,3.815524437098245,11.708320923434012
Carside,PI-NSGA-II,6,48,35.453297352488256,3.746469376000795,11.158481127964762
Carside,PI-NSGA-II,6,48,30.13844353509162,3.7966387447920686,11.489490897942037
Carside,PI-NSGA-II,6,48,31.50864473818318,3.6632931225844954,12.180500773621917
Carside,PI-NSGA-II,6,48,28.986688127072835,3.8931554499543264,11.484449453881624
Carside,PI-NSGA-II,6,48,30.47238583857364,3.703401475612053,12.210387993250453
Carside,PI-NSGA-II,6,48,36.25367706524267,3.710118787384925,11.115124863608381
Carside,PI-NSGA-II,6,48,36.67382517541744,3.668674492555709,11.130071201303664
Carside,PI-NSGA-II,6,48,29.01830982551226,3.75794191934831,12.153149943435075
Carside,PI-NSGA-II,6,48,32.09480901590127,3.7104585620779362,11.531120716227676
Carside,PI-NSGA-II,6,48,27.884201664655812,3.8055166915877754,12.063400444466883
Carside,PI-NSGA-II,6,48,36.58124731128115,3.5921422015841378,11.2561570646644
Carside,PI-NSGA-II,6,48,41.21783595623092,3.6007129933007134,10.76920412645136
Carside,PI-NSGA-II,6,48,29.74849823281808,3.9445417245177907,11.385137159977216
Carside,PI-NSGA-II,6,48,33.97905492244055,3.6369879807915813,11.816785948709965
Carside,PI-NSGA-II,6,48,29.632440384034524,3.8140101102268593,11.572407052984156
Carside,PI-NSGA-II,6,48,23.77857682196566,3.993651951762719,12.39729988213308
Carside,PI-NSGA-II,6,48,27.400557496327302,3.8828495487177928,11.873502875225551
Carside,PI-NSGA-II,6,48,24.525518730511255,3.8891934116427045,12.44299798546939
Carside,PI-NSGA-II,6,48,38.278351203870656,3.8632783357615734,10.780370434119302
Carside,PI-NSGA-II,6,48,40.20315782073164,3.6127745735999053,10.916505748355867
Carside,PI-NSGA-II,6,48,38.92144452472193,3.6929175100411085,10.896612919211822
Carside,PI-NSGA-II,6,48,29.624178795470094,3.855187897236824,11.42410692554921
Carside,PI-NSGA-II,6,48,24.425870743373245,3.9881947811399643,12.255601643778839
Carside,PI-NSGA-II,6,48,39.24328506253892,3.646390962873051,10.899032668128468
Carside,PI-NSGA-II,6,48,24.739667872640624,3.8969172069034084,12.42075638118236
Carside,PI-NSGA-II,6,48,25.93724064416023,3.824307944958873,12.415896281991197
Carside,PI-NSGA-II,6,48,35.0491560860779,3.7676511544335427,11.063313280345156
Carside,PI-NSGA-II,6,48,33.212745290772084,3.6442162054161473,11.789107070764603
Carside,PI-NSGA-II,6,48,28.549839328809863,3.8334519629743173,11.668599668135808
Carside,PI-NSGA-II,6,48,35.941642653186655,3.6201394145522183,11.288023826536136
Carside,PI-NSGA-II,6,48,27.43397253406342,3.934056537441597,11.51741074200685
Carside,PI-NSGA-II,6,48,37.55039665775815,3.7711144385897395,11.048725041465188
Carside,PI-NSGA-II,6,48,30.55236172039409,3.764935509603335,11.73810574199376
Carside,PI-NSGA-II,6,48,30.396343077581033,3.912145533070817,11.340867286810054
Carside,PI-NSGA-II,6,48,41.38135889776931,3.5892403566786846,10.904844707889364
Carside,PI-NSGA-II,6,48,39.99478181874061,3.6061591557475285,10.955079687760843
Carside,PI-NSGA-II,6,48,29.83573043209632,3.7704041975863696,12.014099850024959
Carside,PI-NSGA-II,6,48,32.47879436892286,3.902351791057448,11.139806703950718
Carside,PI-NSGA-II,6,48,31.413097016046667,3.719219064525155,11.662026253165015
Carside,PI-NSGA-II,6,48,39.91225945635963,3.681958790457551,10.77735870712673
Carside,PI-NSGA-II,6,48,24.514947695417273,3.9267162439532135,12.39405976231899
Carside,PI-NSGA-II,6,48,26.887150247122946,3.993029042810549,11.654804995275564
Carside,PI-NSGA-II,6,48,28.248020648099473,3.925126082643637,11.452662924773204
Carside,PI-NSGA-II,6,48,37.158831527307974,3.698887114622594,11.120622826636053
Carside,PI-NSGA-II,6,48,34.80972402250612,3.9469616432663384,10.959566376592155
Carside,PI-NSGA-II,6,48,27.00473912262327,3.8146983144239095,12.218967498135736
Carside,PI-NSGA-II,6,48,28.78212446246447,3.837737906863617,11.532390259572074
Carside,PI-NSGA-II,6,48,27.55621778790634,3.980080930685439,11.507880550709935
Carside,PI-NSGA-II,7,49,35.139785771150216,3.7868174348576655,10.985154467006337
Carside,PI-NSGA-II,7,49,24.949380749898385,3.8545078458691697,12.359259314622632
Carside,PI-NSGA-II,7,49,25.40383550229146,3.9999278512406065,11.960755909560596
Carside,PI-NSGA-II,7,49,34.91494680346508,3.8320952797404915,10.972266433738685
Carside,PI-NSGA-II,7,49,23.94745613781552,3.982119175511267,12.350752195773701
Carside,PI-NSGA-II,7,49,33.12930738286225,3.693124397795896,11.366811111954627
Carside,PI-NSGA-II,7,49,33.97796993525823,3.829559842187881,11.005138491140423
Carside,PI-NSGA-II,7,49,24.30554305195606,3.9922056415955067,12.29382259781102
Carside,PI-NSGA-II,7,49,26.457937343931174,3.9506522359449776,11.898298250640767
Carside,PI-NSGA-II,7,49,26.206502398646794,3.8782428643586426,12.083187194899127
Carside,PI-NSGA-II,7,49,34.3110071737536,3.808721992265453,11.035370316026901
Carside,PI-NSGA-II,7,49,26.050775901396115,3.8954601015158006,12.09179824123109
Carside,PI-NSGA-II,7,49,25.759210441490907,3.916466789755643,12.116626267906716
Carside,PI-NSGA-II,7,49,25.477406244995954,3.926797732346991,12.120325710026503
Carside,PI-NSGA-II,7,49,24.36499739640553,3.968778917013469,12.266335263935636
Carside,PI-NSGA-II,7,49,31.426075675400455,3.9204008172186464,11.241886011796284
Carside,PI-NSGA-II,7,49,30.00869008620184,3.9460131546712844,11.301881026540736
Carside,PI-NSGA-II,7,49,30.796284884268026,3.7586632768204646,11.539370125184583
Carside,PI-NSGA-II,7,49,26.853183790488053,3.888419940867372,11.815413647481758
Carside,PI-NSGA-II,7,49,32.21045974512317,3.794318847378393,11.268660026182218
Carside,PI-NSGA-II,7,49,24.062336312977145,3.973101158092215,12.339761110278527
Carside,PI-NSGA-II,7,49,34.47857097883648,3.809747858869757,11.016763758535514
Carside,PI-NSGA-II,7,49,24.181273387293626,3.9785252650105565,12.3354318586923
Carside,PI-NSGA-II,7,49,29.68746997074257,3.7784994772076863,11.708351385630468
Carside,PI-NSGA-II,7,49,28.827271223538084,3.8006480330760164,11.77846390555538
Carside,PI-NSGA-II,7,49,33.73114878094897,3.797960822432772,11.107344473954049
Carside,PI-NSGA-II,7,49,34.91078642889461,3.815214451402427,10.983341470412416
Carside,PI-NSGA-II,7,49,27.324844229966512,3.929131972683268,11.558660780638611
Carside,PI-NSGA-II,7,49,29.088536413064464,3.7925382435632544,11.750477016888507
Carside,PI-NSGA-II,7,49,32.42665200501001,3.746036832876299,11.338353930891309
Carside,PI-NSGA-II,7,49,26.796442689255063,3.8636347764910672,11.93937499110461
Carside,PI-NSGA-II,7,49,25.530696759560207,3.956196210686254,12.038469575108273
Carside,PI-NSGA-II,7,49,33.513774064307995,3.8364557077002743,11.074303082168123
Carside,PI-NSGA-II,7,49,26.160743874339104,3.987955345008553,11.801099891103581
Carside,PI-NSGA-II,7,49,31.668435781672635,3.941915911717495,11.164477458667347
Carside,PI-NSGA-II,7,49,31.935794454541902,3.9366508373119586,11.187491150779564
Carside,PI-NSGA-II,7,49,33.55777082964171,3.8013500933298787,11.13002295755719
Carside,PI-NSGA-II,7,49,31.120454013587985,3.7400837807397562,11.57242573895241
Carside,PI-NSGA-II,7,49,29.61521090532944,3.769505399337837,11.725583620845443
Carside,PI-NSGA-II,7,49,33.08022617259145,3.869167007950821,11.08882858894329
Carside,PI-NSGA-II,7,49,26.99586078963793,3.8607484591650207,11.922394105306317
Carside,PI-NSGA-II,7,49,25.187440432948105,3.9122710059694423,12.23039435045953
Carside,PI-NSGA-II,7,49,29.784965189630867,3.7874780433981527,11.689926094475432
Carside,PI-NSGA-II,7,49,31.183362371869674,3.7325666073287502,11.587005555984703
Carside,PI-NSGA-II,7,49,32.377760300073504,3.7437429906201225,11.344559756128291
Carside,PI-NSGA-II,7,49,24.578434117593883,3.96572543084836,12.25012396847282
Carside,PI-NSGA-II,7,49,29.009188955615922,3.907361806837488,11.42060578991563
Carside,PI-NSGA-II,7,49,30.940984361860814,3.7616037825400066,11.492816304828066
Carside,PI-NSGA-II,7,49,31.51541951363902,3.919482203365323,11.230129864404478
Carside,PI-NSGA-II,7,49,32.64535386005892,3.7029377246863904,11.39481861351998
Carside,PI-NSGA-II,7,49,25.22277071160006,3.881613279857075,12.270859602988619
Carside,PI-NSGA-II,7,49,32.817257379307385,3.6966253128126128,11.392402414509462
Carside,PI-NSGA-II,7,49,27.504180545048012,3.8246964607402956,11.994773252556346
Carside,PI-NSGA-II,7,49,27.027827884771078,3.83257853793598,12.062418759374452
Carside,PI-NSGA-II,7,49,25.617506560410693,3.9536493539584883,12.03544785552513
Carside,PI-NSGA-II,7,49,30.654144527920703,3.785137540788906,11.49497697753968
Carside,PI-NSGA-II,7,49,28.102112963110002,3.9331323271104677,11.508690151865661
Carside,PI-NSGA-II,7,49,32.966220504962706,3.8388877751884056,11.213822225957694
Carside,PI-NSGA-II,7,49,24.838261167159224,3.9611136481899387,12.230800111221772
Carside,PI-NSGA-II,7,49,25.574977951608986,3.871497276915566,12.19280175246768
Carside,PI-NSGA-II,7,49,28.4580436559637,3.8737672874853124,11.514902909489779
Carside,PI-NSGA-II,7,49,34.449296990632135,3.799086617350448,11.046931328827757
Carside,PI-NSGA-II,7,49,25.02452137550143,3.855365769377803,12.333466852510336
Carside,PI-NSGA-II,7,49,27.72656223314516,3.820726059066625,11.977781671912602
Carside,PI-NSGA-II,7,49,24.77972172948741,3.9637068373958617,12.209757365833553
Carside,PI-NSGA-II,7,49,32.11780093871336,3.7174423253087943,11.455176811273518
Carside,PI-NSGA-II,7,49,28.177763116263918,3.8186136326329034,11.841545947920569
Carside,PI-NSGA-II,7,49,27.613422346917165,3.83257853793598,11.880091834175122
Carside,PI-NSGA-II,7,49,30.200811114713552,3.768854094368947,11.599877275351009
Carside,PI-NSGA-II,7,49,33.35543433027423,3.831104705426494,11.14520585601491
Carside,PI-NSGA-II,7,49,29.902888212134755,3.8345777825222567,11.385951488754488
Carside,PI-NSGA-II,7,49,28.019211938255065,3.823350250012248,11.862124760679134
Carside,PI-NSGA-II,7,49,30.357066249052945,3.7505287249790977,11.675948175252472
Carside,PI-NSGA-II,7,49,31.636441682594775,3.7306374111165193,11.502499815234245
Carside,PI-NSGA-II,7,49,35.10397270755597,3.788311399508526,10.98688788283104
Carside,PI-NSGA-II,7,49,32.070108842644686,3.7242452039678757,11.439903461979654
Carside,PI-NSGA-II,7,49,25.379895645626537,3.9999278512406065,11.962774138205685
Carside,PI-NSGA-II,7,49,27.744665918571112,3.9022415122429783,11.557123623100086
Carside,PI-NSGA-II,7,49,30.50550238006755,3.752790932519758,11.66436314046918
Carside,PI-NSGA-II,7,49,28.55890640270148,3.9381482692271192,11.461275372806742
Carside,PI-NSGA-II,7,49,25.829362207749607,3.848991803547772,12.172625394817448
Carside,PI-NSGA-II,7,49,32.306198293603494,3.7110060732633205,11.42264003797172
Carside,PI-NSGA-II,7,49,30.57556717692771,3.8446381777210332,11.293284946863073
Carside,PI-NSGA-II,7,49,24.577073895282922,3.9615273484349998,12.254482738491957
Carside,PI-NSGA-II,7,49,31.31241819279053,3.740085738533588,11.55651134420301
Carside,PI-NSGA-II,7,49,29.372151523805957,3.8559942706970505,11.449437591651524
Carside,PI-NSGA-II,7,49,31.720103713374954,3.9431368784970937,11.15145829889829
Carside,PI-NSGA-II,7,49,26.57558712622435,3.843599508563974,12.01253567778928
Carside,PI-NSGA-II,7,49,32.79507077116504,3.8493895323706746,11.121204878706692
Carside,PI-NSGA-II,7,49,23.948715831618717,3.982125184021119,12.350570864960872
Carside,PI-NSGA-II,7,49,29.650191576319123,3.7784994772076863,11.71160575845692
Carside,PI-NSGA-II,7,49,29.326391888159524,3.815974616162993,11.485761843092305
Carside,PI-NSGA-II,7,49,28.398665528805825,3.827534966636025,11.650536203620177
Carside,PI-NSGA-II,7,49,31.807916751207586,3.726341580408219,11.462989255170058
Carside,PI-NSGA-II,7,49,31.84094476900754,3.719802194935194,11.478181073222121
Carside,PI-NSGA-II,7,49,29.191437069197356,3.799112097016293,11.634840637518735
Carside,PI-NSGA-II,7,49,27.85405746746879,3.8340567599535844,11.862068501127258
Carside,PI-NSGA-II,7,49,30.935792827337917,3.943060765197741,11.283972975880332
Carside,PI-NSGA-II,7,49,24.79304864926792,3.9970260903344985,12.144856587126945
Carside,PI-NSGA-II,7,49,27.657460716305547,3.8601413901897876,11.57795840979428
Carside,PI-NSGA-II,8,50,33.07542846725728,3.762997840342318,11.226358227131369
Carside,PI-NSGA-II,8,50,35.5217145001877,3.58775929632827,11.531741125003357
Carside,PI-NSGA-II,8,50,24.841587923185312,3.8968051927522693,12.327344656297356
Carside,PI-NSGA-II,8,50,36.2668638326059,3.599570189116031,11.299042785688492
Carside,PI-NSGA-II,8,50,24.725939366191167,3.9453861164884425,12.252347924818245
Carside,PI-NSGA-II,8,50,26.623508481666995,3.9990061032284445,11.559386930725083
Carside,PI-NSGA-II,8,50,24.918945430814023,3.9414808249863946,12.196800399648573
Carside,PI-NSGA-II,8,50,25.398688126447638,3.9182657317596146,12.14517914392027
Carside,PI-NSGA-II,8,50,25.64000600793801,3.848910329396609,12.255698776716278
Carside,PI-NSGA-II,8,50,24.841587935671633,3.8968051927522693,12.326814679444222
Carside,PI-NSGA-II,8,50,31.15580537891104,3.6775920793128214,12.085051922076413
Carside,PI-NSGA-II,8,50,26.346460488380863,3.982060878484522,11.712753586053374
Carside,PI-NSGA-II,8,50,36.07748240833617,3.593236301792734,11.317720219593742
Carside,PI-NSGA-II,8,50,25.512418376674013,3.9333401106850636,12.122317503657946
Carside,PI-NSGA-II,8,50,27.47086265030031,3.959248600392424,11.488928185050629
Carside,PI-NSGA-II,8,50,35.008787247806836,3.6178499142175924,11.502784229426526
Carside,PI-NSGA-II,8,50,24.770159868555147,3.9473508232430254,12.235917251863436
Carside,PI-NSGA-II,8,50,27.60725484975263,3.924021127506257,11.556819774913905
Carside,PI-NSGA-II,8,50,27.80303936410256,3.853138667360171,11.689528706759798
Carside,PI-NSGA-II,8,50,25.150875284979282,3.936519175306007,12.159328638062991
Carside,PI-NSGA-II,8,50,30.82458859777843,3.7135744147215615,11.922517633202009
Carside,PI-NSGA-II,8,50,26.418458293477453,3.8888461061915374,11.955463889432476
Carside,PI-NSGA-II,8,50,32.29032821094552,3.7083006950210446,11.495362702341664
Carside,PI-NSGA-II,8,50,30.586331146328376,3.718705320810213,11.955695312262144
Carside,PI-NSGA-II,8,50,26.872307991193736,3.9913252571757356,11.545541138346637
Carside,PI-NSGA-II,8,50,30.98091359834228,3.7017540683444654,12.009102816927488
Carside,PI-NSGA-II,8,50,34.67296800037415,3.623083349941237,11.40220914914563
Carside,PI-NSGA-II,8,50,27.07133170700334,3.865916122605541,11.740927953589292
Carside,PI-NSGA-II,8,50,32.61737835105372,3.779058948223685,11.23569413405691
Carside,PI-NSGA-II,8,50,28.45371464515767,3.7760920719632667,12.041357068498744
Carside,PI-NSGA-II,8,50,27.964653409354963,3.8204397342576537,11.870132036446781
Carside,PI-NSGA-II,8,50,35.31249120881333,3.611033231358377,11.40782380019311
Carside,PI-NSGA-II,8,50,29.309365691951278,3.7554052145918004,12.033620900668046
Carside,PI-NSGA-II,8,50,27.244663096365095,3.830582650949991,12.058028084149237
Carside,PI-NSGA-II,8,50,28.81519215721432,3.8388796478892027,11.567033534142695
Carside,PI-NSGA-II,8,50,34.14094809669692,3.6207528707574115,11.609852954909023
Carside,PI-NSGA-II,8,50,32.73063496256144,3.652152347297623,11.838255023553518
Carside,PI-NSGA-II,8,50,29.67455249006147,3.8161916439526,11.466807819859529
Carside,PI-NSGA-II,8,50,25.03923555338711,3.9646376223297666,12.096254938545414
Carside,PI-NSGA-II,8,50,26.68965696774686,3.9481441112401416,11.672876607866362
Carside,PI-NSGA-II,8,50,26.480965831368326,3.857528431926882,11.971448575762428
Carside,PI-NSGA-II,8,50,25.587645919573635,3.864683548364095,12.182671215783659
Carside,PI-NSGA-II,8,50,29.926540136778446,3.741687751136409,11.86257326540822
Carside,PI-NSGA-II,8,50,32.17834126761053,3.68518147528076,11.817966388645244
Carside,PI-NSGA-II,8,50,27.274568675658507,3.7995344631280457,12.17407639802861
Carside,PI-NSGA-II,8,50,33.927277288300765,3.641612020797788,11.590029076680947
Carside,PI-NSGA-II,8,50,26.107912850910186,3.970711473217071,11.76217109157028
Carside,PI-NSGA-II,8,50,35.70999780990913,3.604163235863954,11.333566781579371
Carside,PI-NSGA-II,8,50,27.125165565168718,3.859580562595571,11.791100637809414
Carside,PI-NSGA-II,8,50,33.92295766639508,3.608916452145135,11.7826916089519
Carside,PI-NSGA-II,8,50,25.922209390362116,3.885643481860656,12.097760874426994
Carside,PI-NSGA-II,8,50,26.90107752188707,3.848212936809251,11.92128277199674
Carside,PI-NSGA-II,8,50,29.86252019205089,3.726490215209408,12.039581983238147
Carside,PI-NSGA-II,8,50,25.79080733756258,3.8888461061915374,12.104223941973338
Carside,PI-NSGA-II,8,50,26.837563791483106,3.997263600706779,11.522381010120014
Carside,PI-NSGA-II,8,50,29.00180978326991,3.806892969599753,11.68510016746428
Carside,PI-NSGA-II,8,50,33.230356211322636,3.700772212106825,11.37301042773867
Carside,PI-NSGA-II,8,50,28.716534632209207,3.8953077662389775,11.45575457521635
Carside,PI-NSGA-II,8,50,28.614636774514242,3.772529978714532,12.053218191931379
Carside,PI-NSGA-II,8,50,33.673046388569816,3.6124506661264597,11.832344069095138
Carside,PI-NSGA-II,8,50,28.167107560521096,3.8489930515393054,11.546174791352293
Carside,PI-NSGA-II,8,50,25.29175956000009,3.904812119276194,12.250060523810278
Carside,PI-NSGA-II,8,50,33.158847559785556,3.6715344501503004,11.592342993965413
Carside,PI-NSGA-II,8,50,30.401342203298192,3.7248437699002857,11.88683947223896
Carside,PI-NSGA-II,8,50,29.457687884460206,3.743340729153788,12.013557203358722
Carside,PI-NSGA-II,8,50,30.649901144992185,3.7804150304758015,11.416096884244167
Carside,PI-NSGA-II,8,50,31.42319306900308,3.681386940008695,11.907764944563057
Carside,PI-NSGA-II,8,50,33.349946621090716,3.655943545126296,11.615974852132254
Carside,PI-NSGA-II,8,50,32.10004392132852,3.749818452082139,11.357289296011416
Carside,PI-NSGA-II,8,50,30.0023687378036,3.7575527708438714,11.775509699353782
Carside,PI-NSGA-II,8,50,30.46290332025874,3.7869639425273043,11.419685746346715
Carside,PI-NSGA-II,8,50,32.69713667544221,3.6940719580620316,11.483270939298738
Carside,PI-NSGA-II,8,50,29.430924114694935,3.810612021406386,11.63474140751583
Carside,PI-NSGA-II,8,50,32.980544878083776,3.760925236104285,11.268139998356215
Carside,PI-NSGA-II,8,50,32.392419745190914,3.7886322466306694,11.268534944999239
Carside,PI-NSGA-II,8,50,34.0200849132159,3.659736535794004,11.393234365911054
Carside,PI-NSGA-II,8,50,26.318897292137862,3.8406256756005135,12.111373388283736
Carside,PI-NSGA-II,8,50,35.86915391657185,3.600979342525822,11.322145520961548
Carside,PI-NSGA-II,8,50,36.16867810421013,3.6013342747883814,11.305698169570537
Carside,PI-NSGA-II,8,50,30.03957625557823,3.7569430820441854,11.730510863082028
Carside,PI-NSGA-II,8,50,27.30079447378768,3.879384828180266,11.736318261751759
Carside,PI-NSGA-II,8,50,34.329544408893604,3.6285891160949273,11.459610155469822
Carside,PI-NSGA-II,8,50,35.79308915333141,3.602180756176781,11.33468260172355
Carside,PI-NSGA-II,8,50,25.21620314801331,3.9035126375649916,12.254093876492687
Carside,PI-NSGA-II,8,50,30.88881834456348,3.7331274755170973,11.720748909993695
Carside,PI-NSGA-II,8,50,34.84025729266368,3.6346202682030144,11.394581682183745
Carside,PI-NSGA-II,8,50,31.700605412364226,3.818395782977991,11.252463087596375
Carside,PI-NSGA-II,8,50,34.43781220796402,3.630570122266055,11.436736989912212
Carside,PI-NSGA-II,8,50,28.302372945347354,3.880645282231935,11.507446871780935
Carside,PI-NSGA-II,8,50,29.58782670205692,3.798875516124624,11.553604653031247
Carside,PI-NSGA-II,8,50,33.48534009521947,3.639116942603898,11.666720122165348
Carside,PI-NSGA-II,8,50,29.906129111700395,3.793457051286493,11.49180895949289
Carside,PI-NSGA-II,8,50,35.375247627179874,3.623032719363277,11.375727835976285
Carside,PI-NSGA-II,8,50,30.231852942280593,3.7736975524564134,11.68826467257761
Carside,PI-NSGA-II,8,50,27.077920749438388,3.9100055264627707,11.651870258088728
Carside,PI-NSGA-II,8,50,34.51915636252571,3.5994598553958705,11.633224351306886
Carside,PI-NSGA-II,8,50,28.03087928734246,3.8586195876427074,11.531134786949774
Carside,PI-NSGA-II,8,50,33.98004394849859,3.617898213316948,11.619649092247165
Carside,PI-NSGA-II,8,50,29.07426996544882,3.8358904381519063,11.459575622247982
Carside,PI-NSGA-II,8,50,32.50396239374671,3.6787016379900184,11.721929806791863
Carside,PI-NSGA-II,9,51,35.81269183374392,3.7442330581853382,11.027802730626888
Carside,PI-NSGA-II,9,51,23.96016462814011,3.994075502744256,12.345329053412598
Carside,PI-NSGA-II,9,51,35.52663609665489,3.8602727136006236,11.004588769310459
Carside,PI-NSGA-II,9,51,33.401075636261865,3.681757401852096,11.370059503472467
Carside,PI-NSGA-II,9,51,24.106070522738655,3.955945439815613,12.424938488675638
Carside,PI-NSGA-II,9,51,30.39731879592717,3.9979652251664293,11.233196256718259
Carside,PI-NSGA-II,9,51,32.76783614899176,3.7044529149866188,11.38956972740166
Carside,PI-NSGA-II,9,51,33.05555683534567,3.7186075316289013,11.352870197810088
Carside,PI-NSGA-II,9,51,28.52357986173956,3.790176788443252,11.9236967816966
Carside,PI-NSGA-II,9,51,26.66901423524887,3.874789865785182,12.088931773769756
Carside,PI-NSGA-II,9,51,27.809565453225236,3.8138752923858306,12.02129663319728
Carside,PI-NSGA-II,9,51,33.186344580867534,3.6957229118993524,11.361833603186232
Carside,PI-NSGA-II,9,51,34.99642173314618,3.7742291103991668,11.045290333131238
Carside,PI-NSGA-II,9,51,25.47088398090471,3.8696391099831016,12.255672671947893
Carside,PI-NSGA-II,9,51,33.555572904633976,3.785285024024475,11.189455481974019
Carside,PI-NSGA-II,9,51,24.19390583170155,3.930817739330029,12.411984736843547
Carside,PI-NSGA-II,9,51,26.594700796577335,3.8835621659339528,11.827305263099255
Carside,PI-NSGA-II,9,51,28.329926280394655,3.8482046347579053,11.518119786474342
Carside,PI-NSGA-II,9,51,31.471496116727643,3.9218602880444764,11.162460583633337
Carside,PI-NSGA-II,9,51,34.751201453387786,3.7276215250126987,11.151521361903544
Carside,PI-NSGA-II,9,51,29.923475564610115,3.9695185077662707,11.331018274624743
Carside,PI-NSGA-II,9,51,27.974921794734364,3.8656911683530217,11.534092973943933
Carside,PI-NSGA-II,9,51,30.415036641883457,3.7647440604856603,11.701137643597503
Carside,PI-NSGA-II,9,51,24.378373209084128,3.9440478986309975,12.375558827973506
Carside,PI-NSGA-II,9,51,26.412698137958333,3.937582401662708,11.804915246166956
Carside,PI-NSGA-II,9,51,25.618630593941717,3.8959278318261985,12.118246682253366
Carside,PI-NSGA-II,9,51,26.114017439777662,3.891867463280379,12.056865755268628
Carside,PI-NSGA-II,9,51,31.85951464472182,3.826155865827108,11.2151684000629
Carside,PI-NSGA-II,9,51,35.09205210169503,3.748479017314346,11.092517396210411
Carside,PI-NSGA-II,9,51,28.776487918199717,3.8529269165153557,11.492524879292446
Carside,PI-NSGA-II,9,51,27.698390990570264,3.991915445493892,11.460031523018065
Carside,PI-NSGA-II,9,51,34.44756259255132,3.78132511537164,11.082375429794851
Carside,PI-NSGA-II,9,51,24.864362687023327,3.9278989387714827,12.28324128944416
Carside,PI-NSGA-II,9,51,28.00256049435051,3.845072677812634,11.77712490309925
Carside,PI-NSGA-II,9,51,31.008316367840745,3.9640270311885275,11.205017704519715
Carside,PI-NSGA-II,9,51,30.87049706294645,3.831612513332817,11.347823003215346
Carside,PI-NSGA-II,9,51,29.051652290967557,3.8393880240015386,11.446257054469365
Carside,PI-NSGA-II,9,51,32.336417302152405,3.8039975312658134,11.301180906604202
Carside,PI-NSGA-II,9,51,27.639457442867318,3.8336663836308675,11.971570624777849
Carside,PI-NSGA-II,9,51,26.75359806042259,3.9555706237098502,11.665335906106044
Carside,PI-NSGA-II,9,51,32.66393662772891,3.8096446593545705,11.287408339710367
Carside,PI-NSGA-II,9,51,26.13047801368005,3.952516806571806,11.860630096035646
Carside,PI-NSGA-II,9,51,33.71143814421167,3.7796406608113786,11.143344896353536
Carside,PI-NSGA-II,9,51,25.174687329241767,3.90211387806824,12.303117872902178
Carside,PI-NSGA-II,9,51,27.014704368293554,3.8504043271782775,11.905948526545838
Carside,PI-NSGA-II,9,51,24.624870030762555,3.9851551764414315,12.286958528409333
Carside,PI-NSGA-II,9,51,33.972782063657526,3.769987705134443,11.133007726490987
Carside,PI-NSGA-II,9,51,33.77431345509047,3.68470689908915,11.328864596403665
Carside,PI-NSGA-II,9,51,34.19188229761905,3.7545169858596883,11.157803077804676
Carside,PI-NSGA-II,9,51,27.24015036118686,3.841661025278316,11.884868712354438
Carside,PI-NSGA-II,9,51,24.826172778474596,3.9105496170003335,12.330958917138414
Carside,PI-NSGA-II,9,51,26.870611172837645,3.843509645829493,12.052205673266172
Carside,PI-NSGA-II,9,51,26.54953063303665,3.9450817388859916,11.804353290817662
Carside,PI-NSGA-II,9,51,34.73355832763974,3.7559273764525867,11.11537891458039
Carside,PI-NSGA-II,9,51,32.49780364997586,3.7119068456824307,11.403977742549056
Carside,PI-NSGA-II,9,51,25.85557345001408,3.8500478538369762,12.171983617724276
Carside,PI-NSGA-II,9,51,26.28447180127218,3.8435403694501518,12.212073636868674
Carside,PI-NSGA-II,9,51,27.637797383158272,3.8182700673632795,12.001197581723723
Carside,PI-NSGA-II,9,51,31.023198392132205,3.939782751665913,11.2798024099962
Carside,PI-NSGA-II,9,51,29.7099429886379,3.7904121838572644,11.565706147796277
Carside,PI-NSGA-II,9,51,25.32491144598128,3.891867463280379,12.223059242407942
Carside,PI-NSGA-II,9,51,26.97481344664973,3.916754953588789,11.734623497734024
Carside,PI-NSGA-II,9,51,32.49224942220435,3.708233793658347,11.412991679176614
Carside,PI-NSGA-II,9,51,34.60725150203024,3.761018921275065,11.13605453325702
Carside,PI-NSGA-II,9,51,34.35394915125112,3.7696191042222242,11.120722943581498
Carside,PI-NSGA-II,9,51,30.86931287405443,3.825075354210277,11.397360107759045
Carside,PI-NSGA-II,9,51,25.235583793665928,3.9540154245237424,12.104561501815336
Carside,PI-NSGA-II,9,51,29.247483770624896,3.826155865827108,11.476213419871215
Carside,PI-NSGA-II,9,51,27.333177974538554,3.916793535408075,11.629776106958076
Carside,PI-NSGA-II,9,51,26.15310447288285,3.995109342999251,11.766609576018787
Carside,PI-NSGA-II,9,51,34.94081897642713,3.743300977292944,11.10042435487231
Carside,PI-NSGA-II,9,51,30.65810054515606,3.8123473081040995,11.46950928292808
Carside,PI-NSGA-II,9,51,24.454572183644085,3.9118047320805838,12.393703976121165
Carside,PI-NSGA-II,9,51,25.67051860760117,3.872092784057962,12.237653531582113
Carside,PI-NSGA-II,9,51,31.081416228190857,3.962256315702233,11.19298086626571
Carside,PI-NSGA-II,9,51,33.243573647017506,3.6853031725260545,11.383706041786718
Carside,PI-NSGA-II,9,51,25.834581047057725,3.908021304589938,12.077871420904662
Carside,PI-NSGA-II,9,51,24.151676605790755,3.9760163147269547,12.360872788023592
Carside,PI-NSGA-II,9,51,35.741830458124426,3.7447465705687653,11.031215175389768
Carside,PI-NSGA-II,9,51,28.148908887024614,3.798549962356383,11.978733654639722
Carside,PI-NSGA-II,9,51,34.10872177067456,3.760216920024226,11.163392840440192
Carside,PI-NSGA-II,9,51,30.042764591530936,3.9733286576995575,11.285423459607728
Carside,PI-NSGA-II,9,51,28.60645746713007,3.8398484574230576,11.602124952063738
Carside,PI-NSGA-II,9,51,31.80431013713605,3.7298637103774377,11.47053739539296
Carside,PI-NSGA-II,9,51,34.92287918565599,3.7674422851182308,11.072376630718317
Carside,PI-NSGA-II,9,51,30.73353727829603,3.8891081871140636,11.306538408097591
Carside,PI-NSGA-II,9,51,31.148175612341667,3.8535891098526824,11.331903657107455
Carside,PI-NSGA-II,9,51,30.272441536864203,3.763566418018445,11.717926936207926
Carside,PI-NSGA-II,9,51,30.52372707442811,3.9625832911309677,11.244659920298584
Carside,PI-NSGA-II,9,51,24.62486952775601,3.9851551764414315,12.307880447293343
Carside,PI-NSGA-II,9,51,26.817113321730766,3.9193783008747483,11.75799970969712
Carside,PI-NSGA-II,9,51,33.267403172224185,3.716392839824769,11.31353380126529
Carside,PI-NSGA-II,9,51,30.263213821457963,3.764717005974335,11.717926936207926
Carside,PI-NSGA-II,9,51,24.98926108279576,3.9049891260093346,12.343053236520284
Carside,PI-NSGA-II,9,51,29.49011330622292,3.8182598750827013,11.491812307688626
Carside,PI-NSGA-II,9,51,29.558524934181378,3.796129849625438,11.567544135681292
Carside,PI-NSGA-II,9,51,35.42377173103016,3.8840620198259788,11.024200394324772
Carside,PI-NSGA-II,9,51,27.33963938640292,3.928272156648425,11.564613938444928
Carside,PI-NSGA-II,9,51,24.43967368149177,3.9804594986226,12.338274036384263
Carside,PI-NSGA-II,9,51,35.64621273198004,3.7381530878376283,11.066427098948946
Carside,PI-NSGA-II,10,52,24.14251766481229,3.9999638924629224,12.306453621590325
Carside,PI-NSGA-II,10,52,42.387197240156524,3.6200159543969797,10.617762540118214
Carside,PI-NSGA-II,10,52,36.00897782993699,3.58526339325881,11.421195274449481
Carside,PI-NSGA-II,10,52,42.52891428324438,3.5896182932304668,10.631337390350613
Carside,PI-NSGA-II,10,52,24.488076208261045,3.907405272771549,12.51029782566777
Carside,PI-NSGA-II,10,52,23.613085580859693,3.997952282951654,12.403948165139436
Carside,PI-NSGA-II,10,52,27.30172674185671,3.9325342290503196,11.704559844035872
Carside,PI-NSGA-II,10,52,40.80478604906305,3.7554150301203517,10.658327222146866
Carside,PI-NSGA-II,10,52,25.33391072769383,3.903125266779999,12.27375453276894
Carside,PI-NSGA-II,10,52,37.18525206126168,3.7580969976324736,10.954475319694794
Carside,PI-NSGA-II,10,52,31.172870823018364,3.7448468410268965,11.567707069337098
Carside,PI-NSGA-II,10,52,37.61701734186134,3.7790618388109674,10.88705069086717
Carside,PI-NSGA-II,10,52,38.13604090109378,3.766610956317131,10.812483316519494
Carside,PI-NSGA-II,10,52,39.21275210922043,3.671723571292636,10.931835100268017
Carside,PI-NSGA-II,10,52,32.800924176691126,3.6267145029294556,12.064398797533148
Carside,PI-NSGA-II,10,52,23.77845998371444,3.994601837366037,12.453098204003858
Carside,PI-NSGA-II,10,52,24.02641129156049,3.988121273902298,12.482841249609844
Carside,PI-NSGA-II,10,52,41.701999207704255,3.6134709102898475,10.72614938014801
Carside,PI-NSGA-II,10,52,28.98114875221916,3.803227232137567,11.886653850002237
Carside,PI-NSGA-II,10,52,34.131465571593466,3.712163195022504,11.385408638125984
Carside,PI-NSGA-II,10,52,24.43387643452335,3.9237631207909134,12.488134024771988
Carside,PI-NSGA-II,10,52,37.881014846813194,3.5920502939303667,11.06459741434043
Carside,PI-NSGA-II,10,52,30.15512826529216,3.9727222159845015,11.335120874893878
Carside,PI-NSGA-II,10,52,35.53361224387548,3.6049140567127993,11.452158321332957
Carside,PI-NSGA-II,10,52,30.549246751000812,3.7914423112891074,11.491174633696096
Carside,PI-NSGA-II,10,52,24.770163483920207,3.8891835788437428,12.503978023977563
Carside,PI-NSGA-II,10,52,25.340648139657112,3.871205784887986,12.423379931785316
Carside,PI-NSGA-II,10,52,34.73784070013287,3.9727234880934317,10.914364625444936
Carside,PI-NSGA-II,10,52,29.655892581155904,3.7346571925438914,12.0931066886353
Carside,PI-NSGA-II,10,52,35.07350586544802,3.6176012523643877,11.365135800347495
Carside,PI-NSGA-II,10,52,29.54260029437862,3.724182539189962,12.333184015569195
Carside,PI-NSGA-II,10,52,24.806152078211746,3.9846267124597405,12.308005796668855
Carside,PI-NSGA-II,10,52,26.67750952640772,3.8440941366488786,12.105024115865907
Carside,PI-NSGA-II,10,52,25.757915358082286,3.965361608432148,12.086110204545674
Carside,PI-NSGA-II,10,52,30.883764584277028,3.741108158981248,12.038685214170364
Carside,PI-NSGA-II,10,52,25.063901025712923,3.90929830730227,12.390784219262965
Carside,PI-NSGA-II,10,52,29.824131670728566,3.8589613000571292,11.396626352973648
Carside,PI-NSGA-II,10,52,27.914227660172077,3.8815106632379552,11.538014933949373
Carside,PI-NSGA-II,10,52,28.78115453854457,3.772504017750217,12.148729954774296
Carside,PI-NSGA-II,10,52,33.606382735483436,3.830687553965775,11.111706781097435
Carside,PI-NSGA-II,10,52,36.8594992514821,3.785500599084213,10.924136778348716
Carside,PI-NSGA-II,10,52,36.60853537852284,3.6336630475153946,11.1297277296619
Carside,PI-NSGA-II,10,52,34.44510713808138,3.586162517123255,11.870833899175725
Carside,PI-NSGA-II,10,52,24.831441106762696,3.916434367365718,12.395241318122999
Carside,PI-NSGA-II,10,52,40.640304276389884,3.687760999256724,10.702971575208078
Carside,PI-NSGA-II,10,52,39.711788692343184,3.6768157174115585,10.843073333891052
Carside,PI-NSGA-II,10,52,37.658472609033964,3.5938145394957055,11.091229841245319
Carside,PI-NSGA-II,10,52,34.39730556455637,3.723232629602011,11.379967398693253
Carside,PI-NSGA-II,10,52,25.777877940671786,3.965306928681783,12.015416108996686
Carside,PI-NSGA-II,10,52,36.11396348721511,3.801582693405156,10.99892986609094
Carside,PI-NSGA-II,10,52,38.41939492498867,3.616992432910239,11.016915320306783
Carside,PI-NSGA-II,10,52,27.80968902670419,3.818684606815247,11.979203472962416
Carside,PI-NSGA-II,10,52,27.897516060666494,3.815712359401269,11.977897459865687
Carside,PI-NSGA-II,10,52,33.737996326604474,3.795493365929492,11.221917524913753
Carside,PI-NSGA-II,10,52,24.562793399044473,3.9422691871238227,12.431625566689494
Carside,PI-NSGA-II,10,52,38.97953976917779,3.663407977016006,10.982555963243392
Carside,PI-NSGA-II,10,52,41.32831564420695,3.608536167445091,10.753385406984826
Carside,PI-NSGA-II,10,52,30.0485702425627,3.7045877945109718,12.242155776766904
Carside,PI-NSGA-II,10,52,31.709750345556778,3.643161140641498,12.202043066460666
Carside,PI-NSGA-II,10,52,32.52230650252575,3.8252405415065116,11.251204535142994
Carside,PI-NSGA-II,10,52,31.162072577617433,3.6954422743938817,11.940511801265847
Carside,PI-NSGA-II,10,52,34.83246037410147,3.887781229580101,10.968057517837316
Carside,PI-NSGA-II,10,52,38.853007596356846,3.6741951530445123,10.990296110954592
Carside,PI-NSGA-II,10,52,30.919638581167472,3.9471652672298387,11.231445018686685
Carside,PI-NSGA-II,10,52,38.427025050211476,3.6167011172190806,11.01620025498668
Carside,PI-NSGA-II,10,52,30.067201085979388,3.6954422743938817,12.244110147078466
Carside,PI-NSGA-II,10,52,35.81826398927808,3.5908809898527068,11.644917313155899
Carside,PI-NSGA-II,10,52,31.411927616986432,3.678578270442686,12.371254893871361
Carside,PI-NSGA-II,10,52,37.36093158910586,3.7819559951121287,10.912168961173236
Carside,PI-NSGA-II,10,52,31.985693737419986,3.7974291266739484,11.347449503922284
Carside,PI-NSGA-II,10,52,26.387826239240017,3.83789421537035,12.153556011152045
Carside,PI-NSGA-II,10,52,29.353365272424007,3.736178492263674,12.070384242458072
Carside,PI-NSGA-II,10,52,36.49979133672739,3.659517747146116,11.163005460537931
Carside,PI-NSGA-II,10,52,31.588926343834682,3.6450134269477803,12.21447882557711
Carside,PI-NSGA-II,10,52,38.048789558720514,3.7701315727017004,10.829254288729075
Carside,PI-NSGA-II,10,52,41.395183654960526,3.608102780620076,10.745370971805517
Carside,PI-NSGA-II,10,52,33.71721214259503,3.6517124540186403,11.59857348089463
Carside,PI-NSGA-II,10,52,33.96751566730861,3.585722356380577,11.915797903428425
Carside,PI-NSGA-II,10,52,25.97051160769798,3.853979586259842,12.159904879751496
Carside,PI-NSGA-II,10,52,27.105799823709372,3.95428240489682,11.622341024530789
Carside,PI-NSGA-II,10,52,25.23732654973231,3.9999638924629224,11.998531257596774
Carside,PI-NSGA-II,10,52,32.4692974927145,3.8523001650792086,11.274985992396646
Carside,PI-NSGA-II,10,52,26.89746208515165,3.9365029806729686,11.728110958678894
Carside,PI-NSGA-II,10,52,41.0957703109154,3.655531020610324,10.682021148336538
Carside,PI-NSGA-II,10,52,27.623012730700697,3.919812096507599,11.499576841882826
Carside,PI-NSGA-II,10,52,40.3762146363149,3.6769316759977726,10.78133362418422
Carside,PI-NSGA-II,10,52,26.97926917593004,3.877458251540678,11.835943035233289
Carside,PI-NSGA-II,10,52,33.012049762316366,3.840113041409629,11.249689376929334
Carside,PI-NSGA-II,10,52,25.887952852886375,3.954535701898757,12.086388388463169
Carside,PI-NSGA-II,10,52,42.056524760329786,3.6023193535220774,10.696152094695737
Carside,PI-NSGA-II,10,52,36.721688562128804,3.6846898127778585,11.078170632591174
Carside,PI-NSGA-II,10,52,26.918873131216657,3.8768468029998187,11.841537335898561
Carside,PI-NSGA-II,10,52,31.96908337837508,3.864180502050554,11.18137567145256
Carside,PI-NSGA-II,10,52,31.84598206894479,3.6308964820156246,12.17893727119127
Carside,PI-NSGA-II,10,52,36.06924419476822,3.7029976799887914,11.140554341235953
Carside,PI-NSGA-II,10,52,27.91674339861387,3.847959969647059,11.786759543643448
Carside,PI-NSGA-II,10,52,27.571715057888657,3.84899088542267,11.809516292445155
Carside,PI-NSGA-II,10,52,29.54234999523969,3.8329017323703694,11.483138816400952
Carside,PI-NSGA-II,10,52,42.183864163127396,3.6018847449043383,10.679827184216862
Carside,PI-NSGA-II,10,52,40.02455551103568,3.6474464719324793,10.796996020316886
Carside,PI-NSGA-II,11,53,23.99447781500211,3.9520396040855097,12.399657823436307
Carside,PI-NSGA-II,11,53,35.15211891449742,3.655848620895183,11.240599800756542
Carside,PI-NSGA-II,11,53,27.148179371035,3.996892164304109,11.499509057698477
Carside,PI-NSGA-II,11,53,36.47485880377985,3.682295395764646,11.082731649246098
Carside,PI-NSGA-II,11,53,23.939551171798804,3.9601182509724744,12.398265174199608
Carside,PI-NSGA-II,11,53,36.19357181434256,3.665633085672044,11.130807996720778
Carside,PI-NSGA-II,11,53,25.539742525024316,3.8939775613927066,12.150584753804413
Carside,PI-NSGA-II,11,53,26.160054315578158,3.9669719901163343,11.834097452797973
Carside,PI-NSGA-II,11,53,34.34276304613889,3.656969067864891,11.330444317135138
Carside,PI-NSGA-II,11,53,24.60809178079815,3.926227162303201,12.309159278575509
Carside,PI-NSGA-II,11,53,28.086840704147917,3.8261871758976707,11.920810997859336
Carside,PI-NSGA-II,11,53,26.26903163946102,3.9669719901163343,11.802995449970238
Carside,PI-NSGA-II,11,53,29.40959404683752,3.812826215377918,11.572133826102544
Carside,PI-NSGA-II,11,53,24.649706937840282,3.900571261856637,12.35410520267643
Carside,PI-NSGA-II,11,53,29.594300815929987,3.8031883776482998,11.616679187773233
Carside,PI-NSGA-II,11,53,28.43527206029301,3.869713280999608,11.463598784112193
Carside,PI-NSGA-II,11,53,34.639486927198995,3.692036029969169,11.234624898585636
Carside,PI-NSGA-II,11,53,30.908568445342212,3.751699968276445,11.531059884816674
Carside,PI-NSGA-II,11,53,32.12082937121193,3.7461553742764853,11.370427631084862
Carside,PI-NSGA-II,11,53,26.78446361682567,3.8586922190862323,11.972967344879745
Carside,PI-NSGA-II,11,53,28.618152006332323,3.9156033233999943,11.44466750221472
Carside,PI-NSGA-II,11,53,30.522761590582668,3.7642031500886532,11.553311087591329
Carside,PI-NSGA-II,11,53,34.96215159448195,3.6602111075999537,11.254686943755264
Carside,PI-NSGA-II,11,53,30.601773909224327,3.7771855661101443,11.53967169537874
Carside,PI-NSGA-II,11,53,26.090072221554177,3.8834844138822286,12.022775438773778
Carside,PI-NSGA-II,11,53,25.38133425479676,3.94126602827311,12.181838492560345
Carside,PI-NSGA-II,11,53,26.545010404365968,3.859817197796749,11.995471975194791
Carside,PI-NSGA-II,11,53,27.364633981808023,3.81176574882304,12.057299553866521
Carside,PI-NSGA-II,11,53,30.00291072260017,3.7711118760816915,11.672266366967662
Carside,PI-NSGA-II,11,53,34.05469327599263,3.664971323188621,11.346975696054278
Carside,PI-NSGA-II,11,53,27.78344669163586,3.901086308615981,11.50933025208982
Carside,PI-NSGA-II,11,53,27.53526348293988,3.8962546225459436,11.624143129030086
Carside,PI-NSGA-II,11,53,25.307558999752573,3.9458206723272986,12.17866092624103
Carside,PI-NSGA-II,11,53,25.03255161217719,3.924397236847173,12.273045726608014
Carside,PI-NSGA-II,11,53,29.911929900382457,3.7956541374087216,11.479953317174388
Carside,PI-NSGA-II,11,53,31.752392247838877,3.7315200462297966,11.417480147092117
Carside,PI-NSGA-II,11,53,34.83213561866423,3.763052134526996,11.186622226999557
Carside,PI-NSGA-II,11,53,24.99657353707742,3.9450287340062755,12.206763101825654
Carside,PI-NSGA-II,11,53,26.355761296206765,3.8886587931279637,11.9114049712432
Carside,PI-NSGA-II,11,53,25.957828437097007,3.8874046153526542,12.028772544305284
Carside,PI-NSGA-II,11,53,24.902429052847843,3.9838802301718643,12.126764805503669
Carside,PI-NSGA-II,11,53,27.73879528460888,3.828349590264895,11.851724534265928
Carside,PI-NSGA-II,11,53,26.28820794385942,3.9558649647580557,11.77569303277945
Carside,PI-NSGA-II,11,53,33.31881503698709,3.7223222234497775,11.297598475408341
Carside,PI-NSGA-II,11,53,33.82895892060001,3.701388390573326,11.28329735948544
Carside,PI-NSGA-II,11,53,27.2547056185886,3.836490537539261,11.887930790246154
Carside,PI-NSGA-II,11,53,33.51992367129706,3.6717848226851415,11.391534341565105
Carside,PI-NSGA-II,11,53,23.977159173449067,3.978641190562774,12.383248336186963
Carside,PI-NSGA-II,11,53,33.7996911416912,3.705373553730127,11.279536078269524
Carside,PI-NSGA-II,11,53,27.674355211148903,3.831196207852253,11.868914971368133
Carside,PI-NSGA-II,11,53,28.90735721343661,3.842491361632451,11.47670400217346
Carside,PI-NSGA-II,11,53,24.891291851711202,3.9852670262182097,12.125857088718014
Carside,PI-NSGA-II,11,53,35.86040924191799,3.666303987692095,11.152713124493076
Carside,PI-NSGA-II,11,53,29.78740084521738,3.7929602388522174,11.587964785046747
Carside,PI-NSGA-II,11,53,35.74577819138235,3.672604939268508,11.168222515823224
Carside,PI-NSGA-II,11,53,27.16760740493412,3.818924135935832,12.010918124942751
Carside,PI-NSGA-II,11,53,28.78142335497012,3.813592971800165,11.694283958905178
Carside,PI-NSGA-II,11,53,32.25033376238197,3.7134533081101453,11.422617115502806
Carside,PI-NSGA-II,11,53,32.93550982992543,3.6874472287645434,11.427581588168705
Carside,PI-NSGA-II,11,53,24.346504105369032,3.959532298659389,12.288738048149376
Carside,PI-NSGA-II,11,53,24.76947067583536,3.954184606698227,12.253904804481481
Carside,PI-NSGA-II,11,53,28.322800172302493,3.8529476933743037,11.502840464713843
Carside,PI-NSGA-II,11,53,25.794294118724174,3.905366364358735,12.104861710158982
Carside,PI-NSGA-II,11,53,31.809482952713267,3.781804809754031,11.359573247183967
Carside,PI-NSGA-II,11,53,26.449513074439857,3.9432180503760415,11.798497599973096
Carside,PI-NSGA-II,11,53,33.97848263327914,3.6745457685096286,11.375731426455319
Carside,PI-NSGA-II,11,53,31.380723124443946,3.7350920546163766,11.525165952420316
Carside,PI-NSGA-II,11,53,30.779179864288515,3.758222194373311,11.63285886265477
Carside,PI-NSGA-II,11,53,31.071037672417972,3.7337755470243756,11.653575824636224
Carside,PI-NSGA-II,11,53,27.45242405415684,3.8346202186286673,11.885738028548577
Carside,PI-NSGA-II,11,53,25.587699102345372,3.9893876743432024,11.940915962350779
Carside,PI-NSGA-II,11,53,26.93682807873346,3.992811477076199,11.545019993198895
Carside,PI-NSGA-II,11,53,30.13534906175144,3.760058850737433,11.713574010888497
Carside,PI-NSGA-II,11,53,25.151442786047845,3.9543830113959677,12.100324286152832
Carside,PI-NSGA-II,11,53,24.389746496118708,3.945633322463848,12.33246478751488
Carside,PI-NSGA-II,11,53,29.72624521062415,3.9374491033663466,11.36180144477866
Carside,PI-NSGA-II,11,53,34.98802676634096,3.7619743999369946,11.16837019693725
Carside,PI-NSGA-II,11,53,23.986208543960938,3.978696156139224,12.375255246693333
Carside,PI-NSGA-II,11,53,26.613356277546174,3.8644387697517835,11.954868336670742
Carside,PI-NSGA-II,11,53,33.00595864030087,3.705345662530786,11.353272070399727
Carside,PI-NSGA-II,11,53,25.809886865295503,3.8518525946805,12.201145611872825
Carside,PI-NSGA-II,11,53,35.460586271360214,3.6661948742672013,11.211880584191025
Carside,PI-NSGA-II,11,53,24.588581247626653,3.9218367925790045,12.332302407701633
Carside,PI-NSGA-II,11,53,29.671222742687902,3.791346222548523,11.612947286073025
Carside,PI-NSGA-II,11,53,26.4302325126193,3.8409587942522276,12.165778953527342
Carside,PI-NSGA-II,11,53,35.50674966866034,3.6610606880963426,11.211417925690107
Carside,PI-NSGA-II,11,53,33.18855142279345,3.738944082269311,11.318543512922208
Carside,PI-NSGA-II,11,53,25.80559066671002,3.8494533713144947,12.24015464822766
Carside,PI-NSGA-II,11,53,31.842370957910664,3.7344505690337355,11.408483454330312
Carside,PI-NSGA-II,11,53,26.354872005203227,3.992664164048361,11.750034808938018
Carside,PI-NSGA-II,11,53,24.097928097534037,3.9581860771330644,12.3892084318406
Carside,PI-NSGA-II,11,53,34.53368071607941,3.7173210583269407,11.196701743690376
Carside,PI-NSGA-II,11,53,34.508796074239655,3.6758164282157,11.288763640681829
Carside,PI-NSGA-II,11,53,32.52563109635989,3.7450803310463745,11.351998699917036
Carside,PI-NSGA-II,11,53,26.300923344185264,3.8847583838868305,11.9376011598046
Carside,PI-NSGA-II,11,53,26.72673092259048,3.8356689252516336,12.080223038758168
Carside,PI-NSGA-II,11,53,33.6401468889428,3.680607906978893,11.370247775636035
Carside,PI-NSGA-II,11,53,29.20204010278464,3.772037140973538,11.86344872351203
Carside,PI-NSGA-II,11,53,33.245951547837954,3.7214809520451726,11.305039316298888
Carside,PI-NSGA-II,11,53,28.855401674672606,3.814179425776516,11.687720972691718
Carside,PI-NSGA-II,12,54,33.01897784903006,3.9785861776430465,10.990403264999188
Carside,PI-NSGA-II,12,54,25.08007044060769,3.9993775943570986,11.998050575334045
Carside,PI-NSGA-II,12,54,32.576941814096486,3.6406148479548532,11.864825759375863
Carside,PI-NSGA-II,12,54,26.275932939104898,3.850779480501862,12.199887250629125
Carside,PI-NSGA-II,12,54,33.101451286930434,3.88314261193307,11.03159593827904
Carside,PI-NSGA-II,12,54,26.464689081044074,3.8538083629920385,12.136279144012546
Carside,PI-NSGA-II,12,54,26.795662516529752,3.9732724300455518,11.596077408125833
Carside,PI-NSGA-II,12,54,25.687049519279597,3.961528390363401,11.91713246137363
Carside,PI-NSGA-II,12,54,30.849497841759764,3.899512239661515,11.246761002079111
Carside,PI-NSGA-II,12,54,32.50048561986515,3.657976218484798,11.830207267921397
Carside,PI-NSGA-II,12,54,31.7076715995921,3.7357532935379103,11.439749027979852
Carside,PI-NSGA-II,12,54,32.18582831647936,3.751461388992749,11.396407854525487
Carside,PI-NSGA-II,12,54,27.891428962402014,3.8780103785858104,11.528806874088971
Carside,PI-NSGA-II,12,54,31.241029151425728,3.6961715839390363,11.948238874452489
Carside,PI-NSGA-II,12,54,26.602854796224566,3.8428602640587717,12.196053826541641
Carside,PI-NSGA-II,12,54,31.56590133509991,3.72159539673323,11.586057009096784
Carside,PI-NSGA-II,12,54,29.21297445483314,3.7665013446132654,12.038937892990823
Carside,PI-NSGA-II,12,54,28.48085501976702,3.8745265833142395,11.468246644353535
Carside,PI-NSGA-II,12,54,31.30888875988324,3.6908099202927245,12.093411532608139
Carside,PI-NSGA-II,12,54,25.97666655685548,3.931081025296811,11.968327678319014
Carside,PI-NSGA-II,12,54,30.74110180478601,3.7281977357718388,11.760873535941403
Carside,PI-NSGA-II,12,54,33.0498142805446,3.881808390119287,11.055342754376317
Carside,PI-NSGA-II,12,54,27.745485032833017,3.8359679931677007,11.802932497276828
Carside,PI-NSGA-II,12,54,30.060755020443903,3.742297659939097,12.034190236356933
Carside,PI-NSGA-II,12,54,28.36613186084755,3.819539723645663,11.885875854190964
Carside,PI-NSGA-II,12,54,30.829236709548653,3.806312556305913,11.368744738159995
Carside,PI-NSGA-II,12,54,28.112756917350037,3.8592978840009504,11.543589420283016
Carside,PI-NSGA-II,12,54,28.184524329981485,3.924040025548847,11.46104167460414
Carside,PI-NSGA-II,12,54,30.88748718238714,3.808977428644206,11.345193281253497
Carside,PI-NSGA-II,12,54,26.72267766773156,3.944126255680065,11.708682033595124
Carside,PI-NSGA-II,12,54,32.303733414523485,3.8879646023141974,11.130146416310636
Carside,PI-NSGA-II,12,54,25.79860959856159,3.991054176615176,11.853862679131055
Carside,PI-NSGA-II,12,54,31.929978020326363,3.682236647785468,11.846355950756383
Carside,PI-NSGA-II,12,54,31.43709966706067,3.7461025377237633,11.497297060949682
Carside,PI-NSGA-II,12,54,31.722694813264305,3.8219908978023005,11.282709169360544
Carside,PI-NSGA-II,12,54,31.074686184967234,3.693752869567019,12.112217213230675
Carside,PI-NSGA-II,12,54,26.589003575300875,3.871456085902541,11.909909524631974
Carside,PI-NSGA-II,12,54,31.625512570882805,3.7064894373580684,11.639247892677172
Carside,PI-NSGA-II,12,54,32.8404161425319,3.6757416683669577,11.571675408457928
Carside,PI-NSGA-II,12,54,29.613512982627036,3.767435469953045,11.775832271698144
Carside,PI-NSGA-II,12,54,31.87193551469101,3.8406604596359806,11.213018330831197
Carside,PI-NSGA-II,12,54,27.214533123159725,3.8340012257596103,11.89422351312555
Carside,PI-NSGA-II,12,54,25.426312861168554,3.9968041062559525,11.914302019137445
Carside,PI-NSGA-II,12,54,27.580378602720607,3.878255429881576,11.647012986986955
Carside,PI-NSGA-II,12,54,30.16193594176555,3.7895381830011066,11.515200218904448
Carside,PI-NSGA-II,12,54,29.462068885949083,3.9543309964249604,11.34987890108522
Carside,PI-NSGA-II,12,54,31.85970674855677,3.8662370640273145,11.162932329698378
Carside,PI-NSGA-II,12,54,27.068685691486813,3.838425403640099,12.117888556106571
Carside,PI-NSGA-II,12,54,32.690813623155364,3.846127536183565,11.12875788283848
Carside,PI-NSGA-II,12,54,31.197029016540714,3.7978744810420846,11.345203211343932
Carside,PI-NSGA-II,12,54,31.228086476816728,3.7127940769715315,11.751177441566337
Carside,PI-NSGA-II,12,54,30.232511542288844,3.7756651676384068,11.582231981095065
Carside,PI-NSGA-II,12,54,32.01906828065315,3.8156401644179616,11.273364347045757
Carside,PI-NSGA-II,12,54,31.43467975379343,3.891118877571116,11.185323367225674
Carside,PI-NSGA-II,12,54,27.305565660116052,3.940253798818443,11.660776958758722
Carside,PI-NSGA-II,12,54,26.05448978947512,3.9284846781787968,11.96723515439892
Carside,PI-NSGA-II,12,54,28.74165029804841,3.7827138889886744,12.083164150062217
Carside,PI-NSGA-II,12,54,26.952138650150047,3.94889854620262,11.67889347503248
Carside,PI-NSGA-II,12,54,29.43473891659243,3.7611165746089203,12.074181861448324
Carside,PI-NSGA-II,12,54,30.45857495398685,3.8282317526016154,11.356047994640551
Carside,PI-NSGA-II,12,54,27.703142615893075,3.951011278212236,11.472731383041886
Carside,PI-NSGA-II,12,54,28.6242193155501,3.7842899445190237,12.092760185318241
Carside,PI-NSGA-II,12,54,29.699808730463882,3.7507041213268812,12.107199376711183
Carside,PI-NSGA-II,12,54,29.31927156003663,3.9097994369246014,11.365733393307949
Carside,PI-NSGA-II,12,54,29.422729861411433,3.761834537808178,12.072798032560756
Carside,PI-NSGA-II,12,54,32.355253678713225,3.913292150712279,11.09820042326869
Carside,PI-NSGA-II,12,54,30.351812944503685,3.9867769075524886,11.218819631141697
Carside,PI-NSGA-II,12,54,25.19902275918367,3.997136533472403,11.988843218986624
Carside,PI-NSGA-II,12,54,25.214278182368993,3.996514713967859,11.988978946073829
Carside,PI-NSGA-II,12,54,28.371541038332754,3.8882427494230374,11.460950318057018
Carside,PI-NSGA-II,12,54,30.554961879728484,3.7116042101387996,11.923860500898392
Carside,PI-NSGA-II,12,54,30.653153550459,3.705211457740909,11.92499500552108
Carside,PI-NSGA-II,12,54,26.315737219910375,3.9381389462401613,11.926271466869396
Carside,PI-NSGA-II,12,54,29.06592375507515,3.9072203643770456,11.383779522502456
Carside,PI-NSGA-II,12,54,28.94386796767181,3.776781128864233,12.073131925567136
Carside,PI-NSGA-II,12,54,31.375011478348426,3.7184213480915087,11.691028032834627
Carside,PI-NSGA-II,12,54,29.250592009587827,3.986561779358544,11.321979098321115
Carside,PI-NSGA-II,12,54,29.563595850020135,3.980464091054814,11.307639673849492
Carside,PI-NSGA-II,12,54,30.298712452756753,3.739450624379728,11.776670011614453
Carside,PI-NSGA-II,12,54,26.652075230001213,3.945564858255894,11.713803342757672
Carside,PI-NSGA-II,12,54,29.914111772065066,3.7904485791583715,11.557393226206816
Carside,PI-NSGA-II,12,54,32.922136196337924,3.9823028901919386,10.99358783826852
Carside,PI-NSGA-II,12,54,31.161347249410365,3.8716076331769345,11.233895331761463
Carside,PI-NSGA-II,12,54,27.345408004031704,3.9351611410402216,11.660855922056978
Carside,PI-NSGA-II,12,54,32.426932943437706,3.892948849619718,11.115630013112549
Carside,PI-NSGA-II,12,54,32.34217012813996,3.919264223381625,11.106496739207927
Carside,PI-NSGA-II,12,54,27.48956303185806,3.985953744592925,11.503610790373386
Carside,PI-NSGA-II,12,54,32.41664276100458,3.9183499983722156,11.078328313323244
Carside,PI-NSGA-II,12,54,31.11313928110276,3.8074120104758498,11.33265432158062
Carside,PI-NSGA-II,12,54,32.275765239911046,3.816616395999391,11.22699771491057
Carside,PI-NSGA-II,12,54,33.08322562455861,3.905906628350765,11.014546759966503
Carside,PI-NSGA-II,12,54,31.857162690276926,3.8661455448206645,11.164746163838725
Carside,PI-NSGA-II,12,54,28.720976543147213,3.8472283602419033,11.484360288120758
Carside,PI-NSGA-II,12,54,29.93346338753983,3.845197754937856,11.39496303216924
Carside,PI-NSGA-II,12,54,25.988058351839932,3.934506330194058,11.961310806142311
Carside,PI-NSGA-II,12,54,26.316622243502394,3.865027255236717,12.015226628929915
Carside,PI-NSGA-II,12,54,31.3558187265978,3.7190936219064463,11.691370511446955
Carside,PI-NSGA-II,12,54,31.781890436150086,3.9958473866531947,11.07874371251325
Carside,PI-NSGA-II,12,54,30.420834978989866,3.7333084583758667,12.002359907256341
Carside,PI-NSGA-II,12,54,29.819765655675724,3.792622128511445,11.567181750122085
Carside,PI-NSGA-II,13,55,33.77872250423616,3.6560862867254516,11.403150108214167
Carside,PI-NSGA-II,13,55,24.10878777311621,3.999994590041018,12.323389089721987
Carside,PI-NSGA-II,13,55,36.45059856429633,3.822547452029067,10.885736263012738
Carside,PI-NSGA-II,13,55,23.606124400990417,3.9999400973688717,12.410573784841567
Carside,PI-NSGA-II,13,55,33.398948115446956,3.6677407426519357,11.42598813213111
Carside,PI-NSGA-II,13,55,32.9489745879435,3.6970498365780626,11.447043117610333
Carside,PI-NSGA-II,13,55,31.4769773442719,3.9627121679470703,11.144975885529757
Carside,PI-NSGA-II,13,55,23.92404366322469,3.9798893953740726,12.390247881168388
Carside,PI-NSGA-II,13,55,34.070711199827294,3.657292310018703,11.380889535509079
Carside,PI-NSGA-II,13,55,29.505144151048896,3.7534400424381444,11.923725533916492
Carside,PI-NSGA-II,13,55,30.951929663978525,3.90491805503189,11.35487722977295
Carside,PI-NSGA-II,13,55,24.835986640858405,3.9166786781650167,12.320296523355996
Carside,PI-NSGA-II,13,55,28.56160484770627,3.8322557261713057,11.65548492111535
Carside,PI-NSGA-II,13,55,28.05753958533092,3.8649160869602577,11.55154248658054
Carside,PI-NSGA-II,13,55,32.34932698589519,3.7060241535758562,11.473683991886958
Carside,PI-NSGA-II,13,55,29.610523797252846,3.776542141790769,11.800391419242843
Carside,PI-NSGA-II,13,55,35.970244122729255,3.76334761808041,10.967229912045521
Carside,PI-NSGA-II,13,55,34.72919715493747,3.814913894488703,10.997717210498728
Carside,PI-NSGA-II,13,55,31.128300395956337,3.9046281021484477,11.328537425932808
Carside,PI-NSGA-II,13,55,32.20217940756114,3.7337033420848478,11.492319083569193
Carside,PI-NSGA-II,13,55,34.969889286184404,3.7180470342422507,11.212743265196185
Carside,PI-NSGA-II,13,55,31.185345204854183,3.9682954436850038,11.17727927997522
Carside,PI-NSGA-II,13,55,25.554579078007794,3.8583824750254214,12.189537181929447
Carside,PI-NSGA-II,13,55,35.65372394575223,3.869406443905206,10.933055252898875
Carside,PI-NSGA-II,13,55,32.037899010140784,3.6888276846819537,11.67561669910443
Carside,PI-NSGA-II,13,55,26.785425943003737,3.8803639825202363,11.870755640878961
Carside,PI-NSGA-II,13,55,31.67258555991428,3.779605152481357,11.368467227287884
Carside,PI-NSGA-II,13,55,31.274570013472797,3.7263831633067475,11.682097961085406
Carside,PI-NSGA-II,13,55,31.041726126251643,3.9724749831226314,11.22733237792886
Carside,PI-NSGA-II,13,55,23.81658236154193,3.990476651216932,12.398672617685044
Carside,PI-NSGA-II,13,55,25.157534415284843,3.9167702104478526,12.27406179076911
Carside,PI-NSGA-II,13,55,26.159311932366187,3.8741016201735943,12.086469982295434
Carside,PI-NSGA-II,13,55,30.086476881527133,3.787437663511414,11.61844711840922
Carside,PI-NSGA-II,13,55,25.72322560106042,3.880617211813866,12.119627575783356
Carside,PI-NSGA-II,13,55,24.539908199148112,3.9817297404664402,12.236871120526889
Carside,PI-NSGA-II,13,55,32.577841253312066,3.860813261575222,11.118740735391574
Carside,PI-NSGA-II,13,55,36.15094490773293,3.8286556022235696,10.920014255636822
Carside,PI-NSGA-II,13,55,30.47210363718372,3.7730986969551576,11.610968262776733
Carside,PI-NSGA-II,13,55,28.317266725680433,3.812539085076496,11.94758538920469
Carside,PI-NSGA-II,13,55,34.78522256027854,3.6734435676546195,11.266441264904092
Carside,PI-NSGA-II,13,55,35.11958148081013,3.782775505030442,11.069606014125899
Carside,PI-NSGA-II,13,55,33.659616114681,3.8721888089211705,11.081168335657395
Carside,PI-NSGA-II,13,55,34.46185215157356,3.7988688167615914,11.024849907139933
Carside,PI-NSGA-II,13,55,24.38829418224911,3.9639057654236076,12.36226447552837
Carside,PI-NSGA-II,13,55,34.86818996012434,3.766879543734909,11.096123019798316
Carside,PI-NSGA-II,13,55,33.20756852935591,3.6788056850402007,11.51640149711513
Carside,PI-NSGA-II,13,55,35.44941337527179,3.8432054770470967,10.97775815181614
Carside,PI-NSGA-II,13,55,28.62151619522501,3.823546991054792,11.835402989879181
Carside,PI-NSGA-II,13,55,24.359702933414255,3.983844001767063,12.240136963939293
Carside,PI-NSGA-II,13,55,34.96828836103169,3.7197234185211485,11.19859541524289
Carside,PI-NSGA-II,13,55,35.2845360033579,3.8546620467596115,10.948382700753722
Carside,PI-NSGA-II,13,55,29.94829784554323,3.745510959857491,11.902438821407255
Carside,PI-NSGA-II,13,55,32.41269916294102,3.693168072568841,11.629228220398677
Carside,PI-NSGA-II,13,55,27.448101281315587,3.8167068687139496,12.03495384815337
Carside,PI-NSGA-II,13,55,28.794914885751833,3.8408613683680337,11.474384928815692
Carside,PI-NSGA-II,13,55,31.970730328368433,3.689231731796692,11.695014647565838
Carside,PI-NSGA-II,13,55,29.161594070824847,3.942267375048294,11.41285644515672
Carside,PI-NSGA-II,13,55,34.35107376551004,3.7004251286458865,11.271456270580998
Carside,PI-NSGA-II,13,55,29.661524020618444,3.8485182273950134,11.429001318046627
Carside,PI-NSGA-II,13,55,24.459715998902915,3.9823801920455026,12.353551485923326
Carside,PI-NSGA-II,13,55,25.074874825802933,3.995205909156925,12.144105861242782
Carside,PI-NSGA-II,13,55,32.13707004702651,3.7946267964618032,11.296943329679628
Carside,PI-NSGA-II,13,55,30.812726415774357,3.7263831633067475,11.732773069606402
Carside,PI-NSGA-II,13,55,25.342146249462782,3.8583824750254214,12.248317142916296
Carside,PI-NSGA-II,13,55,24.674043753903135,3.992607549980609,12.167713417861346
Carside,PI-NSGA-II,13,55,25.090958907143317,3.937356196975701,12.161732502667256
Carside,PI-NSGA-II,13,55,25.48611215765798,3.9217547779644635,12.116501266413788
Carside,PI-NSGA-II,13,55,35.58128532366297,3.767338977528376,11.059671218114989
Carside,PI-NSGA-II,13,55,27.360218805718606,3.949518187878317,11.527165356299449
Carside,PI-NSGA-II,13,55,26.389354466165273,3.8881179491247435,12.018326387980714
Carside,PI-NSGA-II,13,55,30.206074291840324,3.7291371850979185,11.911115311682206
Carside,PI-NSGA-II,13,55,30.439573226131515,3.741626242687173,11.848180487614616
Carside,PI-NSGA-II,13,55,25.475997916270433,3.8935153397144817,12.160461196057224
Carside,PI-NSGA-II,13,55,32.55201120419181,3.6789465425504906,11.597629350845455
Carside,PI-NSGA-II,13,55,26.945041000283368,3.8758239753406576,11.951569083893467
Carside,PI-NSGA-II,13,55,25.913331147320473,3.899107477502367,12.025272825017046
Carside,PI-NSGA-II,13,55,26.187339759804754,3.86926426153333,12.087425641487842
Carside,PI-NSGA-II,13,55,27.779381125371437,3.930585422438334,11.512033387281289
Carside,PI-NSGA-II,13,55,29.874566521966226,3.792275944226709,11.64072093272744
Carside,PI-NSGA-II,13,55,34.80451937151839,3.701897539193521,11.238630573685077
Carside,PI-NSGA-II,13,55,28.15997130913346,3.864988100324667,11.541780231906113
Carside,PI-NSGA-II,13,55,27.737899339614504,3.9572690647322464,11.485900891638778
Carside,PI-NSGA-II,13,55,24.878921740969638,3.9564349637906417,12.260785545371435
Carside,PI-NSGA-II,13,55,25.849284427862276,3.899041833915273,12.029762381768052
Carside,PI-NSGA-II,13,55,24.20295792974986,3.9999466739151104,12.29742017026776
Carside,PI-NSGA-II,13,55,29.29140245480739,3.8318795084204553,11.628332399701787
Carside,PI-NSGA-II,13,55,26.5130125849882,3.846201004632033,12.013834529586417
Carside,PI-NSGA-II,13,55,34.18109880799321,3.8088657157141257,11.043697097066705
Carside,PI-NSGA-II,13,55,33.80771641501129,3.801598283319161,11.082760290502758
Carside,PI-NSGA-II,13,55,28.207854009924716,3.861000608791754,11.501381918347585
Carside,PI-NSGA-II,13,55,32.54982443477572,3.6786132868136807,11.605940804887693
Carside,PI-NSGA-II,13,55,25.13789902720621,3.951794865702158,12.106273062921442
Carside,PI-NSGA-II,13,55,30.397706775692697,3.7429146291488924,11.85967480161494
Carside,PI-NSGA-II,13,55,31.84523929601889,3.883875400918343,11.19287994635402
Carside,PI-NSGA-II,13,55,29.19495032815815,3.9470518164307964,11.40639129469954
Carside,PI-NSGA-II,13,55,34.56123605598267,3.766879543734909,11.119785783486632
Carside,PI-NSGA-II,13,55,31.79019654591467,3.74606946282387,11.436818658644079
Carside,PI-NSGA-II,13,55,26.09496005091315,3.8917910753419735,11.977207566715796
Carside,PI-NSGA-II,13,55,36.42690348247254,3.8053611671873284,10.906533029515282
Carside,PI-NSGA-II,13,55,24.596324969081024,3.995205909156925,12.179345467760527
Carside,PI-NSGA-II,14,56,34.74265111653708,3.798508972347053,10.990208757082259
Carside,PI-NSGA-II,14,56,26.778475095266387,3.852193644450986,11.988469335702156
Carside,PI-NSGA-II,14,56,25.65417406926245,3.9993434839541786,11.884045902070195
Carside,PI-NSGA-II,14,56,34.638633574480544,3.9168625937902304,10.942377071641491
Carside,PI-NSGA-II,14,56,32.95801956602345,3.6887825254539575,11.403290248265467
Carside,PI-NSGA-II,14,56,30.0619902198457,3.7658045157597653,11.649816394384114
Carside,PI-NSGA-II,14,56,32.31168642759283,3.9543844572028863,11.070410364137865
Carside,PI-NSGA-II,14,56,27.373935513418047,3.878177622522686,11.718379306715377
Carside,PI-NSGA-II,14,56,31.632882514558858,3.9898626575885525,11.127381642252175
Carside,PI-NSGA-II,14,56,29.87981374191264,3.7525007403861252,11.943326270540833
Carside,PI-NSGA-II,14,56,34.4062681409507,3.7730854692360967,11.098131404026791
Carside,PI-NSGA-II,14,56,29.394565118025586,3.782891397339793,11.670895412178059
Carside,PI-NSGA-II,14,56,33.28075333812995,3.79037897183632,11.161207560692194
Carside,PI-NSGA-II,14,56,33.09917632306153,3.6963403816822438,11.37541728962234
Carside,PI-NSGA-II,14,56,34.628855694757625,3.9163285764401987,10.944619149629263
Carside,PI-NSGA-II,14,56,27.090172718691267,3.8578327957999603,11.761229219515263
Carside,PI-NSGA-II,14,56,32.75164125270216,3.6963403816822438,11.406517030677763
Carside,PI-NSGA-II,14,56,28.646843362996872,3.8259960060313705,11.62263693475153
Carside,PI-NSGA-II,14,56,33.62972842413835,3.738728552938727,11.261024442117947
Carside,PI-NSGA-II,14,56,34.227208525022455,3.735544308153998,11.193317603568392
Carside,PI-NSGA-II,14,56,30.25745375964376,3.807622352111359,11.41822923618303
Carside,PI-NSGA-II,14,56,32.54889557904443,3.9691707234783116,11.019027653480684
Carside,PI-NSGA-II,14,56,28.451122179006564,3.8194496319161693,11.777973137012722
Carside,PI-NSGA-II,14,56,27.4013630879514,3.8433148583847023,11.953654954208346
Carside,PI-NSGA-II,14,56,30.47288574544959,3.955463964214839,11.211238833768864
Carside,PI-NSGA-II,14,56,34.18254030439967,3.9171634648389375,10.976366828969146
Carside,PI-NSGA-II,14,56,27.489139274173347,3.8385752598390854,11.860117948414933
Carside,PI-NSGA-II,14,56,31.22602756311977,3.7468560382461162,11.48821607805786
Carside,PI-NSGA-II,14,56,29.036494602276868,3.793582112733849,11.725846691796166
Carside,PI-NSGA-II,14,56,32.009363488831724,3.7207159386743394,11.459510711666605
Carside,PI-NSGA-II,14,56,27.74137818785634,3.86430048421821,11.549233277295697
Carside,PI-NSGA-II,14,56,33.45350996350431,3.9772349020255655,10.979276243054027
Carside,PI-NSGA-II,14,56,29.538074212528993,3.8915021048455527,11.367320804629866
Carside,PI-NSGA-II,14,56,34.45857207351241,3.705958526379339,11.279015819991155
Carside,PI-NSGA-II,14,56,31.688800149672545,3.734612147599767,11.47246749635464
Carside,PI-NSGA-II,14,56,26.273382062549448,3.920029417229257,11.841056815337357
Carside,PI-NSGA-II,14,56,29.51383869012589,3.7949512333912216,11.593202129152964
Carside,PI-NSGA-II,14,56,27.318837117617413,3.921781361796691,11.614310261071456
Carside,PI-NSGA-II,14,56,33.3945295778158,3.828136265083479,11.107021407296372
Carside,PI-NSGA-II,14,56,25.977822228437788,3.9627969990811103,11.886177649114718
Carside,PI-NSGA-II,14,56,34.35099696484047,3.774877567856088,11.099685031464528
Carside,PI-NSGA-II,14,56,34.13629992037112,3.868219117681822,11.002982692761602
Carside,PI-NSGA-II,14,56,33.45880007487773,3.7797737310684743,11.224105059091022
Carside,PI-NSGA-II,14,56,30.627851343770466,3.8417371962041105,11.300996720310643
Carside,PI-NSGA-II,14,56,30.867711444527732,3.8163703107175517,11.355319440276734
Carside,PI-NSGA-II,14,56,33.83944173902711,3.724671586117612,11.291974554146297
Carside,PI-NSGA-II,14,56,28.249646711106067,3.8208539818767204,11.748807562889198
Carside,PI-NSGA-II,14,56,27.66602123917025,3.8546256053992938,11.637094412696193
Carside,PI-NSGA-II,14,56,31.79757697969451,3.895952875267572,11.263093772467435
Carside,PI-NSGA-II,14,56,33.73351128557981,3.7288606110269638,11.319848712560166
Carside,PI-NSGA-II,14,56,30.074920299040354,3.957364389203847,11.296824792610053
Carside,PI-NSGA-II,14,56,26.4091925176051,3.910540976790329,11.878131361665446
Carside,PI-NSGA-II,14,56,26.906002062137254,3.895405230687146,11.89692183285273
Carside,PI-NSGA-II,14,56,33.35224410948322,3.886280492527683,11.053901761405388
Carside,PI-NSGA-II,14,56,27.95777382023986,3.86135606783162,11.532554075125763
Carside,PI-NSGA-II,14,56,28.141129055596615,3.8443314867283482,11.537774204344672
Carside,PI-NSGA-II,14,56,28.031174655680367,3.8533349188136836,11.565768331398562
Carside,PI-NSGA-II,14,56,27.193760348765924,3.9012125682596537,11.738433822323024
Carside,PI-NSGA-II,14,56,31.430120492196423,3.9926924233223766,11.138565168390063
Carside,PI-NSGA-II,14,56,32.22206382729551,3.9864606546843775,11.030541476122075
Carside,PI-NSGA-II,14,56,26.85003145285288,3.937666242040483,11.704029383344654
Carside,PI-NSGA-II,14,56,33.40696239792786,3.7601686223672144,11.226227549577004
Carside,PI-NSGA-II,14,56,32.8266039159526,3.9509305553307286,11.005738378167427
Carside,PI-NSGA-II,14,56,32.92477818592614,3.981421538008641,11.000242976015869
Carside,PI-NSGA-II,14,56,32.603739244281336,3.6989158761024634,11.41611067808895
Carside,PI-NSGA-II,14,56,26.329626109594432,3.905292181126341,11.914561359038464
Carside,PI-NSGA-II,14,56,34.54395721398099,3.7026377486743947,11.257492046708803
Carside,PI-NSGA-II,14,56,30.15967970223846,3.867555149427316,11.312720263874795
Carside,PI-NSGA-II,14,56,30.991730382565027,3.7587940536575584,11.456716093148835
Carside,PI-NSGA-II,14,56,33.0340816906836,3.7573446152059686,11.315168667944853
Carside,PI-NSGA-II,14,56,33.76339970580504,3.7848615668805263,11.174575465592145
Carside,PI-NSGA-II,14,56,32.99438331101848,3.9113495957285296,11.026223210963018
Carside,PI-NSGA-II,14,56,27.860024040056025,3.8385752598390854,11.829067105188987
Carside,PI-NSGA-II,14,56,32.15239003437682,3.9685010994992496,11.129992974538936
Carside,PI-NSGA-II,14,56,30.690165261433453,3.9658096401985876,11.211025944064914
Carside,PI-NSGA-II,14,56,26.345253343603957,3.905014365129086,11.914022123262079
Carside,PI-NSGA-II,14,56,27.424760527014442,3.909498584622953,11.683721023024258
Carside,PI-NSGA-II,14,56,26.790019630497127,3.9411308139089916,11.693149851627867
Carside,PI-NSGA-II,14,56,26.223623563753435,3.928342768443664,11.836261024510176
Carside,PI-NSGA-II,14,56,28.79274966095287,3.929113743805053,11.432985307569648
Carside,PI-NSGA-II,14,56,29.27697795877059,3.786749474613512,11.67267964563973
Carside,PI-NSGA-II,14,56,31.153292766955232,3.7472618458926013,11.493901199872354
Carside,PI-NSGA-II,14,56,34.01826167045208,3.7287969117733164,11.23943688766953
Carside,PI-NSGA-II,14,56,27.019915726307104,3.8976374468134676,11.799848100346018
Carside,PI-NSGA-II,14,56,32.8101241483084,3.6963403816822438,11.392556323468568
Carside,PI-NSGA-II,14,56,31.424740762176615,3.7284424398203777,11.582390362649924
Carside,PI-NSGA-II,14,56,25.68910084426208,3.9993093985867754,11.822175800086535
Carside,PI-NSGA-II,14,56,31.346270489802674,3.709474775421864,11.709245722075023
Carside,PI-NSGA-II,14,56,28.896699446635406,3.7972147674258476,11.739378967967745
Carside,PI-NSGA-II,14,56,26.546181254952593,3.9099809804892027,11.866793504293572
Carside,PI-NSGA-II,14,56,32.22426791938937,3.802560888947774,11.28704066106657
Carside,PI-NSGA-II,14,56,29.64177920756356,3.7915012066770744,11.630056210713754
Carside,PI-NSGA-II,14,56,26.18130728645379,3.9325578941920005,11.837868147479279
Carside,PI-NSGA-II,14,56,32.95923918892246,3.8482225385110747,11.134924477774735
Carside,PI-NSGA-II,14,56,26.572498629130635,3.909716456524866,11.86438785909273
Carside,PI-NSGA-II,14,56,28.995207943716665,3.81560781789602,11.642536968307507
Carside,PI-NSGA-II,14,56,29.876529091862263,3.7892456514168247,11.506962187723463
Carside,PI-NSGA-II,14,56,26.071108876885386,3.972373153817485,11.812953908336311
Carside,PI-NSGA-II,14,56,31.867988883452995,3.9823519917847605,11.141966691602459
Carside,PI-NSGA-II,14,56,29.90343098950729,3.784897443983946,11.591591568159227
Carside,PI-NSGA-II,15,57,33.40958199417545,3.9257569240827226,11.052092415042061
Carside,PI-NSGA-II,15,57,34.16910618361084,3.797016769714557,11.061214201773033
Carside,PI-NSGA-II,15,57,25.610929442024144,3.999978208001993,11.846999164194237
Carside,PI-NSGA-II,15,57,31.591829428847735,3.73931900503488,11.412288849523149
Carside,PI-NSGA-II,15,57,25.074007737573012,3.998825618515925,11.991097944246295
Carside,PI-NSGA-II,15,57,25.07606075614798,3.9986304827442463,11.991491509579792
Carside,PI-NSGA-II,15,57,31.4742219848951,3.754330184950207,11.407061399540137
Carside,PI-NSGA-II,15,57,31.643100901968868,3.739478762528985,11.40613467710872
Carside,PI-NSGA-II,15,57,25.332340781394883,3.9957105057512616,11.957439490850525
Carside,PI-NSGA-II,15,57,31.967100612183994,3.7796965727377745,11.299207648993086
Carside,PI-NSGA-II,15,57,33.66159202063074,3.7946157169014554,11.117568242643024
Carside,PI-NSGA-II,15,57,28.322931936939217,3.843757304753742,11.582592955234674
Carside,PI-NSGA-II,15,57,26.596884374670037,3.8865025894803793,11.85830347946405
Carside,PI-NSGA-II,15,57,30.85060255510943,3.765749397027358,11.451150589163355
Carside,PI-NSGA-II,15,57,27.677462831577586,3.899393360669152,11.522575216709667
Carside,PI-NSGA-II,15,57,25.516220005589286,3.9724953623480648,11.930525957356839
Carside,PI-NSGA-II,15,57,29.20333947900836,3.8122045137069254,11.564678622792545
Carside,PI-NSGA-II,15,57,28.488263324640297,3.8258912254886135,11.633958757328553
Carside,PI-NSGA-II,15,57,30.92126276504851,3.763329635810502,11.450140043891944
Carside,PI-NSGA-II,15,57,30.654546400951975,3.960638171990853,11.245157952307054
Carside,PI-NSGA-II,15,57,28.86025475846843,3.940969996570735,11.384569941539272
Carside,PI-NSGA-II,15,57,27.564263660100625,3.9490644533379182,11.506780951838765
Carside,PI-NSGA-II,15,57,30.177296082638616,3.7876474524402877,11.440937225507303
Carside,PI-NSGA-II,15,57,26.892485202695248,3.911555705729623,11.755651458750611
Carside,PI-NSGA-II,15,57,31.111963473253667,3.8836876366494577,11.245744553082258
Carside,PI-NSGA-II,15,57,30.52685230296868,3.7694453369798335,11.478398341890713
Carside,PI-NSGA-II,15,57,29.26612005304548,3.8290950236970223,11.498670248915058
Carside,PI-NSGA-II,15,57,29.15931452522123,3.936014073519069,11.36000134282326
Carside,PI-NSGA-II,15,57,31.01161961211539,3.961293048270946,11.227334477770126
Carside,PI-NSGA-II,15,57,28.64933720339505,3.905686713077632,11.421084856074255
Carside,PI-NSGA-II,15,57,29.80283241153714,3.8343662605977116,11.439820482063283
Carside,PI-NSGA-II,15,57,26.078451196119207,3.9724541894422707,11.796301318126115
Carside,PI-NSGA-II,15,57,25.6533562867879,3.96920244022589,11.921578638370988
Carside,PI-NSGA-II,15,57,25.766617634124998,3.9704197493147464,11.871242507343666
Carside,PI-NSGA-II,15,57,32.547180338062944,3.837457600901402,11.136076659549808
Carside,PI-NSGA-II,15,57,26.797167039897907,3.908318423012012,11.778721372349445
Carside,PI-NSGA-II,15,57,29.400285376459102,3.964988904717445,11.319570552252447
Carside,PI-NSGA-II,15,57,30.60289547588653,3.8614187961517965,11.27936447558756
Carside,PI-NSGA-II,15,57,26.29861621937778,3.9970646109207757,11.669713311811343
Carside,PI-NSGA-II,15,57,27.24871897175605,3.8659970742344525,11.707518743401398
Carside,PI-NSGA-II,15,57,27.150097917182965,3.848565269570732,11.812128272786147
Carside,PI-NSGA-II,15,57,27.01943631341504,3.9098339904962582,11.77344136691839
Carside,PI-NSGA-II,15,57,31.81175712323083,3.8631680202872767,11.160121488875795
Carside,PI-NSGA-II,15,57,32.30135119540419,3.7762232288188873,11.287870186684792
Carside,PI-NSGA-II,15,57,25.175008450694364,3.997436552610395,11.968242728583096
Carside,PI-NSGA-II,15,57,27.73189779100947,3.8914826038013297,11.528748261005658
Carside,PI-NSGA-II,15,57,27.90988145064239,3.841853689280485,11.733694670761118
Carside,PI-NSGA-II,15,57,33.31069805708179,3.8177828327373513,11.103574870505021
Carside,PI-NSGA-II,15,57,26.667644638793153,3.9933236421904583,11.619173838933829
Carside,PI-NSGA-II,15,57,25.24329503282765,3.9885764102323713,11.96789204733494
Carside,PI-NSGA-II,15,57,31.67796741223707,3.867302165965094,11.251320020485224
Carside,PI-NSGA-II,15,57,29.674471526826025,3.878952987274504,11.366248556051117
Carside,PI-NSGA-II,15,57,26.383116215836058,3.894008174881269,11.898007616648064
Carside,PI-NSGA-II,15,57,26.815867915170397,3.982224598196047,11.602208800635825
Carside,PI-NSGA-II,15,57,32.97151380954248,3.807216774724239,11.150185523678974
Carside,PI-NSGA-II,15,57,28.390024883941106,3.8269072611905623,11.626781169304348
Carside,PI-NSGA-II,15,57,32.59145392289505,3.820326389891895,11.211629578749347
Carside,PI-NSGA-II,15,57,33.18673463163628,3.803732408343243,11.171506388054844
Carside,PI-NSGA-II,15,57,29.043969899975888,3.852929170998003,11.426875316764043
Carside,PI-NSGA-II,15,57,27.027636732784007,3.9142934905198032,11.744490022806929
Carside,PI-NSGA-II,15,57,29.487134610650152,3.8802374917621463,11.36963489961656
Carside,PI-NSGA-II,15,57,26.86084318282239,3.9050424143024953,11.837858748980743
Carside,PI-NSGA-II,15,57,28.50254282844164,3.8241107420877896,11.631291667611872
Carside,PI-NSGA-II,15,57,26.4434065444822,3.9157411752324425,11.87645277037823
Carside,PI-NSGA-II,15,57,26.144249826608647,3.9867742601102685,11.721698969200403
Carside,PI-NSGA-II,15,57,31.782032331251596,3.9160079662130594,11.190690691444484
Carside,PI-NSGA-II,15,57,32.80319218864878,3.820266068379107,11.179107046312684
Carside,PI-NSGA-II,15,57,31.23234118272351,3.9503232920080777,11.23260542252449
Carside,PI-NSGA-II,15,57,33.14770660981955,3.80533228683903,11.144716048885588
Carside,PI-NSGA-II,15,57,32.90824471537794,3.814231381033736,11.16873935448115
Carside,PI-NSGA-II,15,57,25.489317913448843,3.999874780259285,11.88580032403767
Carside,PI-NSGA-II,15,57,32.398340085367636,3.8492814147960672,11.121942184131019
Carside,PI-NSGA-II,15,57,26.253345392573568,3.9866266640276624,11.69140986850082
Carside,PI-NSGA-II,15,57,27.968492600368478,3.851296254796842,11.539767271747326
Carside,PI-NSGA-II,15,57,26.83221688989019,3.982456396959016,11.597273650947688
Carside,PI-NSGA-II,15,57,26.934270752455546,3.9911220153101383,11.515064418487334
Carside,PI-NSGA-II,15,57,27.87692151708305,3.8563737458783818,11.548314969099074
Carside,PI-NSGA-II,15,57,28.163002827708745,3.8632266580492596,11.502684105120554
Carside,PI-NSGA-II,15,57,31.35842886393844,3.8719470015643256,11.264224327519724
Carside,PI-NSGA-II,15,57,27.130819148478118,3.8501338399720733,11.812630526856658
Carside,PI-NSGA-II,15,57,29.914423087261167,3.9554669910603026,11.275112366424533
Carside,PI-NSGA-II,15,57,29.984683838769257,3.8762762575712397,11.320728572612493
Carside,PI-NSGA-II,15,57,30.30227033663939,3.9320391430216897,11.301801947279106
Carside,PI-NSGA-II,15,57,32.749425588233294,3.9409375647168297,11.083671775391412
Carside,PI-NSGA-II,15,57,28.72244709665687,3.8547543583711126,11.471392162630877
Carside,PI-NSGA-II,15,57,27.351092221454344,3.9648772265317787,11.509697010079037
Carside,PI-NSGA-II,15,57,25.081758511717197,3.998695403303659,11.990852555990157
Carside,PI-NSGA-II,15,57,32.26623061597064,3.8968847491771914,11.10272626627313
Carside,PI-NSGA-II,15,57,27.443593750556914,3.998695403303659,11.461764468978156
Carside,PI-NSGA-II,15,57,26.727836305670724,3.8641703704714656,11.884218582616226
Carside,PI-NSGA-II,15,57,32.702635611226505,3.8182625582989296,11.19985942454811
Carside,PI-NSGA-II,15,57,33.76684420008551,3.80836977856795,11.100026399080459
Carside,PI-NSGA-II,15,57,27.845004149814248,3.8564239414326336,11.530883586542066
Carside,PI-NSGA-II,15,57,26.211199075525,3.99830951210414,11.68899956643033
Carside,PI-NSGA-II,15,57,30.332188194024692,3.785994555683578,11.451037648916076
Carside,PI-NSGA-II,15,57,30.008029103002645,3.872901789434848,11.339711697166667
Carside,PI-NSGA-II,15,57,26.411663385388586,3.9214568663620835,11.830117368192438
Carside,PI-NSGA-II,15,57,32.12819217703163,3.7732046637679457,11.29189931151501
Carside,PI-NSGA-II,15,57,29.62689192859013,3.8343662605977116,11.488392760057433
Carside,PI-NSGA-II,15,57,27.76175685140167,3.92038763332245,11.486812887320175
Carside,PI-NSGA-II,16,58,23.845722936469194,3.9906977378994357,12.45061096311999
Carside,PI-NSGA-II,16,58,25.137956595418878,3.9999955829949814,12.083445944193137
Carside,PI-NSGA-II,16,58,39.4868219958518,3.613482687954386,10.920818533505724
Carside,PI-NSGA-II,16,58,39.101869670826986,3.8440654056951518,10.732490406481787
Carside,PI-NSGA-II,16,58,36.328756692201516,3.58532158099804,11.721147153512037
Carside,PI-NSGA-II,16,58,23.595736721017822,3.9998155911748206,12.42131908530324
Carside,PI-NSGA-II,16,58,30.213799171610884,3.872583614993334,11.392206448260353
Carside,PI-NSGA-II,16,58,35.313236469768874,3.6243499178750835,11.806139715622784
Carside,PI-NSGA-II,16,58,37.563014938891605,3.6030930424772594,11.549182542569111
Carside,PI-NSGA-II,16,58,24.39433083304039,3.964698972411395,12.324179769366413
Carside,PI-NSGA-II,16,58,36.923481719221215,3.761168183279127,10.988530704401185
Carside,PI-NSGA-II,16,58,34.72661465094082,3.638791770227087,11.650127719251497
Carside,PI-NSGA-II,16,58,30.57605030420236,3.92119135881706,11.336024018139309
Carside,PI-NSGA-II,16,58,33.12863281643474,3.764748361815042,11.34383432766927
Carside,PI-NSGA-II,16,58,33.53126394286819,3.6691678292581393,11.854897647586458
Carside,PI-NSGA-II,16,58,33.36533045670743,3.6728043746847536,11.874573245455634
Carside,PI-NSGA-II,16,58,27.379330754637657,3.823563206478743,12.11090747393277
Carside,PI-NSGA-II,16,58,32.85561870931748,3.719392022587125,11.431988981432388
Carside,PI-NSGA-II,16,58,32.63971624039242,3.914481694420347,11.109176044359529
Carside,PI-NSGA-II,16,58,38.87836909962142,3.770122914018853,10.805281189947067
Carside,PI-NSGA-II,16,58,30.750230806830857,3.70737263490401,12.07178037699222
Carside,PI-NSGA-II,16,58,36.16692964370718,3.7431568874158803,11.056902255193709
Carside,PI-NSGA-II,16,58,25.62865947484622,3.9751629322018966,12.071393671450156
Carside,PI-NSGA-II,16,58,39.17285371284577,3.7576604426616322,10.774463133822458
Carside,PI-NSGA-II,16,58,24.111843456037803,3.9606421945240053,12.40420446763592
Carside,PI-NSGA-II,16,58,31.061680950373848,3.7213475171871004,11.922906858955358
Carside,PI-NSGA-II,16,58,28.834892349106934,3.817703107108741,12.184129404528182
Carside,PI-NSGA-II,16,58,33.785781167576566,3.6094752302337865,12.017375986304398
Carside,PI-NSGA-II,16,58,37.68578309644772,3.597585920032353,11.535468520785871
Carside,PI-NSGA-II,16,58,29.587600259839423,3.735154484440435,11.997190381145547
Carside,PI-NSGA-II,16,58,25.337982587166067,3.930299963573075,12.14562556819988
Carside,PI-NSGA-II,16,58,38.65540081974027,3.7825531087029143,10.833609886100168
Carside,PI-NSGA-II,16,58,38.08284727396987,3.80033258472292,10.854714757652467
Carside,PI-NSGA-II,16,58,29.453736266657263,3.9470951260760323,11.373530297229497
Carside,PI-NSGA-II,16,58,34.62602909596816,3.7143606860045826,11.211756806415103
Carside,PI-NSGA-II,16,58,37.87617093876372,3.811513803901337,10.874026420155497
Carside,PI-NSGA-II,16,58,36.808282897632424,3.725599171454638,11.021227635437844
Carside,PI-NSGA-II,16,58,32.55814776151311,3.696484488372899,11.86792887720025
Carside,PI-NSGA-II,16,58,39.47620836285261,3.754448397089418,10.744693616888956
Carside,PI-NSGA-II,16,58,26.154908320535476,3.8507214223316,12.088872570937925
Carside,PI-NSGA-II,16,58,35.390563066642535,3.6618560920781733,11.299874934136032
Carside,PI-NSGA-II,16,58,34.36252045120746,3.6417287658893094,11.704180615936115
Carside,PI-NSGA-II,16,58,29.05083807021609,3.8827593818675497,11.418376992627767
Carside,PI-NSGA-II,16,58,35.13812819718547,3.775420541298034,11.147515505215917
Carside,PI-NSGA-II,16,58,38.85598927008185,3.7902987226891627,10.779697990604944
Carside,PI-NSGA-II,16,58,29.243730404369668,3.8797744820222615,11.402778651425201
Carside,PI-NSGA-II,16,58,24.766294018347153,3.903285358633591,12.351934932256171
Carside,PI-NSGA-II,16,58,38.532284599567255,3.7825531087029143,10.879703075883507
Carside,PI-NSGA-II,16,58,32.03977689594584,3.748562009593246,11.482856822952913
Carside,PI-NSGA-II,16,58,32.59078894767608,3.914481694420347,11.111449842153132
Carside,PI-NSGA-II,16,58,25.06054309711775,3.9272656160944823,12.255463064949428
Carside,PI-NSGA-II,16,58,30.99370389424388,3.973035241612831,11.23558379286315
Carside,PI-NSGA-II,16,58,27.669716124762402,3.886433683404388,11.748432718626457
Carside,PI-NSGA-II,16,58,35.76302738399287,3.6727351365601515,11.27474442933019
Carside,PI-NSGA-II,16,58,28.529356886930188,3.910211715719493,11.465642519419161
Carside,PI-NSGA-II,16,58,23.92819206009866,3.9878847056796864,12.376532557182877
Carside,PI-NSGA-II,16,58,36.17226005030277,3.8617674898310215,10.994859422461605
Carside,PI-NSGA-II,16,58,29.581583701409155,3.9571941338704955,11.354256320681351
Carside,PI-NSGA-II,16,58,33.58054102295353,3.8282882671945284,11.25255293903898
Carside,PI-NSGA-II,16,58,27.053940035562675,3.9778882134954343,11.584731565475613
Carside,PI-NSGA-II,16,58,37.963562783108706,3.7359523097892766,10.941059196095265
Carside,PI-NSGA-II,16,58,28.90417930308248,3.836013188454184,11.472554166460496
Carside,PI-NSGA-II,16,58,36.73396994554718,3.7314120520457994,11.035059488109583
Carside,PI-NSGA-II,16,58,31.264210626320367,3.76141700253741,11.792819567688596
Carside,PI-NSGA-II,16,58,39.12693655487867,3.6200641361026276,10.96966470689113
Carside,PI-NSGA-II,16,58,34.9102411856934,3.8403686596530417,11.026486809055005
Carside,PI-NSGA-II,16,58,31.81844035987755,3.660823106799551,11.959061613642017
Carside,PI-NSGA-II,16,58,26.477739974397924,3.9998155911748206,11.634018568045855
Carside,PI-NSGA-II,16,58,32.48735397227771,3.646994465131905,11.992769844599948
Carside,PI-NSGA-II,16,58,31.320184042066682,3.6864902475687593,12.00954003122017
Carside,PI-NSGA-II,16,58,29.27587022194388,3.8299891226587657,11.443556092592287
Carside,PI-NSGA-II,16,58,38.28657614352943,3.796052277630419,10.832104887616651
Carside,PI-NSGA-II,16,58,35.53194931827775,3.6179089003578047,11.82844991637082
Carside,PI-NSGA-II,16,58,31.210086529417243,3.967967237125513,11.171509725132147
Carside,PI-NSGA-II,16,58,38.5202284577162,3.7925976923444664,10.862655932795104
Carside,PI-NSGA-II,16,58,32.10992818904017,3.659208634619001,11.966978586212537
Carside,PI-NSGA-II,16,58,26.63390589794321,3.8572746485144647,12.04152511097909
Carside,PI-NSGA-II,16,58,31.868263885483508,3.752379825473691,11.42351543780942
Carside,PI-NSGA-II,16,58,31.642010632901844,3.7346773788073415,11.814426255659743
Carside,PI-NSGA-II,16,58,34.25158387519931,3.657075657691571,11.68822060569995
Carside,PI-NSGA-II,16,58,32.3473390536167,3.6836011753980413,11.907087993401507
Carside,PI-NSGA-II,16,58,34.07225192625826,3.655956047936683,11.720913014117698
Carside,PI-NSGA-II,16,58,34.524236725307105,3.796584766413494,11.195755486186691
Carside,PI-NSGA-II,16,58,28.228254388953406,3.884849513810889,11.535601848100494
Carside,PI-NSGA-II,16,58,25.239953350902315,3.959866616960209,12.127687850175494
Carside,PI-NSGA-II,16,58,36.47150507845172,3.5892084078488025,11.634449484831027
Carside,PI-NSGA-II,16,58,31.834198442439885,3.894926675314385,11.282726029598987
Carside,PI-NSGA-II,16,58,36.65735299575185,3.734153666464705,11.050422743578544
Carside,PI-NSGA-II,16,58,36.130597903447956,3.5894653178076172,11.764563046507952
Carside,PI-NSGA-II,16,58,25.15076589594563,3.8880590493730796,12.302905210541894
Carside,PI-NSGA-II,16,58,23.719255813699423,3.997159598546908,12.39798685238139
Carside,PI-NSGA-II,16,58,36.827386262629595,3.8763726570601,10.92930622959586
Carside,PI-NSGA-II,16,58,31.727075039616995,3.942746263120474,11.213310046421316
Carside,PI-NSGA-II,16,58,25.00899171662381,3.982352323128994,12.208683651276356
Carside,PI-NSGA-II,16,58,26.860060263573587,3.9936897132244167,11.60902428755143
Carside,PI-NSGA-II,16,58,33.89748095725612,3.8032631983119334,11.244327230581096
Carside,PI-NSGA-II,16,58,36.71049720240006,3.8992000431291878,10.934643574388195
Carside,PI-NSGA-II,16,58,27.480813495696474,3.8927274938244936,11.558558085768471
Carside,PI-NSGA-II,16,58,31.33370214558815,3.6858034137275593,12.011036601512313
Carside,PI-NSGA-II,16,58,34.545335415487834,3.642857209261524,11.68660042699628
Carside,PI-NSGA-II,17,59,26.71958326297951,3.9987789635224367,11.544230828960217
Carside,PI-NSGA-II,17,59,39.86557850452055,3.681708688672566,10.872836104874267
Carside,PI-NSGA-II,17,59,40.24497016030453,3.587156517109345,10.991177487163926
Carside,PI-NSGA-II,17,59,23.706187189605973,3.990219598457003,12.474206087456897
Carside,PI-NSGA-II,17,59,40.455553556935854,3.601738210912711,10.87900589665211
Carside,PI-NSGA-II,17,59,35.388506346755044,3.6114251602101435,11.402031304562819
Carside,PI-NSGA-II,17,59,30.095302314440826,3.7018022899454275,12.152044049587387
Carside,PI-NSGA-II,17,59,28.26947063689826,3.909713136795713,11.504517381492533
Carside,PI-NSGA-II,17,59,38.05251892032982,3.6438723225446306,11.114355735539474
Carside,PI-NSGA-II,17,59,31.88605550777076,3.6290069319915568,12.210779116527636
Carside,PI-NSGA-II,17,59,37.48862493696276,3.7590420051820477,10.963523194267285
Carside,PI-NSGA-II,17,59,34.8051240709368,3.6240706089217833,11.460757097471731
Carside,PI-NSGA-II,17,59,39.46728100234424,3.6204518000978108,10.98234300606581
Carside,PI-NSGA-II,17,59,36.438390585782535,3.7861362735557265,11.048618400048177
Carside,PI-NSGA-II,17,59,35.95824218270945,3.6727393667617214,11.210569293312945
Carside,PI-NSGA-II,17,59,36.86226760777084,3.694402749737179,11.068209940200155
Carside,PI-NSGA-II,17,59,32.6039926533006,3.8405627467756625,11.140402052993176
Carside,PI-NSGA-II,17,59,34.221376537879024,3.7275768862221086,11.362518833394306
Carside,PI-NSGA-II,17,59,37.86532030498205,3.6151077545889803,11.196503284859798
Carside,PI-NSGA-II,17,59,39.34607975423118,3.6676510300133014,10.964536234106333
Carside,PI-NSGA-II,17,59,38.90420076178359,3.7119040686390745,10.922914032538973
Carside,PI-NSGA-II,17,59,36.07440636087314,3.658105777345192,11.27224422340743
Carside,PI-NSGA-II,17,59,31.39781603776658,3.7455447084847435,11.47284716038385
Carside,PI-NSGA-II,17,59,27.287995632566332,3.8685577498225783,11.861775088714202
Carside,PI-NSGA-II,17,59,33.31810676428499,3.6365756994905176,11.714672951678914
Carside,PI-NSGA-II,17,59,27.14437464330071,3.8173524645706776,12.177625601794315
Carside,PI-NSGA-II,17,59,32.85471155156769,3.775014493384481,11.448012037771687
Carside,PI-NSGA-II,17,59,31.623055927586975,3.70424788890017,11.694076623368266
Carside,PI-NSGA-II,17,59,39.88265861121418,3.599499710449243,11.04555524185011
Carside,PI-NSGA-II,17,59,29.49249701405476,3.8676024214048907,11.38852678507893
Carside,PI-NSGA-II,17,59,34.35779957174372,3.6040750635057983,11.65441210382478
Carside,PI-NSGA-II,17,59,23.840451405935912,3.991493933010827,12.391754284771547
Carside,PI-NSGA-II,17,59,29.15661696406887,3.9246190487777333,11.38268355528014
Carside,PI-NSGA-II,17,59,26.19016289563346,3.9175022248763742,11.957592473042329
Carside,PI-NSGA-II,17,59,25.839124130982363,3.8521554464458685,12.30435135500117
Carside,PI-NSGA-II,17,59,24.363692572874513,3.93574275830398,12.455511630977957
Carside,PI-NSGA-II,17,59,27.880555125439827,3.9519609938254217,11.466526759120566
Carside,PI-NSGA-II,17,59,40.10824939456443,3.6156198229098595,10.92215999628155
Carside,PI-NSGA-II,17,59,35.65543536525995,3.697239578753866,11.239087002633724
Carside,PI-NSGA-II,17,59,33.281681549391976,3.9229946733806726,11.007727298783058
Carside,PI-NSGA-II,17,59,29.353851880610016,3.8019767410726053,11.617678293854746
Carside,PI-NSGA-II,17,59,25.620164599769808,3.94579821916226,12.029928488903721
Carside,PI-NSGA-II,17,59,28.73731719394153,3.897583497816015,11.483793199739502
Carside,PI-NSGA-II,17,59,25.14902474451422,3.959693739454086,12.113785021409505
Carside,PI-NSGA-II,17,59,30.936839702656297,3.8410161462740424,11.336162341082538
Carside,PI-NSGA-II,17,59,25.65145778274173,3.8963686586983592,12.07472206934127
Carside,PI-NSGA-II,17,59,37.11987562634111,3.7420650903186683,10.999981992620881
Carside,PI-NSGA-II,17,59,33.08645876040507,3.650739238373788,11.734748008558267
Carside,PI-NSGA-II,17,59,36.70197515473479,3.7795953583870454,11.089723190598026
Carside,PI-NSGA-II,17,59,26.13993158040716,3.921366557991485,11.993112258492179
Carside,PI-NSGA-II,17,59,26.066949093309184,3.8280998420151353,12.338812268797675
Carside,PI-NSGA-II,17,59,31.666219145959584,3.6829770521410796,11.94260309287968
Carside,PI-NSGA-II,17,59,26.69264220889859,3.976682582755629,11.755364485668474
Carside,PI-NSGA-II,17,59,39.753923052042914,3.6167916923632237,10.96271417118214
Carside,PI-NSGA-II,17,59,30.854481499424622,3.721084538809211,11.831858834143098
Carside,PI-NSGA-II,17,59,32.04666576704074,3.6852932098455975,11.749376879408846
Carside,PI-NSGA-II,17,59,29.837956823889808,3.9703109989760956,11.298792698753566
Carside,PI-NSGA-II,17,59,24.199099634892264,3.9381779867846887,12.47145303765095
Carside,PI-NSGA-II,17,59,24.000450718883965,3.9879827327249213,12.35799069884331
Carside,PI-NSGA-II,17,59,33.14330633194283,3.6338812155658085,11.76450300452936
Carside,PI-NSGA-II,17,59,31.234635754106307,3.6531317041780564,12.243026979708745
Carside,PI-NSGA-II,17,59,28.44807187475181,3.811239434068781,11.824785706633223
Carside,PI-NSGA-II,17,59,35.58223218846822,3.783171499858705,11.08421164132822
Carside,PI-NSGA-II,17,59,40.36686728957077,3.594614588623077,10.88535086255468
Carside,PI-NSGA-II,17,59,32.092034637955564,3.7935963080272117,11.303578721944225
Carside,PI-NSGA-II,17,59,25.30900827401769,3.9406247258379783,12.160330191871498
Carside,PI-NSGA-II,17,59,38.68992949876437,3.6273974872347092,11.001886419485153
Carside,PI-NSGA-II,17,59,26.55731820822704,3.87940507167096,11.906653575367194
Carside,PI-NSGA-II,17,59,25.46625070267818,3.9388187767757548,12.101893908512855
Carside,PI-NSGA-II,17,59,28.075989391318274,3.9331061420077744,11.540373405317375
Carside,PI-NSGA-II,17,59,25.543621885450328,3.8327657989559003,12.375497569621505
Carside,PI-NSGA-II,17,59,30.294588269212895,3.9803685816390524,11.232318030009127
Carside,PI-NSGA-II,17,59,24.764103492250406,3.8926255381636548,12.412466187224286
Carside,PI-NSGA-II,17,59,26.851552669360807,3.9986134356194523,11.537286680509968
Carside,PI-NSGA-II,17,59,26.727306073031222,3.8761456077868086,11.898933540887498
Carside,PI-NSGA-II,17,59,27.334094375112613,3.8881047564831985,11.827867833320832
Carside,PI-NSGA-II,17,59,25.83678312534587,3.897014664145976,12.065145862019062
Carside,PI-NSGA-II,17,59,28.63903731127698,3.8237747142498706,11.626671190060573
Carside,PI-NSGA-II,17,59,27.779385457595453,3.9633531110925118,11.482111701588611
Carside,PI-NSGA-II,17,59,33.92994330880374,3.7083810671053823,11.423404822515032
Carside,PI-NSGA-II,17,59,31.113822213329044,3.717442694053449,11.745860669739612
Carside,PI-NSGA-II,17,59,29.34017931740009,3.8036662231863994,11.588061721592629
Carside,PI-NSGA-II,17,59,30.396158124206014,3.9703831075887517,11.273750984558838
Carside,PI-NSGA-II,17,59,26.729922268966114,3.88206412577029,11.842004214403435
Carside,PI-NSGA-II,17,59,28.79319015286294,3.8041134491580784,11.793326460060177
Carside,PI-NSGA-II,17,59,33.36259726872421,3.7630289312362195,11.260361904040739
Carside,PI-NSGA-II,17,59,30.594913622383004,3.770579850251719,11.783373989670718
Carside,PI-NSGA-II,17,59,29.008410297071887,3.8153962335592664,11.56813849781963
Carside,PI-NSGA-II,17,59,26.34158841231318,3.8296035915783717,12.283272121609333
Carside,PI-NSGA-II,17,59,34.372116146071264,3.7390250203488784,11.224517903356901
Carside,PI-NSGA-II,17,59,26.39745139872739,3.88714695540358,12.010941621187682
Carside,PI-NSGA-II,17,59,34.13584041549069,3.796980960400725,11.151324482844071
Carside,PI-NSGA-II,17,59,32.16805379407918,3.831197307945697,11.18338571599291
Carside,PI-NSGA-II,17,59,34.71869345168752,3.729941247806501,11.296596710717477
Carside,PI-NSGA-II,17,59,32.961401550665975,3.6531578745859767,11.685096086012646
Carside,PI-NSGA-II,17,59,29.10901055765158,3.7751914954575505,12.254322399457767
Carside,PI-NSGA-II,17,59,23.961572138393116,3.9879827327249213,12.384102997876333
Carside,PI-NSGA-II,17,59,27.963664782491968,3.7703756085372424,12.326109128302964
Carside,PI-NSGA-II,17,59,39.795401842468785,3.6081527565314615,10.935014242727476
Carside,PI-NSGA-II,17,59,33.50283546379341,3.663195601058181,11.666109859009001
Carside,PI-NSGA-II,18,60,37.073052326264225,3.726873637070863,10.934012687251752
Carside,PI-NSGA-II,18,60,25.01671618367444,3.8613440147792586,12.322343138223903
Carside,PI-NSGA-II,18,60,35.08335240485006,3.610093173846794,11.363387014469112
Carside,PI-NSGA-II,18,60,24.207661945980355,3.9899987235566425,12.252065392028456
Carside,PI-NSGA-II,18,60,29.946487177629034,3.999991002111514,11.25497322291427
Carside,PI-NSGA-II,18,60,26.879778356109416,3.8230758583512032,12.128749200525245
Carside,PI-NSGA-II,18,60,24.510489224891746,3.9845163505086694,12.203661604778246
Carside,PI-NSGA-II,18,60,36.42867812856332,3.732827297367548,10.98105250831031
Carside,PI-NSGA-II,18,60,24.98407986112343,3.893998676630129,12.24964459727804
Carside,PI-NSGA-II,18,60,28.329504545363378,3.919897140672447,11.484442390387553
Carside,PI-NSGA-II,18,60,28.451643228248372,3.785037242603653,11.963289036373316
Carside,PI-NSGA-II,18,60,36.91041499906528,3.725997494315068,10.949802894586242
Carside,PI-NSGA-II,18,60,29.8607953848273,3.9998225210983804,11.258968752920117
Carside,PI-NSGA-II,18,60,27.006739043228613,3.927038015085201,11.82020764748113
Carside,PI-NSGA-II,18,60,25.699680641830458,3.878978585251868,12.155387805789694
Carside,PI-NSGA-II,18,60,25.894552069858808,3.8661078569847818,12.081052602761748
Carside,PI-NSGA-II,18,60,30.863157681309605,3.9123977856999286,11.23206118867765
Carside,PI-NSGA-II,18,60,26.24015065187657,3.934417332361727,11.87428909154739
Carside,PI-NSGA-II,18,60,34.97251418373044,3.628935016136884,11.344814671690889
Carside,PI-NSGA-II,18,60,34.56810590560465,3.6353971464370884,11.387776404151676
Carside,PI-NSGA-II,18,60,26.124888671453377,3.9430552162442694,11.909480283483214
Carside,PI-NSGA-II,18,60,29.383309146767147,3.7962813674776767,11.62190099198864
Carside,PI-NSGA-II,18,60,35.4552162319047,3.7586077793235044,11.10188768037468
Carside,PI-NSGA-II,18,60,35.212451796889276,3.618040480041778,11.332657091361169
Carside,PI-NSGA-II,18,60,27.63438110342151,3.9011829728000698,11.52271339695893
Carside,PI-NSGA-II,18,60,31.269949858315417,3.7418105492874147,11.624949467186962
Carside,PI-NSGA-II,18,60,24.4247806931743,3.984347473444831,12.207658253483059
Carside,PI-NSGA-II,18,60,34.62987792342412,3.6486004357874724,11.326504680707464
Carside,PI-NSGA-II,18,60,33.17883099148179,3.814880071118985,11.132411980847635
Carside,PI-NSGA-II,18,60,32.13401477984962,3.6913496769501264,11.601959666373604
Carside,PI-NSGA-II,18,60,26.518845811500594,3.8711882622157225,11.990502457608738
Carside,PI-NSGA-II,18,60,25.03599761432063,3.874855715365688,12.27916204302764
Carside,PI-NSGA-II,18,60,25.865226330566497,3.9476694502828966,11.933428735339033
Carside,PI-NSGA-II,18,60,30.138996793034135,3.9780744483408426,11.277681641973302
Carside,PI-NSGA-II,18,60,26.353554739749285,3.9940198724820597,11.681098586841397
Carside,PI-NSGA-II,18,60,34.866073478784394,3.6559467346361663,11.311104218315155
Carside,PI-NSGA-II,18,60,27.86623732012037,3.8293985689271897,11.842728950593106
Carside,PI-NSGA-II,18,60,33.645896162157875,3.839273660186981,11.005366256262906
Carside,PI-NSGA-II,18,60,32.132138956337144,3.6975032020498446,11.592931136579448
Carside,PI-NSGA-II,18,60,26.241386713613398,3.9929891171067666,11.727393949446665
Carside,PI-NSGA-II,18,60,33.53023115875116,3.682071433451045,11.38244816307405
Carside,PI-NSGA-II,18,60,28.72264411611151,3.8048283850397895,11.78892167897847
Carside,PI-NSGA-II,18,60,33.485451109324785,3.7683508816691473,11.324645196220201
Carside,PI-NSGA-II,18,60,31.828308132126647,3.842839164397648,11.193821412949674
Carside,PI-NSGA-II,18,60,27.740994478007504,3.8771173066569995,11.555277896656252
Carside,PI-NSGA-II,18,60,35.73007931160146,3.76301957338354,11.036614819168083
Carside,PI-NSGA-II,18,60,30.614241879357643,3.7795928459228785,11.43803690885625
Carside,PI-NSGA-II,18,60,32.464255641089274,3.714246223720629,11.400165245319787
Carside,PI-NSGA-II,18,60,35.91956094844608,3.747217492858182,11.051597068534772
Carside,PI-NSGA-II,18,60,28.101983044484125,3.8480604509478966,11.540510860660387
Carside,PI-NSGA-II,18,60,25.670866763311516,3.9531682619816433,12.059209725156343
Carside,PI-NSGA-II,18,60,34.753426180901464,3.791254792199329,11.067613112947658
Carside,PI-NSGA-II,18,60,33.955707233937446,3.6671889654871968,11.359122710436655
Carside,PI-NSGA-II,18,60,29.948037068528226,3.983834636329469,11.293297491749593
Carside,PI-NSGA-II,18,60,28.09529568746541,3.9534179037581296,11.436410180196226
Carside,PI-NSGA-II,18,60,31.467240262623942,3.7348748623397663,11.473268298793116
Carside,PI-NSGA-II,18,60,26.718180130014623,3.8891690885985386,11.86441831901228
Carside,PI-NSGA-II,18,60,25.100579113253726,3.859397357906447,12.313215960633872
Carside,PI-NSGA-II,18,60,34.34623575625345,3.753328379081094,11.181376544167694
Carside,PI-NSGA-II,18,60,33.84608392319584,3.6610712451078578,11.39281928677627
Carside,PI-NSGA-II,18,60,26.60316416634998,3.903898992990402,11.865172294572186
Carside,PI-NSGA-II,18,60,34.87543604768884,3.6223372879805456,11.37321088604022
Carside,PI-NSGA-II,18,60,32.36839269379991,3.9731217482465646,11.072543308589124
Carside,PI-NSGA-II,18,60,33.03696957088337,3.808717808082395,11.154326214179184
Carside,PI-NSGA-II,18,60,27.140030981524916,3.8747072328933085,11.71620101851318
Carside,PI-NSGA-II,18,60,32.890613602933705,3.7102788323194837,11.411474840512327
Carside,PI-NSGA-II,18,60,30.6893995212006,3.7616742881647647,11.64612455929446
Carside,PI-NSGA-II,18,60,30.742440975997496,3.987975768474215,11.206857121434549
Carside,PI-NSGA-II,18,60,31.71268712370602,3.730110235633989,11.458136576198218
Carside,PI-NSGA-II,18,60,32.78507686758038,3.6712992754425584,11.574198146068587
Carside,PI-NSGA-II,18,60,28.79802270349507,3.7994027534071906,11.792829175454319
Carside,PI-NSGA-II,18,60,31.165982685100417,3.8516452100145573,11.282685181249272
Carside,PI-NSGA-II,18,60,32.187615761929685,3.895665696090476,11.175458708233032
Carside,PI-NSGA-II,18,60,33.24834281386269,3.8120948076911056,11.138223231246105
Carside,PI-NSGA-II,18,60,26.79194164077062,3.963089595020613,11.66564874088835
Carside,PI-NSGA-II,18,60,25.374540909520807,3.8617053326420083,12.25441023273503
Carside,PI-NSGA-II,18,60,37.0461929732109,3.7197143650519857,10.946848340864484
Carside,PI-NSGA-II,18,60,26.809494054123174,3.8891690885985386,11.835863707617296
Carside,PI-NSGA-II,18,60,34.149035779490134,3.7658304929502004,11.161322849613855
Carside,PI-NSGA-II,18,60,35.99454166513675,3.72424806874413,11.076235321981432
Carside,PI-NSGA-II,18,60,34.5334061275604,3.7532979770006603,11.16418633162786
Carside,PI-NSGA-II,18,60,30.92634177546904,3.7647693494609853,11.422149047662435
Carside,PI-NSGA-II,18,60,26.45458369325389,3.9814227306809507,11.693022958363706
Carside,PI-NSGA-II,18,60,32.763578079923406,3.882638847814211,11.09414502670979
Carside,PI-NSGA-II,18,60,34.004406741975686,3.8034893901212037,11.10593575394686
Carside,PI-NSGA-II,18,60,28.30196224603916,3.79507757224438,11.994083029882574
Carside,PI-NSGA-II,18,60,30.359355263220603,3.7976466238192934,11.431358294625694
Carside,PI-NSGA-II,18,60,33.39562353845965,3.812295760523089,11.11975336558612
Carside,PI-NSGA-II,18,60,31.802210126251918,3.7067260924709724,11.609625687470121
Carside,PI-NSGA-II,18,60,27.114330931411104,3.859954227960976,11.757534464222037
Carside,PI-NSGA-II,18,60,27.38591927196081,3.8586569184497366,11.699824836473192
Carside,PI-NSGA-II,18,60,36.067121513049514,3.739258335179858,11.000002193904054
Carside,PI-NSGA-II,18,60,27.861269571497136,3.836537401771531,11.758767425396554
Carside,PI-NSGA-II,18,60,35.81774746795321,3.7586502939252786,11.028091330761516
Carside,PI-NSGA-II,18,60,25.79431093298165,3.9531682619816433,12.026109105727475
Carside,PI-NSGA-II,18,60,34.937042696679484,3.6154659772615227,11.36545750805153
Carside,PI-NSGA-II,18,60,28.852181714903878,3.7994027534071906,11.77835497693058
Carside,PI-NSGA-II,18,60,33.86595994232857,3.650299937331599,11.427629424382538
Carside,PI-NSGA-II,18,60,25.39123433613054,3.96760536867439,11.997169148034395
Carside,PI-NSGA-II,18,60,25.263998852616073,3.968596030074416,12.038587957261685
Carside,PI-NSGA-II,19,61,31.82898422825719,3.9342360736789295,11.109232420178426
Carside,PI-NSGA-II,19,61,27.29142562084891,3.999911023571849,11.484182821390753
Carside,PI-NSGA-II,19,61,24.73362876947175,3.98758657031919,12.127833669630128
Carside,PI-NSGA-II,19,61,29.79715467007482,3.803050235688598,11.461151240401474
Carside,PI-NSGA-II,19,61,31.740444073296764,3.9624167631935503,11.102418283827959
Carside,PI-NSGA-II,19,61,27.338340495556928,3.8556663980625445,11.708360009723169
Carside,PI-NSGA-II,19,61,27.991463542718954,3.8513573742973004,11.644882811734437
Carside,PI-NSGA-II,19,61,31.008968232009003,3.9484070513874148,11.184640684157579
Carside,PI-NSGA-II,19,61,27.536732697802368,3.9124589364323685,11.563337550955925
Carside,PI-NSGA-II,19,61,25.33933754662582,3.9833648068037437,11.968615173180897
Carside,PI-NSGA-II,19,61,28.052432303128658,3.8665514317053375,11.555279248660892
Carside,PI-NSGA-II,19,61,30.33255804515632,3.8073543364962203,11.388087411863594
Carside,PI-NSGA-II,19,61,29.61953719182973,3.9176682084118024,11.37477478340814
Carside,PI-NSGA-II,19,61,30.39564661033815,3.8945779735163955,11.279728956164636
Carside,PI-NSGA-II,19,61,30.740375194829785,3.8916014752612984,11.242943718590944
Carside,PI-NSGA-II,19,61,28.76386684445016,3.8197056971360897,11.58479318834442
Carside,PI-NSGA-II,19,61,30.056348367847775,3.9263168519510403,11.275027523648102
Carside,PI-NSGA-II,19,61,25.515861708130167,3.976132361009725,12.004193606469649
Carside,PI-NSGA-II,19,61,30.57389955578711,3.944304939738674,11.235347026735457
Carside,PI-NSGA-II,19,61,28.007150758928585,3.861296327408277,11.571040174888504
Carside,PI-NSGA-II,19,61,29.00129393134795,3.9248086527482484,11.417456489925062
Carside,PI-NSGA-II,19,61,29.67700215894274,3.814694360913255,11.43866524570658
Carside,PI-NSGA-II,19,61,25.819259605329577,3.988867699788593,11.84598313078707
Carside,PI-NSGA-II,19,61,25.54015608326764,3.953435657400167,12.052720513818155
Carside,PI-NSGA-II,19,61,25.483835611095067,3.9563512087420807,12.035482157486161
Carside,PI-NSGA-II,19,61,28.78356328721156,3.9194096735284405,11.449310893687116
Carside,PI-NSGA-II,19,61,25.11979405417175,3.98070731092316,12.087334334578577
Carside,PI-NSGA-II,19,61,27.666485623558767,3.955315101793944,11.483344660638664
Carside,PI-NSGA-II,19,61,28.490501832737582,3.8293992352503397,11.571760732739342
Carside,PI-NSGA-II,19,61,30.454266534265503,3.8751291142751443,11.311892408387209
Carside,PI-NSGA-II,19,61,31.430770758256,3.936271482674266,11.168556994677587
Carside,PI-NSGA-II,19,61,25.920481154543147,3.948278102724216,11.943003043370158
Carside,PI-NSGA-II,19,61,25.91922109139414,3.953875733595139,11.991786657495808
Carside,PI-NSGA-II,19,61,24.836479648242282,3.9869127246172766,12.100357690554983
Carside,PI-NSGA-II,19,61,30.22876282312984,3.811736371216935,11.388021916953473
Carside,PI-NSGA-II,19,61,31.35333651659986,3.9509416358093237,11.146086167228251
Carside,PI-NSGA-II,19,61,28.144082037496354,3.913828152576269,11.47698716931066
Carside,PI-NSGA-II,19,61,31.157268265439114,3.9299157825322153,11.178365283705336
Carside,PI-NSGA-II,19,61,29.9728115338099,3.804581334123192,11.42774912279731
Carside,PI-NSGA-II,19,61,29.910217929615264,3.9840323528880464,11.260519990365385
Carside,PI-NSGA-II,19,61,25.46536034236795,3.9584785356825054,12.04068572171864
Carside,PI-NSGA-II,19,61,30.863183372049846,3.9696185838738822,11.171455418525646
Carside,PI-NSGA-II,19,61,26.455254029414547,3.888928258018003,11.903217565825612
Carside,PI-NSGA-II,19,61,28.35071753510118,3.835594826180317,11.621338031100732
Carside,PI-NSGA-II,19,61,28.93529597319193,3.819051679594817,11.519455907125526
Carside,PI-NSGA-II,19,61,29.518791925446383,3.9415003374096655,11.324134413929277
Carside,PI-NSGA-II,19,61,26.7302554184959,3.873116442568901,11.855956013388607
Carside,PI-NSGA-II,19,61,29.30923174848648,3.8258191703819544,11.475847523453119
Carside,PI-NSGA-II,19,61,26.557543696238774,3.9086456457602514,11.830412488234925
Carside,PI-NSGA-II,19,61,27.956297354571554,3.869965809456331,11.567374008234196
Carside,PI-NSGA-II,19,61,30.592641271190256,3.84821448593507,11.285622549339005
Carside,PI-NSGA-II,19,61,29.783454080762283,3.9669275796055707,11.299113894396642
Carside,PI-NSGA-II,19,61,28.60490926648273,3.844363668614336,11.550226875336087
Carside,PI-NSGA-II,19,61,30.473227189086423,3.995162799690001,11.208380437839107
Carside,PI-NSGA-II,19,61,29.330006723868276,3.9819617064464117,11.331395143453737
Carside,PI-NSGA-II,19,61,24.733852561482777,3.987579117872226,12.127830519660975
Carside,PI-NSGA-II,19,61,26.889106131127267,3.881322997884375,11.791807939424416
Carside,PI-NSGA-II,19,61,29.246349014913402,3.9065151917050382,11.414255187326319
Carside,PI-NSGA-II,19,61,28.890664919696217,3.9917886360765884,11.369090689123393
Carside,PI-NSGA-II,19,61,27.3984785274307,3.96303755963622,11.524597905957803
Carside,PI-NSGA-II,19,61,31.59616690371276,3.9727582694652375,11.120681540043913
Carside,PI-NSGA-II,19,61,30.16605441004247,3.8575690583860265,11.355912567991865
Carside,PI-NSGA-II,19,61,30.14255078604018,3.879118283069858,11.343788459130085
Carside,PI-NSGA-II,19,61,28.591256377181445,3.8772208099325876,11.472948622697663
Carside,PI-NSGA-II,19,61,29.423908498542154,3.8400688251501722,11.421810080433458
Carside,PI-NSGA-II,19,61,25.599026262821575,3.965762715786357,12.004193606469649
Carside,PI-NSGA-II,19,61,24.945225346367614,3.9850904443533786,12.086472828597376
Carside,PI-NSGA-II,19,61,27.198334341117143,3.899510920647985,11.719865878615309
Carside,PI-NSGA-II,19,61,28.78984850581383,3.8400288053245264,11.47553346600254
Carside,PI-NSGA-II,19,61,28.66459723906563,3.8441103456487333,11.504328582173638
Carside,PI-NSGA-II,19,61,30.71251288585213,3.933571331045282,11.223311201438587
Carside,PI-NSGA-II,19,61,26.456757549102413,3.8583493067720664,11.953895828177632
Carside,PI-NSGA-II,19,61,29.724338515061746,3.9719105642121155,11.319489524018415
Carside,PI-NSGA-II,19,61,25.191093895978995,3.959801236328635,12.100395297716176
Carside,PI-NSGA-II,19,61,31.169988309897953,3.929733151798922,11.176988409848672
Carside,PI-NSGA-II,19,61,29.222548993659572,3.9484070513874148,11.344188591814351
Carside,PI-NSGA-II,19,61,26.403787223642727,3.925616767537546,11.831925169296664
Carside,PI-NSGA-II,19,61,26.27349686062672,3.962314996253687,11.8721756280052
Carside,PI-NSGA-II,19,61,26.596921815385446,3.8852205472191583,11.879111881316458
Carside,PI-NSGA-II,19,61,29.420428745210444,3.844149843259855,11.400270094389517
Carside,PI-NSGA-II,19,61,25.77214585282627,3.993881863167237,11.856441057129839
Carside,PI-NSGA-II,19,61,25.29998490342417,3.9906530704035115,11.996640175634557
Carside,PI-NSGA-II,19,61,29.672082024059037,3.995162799690001,11.278971600293422
Carside,PI-NSGA-II,19,61,26.349052124439925,3.9894144983276103,11.750432490603906
Carside,PI-NSGA-II,19,61,25.19300648612731,3.9597831468400333,12.082606829104678
Carside,PI-NSGA-II,19,61,27.801104197453707,3.9761574475216404,11.456591231110137
Carside,PI-NSGA-II,19,61,28.352056971059422,3.937917933416878,11.468351110031197
Carside,PI-NSGA-II,19,61,26.223909410771252,3.979454349502155,11.781690596820505
Carside,PI-NSGA-II,19,61,26.03269032012282,3.9482968729565053,11.934080965975513
Carside,PI-NSGA-II,19,61,27.101221558086532,3.9601064437897358,11.534521577688132
Carside,PI-NSGA-II,19,61,28.376336411974535,3.8988244224987576,11.451995425075506
Carside,PI-NSGA-II,19,61,30.84252738007695,3.933602342730719,11.208528261453793
Carside,PI-NSGA-II,19,61,31.572088571274396,3.944141053312995,11.13071509507866
Carside,PI-NSGA-II,19,61,26.671311345540555,3.977530418727352,11.741313925405706
Carside,PI-NSGA-II,19,61,28.6820816430213,3.8192372572913333,11.58955345260842
Carside,PI-NSGA-II,19,61,26.805229745764894,3.881322997884375,11.807135610951308
Carside,PI-NSGA-II,19,61,26.861537549572844,3.880491185089869,11.824396560187353
Carside,PI-NSGA-II,19,61,30.691680818729,3.888150479961734,11.252102242644163
Carside,PI-NSGA-II,19,61,28.27273451273891,3.852934223197686,11.503736399934755
Carside,PI-NSGA-II,19,61,26.535121220042413,3.88509752938657,11.916005659889608
Carside,PI-NSGA-II,20,62,36.00049197266056,3.5856705818138046,11.334248743443926
Carside,PI-NSGA-II,20,62,39.63058951467826,3.5941494024782847,11.012306325806957
Carside,PI-NSGA-II,20,62,23.697155445238756,3.9981288218795012,12.432063992317373
Carside,PI-NSGA-II,20,62,39.27471005100161,3.6178505958356397,11.000094381888593
Carside,PI-NSGA-II,20,62,24.125134671257882,3.9377866585794123,12.489698981565425
Carside,PI-NSGA-II,20,62,25.17928398770032,3.9007395098928765,12.332773957030867
Carside,PI-NSGA-II,20,62,27.180451694776824,3.9912988573927666,11.650470234380787
Carside,PI-NSGA-II,20,62,26.618115519638025,3.9670625115037152,11.700268630851845
Carside,PI-NSGA-II,20,62,30.894391831432443,3.668108955445482,12.213511816527385
Carside,PI-NSGA-II,20,62,29.952050152803103,3.7870564891391787,11.58428188784576
Carside,PI-NSGA-II,20,62,29.14132308076157,3.800200454081649,11.82106955245915
Carside,PI-NSGA-II,20,62,25.39233751927909,3.9503083312572675,12.308489076236832
Carside,PI-NSGA-II,20,62,32.87575068964895,3.60606261569115,12.139260972581535
Carside,PI-NSGA-II,20,62,33.651328630682926,3.626205788836189,11.844602102120906
Carside,PI-NSGA-II,20,62,35.745143463038886,3.6616357855140618,11.271051365857854
Carside,PI-NSGA-II,20,62,27.762257599290322,3.828337294976636,11.98171488245271
Carside,PI-NSGA-II,20,62,37.43534397129948,3.638434128774816,11.17534060991001
Carside,PI-NSGA-II,20,62,29.285880134633565,3.9628907492525918,11.31959980631405
Carside,PI-NSGA-II,20,62,27.38133197878114,3.922766484135066,11.717665881322397
Carside,PI-NSGA-II,20,62,30.549776828270268,3.7176308998433583,12.071193249132389
Carside,PI-NSGA-II,20,62,38.935333929928774,3.604800380324177,11.058950690984009
Carside,PI-NSGA-II,20,62,30.70360047369462,3.849601288290728,11.277351744529682
Carside,PI-NSGA-II,20,62,34.23583922933574,3.6360592188689473,11.470635321023588
Carside,PI-NSGA-II,20,62,39.34501263718771,3.6051704128115034,11.028480100553665
Carside,PI-NSGA-II,20,62,32.85867315251362,3.59660311117294,12.185901965506346
Carside,PI-NSGA-II,20,62,31.4716272455199,3.696591319627137,11.864509245339821
Carside,PI-NSGA-II,20,62,24.901581926861873,3.9750873008952583,12.19439564685547
Carside,PI-NSGA-II,20,62,32.01258092455919,3.6966771421681712,11.786493517353902
Carside,PI-NSGA-II,20,62,36.218341073124755,3.6580110159101347,11.224077430335843
Carside,PI-NSGA-II,20,62,28.697063644085457,3.925540071804532,11.52766232207323
Carside,PI-NSGA-II,20,62,25.5606397724426,3.907325648605681,12.128371719283884
Carside,PI-NSGA-II,20,62,26.406365156110944,3.969373501443717,11.901364192897661
Carside,PI-NSGA-II,20,62,26.118192198328398,3.8147125982575667,12.461182422247616
Carside,PI-NSGA-II,20,62,34.87800505893193,3.623239261741436,11.547452241357647
Carside,PI-NSGA-II,20,62,29.47634402535164,3.8125422042696435,11.748717908367038
Carside,PI-NSGA-II,20,62,37.61600437279685,3.5949405909914165,11.229446861080927
Carside,PI-NSGA-II,20,62,37.07026366073321,3.6187981056672442,11.189581222011636
Carside,PI-NSGA-II,20,62,28.332147821212967,3.8003702898829275,12.096493926313965
Carside,PI-NSGA-II,20,62,29.60113328797135,3.806838240623483,11.518520282723014
Carside,PI-NSGA-II,20,62,32.18981842135381,3.644846770955617,12.014313352813936
Carside,PI-NSGA-II,20,62,38.45770061904788,3.6505755853288346,11.085752929302572
Carside,PI-NSGA-II,20,62,24.612714803333784,3.880822312267482,12.481005547084933
Carside,PI-NSGA-II,20,62,31.009456663658796,3.724414024170029,11.877357269463646
Carside,PI-NSGA-II,20,62,33.267045351172385,3.5863220312507207,12.109628779620952
Carside,PI-NSGA-II,20,62,30.252571938096636,3.684128487584747,12.317798286964344
Carside,PI-NSGA-II,20,62,32.70870526163297,3.6532971327809056,12.0089898475153
Carside,PI-NSGA-II,20,62,25.84825574498386,3.8335957195543737,12.438063301396644
Carside,PI-NSGA-II,20,62,35.35103557759427,3.8131139842199713,11.07665894825174
Carside,PI-NSGA-II,20,62,37.863763749011,3.5961790055169116,11.15548495829481
Carside,PI-NSGA-II,20,62,33.47702227779354,3.7123087321935793,11.409914274290792
Carside,PI-NSGA-II,20,62,27.274940996630246,3.816827998217209,12.238050176895591
Carside,PI-NSGA-II,20,62,36.9268784631588,3.6114030117846125,11.250065956958093
Carside,PI-NSGA-II,20,62,30.087116713758334,3.8265213977275483,11.43022597358329
Carside,PI-NSGA-II,20,62,31.293255554057865,3.742244989060486,11.816807949605796
Carside,PI-NSGA-II,20,62,32.00031827466959,3.8403137015762723,11.210952015313726
Carside,PI-NSGA-II,20,62,31.68731965890031,3.693301648259951,11.878237630095185
Carside,PI-NSGA-II,20,62,38.252080962204886,3.611807808411983,11.121962620929132
Carside,PI-NSGA-II,20,62,31.35968148090393,3.7388620325397897,11.642179481027089
Carside,PI-NSGA-II,20,62,30.46202230689291,3.744759650803822,11.923005114149511
Carside,PI-NSGA-II,20,62,32.36124847976752,3.7019012216212848,11.67198960708944
Carside,PI-NSGA-II,20,62,27.321489038928235,3.916088204651891,11.77727412972036
Carside,PI-NSGA-II,20,62,31.184479089980847,3.680779603517281,12.034137670809585
Carside,PI-NSGA-II,20,62,29.82471135073863,3.8618713197455325,11.375033608673185
Carside,PI-NSGA-II,20,62,34.81334512667862,3.7476850388324534,11.159506380769695
Carside,PI-NSGA-II,20,62,38.752012549331404,3.598222054411888,11.107359167000048
Carside,PI-NSGA-II,20,62,29.400891523892035,3.943836899989314,11.32350561321099
Carside,PI-NSGA-II,20,62,35.17872995602267,3.6131627259329804,11.405773842531344
Carside,PI-NSGA-II,20,62,36.03774488245779,3.6916441470349626,11.157065690096378
Carside,PI-NSGA-II,20,62,32.605152742750036,3.763352681098565,11.365329617896293
Carside,PI-NSGA-II,20,62,29.85084091260861,3.7725239252909204,12.088758510117891
Carside,PI-NSGA-II,20,62,28.805834147824534,3.9285804559166406,11.46072962915473
Carside,PI-NSGA-II,20,62,27.715304009259256,3.984596312303281,11.447958660676623
Carside,PI-NSGA-II,20,62,31.832529488006376,3.642986619859144,12.087476501388977
Carside,PI-NSGA-II,20,62,34.48049139863076,3.6313174364503364,11.445464141123995
Carside,PI-NSGA-II,20,62,28.04523703595506,3.8873390080544503,11.571461559616143
Carside,PI-NSGA-II,20,62,27.848380663977398,3.822130610181258,11.946785532909068
Carside,PI-NSGA-II,20,62,34.08541126996742,3.7337923475986123,11.300269787878683
Carside,PI-NSGA-II,20,62,28.16480655157381,3.8698637735301014,11.606307028991711
Carside,PI-NSGA-II,20,62,27.868960591269754,3.865653163152784,11.71708049130459
Carside,PI-NSGA-II,20,62,26.17508052310074,3.8932709898935722,12.10652648247379
Carside,PI-NSGA-II,20,62,35.94915284556082,3.7060083811820155,11.16358904089704
Carside,PI-NSGA-II,20,62,28.87315447467596,3.8470654541108043,11.522412985346836
Carside,PI-NSGA-II,20,62,24.306629581238415,3.975643358746902,12.358126511992959
Carside,PI-NSGA-II,20,62,30.352146395944626,3.67535042424272,12.316329083601122
Carside,PI-NSGA-II,20,62,32.73145876660718,3.837493194393551,11.266404282508072
Carside,PI-NSGA-II,20,62,36.99258490254667,3.6187981056672442,11.19784247140943
Carside,PI-NSGA-II,20,62,29.839997211044405,3.7812086029897216,11.674837279250436
Carside,PI-NSGA-II,20,62,25.766094211298345,3.979853096575168,11.953916329798822
Carside,PI-NSGA-II,20,62,31.996845385391232,3.7019012216212848,11.775216445830852
Carside,PI-NSGA-II,20,62,34.0781512768434,3.7339268820707736,11.297749382560053
Carside,PI-NSGA-II,20,62,29.092238058481044,3.8734813757690105,11.497230252667869
Carside,PI-NSGA-II,20,62,32.488361692758225,3.6307128096918984,12.029854324134512
Carside,PI-NSGA-II,20,62,36.00596292981752,3.75374570025681,11.085344771711135
Carside,PI-NSGA-II,20,62,28.006365118048933,3.76874960972599,12.398175733273519
Carside,PI-NSGA-II,20,62,30.9008331441892,3.726708206413354,11.909672779368282
Carside,PI-NSGA-II,20,62,31.202595572954536,3.832214052777336,11.346382751424724
Carside,PI-NSGA-II,20,62,34.44677512996534,3.616315340398862,11.746231448525652
Carside,PI-NSGA-II,20,62,25.931055950165813,3.979853096575168,11.9079031089909
Carside,PI-NSGA-II,20,62,33.70828872602431,3.655764559432219,11.487135938575637
Carside,PI-NSGA-II,20,62,27.592193928110035,3.868271801150471,11.684317658689665
