problema,algoritmo,run,seed,f1,f2,f3
Carside,R-NSGA-II_eps0.01,0,42,27.907965072503266,3.8523999032867255,11.527256152332797
Carside,R-NSGA-II_eps0.01,0,42,27.932478955043354,3.851576073586437,11.525476429013528
Carside,R-NSGA-II_eps0.01,0,42,27.917377816913977,3.85184162611946,11.525924371997903
Carside,R-NSGA-II_eps0.01,0,42,27.91449437207437,3.852336344725061,11.524121017732838
Carside,R-NSGA-II_eps0.01,0,42,27.901309199559297,3.852779763153593,11.524619302361858
Carside,R-NSGA-II_eps0.01,0,42,27.922409199791538,3.851391986418002,11.528867054587895
Carside,R-NSGA-II_eps0.01,0,42,27.88962774931788,3.852835915574622,11.525497210580923
Carside,R-NSGA-II_eps0.01,0,42,27.94777457807409,3.8506742914419196,11.528197964620212
Carside,R-NSGA-II_eps0.01,0,42,27.922110268068142,3.8523980884753946,11.522489139539822
Carside,R-NSGA-II_eps0.01,0,42,27.886865697434974,3.854946125009372,11.522670740761997
Carside,R-NSGA-II_eps0.01,0,42,27.87633695813719,3.853498682597108,11.52549737612113
Carside,R-NSGA-II_eps0.01,0,42,27.89424226795192,3.8530766507209946,11.522695474573252
Carside,R-NSGA-II_eps0.01,0,42,27.868240273888503,3.853879743994066,11.527076565495072
Carside,R-NSGA-II_eps0.01,0,42,27.881398808548568,3.8534980221648945,11.523213927876625
Carside,R-NSGA-II_eps0.01,0,42,27.88537315521846,3.8524225408087927,11.530165025765067
Carside,R-NSGA-II_eps0.01,0,42,27.866552314540087,3.8560515538074496,11.52500022527099
Carside,R-NSGA-II_eps0.01,0,42,27.907184949165963,3.854469814262038,11.520331891692333
Carside,R-NSGA-II_eps0.01,0,42,27.905230640595928,3.852899842699601,11.521092364814693
Carside,R-NSGA-II_eps0.01,0,42,27.944283748332204,3.851580476957382,11.521216559312755
Carside,R-NSGA-II_eps0.01,0,42,27.86082585199335,3.856217674302558,11.527166819695692
Carside,R-NSGA-II_eps0.01,0,42,27.8982293359789,3.8522437873767768,11.53221294881088
Carside,R-NSGA-II_eps0.01,0,42,27.89207467209933,3.853602167150532,11.521281774077938
Carside,R-NSGA-II_eps0.01,0,42,27.892100774396066,3.854841350035583,11.520584376465493
Carside,R-NSGA-II_eps0.01,0,42,27.882100775390974,3.856142723582803,11.521344616254714
Carside,R-NSGA-II_eps0.01,0,42,27.869470858530335,3.8531307069368337,11.529755867519796
Carside,R-NSGA-II_eps0.01,0,42,27.863422130662755,3.854876857719965,11.529970116628546
Carside,R-NSGA-II_eps0.01,0,42,27.870866555629306,3.85579679343303,11.522578169506144
Carside,R-NSGA-II_eps0.01,0,42,27.90704518101685,3.852637629121635,11.524310093916156
Carside,R-NSGA-II_eps0.01,0,42,27.983947866810958,3.8500610507386774,11.525851637866523
Carside,R-NSGA-II_eps0.01,0,42,27.908501270273007,3.8523447652385587,11.524649182027048
Carside,R-NSGA-II_eps0.01,0,42,27.919381993143617,3.852732329327994,11.519946038914025
Carside,R-NSGA-II_eps0.01,0,42,27.90591865271995,3.8526301420083358,11.524383714622282
Carside,R-NSGA-II_eps0.01,0,42,27.901996957843714,3.8527877471017553,11.524603660247385
Carside,R-NSGA-II_eps0.01,0,42,27.90285296887436,3.8526979147069125,11.524627405847353
Carside,R-NSGA-II_eps0.01,0,42,27.904137132632464,3.852681527466657,11.524471971599294
Carside,R-NSGA-II_eps0.01,0,42,27.904645408942752,3.852674652086972,11.52439330310023
Carside,R-NSGA-II_eps0.01,0,42,27.904705753277415,3.8526733803201583,11.524386405563142
Carside,R-NSGA-II_eps0.01,0,42,27.902900089711938,3.852695092579926,11.52458786817116
Carside,R-NSGA-II_eps0.01,0,42,27.904287392483806,3.8526793713519467,11.524418085166015
Carside,R-NSGA-II_eps0.01,0,42,27.900771889038797,3.8560215826465933,11.51887974772482
Carside,R-NSGA-II_eps0.01,0,42,27.85733264245597,3.856719481400543,11.523032431687664
Carside,R-NSGA-II_eps0.01,0,42,27.90131409316148,3.852770513750634,11.524612390161767
Carside,R-NSGA-II_eps0.01,0,42,27.90215562183025,3.852740015554618,11.52452867548152
Carside,R-NSGA-II_eps0.01,0,42,27.86366270212143,3.858012071969704,11.52269697509313
Carside,R-NSGA-II_eps0.01,0,42,27.900793538305617,3.8528133571402434,11.524367866138714
Carside,R-NSGA-II_eps0.01,0,42,27.883728587054176,3.8557562708280284,11.519579172900533
Carside,R-NSGA-II_eps0.01,0,42,27.895455524026403,3.8526600961822997,11.525638220003199
Carside,R-NSGA-II_eps0.01,0,42,27.913588716591736,3.8532591690869817,11.51856423359115
Carside,R-NSGA-II_eps0.01,0,42,27.89596755609466,3.8528327788990824,11.524837073593112
Carside,R-NSGA-II_eps0.01,0,42,27.898447389919603,3.852849293816611,11.524009435534753
Carside,R-NSGA-II_eps0.01,0,42,27.961943436306907,3.8515036630177137,11.519031363998174
Carside,R-NSGA-II_eps0.01,0,42,27.896309625144823,3.8525667474328085,11.524780661754637
Carside,R-NSGA-II_eps0.01,0,42,27.90839101868089,3.8546910466463515,11.517797881087679
Carside,R-NSGA-II_eps0.01,0,42,27.910119934754483,3.8526733803201583,11.52299735201084
Carside,R-NSGA-II_eps0.01,0,42,27.910215489069756,3.8526614658170066,11.52299735201084
Carside,R-NSGA-II_eps0.01,0,42,27.847948162994136,3.858010261736355,11.523994525889673
Carside,R-NSGA-II_eps0.01,0,42,27.843131590344484,3.8553526606655337,11.530378613254388
Carside,R-NSGA-II_eps0.01,0,42,27.850456659403665,3.853399587990751,11.531203287644
Carside,R-NSGA-II_eps0.01,0,42,27.88604577888395,3.853021115324106,11.525790502072157
Carside,R-NSGA-II_eps0.01,0,42,27.878230131847555,3.8571669702515288,11.51906035249382
Carside,R-NSGA-II_eps0.01,0,42,27.883360268977103,3.8531861403759198,11.526622064117717
Carside,R-NSGA-II_eps0.01,0,42,27.86702997165848,3.8528327210424447,11.533614053507735
Carside,R-NSGA-II_eps0.01,0,42,27.931596308200824,3.8532139101185834,11.517190818857596
Carside,R-NSGA-II_eps0.01,0,42,27.8936406744194,3.8531417124770018,11.523816403570116
Carside,R-NSGA-II_eps0.01,0,42,27.887793293125036,3.8527702867313,11.525755290629425
Carside,R-NSGA-II_eps0.01,0,42,27.92156861593913,3.8544472117858986,11.516846393870058
Carside,R-NSGA-II_eps0.01,0,42,27.88867695778956,3.852988559705901,11.52475039414265
Carside,R-NSGA-II_eps0.01,0,42,27.8861442666778,3.853029048696558,11.52515068532736
Carside,R-NSGA-II_eps0.01,0,42,27.88514153988084,3.853333217350842,11.524793540434466
Carside,R-NSGA-II_eps0.01,0,42,27.88498461880076,3.858549252271797,11.518602840387505
Carside,R-NSGA-II_eps0.01,0,42,27.883349555884887,3.8534180698876197,11.524799216637604
Carside,R-NSGA-II_eps0.01,0,42,28.004114056397096,3.8499030413741258,11.521308352780055
Carside,R-NSGA-II_eps0.01,0,42,27.890304325012046,3.8530043162861896,11.523881178285784
Carside,R-NSGA-II_eps0.01,0,42,27.890386095023032,3.8529912776889423,11.523852321798845
Carside,R-NSGA-II_eps0.01,0,42,27.943631279351596,3.855408653355156,11.515912318291134
Carside,R-NSGA-II_eps0.01,0,42,27.881165236883298,3.8533159669919974,11.524814201477756
Carside,R-NSGA-II_eps0.01,0,42,27.92576232418539,3.8552962766126253,11.515919303127752
Carside,R-NSGA-II_eps0.01,0,42,27.940093708668087,3.852259337774334,11.516629341016989
Carside,R-NSGA-II_eps0.01,0,42,27.887622610066284,3.8531865592194356,11.523164466785396
Carside,R-NSGA-II_eps0.01,0,42,27.979902467386204,3.851460050216322,11.517658644206147
Carside,R-NSGA-II_eps0.01,0,42,27.922384250605162,3.852618320517985,11.52119850587891
Carside,R-NSGA-II_eps0.01,0,42,27.886225308301967,3.8536032689867565,11.522771416598086
Carside,R-NSGA-II_eps0.01,0,42,27.947180369702348,3.853189247745765,11.51584050603846
Carside,R-NSGA-II_eps0.01,0,42,27.880298213133678,3.8549053887657845,11.522677821202288
Carside,R-NSGA-II_eps0.01,0,42,27.970175952083885,3.8546462307419693,11.515353460325006
Carside,R-NSGA-II_eps0.01,0,42,27.9701961631737,3.851822017207013,11.515847839438734
Carside,R-NSGA-II_eps0.01,0,42,28.038825677815662,3.8505582682677377,11.5172812737777
Carside,R-NSGA-II_eps0.01,0,42,27.87993268865576,3.8549115772045566,11.522687684538965
Carside,R-NSGA-II_eps0.01,0,42,28.004573761309032,3.8525195267290417,11.513938898336653
Carside,R-NSGA-II_eps0.01,0,42,28.012795895317872,3.851090703467091,11.514624750712898
Carside,R-NSGA-II_eps0.01,0,42,27.8360024102989,3.8546306702203803,11.539144013508437
Carside,R-NSGA-II_eps0.01,0,42,27.867423264002486,3.853898205037949,11.527123477462641
Carside,R-NSGA-II_eps0.01,0,42,27.981690337912006,3.8551631770572654,11.510935666379595
Carside,R-NSGA-II_eps0.01,0,42,27.869176499910367,3.856653640564401,11.52433165575103
Carside,R-NSGA-II_eps0.01,0,42,27.820531502782213,3.856027149011717,11.539056140531518
Carside,R-NSGA-II_eps0.01,0,42,27.83779502072379,3.8531179506589925,11.540178542615324
Carside,R-NSGA-II_eps0.01,0,42,28.011768028543045,3.8531250882414594,11.511517739429966
Carside,R-NSGA-II_eps0.01,0,42,28.097312468344864,3.8450953179658187,11.527263920841417
Carside,R-NSGA-II_eps0.01,0,42,27.789419766752467,3.866998138039077,11.52257127398105
Carside,R-NSGA-II_eps0.01,0,42,27.862744255329655,3.856106094051072,11.525291288372962
Carside,R-NSGA-II_eps0.01,1,43,27.908918840161622,3.8522658592248313,11.526179437504457
Carside,R-NSGA-II_eps0.01,1,43,27.92866374475352,3.8514881430046373,11.526708769904346
Carside,R-NSGA-II_eps0.01,1,43,27.92194942389198,3.852071367398158,11.524022822413304
Carside,R-NSGA-II_eps0.01,1,43,27.913035511435925,3.851949243396357,11.52808772051505
Carside,R-NSGA-II_eps0.01,1,43,27.90485262339577,3.852876971897265,11.523718826390787
Carside,R-NSGA-II_eps0.01,1,43,27.894663853675326,3.8524984359063756,11.52719002180686
Carside,R-NSGA-II_eps0.01,1,43,27.937295438424897,3.8514197042563763,11.523531254638566
Carside,R-NSGA-II_eps0.01,1,43,27.913001137891342,3.8520315697980765,11.526884634954023
Carside,R-NSGA-II_eps0.01,1,43,27.907554630546446,3.8518826305371325,11.530100028784025
Carside,R-NSGA-II_eps0.01,1,43,27.912405823260002,3.8520532720645604,11.526831508892244
Carside,R-NSGA-II_eps0.01,1,43,27.909464329411573,3.8521673626633985,11.526869910396547
Carside,R-NSGA-II_eps0.01,1,43,27.92532871094567,3.8512070830025342,11.529833032251634
Carside,R-NSGA-II_eps0.01,1,43,27.920877680914742,3.851733270230708,11.526688783367817
Carside,R-NSGA-II_eps0.01,1,43,27.905612046086667,3.852400003299467,11.526173076195745
Carside,R-NSGA-II_eps0.01,1,43,27.892585742417804,3.852455076310787,11.529724657332487
Carside,R-NSGA-II_eps0.01,1,43,27.917540034350246,3.852374779550454,11.521346811478011
Carside,R-NSGA-II_eps0.01,1,43,27.913134879971295,3.851903340637109,11.526952682094464
Carside,R-NSGA-II_eps0.01,1,43,27.949714972841907,3.8506048272917437,11.529221085895175
Carside,R-NSGA-II_eps0.01,1,43,27.92489091771408,3.8519572291328568,11.523987393984868
Carside,R-NSGA-II_eps0.01,1,43,27.920943532384634,3.851964297441462,11.524257954390151
Carside,R-NSGA-II_eps0.01,1,43,27.881185377091736,3.8528251243345606,11.525996622578464
Carside,R-NSGA-II_eps0.01,1,43,27.911514213690502,3.8519586415726734,11.528066468764397
Carside,R-NSGA-II_eps0.01,1,43,27.91927259021908,3.8519715466856455,11.524397896609573
Carside,R-NSGA-II_eps0.01,1,43,27.900154833748086,3.852560422510108,11.526300781140243
Carside,R-NSGA-II_eps0.01,1,43,27.946771868948332,3.851471011346887,11.52163502637545
Carside,R-NSGA-II_eps0.01,1,43,27.899738179772545,3.852560422510108,11.526343118640845
Carside,R-NSGA-II_eps0.01,1,43,27.957000921459617,3.8507069043049498,11.523855387169808
Carside,R-NSGA-II_eps0.01,1,43,27.910907269823884,3.851953911166015,11.528117066037037
Carside,R-NSGA-II_eps0.01,1,43,27.909732937730947,3.8522832547368795,11.52454338098442
Carside,R-NSGA-II_eps0.01,1,43,27.934778523072005,3.8519900449190376,11.520359330588011
Carside,R-NSGA-II_eps0.01,1,43,27.9075325630349,3.852563748172548,11.524023039547647
Carside,R-NSGA-II_eps0.01,1,43,27.907183015543897,3.8524721037297747,11.524319878600078
Carside,R-NSGA-II_eps0.01,1,43,27.91629624070369,3.8511654185830726,11.532549889603445
Carside,R-NSGA-II_eps0.01,1,43,27.89817331560328,3.8526476120227753,11.526279741251578
Carside,R-NSGA-II_eps0.01,1,43,27.90485601895469,3.8528057375752787,11.523801443351445
Carside,R-NSGA-II_eps0.01,1,43,27.906631569983965,3.8525911045183556,11.524044774247301
Carside,R-NSGA-II_eps0.01,1,43,27.96644411259787,3.8499665544516124,11.52799541194471
Carside,R-NSGA-II_eps0.01,1,43,27.906594717214812,3.8525896815464984,11.524048380780254
Carside,R-NSGA-II_eps0.01,1,43,27.973026664835945,3.850148937293003,11.525694909963548
Carside,R-NSGA-II_eps0.01,1,43,27.90656158794997,3.8525768811512133,11.524055737177626
Carside,R-NSGA-II_eps0.01,1,43,27.867035320908453,3.855632723130666,11.522731195181507
Carside,R-NSGA-II_eps0.01,1,43,27.92376803064785,3.8516264692447217,11.52504163274326
Carside,R-NSGA-II_eps0.01,1,43,27.870480401184086,3.852716135728805,11.52896446585285
Carside,R-NSGA-II_eps0.01,1,43,27.90824388263782,3.8525707138630247,11.523778410717556
Carside,R-NSGA-II_eps0.01,1,43,27.905827820314094,3.8529081227398025,11.519318016290374
Carside,R-NSGA-II_eps0.01,1,43,27.905232130688695,3.8526429688973782,11.524031083818354
Carside,R-NSGA-II_eps0.01,1,43,27.860726576628647,3.8541116705837286,11.525972752956783
Carside,R-NSGA-II_eps0.01,1,43,27.905377456284135,3.8525311837062106,11.524297887892121
Carside,R-NSGA-II_eps0.01,1,43,27.905327184241045,3.8525807544980655,11.524157859278178
Carside,R-NSGA-II_eps0.01,1,43,27.905319512464494,3.852580864436676,11.524158440248865
Carside,R-NSGA-II_eps0.01,1,43,27.90526022771802,3.8525808645094153,11.524165623951134
Carside,R-NSGA-II_eps0.01,1,43,27.904786369922157,3.8525896815464984,11.524201317686835
Carside,R-NSGA-II_eps0.01,1,43,27.87768687069793,3.8534994874394273,11.521226131601587
Carside,R-NSGA-II_eps0.01,1,43,27.877211066835354,3.852518162685195,11.5314994721793
Carside,R-NSGA-II_eps0.01,1,43,27.90236925751758,3.8522586810277772,11.527343122021044
Carside,R-NSGA-II_eps0.01,1,43,27.904081653228666,3.852601925950866,11.52424969477612
Carside,R-NSGA-II_eps0.01,1,43,27.904113826821927,3.852598142235584,11.52424187643605
Carside,R-NSGA-II_eps0.01,1,43,27.90456420748503,3.8525923037645384,11.524172160385604
Carside,R-NSGA-II_eps0.01,1,43,27.897511876440635,3.8525665487035736,11.526554041378745
Carside,R-NSGA-II_eps0.01,1,43,27.9031693177046,3.852593774906137,11.524312722973315
Carside,R-NSGA-II_eps0.01,1,43,27.921059025415836,3.8525110696990064,11.51842358861414
Carside,R-NSGA-II_eps0.01,1,43,27.90792036241489,3.8523790600705534,11.524075885749973
Carside,R-NSGA-II_eps0.01,1,43,27.891326502584793,3.8556625925428953,11.51840518316991
Carside,R-NSGA-II_eps0.01,1,43,27.902707815928135,3.852599853505249,11.524325504259297
Carside,R-NSGA-II_eps0.01,1,43,27.900719861765246,3.852620177817225,11.524636655590518
Carside,R-NSGA-II_eps0.01,1,43,27.85702124258605,3.854894232653112,11.524033077475103
Carside,R-NSGA-II_eps0.01,1,43,27.931849215696896,3.8542955538907204,11.516814043429118
Carside,R-NSGA-II_eps0.01,1,43,27.936595180174738,3.851631305174848,11.523756942267092
Carside,R-NSGA-II_eps0.01,1,43,27.875441161161497,3.8556625925428953,11.51997009242416
Carside,R-NSGA-II_eps0.01,1,43,27.898974460552452,3.852404057088066,11.526540544269945
Carside,R-NSGA-II_eps0.01,1,43,27.898812701081383,3.852411419815205,11.526549242275488
Carside,R-NSGA-II_eps0.01,1,43,27.89880502930483,3.8524115297279895,11.526549823446048
Carside,R-NSGA-II_eps0.01,1,43,27.977871560300443,3.8512118817525227,11.519757738815494
Carside,R-NSGA-II_eps0.01,1,43,27.901828287309428,3.8525935180073283,11.524414776919429
Carside,R-NSGA-II_eps0.01,1,43,27.847661673644946,3.8552243387665865,11.527178688231892
Carside,R-NSGA-II_eps0.01,1,43,27.89904040324977,3.852361979157964,11.52674898365228
Carside,R-NSGA-II_eps0.01,1,43,27.901230203893725,3.85250799153298,11.524751475516343
Carside,R-NSGA-II_eps0.01,1,43,27.95848599148573,3.8512463587110073,11.518566522481326
Carside,R-NSGA-II_eps0.01,1,43,27.898478726580166,3.852374779550454,11.52676842660902
Carside,R-NSGA-II_eps0.01,1,43,27.899476941330125,3.8526913770738718,11.52447536722572
Carside,R-NSGA-II_eps0.01,1,43,27.89950358997003,3.8526913770738718,11.52446779482904
Carside,R-NSGA-II_eps0.01,1,43,27.851809322925543,3.8533502500692705,11.529092517192986
Carside,R-NSGA-II_eps0.01,1,43,27.988854147579104,3.8498167251367272,11.522860534917418
Carside,R-NSGA-II_eps0.01,1,43,27.89371439536835,3.8529413187426784,11.525153385027732
Carside,R-NSGA-II_eps0.01,1,43,27.860417763355805,3.853022050868829,11.533478763711049
Carside,R-NSGA-II_eps0.01,1,43,27.89752778517372,3.852412615041951,11.526654310546036
Carside,R-NSGA-II_eps0.01,1,43,27.897814839340306,3.852380331907172,11.526839284929281
Carside,R-NSGA-II_eps0.01,1,43,27.84349891419931,3.8580404640723156,11.524651141646853
Carside,R-NSGA-II_eps0.01,1,43,27.837570016384035,3.854894232653112,11.529560251546082
Carside,R-NSGA-II_eps0.01,1,43,27.89932230041294,3.8526305963586034,11.524588184506651
Carside,R-NSGA-II_eps0.01,1,43,27.89822454019215,3.852694210291893,11.524604631673526
Carside,R-NSGA-II_eps0.01,1,43,27.857821019726188,3.858044802043178,11.519750091811169
Carside,R-NSGA-II_eps0.01,1,43,27.983126546166144,3.8506403245005942,11.517822497445795
Carside,R-NSGA-II_eps0.01,1,43,27.899001428235792,3.8526305963586034,11.524615620701006
Carside,R-NSGA-II_eps0.01,1,43,27.897279542375934,3.852674205010718,11.52482928782373
Carside,R-NSGA-II_eps0.01,1,43,27.986750366295386,3.8524338723738394,11.515370409834132
Carside,R-NSGA-II_eps0.01,1,43,27.89701153448578,3.8526778170949747,11.524848531936257
Carside,R-NSGA-II_eps0.01,1,43,27.870084079400357,3.8522586810277772,11.536437095964617
Carside,R-NSGA-II_eps0.01,1,43,27.89641799625907,3.8527362607072546,11.524777403514463
Carside,R-NSGA-II_eps0.01,1,43,27.832436847437116,3.8557791311551286,11.532108526436666
Carside,R-NSGA-II_eps0.01,2,44,27.882647660755666,3.8543393356290414,11.52574260113024
Carside,R-NSGA-II_eps0.01,2,44,27.88986635277468,3.85446898907289,11.52326559864562
Carside,R-NSGA-II_eps0.01,2,44,27.86735511633415,3.855992183996339,11.525814216986223
Carside,R-NSGA-II_eps0.01,2,44,27.88501994360985,3.8557614343953164,11.522669905972984
Carside,R-NSGA-II_eps0.01,2,44,27.88282762283962,3.8540106076438185,11.524268169498106
Carside,R-NSGA-II_eps0.01,2,44,27.873113997067396,3.854058297462321,11.526269440886846
Carside,R-NSGA-II_eps0.01,2,44,27.863140508452176,3.854843915810771,11.526438798717518
Carside,R-NSGA-II_eps0.01,2,44,27.872798747189545,3.8548486198608094,11.52371197762034
Carside,R-NSGA-II_eps0.01,2,44,27.891241320940377,3.8544978960649483,11.522144353294134
Carside,R-NSGA-II_eps0.01,2,44,27.871178094313795,3.8537888795839765,11.527386624461638
Carside,R-NSGA-II_eps0.01,2,44,27.869431905207986,3.85437049358344,11.529594396231463
Carside,R-NSGA-II_eps0.01,2,44,27.891778803030228,3.8529372158971453,11.525709134687393
Carside,R-NSGA-II_eps0.01,2,44,27.877099770986327,3.856591985889544,11.522522632701051
Carside,R-NSGA-II_eps0.01,2,44,27.90108369212397,3.8525217962245324,11.5255674296564
Carside,R-NSGA-II_eps0.01,2,44,27.900463077961987,3.8541273750734533,11.521166023644671
Carside,R-NSGA-II_eps0.01,2,44,27.884883946778967,3.852743773222266,11.526977441270294
Carside,R-NSGA-II_eps0.01,2,44,27.8690901337612,3.8570646658608014,11.523469907815542
Carside,R-NSGA-II_eps0.01,2,44,27.9064141825033,3.8527615188029816,11.523200792101475
Carside,R-NSGA-II_eps0.01,2,44,27.888381232051874,3.8526214332251003,11.528343628328155
Carside,R-NSGA-II_eps0.01,2,44,27.90369767852294,3.852220614941012,11.527946940409617
Carside,R-NSGA-II_eps0.01,2,44,27.91819397105757,3.852191804418278,11.524526661790016
Carside,R-NSGA-II_eps0.01,2,44,27.89261374400872,3.8529489918501403,11.52302776018095
Carside,R-NSGA-II_eps0.01,2,44,27.89969443035149,3.854454058990787,11.520297005144933
Carside,R-NSGA-II_eps0.01,2,44,27.851204254915302,3.8563653152726314,11.523837121802263
Carside,R-NSGA-II_eps0.01,2,44,27.90784623975705,3.8527301025023286,11.521846959870228
Carside,R-NSGA-II_eps0.01,2,44,27.92180120798133,3.851637788509858,11.52563948428682
Carside,R-NSGA-II_eps0.01,2,44,27.88056486821359,3.8544402823608146,11.525867542404509
Carside,R-NSGA-II_eps0.01,2,44,27.915421313169613,3.8515901715518717,11.527035594954816
Carside,R-NSGA-II_eps0.01,2,44,27.882608638769895,3.854253326308469,11.525958704885984
Carside,R-NSGA-II_eps0.01,2,44,27.880858043916614,3.8543915813992253,11.525795111650773
Carside,R-NSGA-II_eps0.01,2,44,27.844648648488125,3.8570649712076897,11.527266081199421
Carside,R-NSGA-II_eps0.01,2,44,27.881038230499957,3.8542918995716637,11.526103412206634
Carside,R-NSGA-II_eps0.01,2,44,27.87816723408025,3.854478670924127,11.525820953894366
Carside,R-NSGA-II_eps0.01,2,44,27.87946362843684,3.8544815639970884,11.525430724319918
Carside,R-NSGA-II_eps0.01,2,44,27.862630005139938,3.857075173729197,11.522076831149029
Carside,R-NSGA-II_eps0.01,2,44,27.86555721094547,3.8543393356290414,11.532466131386599
Carside,R-NSGA-II_eps0.01,2,44,27.876375053888495,3.8544210902541125,11.526159218505477
Carside,R-NSGA-II_eps0.01,2,44,27.87484183962951,3.8545786958036374,11.526041234397361
Carside,R-NSGA-II_eps0.01,2,44,27.907136866331918,3.8529705584394875,11.520768712854847
Carside,R-NSGA-II_eps0.01,2,44,27.923462877755522,3.8521476171054125,11.521874417722513
Carside,R-NSGA-II_eps0.01,2,44,27.874339144196192,3.8545902321497705,11.526047732865486
Carside,R-NSGA-II_eps0.01,2,44,27.874270163026974,3.8545925469177553,11.526048700018091
Carside,R-NSGA-II_eps0.01,2,44,27.93205166222014,3.8512212751442085,11.52775205521574
Carside,R-NSGA-II_eps0.01,2,44,27.873671672109655,3.852899814672646,11.53132831504762
Carside,R-NSGA-II_eps0.01,2,44,27.874212435895878,3.854494459209052,11.52618939877437
Carside,R-NSGA-II_eps0.01,2,44,27.937801775689405,3.851376924105346,11.524494613503155
Carside,R-NSGA-II_eps0.01,2,44,27.892129519277287,3.8541652633138397,11.523447705707138
Carside,R-NSGA-II_eps0.01,2,44,27.899867439688375,3.851726719084044,11.529708879693523
Carside,R-NSGA-II_eps0.01,2,44,27.883582629989423,3.854451715468539,11.523568237761083
Carside,R-NSGA-II_eps0.01,2,44,27.86980350784704,3.8541691302574326,11.526346366514993
Carside,R-NSGA-II_eps0.01,2,44,27.91467630660954,3.8525405541653197,11.520272638952665
Carside,R-NSGA-II_eps0.01,2,44,27.939803187590456,3.8515885913860717,11.522168593227832
Carside,R-NSGA-II_eps0.01,2,44,27.882801880616107,3.854564617313473,11.522953712967755
Carside,R-NSGA-II_eps0.01,2,44,27.883618252771274,3.8570658469990113,11.519303754817397
Carside,R-NSGA-II_eps0.01,2,44,27.88594091682969,3.8550052250812703,11.518787394433897
Carside,R-NSGA-II_eps0.01,2,44,27.860779093158733,3.854843915810771,11.527107266124942
Carside,R-NSGA-II_eps0.01,2,44,27.906801429594903,3.854370528146925,11.518150784650263
Carside,R-NSGA-II_eps0.01,2,44,27.914664008423248,3.852960689332337,11.518849831708438
Carside,R-NSGA-II_eps0.01,2,44,27.8892176767545,3.8545657847395702,11.522172709591349
Carside,R-NSGA-II_eps0.01,2,44,27.87118853241641,3.853787737312503,11.527386567128332
Carside,R-NSGA-II_eps0.01,2,44,27.929907983407926,3.8523207436389013,11.519091881800964
Carside,R-NSGA-II_eps0.01,2,44,27.89318232898764,3.8566404675392203,11.517567981587154
Carside,R-NSGA-II_eps0.01,2,44,27.8694583784146,3.854367776914592,11.529618813237093
Carside,R-NSGA-II_eps0.01,2,44,27.923999930536834,3.854124176422622,11.516851467618643
Carside,R-NSGA-II_eps0.01,2,44,27.892148589319774,3.8529575291018854,11.52514475094742
Carside,R-NSGA-II_eps0.01,2,44,27.93442400171635,3.852944201159287,11.517351514079252
Carside,R-NSGA-II_eps0.01,2,44,27.89010312643175,3.8529031541432426,11.525914737600573
Carside,R-NSGA-II_eps0.01,2,44,27.898174605560904,3.8526371467331204,11.52579849033146
Carside,R-NSGA-II_eps0.01,2,44,27.952233827335206,3.851408148176854,11.519653983892447
Carside,R-NSGA-II_eps0.01,2,44,27.882896547187276,3.8536233082563487,11.52370678898983
Carside,R-NSGA-II_eps0.01,2,44,27.918914268007505,3.855396441689232,11.515812495163384
Carside,R-NSGA-II_eps0.01,2,44,27.898291445833195,3.8526224900657287,11.525798550724204
Carside,R-NSGA-II_eps0.01,2,44,27.895655715740226,3.852674619134435,11.52584908845742
Carside,R-NSGA-II_eps0.01,2,44,27.855256985591332,3.852742642428222,11.53408021922734
Carside,R-NSGA-II_eps0.01,2,44,27.89546450900256,3.8526685562318557,11.52587507000057
Carside,R-NSGA-II_eps0.01,2,44,27.836219975003775,3.855853172641014,11.535227339606767
Carside,R-NSGA-II_eps0.01,2,44,27.998789148972165,3.850813804481999,11.52172973213294
Carside,R-NSGA-II_eps0.01,2,44,27.89598572009407,3.8526370843913673,11.52601511410721
Carside,R-NSGA-II_eps0.01,2,44,27.894291975788033,3.852787299365769,11.52511054134862
Carside,R-NSGA-II_eps0.01,2,44,27.94904592246057,3.8518751059605156,11.51740437394215
Carside,R-NSGA-II_eps0.01,2,44,27.898346762559036,3.8526370843913673,11.525346652184998
Carside,R-NSGA-II_eps0.01,2,44,27.943443410175824,3.8522189633558943,11.516396984507146
Carside,R-NSGA-II_eps0.01,2,44,27.892983107238525,3.8527950179603896,11.525216647983516
Carside,R-NSGA-II_eps0.01,2,44,27.860061019991868,3.852527311575663,11.536001810973568
Carside,R-NSGA-II_eps0.01,2,44,27.858548274345047,3.860051219126846,11.520374154217468
Carside,R-NSGA-II_eps0.01,2,44,27.953149017190167,3.8537066442338115,11.51464196334479
Carside,R-NSGA-II_eps0.01,2,44,27.90144621202488,3.8526082714979974,11.524919484871976
Carside,R-NSGA-II_eps0.01,2,44,27.901510393139667,3.852607817012416,11.524913387335982
Carside,R-NSGA-II_eps0.01,2,44,27.8452926045056,3.8543393356290414,11.538199892847974
Carside,R-NSGA-II_eps0.01,2,44,27.900365416897156,3.852594163187696,11.52498934292985
Carside,R-NSGA-II_eps0.01,2,44,27.900886823689856,3.852586341322179,11.524953398684447
Carside,R-NSGA-II_eps0.01,2,44,27.971551292441315,3.8512212751442085,11.516527947890228
Carside,R-NSGA-II_eps0.01,2,44,27.997817762353854,3.849057309618884,11.524623662566695
Carside,R-NSGA-II_eps0.01,2,44,27.90087134784062,3.852586936250934,11.524950987228223
Carside,R-NSGA-II_eps0.01,2,44,27.900913667149773,3.852586341322179,11.52492151965867
Carside,R-NSGA-II_eps0.01,2,44,27.96258194648295,3.852551510556696,11.514362179399122
Carside,R-NSGA-II_eps0.01,2,44,28.002712244060355,3.8513931720492973,11.515951460132957
Carside,R-NSGA-II_eps0.01,2,44,27.901225087296986,3.8525745673735496,11.524921781197623
Carside,R-NSGA-II_eps0.01,2,44,27.907084560936898,3.8523464096187756,11.525749379184816
Carside,R-NSGA-II_eps0.01,2,44,27.861441644278955,3.852319562544127,11.538585020977285
Carside,R-NSGA-II_eps0.01,3,45,27.927557399838904,3.851747218800043,11.52790589204051
Carside,R-NSGA-II_eps0.01,3,45,27.93561375744364,3.8512048019082674,11.525727724379308
Carside,R-NSGA-II_eps0.01,3,45,27.90690578706383,3.852226481604053,11.525209325110438
Carside,R-NSGA-II_eps0.01,3,45,27.912948118965694,3.8519567478298984,11.529077772352064
Carside,R-NSGA-II_eps0.01,3,45,27.918284848202795,3.8520622005858884,11.524347624566065
Carside,R-NSGA-II_eps0.01,3,45,27.892536052286886,3.852661671972313,11.525607266438165
Carside,R-NSGA-II_eps0.01,3,45,27.88815238098909,3.852710793833596,11.527402002619118
Carside,R-NSGA-II_eps0.01,3,45,27.905000743127847,3.852656612829663,11.524103927473611
Carside,R-NSGA-II_eps0.01,3,45,27.9333472463188,3.85144951478868,11.524180106908739
Carside,R-NSGA-II_eps0.01,3,45,27.897275309707986,3.8523504620845097,11.529133119930428
Carside,R-NSGA-II_eps0.01,3,45,27.94878647842728,3.85035586723765,11.528585742684172
Carside,R-NSGA-II_eps0.01,3,45,27.89049674278702,3.8532764514457534,11.524194785214236
Carside,R-NSGA-II_eps0.01,3,45,27.95765105333254,3.8509022035815272,11.524410166711014
Carside,R-NSGA-II_eps0.01,3,45,27.918598772188055,3.8523008021564946,11.523117082312506
Carside,R-NSGA-II_eps0.01,3,45,27.91787397658985,3.851308094396695,11.529996370894402
Carside,R-NSGA-II_eps0.01,3,45,27.872749789620677,3.85356896122192,11.526867744691739
Carside,R-NSGA-II_eps0.01,3,45,27.877721778277706,3.853316696714902,11.525002965576483
Carside,R-NSGA-II_eps0.01,3,45,27.90384812141729,3.8527522066274575,11.522046275943273
Carside,R-NSGA-II_eps0.01,3,45,27.860637917748406,3.8560124431633223,11.524989654597967
Carside,R-NSGA-II_eps0.01,3,45,27.973571049720796,3.849908937873481,11.524516065183448
Carside,R-NSGA-II_eps0.01,3,45,27.859827552465852,3.8537848172244047,11.525881973798445
Carside,R-NSGA-II_eps0.01,3,45,27.855545488928676,3.856925120261192,11.527364099366313
Carside,R-NSGA-II_eps0.01,3,45,27.97251795743567,3.850476443359594,11.523292219088589
Carside,R-NSGA-II_eps0.01,3,45,27.856810320960204,3.85375778402348,11.527840847600412
Carside,R-NSGA-II_eps0.01,3,45,27.869158092287208,3.853068255004718,11.530073829401271
Carside,R-NSGA-II_eps0.01,3,45,27.881538117650866,3.853784052215058,11.522400962210156
Carside,R-NSGA-II_eps0.01,3,45,27.912709994315964,3.851963981125788,11.529103790725145
Carside,R-NSGA-II_eps0.01,3,45,27.985370106466323,3.8492739361039594,11.526077041157057
Carside,R-NSGA-II_eps0.01,3,45,27.92051400292024,3.8520754894899807,11.524166150073691
Carside,R-NSGA-II_eps0.01,3,45,27.96754279942505,3.8514086381702013,11.521576106096163
Carside,R-NSGA-II_eps0.01,3,45,27.90106264086059,3.852598874853012,11.524696881746598
Carside,R-NSGA-II_eps0.01,3,45,27.909094482793364,3.852908500419836,11.520876306301405
Carside,R-NSGA-II_eps0.01,3,45,27.858025385223023,3.8568933754530694,11.523722558909771
Carside,R-NSGA-II_eps0.01,3,45,27.899568517118254,3.8526939101826434,11.524607151184126
Carside,R-NSGA-II_eps0.01,3,45,27.867482196650702,3.8546362510673506,11.52255119943602
Carside,R-NSGA-II_eps0.01,3,45,27.902379842483455,3.8523581456642852,11.52473487051509
Carside,R-NSGA-II_eps0.01,3,45,27.89956898117951,3.8526939101826434,11.524598417602197
Carside,R-NSGA-II_eps0.01,3,45,27.9053189309053,3.852529801840471,11.52428199153589
Carside,R-NSGA-II_eps0.01,3,45,27.89933019196181,3.8526939101826434,11.524608971763257
Carside,R-NSGA-II_eps0.01,3,45,27.874141382034292,3.853063919759392,11.531647457924997
Carside,R-NSGA-II_eps0.01,3,45,27.899106690831943,3.8526614596541227,11.524653576228449
Carside,R-NSGA-II_eps0.01,3,45,27.900678906614974,3.8528113570767633,11.524341930966624
Carside,R-NSGA-II_eps0.01,3,45,27.844599596327072,3.857091973115372,11.5249335994694
Carside,R-NSGA-II_eps0.01,3,45,27.900274849055684,3.852633636127305,11.524557411619003
Carside,R-NSGA-II_eps0.01,3,45,27.854026136466313,3.8533071748104284,11.530500135091081
Carside,R-NSGA-II_eps0.01,3,45,27.894671030973655,3.852598874853012,11.52523430915291
Carside,R-NSGA-II_eps0.01,3,45,27.871469963207765,3.8562044621018083,11.521295090988545
Carside,R-NSGA-II_eps0.01,3,45,27.88943107935889,3.8535162077250438,11.52060456142825
Carside,R-NSGA-II_eps0.01,3,45,27.895415847794784,3.852689782655309,11.524946642388137
Carside,R-NSGA-II_eps0.01,3,45,27.87335717263854,3.8545927464431244,11.521224068197427
Carside,R-NSGA-II_eps0.01,3,45,27.896066091213296,3.8525856310838065,11.524986870683893
Carside,R-NSGA-II_eps0.01,3,45,27.927411965148956,3.852655814216925,11.519719648783566
Carside,R-NSGA-II_eps0.01,3,45,27.89160646422746,3.8527476297998273,11.525390654992636
Carside,R-NSGA-II_eps0.01,3,45,27.9004610776015,3.852665074117759,11.52442940201593
Carside,R-NSGA-II_eps0.01,3,45,27.893486866567102,3.852788288585143,11.525038000666687
Carside,R-NSGA-II_eps0.01,3,45,27.992850352464576,3.850043252068726,11.522422567648544
Carside,R-NSGA-II_eps0.01,3,45,27.837052145720257,3.856925120261192,11.52845599749664
Carside,R-NSGA-II_eps0.01,3,45,27.891234124677656,3.852752988874348,11.525418289687668
Carside,R-NSGA-II_eps0.01,3,45,27.891290006652685,3.853005912600704,11.525036361522291
Carside,R-NSGA-II_eps0.01,3,45,27.895362778844788,3.852767656740419,11.524793663156665
Carside,R-NSGA-II_eps0.01,3,45,27.841926471997816,3.85459275104387,11.530183953944498
Carside,R-NSGA-II_eps0.01,3,45,27.89200970222633,3.852916174998005,11.525036361522291
Carside,R-NSGA-II_eps0.01,3,45,27.897501958567986,3.852682059917689,11.524636052862348
Carside,R-NSGA-II_eps0.01,3,45,27.870453480183535,3.852702510295932,11.532808120110747
Carside,R-NSGA-II_eps0.01,3,45,27.896336435338785,3.8527585209307147,11.524637530858147
Carside,R-NSGA-II_eps0.01,3,45,27.89679955570319,3.852682778198644,11.52466934217285
Carside,R-NSGA-II_eps0.01,3,45,27.909734781194565,3.8530485644994474,11.519357545459282
Carside,R-NSGA-II_eps0.01,3,45,27.90111823340255,3.852600443872219,11.524348379260871
Carside,R-NSGA-II_eps0.01,3,45,27.857820524392057,3.8571152216129696,11.521436873996912
Carside,R-NSGA-II_eps0.01,3,45,27.837698446735182,3.8582178964098484,11.524506129716766
Carside,R-NSGA-II_eps0.01,3,45,27.889687929816574,3.8528229848087117,11.525438374196643
Carside,R-NSGA-II_eps0.01,3,45,27.843552426522805,3.85720025839151,11.522644653058016
Carside,R-NSGA-II_eps0.01,3,45,27.889833346302698,3.852801412425098,11.52544069985273
Carside,R-NSGA-II_eps0.01,3,45,27.934728051802907,3.85147167003554,11.52402500279194
Carside,R-NSGA-II_eps0.01,3,45,27.898210066078125,3.852256407429225,11.529107127874543
Carside,R-NSGA-II_eps0.01,3,45,27.94221598607279,3.8521913833254633,11.518735545824283
Carside,R-NSGA-II_eps0.01,3,45,27.888891201927358,3.8528265237577712,11.525480808175715
Carside,R-NSGA-II_eps0.01,3,45,27.88531913923544,3.8568310720271906,11.519092390698844
Carside,R-NSGA-II_eps0.01,3,45,27.89405690041877,3.852787437882075,11.524734629881408
Carside,R-NSGA-II_eps0.01,3,45,27.920423006071456,3.85302330487358,11.518415781442862
Carside,R-NSGA-II_eps0.01,3,45,27.89606299168196,3.8528171343976316,11.524473807264918
Carside,R-NSGA-II_eps0.01,3,45,27.918361355038204,3.8523330868562193,11.523466322432583
Carside,R-NSGA-II_eps0.01,3,45,27.84388060386507,3.858706774415965,11.522088136608492
Carside,R-NSGA-II_eps0.01,3,45,27.89134190460417,3.8530485644994474,11.524588154270319
Carside,R-NSGA-II_eps0.01,3,45,27.89917112139025,3.8566435374216668,11.518290305381733
Carside,R-NSGA-II_eps0.01,3,45,27.885675137163876,3.852825609548697,11.525747671712633
Carside,R-NSGA-II_eps0.01,3,45,27.89161706459697,3.8530485644994474,11.524508448445879
Carside,R-NSGA-II_eps0.01,3,45,27.892264966534135,3.852813285986618,11.524547416925344
Carside,R-NSGA-II_eps0.01,3,45,27.92058316164669,3.8512687237718755,11.529791371075738
Carside,R-NSGA-II_eps0.01,3,45,27.869153225411853,3.852396541640506,11.534259147565788
Carside,R-NSGA-II_eps0.01,3,45,27.88753625403933,3.853069126410619,11.524826912978057
Carside,R-NSGA-II_eps0.01,3,45,27.889141100425842,3.8530555305895606,11.524632409047769
Carside,R-NSGA-II_eps0.01,3,45,27.909144230899052,3.85410869017132,11.517465504962226
Carside,R-NSGA-II_eps0.01,3,45,27.888587444463333,3.853050491026402,11.524688504001467
Carside,R-NSGA-II_eps0.01,3,45,27.991274735721266,3.8508593392014765,11.518888930319712
Carside,R-NSGA-II_eps0.01,3,45,27.935722748047915,3.8531413535505763,11.517181158936856
Carside,R-NSGA-II_eps0.01,3,45,27.888717108228523,3.8530696934043727,11.524638356724367
Carside,R-NSGA-II_eps0.01,3,45,27.829184831497823,3.856821070113534,11.533325029425342
Carside,R-NSGA-II_eps0.01,3,45,27.954185600545717,3.8518798570159025,11.517017737122544
Carside,R-NSGA-II_eps0.01,3,45,27.884465594122076,3.853048962197932,11.525107862314256
Carside,R-NSGA-II_eps0.01,4,46,27.899405827565943,3.85260212012928,11.525847790698771
Carside,R-NSGA-II_eps0.01,4,46,27.86726346310906,3.8531506880510475,11.527522603282373
Carside,R-NSGA-II_eps0.01,4,46,27.847747330746508,3.8543822989780496,11.527045586413081
Carside,R-NSGA-II_eps0.01,4,46,27.888550118820657,3.852280912166411,11.527724270212278
Carside,R-NSGA-II_eps0.01,4,46,27.912018013277727,3.852375005983291,11.524723080703907
Carside,R-NSGA-II_eps0.01,4,46,27.903133700712857,3.8520881758947123,11.528719897976499
Carside,R-NSGA-II_eps0.01,4,46,27.84756792548534,3.8543822989780496,11.528449670224312
Carside,R-NSGA-II_eps0.01,4,46,27.919583942440063,3.851530658040439,11.527251523075728
Carside,R-NSGA-II_eps0.01,4,46,27.843408377495383,3.8564977433212975,11.52575798916001
Carside,R-NSGA-II_eps0.01,4,46,27.90017073940795,3.8525913834335594,11.525793625118597
Carside,R-NSGA-II_eps0.01,4,46,27.893722892096008,3.8526392247538657,11.526155013169035
Carside,R-NSGA-II_eps0.01,4,46,27.88783776993094,3.852921237587995,11.525603155680733
Carside,R-NSGA-II_eps0.01,4,46,27.880782966623638,3.8528752721227955,11.526439687378996
Carside,R-NSGA-II_eps0.01,4,46,27.881081378726407,3.8528652828353387,11.526435508103301
Carside,R-NSGA-II_eps0.01,4,46,27.90086824059596,3.8525882413922625,11.52542700690135
Carside,R-NSGA-II_eps0.01,4,46,27.901040466358076,3.8525871745177893,11.525419749435354
Carside,R-NSGA-II_eps0.01,4,46,27.900966311150246,3.8525882413922625,11.525418594056376
Carside,R-NSGA-II_eps0.01,4,46,27.837768931459003,3.856536909708104,11.528136625972628
Carside,R-NSGA-II_eps0.01,4,46,27.89997799362528,3.852608447060515,11.525360240552347
Carside,R-NSGA-II_eps0.01,4,46,27.867156722524264,3.8535386601307207,11.52401850793924
Carside,R-NSGA-II_eps0.01,4,46,27.895899422497145,3.852661771931312,11.525460029765568
Carside,R-NSGA-II_eps0.01,4,46,27.889209121762555,3.852685239437311,11.523961483383534
Carside,R-NSGA-II_eps0.01,4,46,27.896550357364394,3.8526430444224102,11.525453133004962
Carside,R-NSGA-II_eps0.01,4,46,27.901941327281392,3.8524752610899413,11.525419685781536
Carside,R-NSGA-II_eps0.01,4,46,27.901947109229802,3.852475162466677,11.525419213772672
Carside,R-NSGA-II_eps0.01,4,46,27.902052344244908,3.852498491679075,11.52535379007843
Carside,R-NSGA-II_eps0.01,4,46,27.896587882601064,3.852650865056623,11.525241874424239
Carside,R-NSGA-II_eps0.01,4,46,27.931643361571417,3.8516092054606212,11.52450895954981
Carside,R-NSGA-II_eps0.01,4,46,27.896980853647392,3.8526600867606025,11.52516608628994
Carside,R-NSGA-II_eps0.01,4,46,27.90392575791909,3.8524469623471758,11.525268647611231
Carside,R-NSGA-II_eps0.01,4,46,27.897899952548624,3.852658471667649,11.525091598948862
Carside,R-NSGA-II_eps0.01,4,46,27.88421400901533,3.852530468309891,11.530370699661535
Carside,R-NSGA-II_eps0.01,4,46,27.897899952548627,3.852658471667649,11.525091598660117
Carside,R-NSGA-II_eps0.01,4,46,27.824997217935625,3.8571288372054457,11.527276183848588
Carside,R-NSGA-II_eps0.01,4,46,27.898867611333753,3.852672192272993,11.524902802603089
Carside,R-NSGA-II_eps0.01,4,46,27.938468860061874,3.850777970491454,11.525631080658519
Carside,R-NSGA-II_eps0.01,4,46,27.89945825274839,3.852672192272993,11.524845933283064
Carside,R-NSGA-II_eps0.01,4,46,27.90187017994877,3.8526382638011794,11.524747991153523
Carside,R-NSGA-II_eps0.01,4,46,27.84084986726736,3.854373210398484,11.530424414204711
Carside,R-NSGA-II_eps0.01,4,46,27.85624653261205,3.853634768836585,11.526989658955214
Carside,R-NSGA-II_eps0.01,4,46,27.902479561404682,3.8525664171809266,11.524790224484567
Carside,R-NSGA-II_eps0.01,4,46,27.931278373925352,3.8522492937450408,11.522550732176866
Carside,R-NSGA-II_eps0.01,4,46,27.902483478694876,3.8525664171809266,11.5247900484368
Carside,R-NSGA-II_eps0.01,4,46,27.902614865021995,3.852536028726895,11.524820848785359
Carside,R-NSGA-II_eps0.01,4,46,27.839684963007794,3.8588990421049765,11.52561011067598
Carside,R-NSGA-II_eps0.01,4,46,27.902634612586667,3.8525664171809266,11.524754436629411
Carside,R-NSGA-II_eps0.01,4,46,27.846617297344793,3.8544161740807943,11.52704763677858
Carside,R-NSGA-II_eps0.01,4,46,27.92116849660653,3.8511372172452543,11.530391703062385
Carside,R-NSGA-II_eps0.01,4,46,27.902613234595,3.8525426072906064,11.524779534383736
Carside,R-NSGA-II_eps0.01,4,46,27.89887808986526,3.853432812234947,11.52174366633903
Carside,R-NSGA-II_eps0.01,4,46,27.90985053040326,3.852403346591537,11.524786897608209
Carside,R-NSGA-II_eps0.01,4,46,27.87185171032443,3.854373210398484,11.521816762333515
Carside,R-NSGA-II_eps0.01,4,46,27.909850530405325,3.852403346591537,11.524786670961376
Carside,R-NSGA-II_eps0.01,4,46,27.90433424313174,3.852530905771066,11.524732550456843
Carside,R-NSGA-II_eps0.01,4,46,27.96584266143248,3.8508806628493604,11.523887978394006
Carside,R-NSGA-II_eps0.01,4,46,27.962216102130824,3.850331465174426,11.525026411361674
Carside,R-NSGA-II_eps0.01,4,46,27.904769334116114,3.852512833232826,11.524740672185494
Carside,R-NSGA-II_eps0.01,4,46,27.909466187183654,3.8523757075725777,11.524834872868988
Carside,R-NSGA-II_eps0.01,4,46,27.866056667850682,3.8526166885986144,11.53153299405577
Carside,R-NSGA-II_eps0.01,4,46,27.848037075421022,3.857160857951507,11.522269832198685
Carside,R-NSGA-II_eps0.01,4,46,27.90294942926953,3.85247933528366,11.52485753015658
Carside,R-NSGA-II_eps0.01,4,46,27.914519529136317,3.8525093823046834,11.52143299998015
Carside,R-NSGA-II_eps0.01,4,46,27.904790600503816,3.8525282933752742,11.524695604141181
Carside,R-NSGA-II_eps0.01,4,46,27.914745695733636,3.851984582143546,11.5255506301632
Carside,R-NSGA-II_eps0.01,4,46,27.904809621521864,3.8525282933752742,11.524693991611707
Carside,R-NSGA-II_eps0.01,4,46,27.91003772611201,3.8523746148256204,11.524798411394475
Carside,R-NSGA-II_eps0.01,4,46,27.985407971132574,3.849628441361413,11.524201059443628
Carside,R-NSGA-II_eps0.01,4,46,27.904416636582333,3.8525217941005265,11.524713429010536
Carside,R-NSGA-II_eps0.01,4,46,27.883612987701035,3.8521519687303556,11.533156862232415
Carside,R-NSGA-II_eps0.01,4,46,27.904416981297246,3.8525217941005265,11.524713413516597
Carside,R-NSGA-II_eps0.01,4,46,27.904416986227584,3.8525217941005265,11.524713413294993
Carside,R-NSGA-II_eps0.01,4,46,27.93290717941864,3.850912928148232,11.53269120580942
Carside,R-NSGA-II_eps0.01,4,46,27.898371272458835,3.8535197322633983,11.519937009286137
Carside,R-NSGA-II_eps0.01,4,46,27.902656765231757,3.852509561432092,11.524794618526961
Carside,R-NSGA-II_eps0.01,4,46,27.90908261789955,3.8523803544516104,11.52479809945498
Carside,R-NSGA-II_eps0.01,4,46,27.88218109335435,3.8550370708359165,11.519765415388102
Carside,R-NSGA-II_eps0.01,4,46,27.92790405014271,3.8524604503064386,11.520091026176548
Carside,R-NSGA-II_eps0.01,4,46,27.91484847172737,3.85197776880011,11.525528923874443
Carside,R-NSGA-II_eps0.01,4,46,27.914852252650046,3.85197776880011,11.525528753062805
Carside,R-NSGA-II_eps0.01,4,46,27.98459109013801,3.849866531174094,11.522060540468605
Carside,R-NSGA-II_eps0.01,4,46,27.912253746516175,3.8523757184227763,11.524710775144246
Carside,R-NSGA-II_eps0.01,4,46,27.905085917596505,3.8524733594338327,11.524740672023132
Carside,R-NSGA-II_eps0.01,4,46,27.917005311756796,3.8511590789474366,11.533873670728568
Carside,R-NSGA-II_eps0.01,4,46,27.885840169245558,3.8564119054223047,11.51893887906385
Carside,R-NSGA-II_eps0.01,4,46,27.90583248729795,3.852497893056265,11.524671107512772
Carside,R-NSGA-II_eps0.01,4,46,27.90583826924636,3.8524977944078445,11.52467063544848
Carside,R-NSGA-II_eps0.01,4,46,27.97165821077727,3.8506441070011537,11.520468492941733
Carside,R-NSGA-II_eps0.01,4,46,27.870645512425057,3.8528720638046225,11.527968911525567
Carside,R-NSGA-II_eps0.01,4,46,27.907802284325548,3.8528713084996244,11.518887717636638
Carside,R-NSGA-II_eps0.01,4,46,27.860944459508477,3.853365359094098,11.528051370910976
Carside,R-NSGA-II_eps0.01,4,46,27.85977022326187,3.8530807137816034,11.534671384375722
Carside,R-NSGA-II_eps0.01,4,46,27.90463869589942,3.8545769355287542,11.517973194292875
Carside,R-NSGA-II_eps0.01,4,46,27.90496600412101,3.852511287229065,11.524650572002768
Carside,R-NSGA-II_eps0.01,4,46,27.86049712971098,3.853448262309054,11.52822952203898
Carside,R-NSGA-II_eps0.01,4,46,27.951119493911026,3.851134129816416,11.519190228219701
Carside,R-NSGA-II_eps0.01,4,46,27.903979002921194,3.852536028726895,11.524624064435233
Carside,R-NSGA-II_eps0.01,4,46,28.003326040888417,3.8499881398614195,11.52030864565939
Carside,R-NSGA-II_eps0.01,4,46,27.910848641371075,3.8523318436853966,11.524763591256017
Carside,R-NSGA-II_eps0.01,4,46,27.81611876870287,3.8640362746174115,11.524808290499589
Carside,R-NSGA-II_eps0.01,4,46,27.905056163656443,3.8524986382334485,11.524619367572228
Carside,R-NSGA-II_eps0.01,5,47,27.932449815047573,3.8514521175248566,11.526234953002774
Carside,R-NSGA-II_eps0.01,5,47,27.918874864126852,3.8516586599336233,11.527212882468124
Carside,R-NSGA-II_eps0.01,5,47,27.923609572436686,3.852075662134514,11.524571463597862
Carside,R-NSGA-II_eps0.01,5,47,27.901996073543778,3.852481172110698,11.525685556301731
Carside,R-NSGA-II_eps0.01,5,47,27.901985287709444,3.8521823579457446,11.527549619091154
Carside,R-NSGA-II_eps0.01,5,47,27.938211451821772,3.851487144548026,11.524336564619501
Carside,R-NSGA-II_eps0.01,5,47,27.917326027534088,3.851659408755872,11.529642999360485
Carside,R-NSGA-II_eps0.01,5,47,27.910438503175023,3.852423763764169,11.523528903585987
Carside,R-NSGA-II_eps0.01,5,47,27.952773471329138,3.8507483939886695,11.526051821741264
Carside,R-NSGA-II_eps0.01,5,47,27.883573385554755,3.8529134205494895,11.526245912361698
Carside,R-NSGA-II_eps0.01,5,47,27.88818524786107,3.853156281893305,11.524469309161073
Carside,R-NSGA-II_eps0.01,5,47,27.878404689214914,3.8529671710434568,11.528129819577956
Carside,R-NSGA-II_eps0.01,5,47,27.875394475515456,3.8535705268156732,11.525272493383351
Carside,R-NSGA-II_eps0.01,5,47,27.958572900813294,3.850653406567624,11.524132130496541
Carside,R-NSGA-II_eps0.01,5,47,27.86769977679884,3.8535477545637034,11.527170584349872
Carside,R-NSGA-II_eps0.01,5,47,27.934362274088873,3.85070956357908,11.530377229160436
Carside,R-NSGA-II_eps0.01,5,47,27.906290885963813,3.852557491868386,11.522152138940836
Carside,R-NSGA-II_eps0.01,5,47,27.879511502935827,3.853624910600145,11.52309061696532
Carside,R-NSGA-II_eps0.01,5,47,27.968804354832194,3.8499474136439935,11.528796439654176
Carside,R-NSGA-II_eps0.01,5,47,27.886143432136812,3.852271165842983,11.530930671502047
Carside,R-NSGA-II_eps0.01,5,47,27.85544588707976,3.8553173348023235,11.526033221210792
Carside,R-NSGA-II_eps0.01,5,47,27.901996073502186,3.852481172110698,11.525685556305241
Carside,R-NSGA-II_eps0.01,5,47,27.902011337403117,3.8524751174498197,11.525638568557694
Carside,R-NSGA-II_eps0.01,5,47,27.945463095591727,3.851492837877332,11.5215803819719
Carside,R-NSGA-II_eps0.01,5,47,27.965236250801706,3.85129758856049,11.52203175553111
Carside,R-NSGA-II_eps0.01,5,47,27.901231714835937,3.852481395686773,11.52567704876472
Carside,R-NSGA-II_eps0.01,5,47,27.90548969968392,3.8522445510863554,11.525592774097884
Carside,R-NSGA-II_eps0.01,5,47,27.972905866666675,3.8496428956999673,11.52710194066669
Carside,R-NSGA-II_eps0.01,5,47,27.905540167448436,3.852242652645838,11.52558840432929
Carside,R-NSGA-II_eps0.01,5,47,27.86237966464515,3.8540617570068134,11.524175697803216
Carside,R-NSGA-II_eps0.01,5,47,27.905172140300593,3.8522461478032426,11.525608926481258
Carside,R-NSGA-II_eps0.01,5,47,27.901231715460696,3.852481395686773,11.525608311854915
Carside,R-NSGA-II_eps0.01,5,47,27.905086524561277,3.8522445510863554,11.525614496817422
Carside,R-NSGA-II_eps0.01,5,47,27.918212191030868,3.852001623545908,11.524752997813586
Carside,R-NSGA-II_eps0.01,5,47,27.97693389734179,3.8507967766076887,11.522891913246191
Carside,R-NSGA-II_eps0.01,5,47,27.901448131948538,3.8524273237182536,11.525686683077227
Carside,R-NSGA-II_eps0.01,5,47,27.85408066227083,3.856303291010279,11.525221728593964
Carside,R-NSGA-II_eps0.01,5,47,27.901474168485194,3.852424221862337,11.52568564097733
Carside,R-NSGA-II_eps0.01,5,47,27.91916077802641,3.851976561474432,11.524708049660621
Carside,R-NSGA-II_eps0.01,5,47,27.853879891427784,3.8540074564995574,11.526333618524308
Carside,R-NSGA-II_eps0.01,5,47,27.91920388286163,3.851986114905038,11.524674032180945
Carside,R-NSGA-II_eps0.01,5,47,27.916101087047775,3.8526409822408247,11.520641387946501
Carside,R-NSGA-II_eps0.01,5,47,27.902570146383674,3.8523147825507085,11.525700426660077
Carside,R-NSGA-II_eps0.01,5,47,27.902619161473496,3.8523128842249243,11.525696123049961
Carside,R-NSGA-II_eps0.01,5,47,27.90257328426752,3.852314117680689,11.525696545908154
Carside,R-NSGA-II_eps0.01,5,47,27.902597598969813,3.852311085922298,11.525696545908154
Carside,R-NSGA-II_eps0.01,5,47,27.91839226770613,3.85199266946318,11.524635709627503
Carside,R-NSGA-II_eps0.01,5,47,27.897303670839282,3.853275193733278,11.520508783879196
Carside,R-NSGA-II_eps0.01,5,47,27.868536971543712,3.8529239722187953,11.53122399897337
Carside,R-NSGA-II_eps0.01,5,47,27.91684916107062,3.8521289512955024,11.524477164642686
Carside,R-NSGA-II_eps0.01,5,47,27.902056058511512,3.8523425220644,11.525596959686192
Carside,R-NSGA-II_eps0.01,5,47,27.902052526761423,3.852332923982805,11.525603779868838
Carside,R-NSGA-II_eps0.01,5,47,27.883554190504917,3.855044018243875,11.520502343900269
Carside,R-NSGA-II_eps0.01,5,47,27.90204283765168,3.8523330638538447,11.525598748187889
Carside,R-NSGA-II_eps0.01,5,47,27.98785811618576,3.849945560473651,11.523628351497837
Carside,R-NSGA-II_eps0.01,5,47,27.903169952356773,3.8522397201854215,11.52567704876472
Carside,R-NSGA-II_eps0.01,5,47,27.84078612317649,3.8562327739721556,11.52624233333416
Carside,R-NSGA-II_eps0.01,5,47,27.90949137742374,3.8520353553907865,11.525271689316643
Carside,R-NSGA-II_eps0.01,5,47,27.880115657190775,3.853823112610526,11.520679258152562
Carside,R-NSGA-II_eps0.01,5,47,27.897340217940194,3.85238393121435,11.52682646498167
Carside,R-NSGA-II_eps0.01,5,47,27.899863189599746,3.8522406998945473,11.527607500732
Carside,R-NSGA-II_eps0.01,5,47,27.90057662307366,3.852654871551419,11.524991343304224
Carside,R-NSGA-II_eps0.01,5,47,27.960715023212007,3.851436953713403,11.520282342468466
Carside,R-NSGA-II_eps0.01,5,47,27.90028285615079,3.8526590497910744,11.525012751513577
Carside,R-NSGA-II_eps0.01,5,47,27.900265455232503,3.8526590497910744,11.525014216326202
Carside,R-NSGA-II_eps0.01,5,47,27.92949026812308,3.8511226852318567,11.53399371616051
Carside,R-NSGA-II_eps0.01,5,47,27.900241698589028,3.85265952616635,11.525003109722089
Carside,R-NSGA-II_eps0.01,5,47,27.90024132816258,3.85265952616635,11.5250031568321
Carside,R-NSGA-II_eps0.01,5,47,27.92449039380732,3.852314117680689,11.519332376895711
Carside,R-NSGA-II_eps0.01,5,47,27.900209817173906,3.85265952616635,11.525005431546973
Carside,R-NSGA-II_eps0.01,5,47,27.90021489234044,3.852662677899093,11.524924263561756
Carside,R-NSGA-II_eps0.01,5,47,27.863255323113236,3.8557177664494406,11.520790900542867
Carside,R-NSGA-II_eps0.01,5,47,27.9002409288771,3.8526595760431763,11.524923222025024
Carside,R-NSGA-II_eps0.01,5,47,27.897494756206747,3.8524840505955673,11.525767924850374
Carside,R-NSGA-II_eps0.01,5,47,27.83274756807181,3.8557637537021727,11.528442197382642
Carside,R-NSGA-II_eps0.01,5,47,27.942396295011648,3.8519622405632186,11.518880138036995
Carside,R-NSGA-II_eps0.01,5,47,27.897494995685868,3.8524840505955673,11.525763344070953
Carside,R-NSGA-II_eps0.01,5,47,27.868457447556995,3.8527125508216464,11.533109746000559
Carside,R-NSGA-II_eps0.01,5,47,27.902103017334515,3.8526508556365506,11.524614425166193
Carside,R-NSGA-II_eps0.01,5,47,27.903994082760835,3.8548470701920516,11.51836114388804
Carside,R-NSGA-II_eps0.01,5,47,27.90885998954271,3.8520675565118956,11.524949346664958
Carside,R-NSGA-II_eps0.01,5,47,27.89451103602375,3.852740499046521,11.52543864466429
Carside,R-NSGA-II_eps0.01,5,47,27.894265765082636,3.8527411170274277,11.525466726144238
Carside,R-NSGA-II_eps0.01,5,47,27.893603361781174,3.8536440384236856,11.51887155931685
Carside,R-NSGA-II_eps0.01,5,47,27.909574725841658,3.852064097580142,11.52471697911668
Carside,R-NSGA-II_eps0.01,5,47,27.87066015158529,3.856420241446861,11.519664450190895
Carside,R-NSGA-II_eps0.01,5,47,27.902734588548768,3.8522488651906253,11.524933043229478
Carside,R-NSGA-II_eps0.01,5,47,28.023364894542226,3.851153798273325,11.522551433456698
Carside,R-NSGA-II_eps0.01,5,47,27.88895273538199,3.852910747956636,11.525769045522841
Carside,R-NSGA-II_eps0.01,5,47,27.923898402926255,3.851837946346987,11.523819062906597
Carside,R-NSGA-II_eps0.01,5,47,27.84390450280444,3.8537310514720073,11.531644700821623
Carside,R-NSGA-II_eps0.01,5,47,27.918188106791934,3.8567556296724854,11.517671182341747
Carside,R-NSGA-II_eps0.01,5,47,27.91091975697527,3.8522748969549556,11.523718180104655
Carside,R-NSGA-II_eps0.01,5,47,27.87914458866109,3.8522811626817925,11.5342240658338
Carside,R-NSGA-II_eps0.01,5,47,27.9144872800847,3.852167182176513,11.523627047753145
Carside,R-NSGA-II_eps0.01,5,47,27.92261020443967,3.853194090030654,11.517901792979377
Carside,R-NSGA-II_eps0.01,5,47,27.84220896062796,3.855044018243875,11.532218741426608
Carside,R-NSGA-II_eps0.01,5,47,27.888522835456026,3.8553762333077257,11.518267324871225
Carside,R-NSGA-II_eps0.01,5,47,27.912232815901053,3.852259620368737,11.523626865969078
Carside,R-NSGA-II_eps0.01,5,47,27.90934729497143,3.85233192148322,11.523605947269004
Carside,R-NSGA-II_eps0.01,6,48,27.90574830933427,3.852791307042839,11.525097226628585
Carside,R-NSGA-II_eps0.01,6,48,27.918417109764157,3.852125940598825,11.525475264486975
Carside,R-NSGA-II_eps0.01,6,48,27.907484499128174,3.852330742995241,11.52643746374802
Carside,R-NSGA-II_eps0.01,6,48,27.91206814263738,3.852566206346765,11.523800264135527
Carside,R-NSGA-II_eps0.01,6,48,27.894393479785606,3.852800243101378,11.526386610162579
Carside,R-NSGA-II_eps0.01,6,48,27.93570198968171,3.851466985071304,11.524970021346855
Carside,R-NSGA-II_eps0.01,6,48,27.932057202339752,3.852124560981024,11.523046944879027
Carside,R-NSGA-II_eps0.01,6,48,27.94101959655048,3.851117732562027,11.527255946134758
Carside,R-NSGA-II_eps0.01,6,48,27.915624567878982,3.8518931147254656,11.530025012912226
Carside,R-NSGA-II_eps0.01,6,48,27.918442054783167,3.8525658404119,11.522469287632635
Carside,R-NSGA-II_eps0.01,6,48,27.895367818752142,3.8521982184076835,11.52907846841548
Carside,R-NSGA-II_eps0.01,6,48,27.875851190528845,3.8530048471186733,11.527211194822755
Carside,R-NSGA-II_eps0.01,6,48,27.913153572739255,3.852390016161652,11.525335873124462
Carside,R-NSGA-II_eps0.01,6,48,27.87636866282489,3.8532944253748127,11.524446676167614
Carside,R-NSGA-II_eps0.01,6,48,27.90952690108675,3.852525941185104,11.525300431911763
Carside,R-NSGA-II_eps0.01,6,48,27.946003229349937,3.851746826248503,11.521826909681534
Carside,R-NSGA-II_eps0.01,6,48,27.911611406600752,3.852406517011557,11.52542422980449
Carside,R-NSGA-II_eps0.01,6,48,27.907547378504802,3.8525576887286754,11.525508995126835
Carside,R-NSGA-II_eps0.01,6,48,27.96103423029969,3.8506122153935336,11.527984340727343
Carside,R-NSGA-II_eps0.01,6,48,27.931269631971468,3.8524501293415967,11.52055890631377
Carside,R-NSGA-II_eps0.01,6,48,27.902689664684956,3.8527911089616946,11.525329733332374
Carside,R-NSGA-II_eps0.01,6,48,27.860662986896678,3.8543420081760247,11.52719448808845
Carside,R-NSGA-II_eps0.01,6,48,27.90677497099145,3.8525292537854066,11.525535574009783
Carside,R-NSGA-II_eps0.01,6,48,27.886111143610403,3.853247222397747,11.522089128602072
Carside,R-NSGA-II_eps0.01,6,48,27.910596466728954,3.8523065910491914,11.525817680488409
Carside,R-NSGA-II_eps0.01,6,48,27.97709845260071,3.850647272216346,11.52721651786304
Carside,R-NSGA-II_eps0.01,6,48,27.897000579736325,3.8521516931284516,11.531661789074189
Carside,R-NSGA-II_eps0.01,6,48,27.90275826768028,3.8527687268620183,11.525365712673423
Carside,R-NSGA-II_eps0.01,6,48,27.90456868243434,3.8527002425711925,11.525238459111176
Carside,R-NSGA-II_eps0.01,6,48,27.86728077295235,3.8531413530008427,11.528343613183491
Carside,R-NSGA-II_eps0.01,6,48,27.96123680405026,3.8510950956017234,11.52250904968962
Carside,R-NSGA-II_eps0.01,6,48,27.905246866402585,3.852615767842223,11.525428768766329
Carside,R-NSGA-II_eps0.01,6,48,27.909252820888092,3.8523514939517907,11.525824134935029
Carside,R-NSGA-II_eps0.01,6,48,27.858708580682205,3.8549741389306855,11.524488053756315
Carside,R-NSGA-II_eps0.01,6,48,27.902468865955726,3.8527687268620183,11.525374940620548
Carside,R-NSGA-II_eps0.01,6,48,27.909296805034742,3.852423467373207,11.525390536332285
Carside,R-NSGA-II_eps0.01,6,48,27.90898252328712,3.8524238252612597,11.525409732678934
Carside,R-NSGA-II_eps0.01,6,48,27.87783150818072,3.8541685441710762,11.521028025545434
Carside,R-NSGA-II_eps0.01,6,48,27.908583965632918,3.852432391155288,11.525445271017691
Carside,R-NSGA-II_eps0.01,6,48,27.903183474894096,3.852751676279951,11.525221141431405
Carside,R-NSGA-II_eps0.01,6,48,27.871892356935472,3.855940102435151,11.52104713720643
Carside,R-NSGA-II_eps0.01,6,48,27.908717079405925,3.8524235767221717,11.52544140449601
Carside,R-NSGA-II_eps0.01,6,48,27.910253350469798,3.852740150856175,11.519506972970888
Carside,R-NSGA-II_eps0.01,6,48,27.90730289584116,3.85247029755755,11.525516233029904
Carside,R-NSGA-II_eps0.01,6,48,27.90766805755674,3.852446906265709,11.525514605495143
Carside,R-NSGA-II_eps0.01,6,48,27.907624125942466,3.852447349497446,11.525517173290574
Carside,R-NSGA-II_eps0.01,6,48,27.907516155619025,3.8524516154735498,11.525519895510456
Carside,R-NSGA-II_eps0.01,6,48,27.88267028155546,3.8524516154735498,11.532580030915584
Carside,R-NSGA-II_eps0.01,6,48,27.90752793158251,3.8524516154735498,11.525516549284983
Carside,R-NSGA-II_eps0.01,6,48,27.84684506973949,3.854970946247035,11.527887824266662
Carside,R-NSGA-II_eps0.01,6,48,27.90763812271383,3.8524472899345,11.52551333715905
Carside,R-NSGA-II_eps0.01,6,48,27.978025965987698,3.8501611307922037,11.524205905723417
Carside,R-NSGA-II_eps0.01,6,48,27.888696644628187,3.853137357230254,11.520071263960428
Carside,R-NSGA-II_eps0.01,6,48,27.90763860719827,3.8524472617085586,11.52551331512707
Carside,R-NSGA-II_eps0.01,6,48,27.90763601609748,3.8524473607314684,11.525513366725814
Carside,R-NSGA-II_eps0.01,6,48,27.907385741675814,3.852457102254915,11.525515246946414
Carside,R-NSGA-II_eps0.01,6,48,27.907397517639296,3.852457102254915,11.525511900720943
Carside,R-NSGA-II_eps0.01,6,48,27.901016974391958,3.8528105524872642,11.525431469764472
Carside,R-NSGA-II_eps0.01,6,48,27.907431809951248,3.852454223478986,11.525516232798218
Carside,R-NSGA-II_eps0.01,6,48,27.90745112427868,3.8524501293415967,11.52552007736395
Carside,R-NSGA-II_eps0.01,6,48,27.900943512551073,3.8528144597702125,11.525420919567626
Carside,R-NSGA-II_eps0.01,6,48,27.932400400273924,3.8521167296889307,11.518470734632123
Carside,R-NSGA-II_eps0.01,6,48,27.90082913704153,3.8528168622614634,11.525434113654773
Carside,R-NSGA-II_eps0.01,6,48,27.91136752077994,3.8554076732902125,11.517116436493675
Carside,R-NSGA-II_eps0.01,6,48,27.907330437191433,3.852451068008032,11.525534054971406
Carside,R-NSGA-II_eps0.01,6,48,27.907800038530972,3.8524333880910255,11.525512463345708
Carside,R-NSGA-II_eps0.01,6,48,27.90772875516071,3.852435989327406,11.525513328724841
Carside,R-NSGA-II_eps0.01,6,48,27.956861518628077,3.8515970829861863,11.518735619497875
Carside,R-NSGA-II_eps0.01,6,48,27.907115463373344,3.8524556882141425,11.525538725188255
Carside,R-NSGA-II_eps0.01,6,48,27.844864393714918,3.8534848947397866,11.529813153820745
Carside,R-NSGA-II_eps0.01,6,48,27.907537498380478,3.8524378497056238,11.52552819642702
Carside,R-NSGA-II_eps0.01,6,48,27.90720064260239,3.8524473741363527,11.525553693941553
Carside,R-NSGA-II_eps0.01,6,48,27.889774597098672,3.855938971694337,11.517719008571257
Carside,R-NSGA-II_eps0.01,6,48,27.907200158122365,3.852447402362303,11.52555323108378
Carside,R-NSGA-II_eps0.01,6,48,27.93140383759058,3.8552135226977255,11.516398989347213
Carside,R-NSGA-II_eps0.01,6,48,27.90720064260681,3.8524473741363527,11.525553209053303
Carside,R-NSGA-II_eps0.01,6,48,27.905268419703773,3.852534477137583,11.525576913750195
Carside,R-NSGA-II_eps0.01,6,48,27.91069333077926,3.8530766175220688,11.517524841827917
Carside,R-NSGA-II_eps0.01,6,48,27.9069294343324,3.8524585269362306,11.525558513143231
Carside,R-NSGA-II_eps0.01,6,48,27.90770259881083,3.8524781133429986,11.5253044891158
Carside,R-NSGA-II_eps0.01,6,48,27.907693995114258,3.85243828275368,11.525472871366844
Carside,R-NSGA-II_eps0.01,6,48,27.904822323388085,3.8525479965787905,11.52551059361698
Carside,R-NSGA-II_eps0.01,6,48,27.90409544195697,3.8525659225184654,11.525563423873523
Carside,R-NSGA-II_eps0.01,6,48,27.90376542464573,3.85257743899794,11.525567696449404
Carside,R-NSGA-II_eps0.01,6,48,27.90349025248735,3.852572804797819,11.525607274151994
Carside,R-NSGA-II_eps0.01,6,48,27.93175827778376,3.8526524276707343,11.516948815921715
Carside,R-NSGA-II_eps0.01,6,48,27.902689500488396,3.8526185426409185,11.525577015078277
Carside,R-NSGA-II_eps0.01,6,48,27.923798307364866,3.8517942466010706,11.526078064629267
Carside,R-NSGA-II_eps0.01,6,48,27.90294681466991,3.85254930947069,11.525821209853001
Carside,R-NSGA-II_eps0.01,6,48,27.90319712404779,3.852597084697582,11.525471712063185
Carside,R-NSGA-II_eps0.01,6,48,27.83714495878602,3.854466789341563,11.531724424806587
Carside,R-NSGA-II_eps0.01,6,48,27.901483691970025,3.8526618353709856,11.525579663871085
Carside,R-NSGA-II_eps0.01,6,48,27.97053487909593,3.85163893820431,11.517520140190019
Carside,R-NSGA-II_eps0.01,6,48,27.92690430603891,3.851915335949301,11.524941110255082
Carside,R-NSGA-II_eps0.01,6,48,27.947389065774757,3.8521972006407132,11.516591303151221
Carside,R-NSGA-II_eps0.01,6,48,27.901650882922947,3.852638291221155,11.525627208147695
Carside,R-NSGA-II_eps0.01,6,48,27.90063572451686,3.8527116993356274,11.525520183766865
Carside,R-NSGA-II_eps0.01,6,48,27.835043956482423,3.8535656509809195,11.531746413929554
Carside,R-NSGA-II_eps0.01,6,48,27.998800386896637,3.8513574842529867,11.51809957276081
Carside,R-NSGA-II_eps0.01,6,48,27.903166973163056,3.8524986246693156,11.525866318927019
Carside,R-NSGA-II_eps0.01,7,49,27.923270584516576,3.8524769132296175,11.52352583425192
Carside,R-NSGA-II_eps0.01,7,49,27.916009417521792,3.852413901311259,11.52495019179509
Carside,R-NSGA-II_eps0.01,7,49,27.916006255032535,3.852323404104786,11.528225562995518
Carside,R-NSGA-II_eps0.01,7,49,27.928805621164187,3.8523015588692515,11.522953275132055
Carside,R-NSGA-II_eps0.01,7,49,27.9281414598421,3.8519080978265863,11.52477010572117
Carside,R-NSGA-II_eps0.01,7,49,27.917068536005623,3.8526507041465083,11.52248460178214
Carside,R-NSGA-II_eps0.01,7,49,27.90861546778558,3.8525312830441862,11.525139977769083
Carside,R-NSGA-II_eps0.01,7,49,27.941620484480318,3.8520998113667937,11.52245006951947
Carside,R-NSGA-II_eps0.01,7,49,27.90049757543836,3.852667863903644,11.526399009124752
Carside,R-NSGA-II_eps0.01,7,49,27.896031519365962,3.8530850310414912,11.525140972728025
Carside,R-NSGA-II_eps0.01,7,49,27.920909050064044,3.8548280033693447,11.518000762139913
Carside,R-NSGA-II_eps0.01,7,49,27.934531434895604,3.8513613074516813,11.527864282314379
Carside,R-NSGA-II_eps0.01,7,49,27.94060012545984,3.8513460383846803,11.524926567803586
Carside,R-NSGA-II_eps0.01,7,49,27.943966416016206,3.851412844236662,11.52386835808872
Carside,R-NSGA-II_eps0.01,7,49,27.893998414909266,3.8528086086785995,11.526082980792264
Carside,R-NSGA-II_eps0.01,7,49,27.94968351073099,3.851301484533462,11.524604805736644
Carside,R-NSGA-II_eps0.01,7,49,27.919267998311454,3.8528228663057824,11.519823856105628
Carside,R-NSGA-II_eps0.01,7,49,27.896063941023392,3.8529227500754883,11.523198456236283
Carside,R-NSGA-II_eps0.01,7,49,27.91035584478695,3.856107055986344,11.517739379213458
Carside,R-NSGA-II_eps0.01,7,49,27.912674052109438,3.852693612848592,11.520179983297757
Carside,R-NSGA-II_eps0.01,7,49,27.909368975512187,3.853006637498831,11.519202108608932
Carside,R-NSGA-II_eps0.01,7,49,27.87445324955856,3.854907862037399,11.526083114976366
Carside,R-NSGA-II_eps0.01,7,49,27.88698487309384,3.852821025255335,11.529071050803228
Carside,R-NSGA-II_eps0.01,7,49,27.87415665829774,3.856416234609005,11.525202113568323
Carside,R-NSGA-II_eps0.01,7,49,27.912476012417773,3.8557003210368133,11.516573514687963
Carside,R-NSGA-II_eps0.01,7,49,27.88796356967874,3.8534233727578897,11.521738668214578
Carside,R-NSGA-II_eps0.01,7,49,27.923874423797844,3.853831338258923,11.516503934285023
Carside,R-NSGA-II_eps0.01,7,49,27.893255726215692,3.853264342261932,11.520498760847406
Carside,R-NSGA-II_eps0.01,7,49,27.880635910642003,3.853000994573788,11.527024156626464
Carside,R-NSGA-II_eps0.01,7,49,27.878977686264633,3.854260442899092,11.522127154429597
Carside,R-NSGA-II_eps0.01,7,49,27.881706152231573,3.8532408740303716,11.52347368891195
Carside,R-NSGA-II_eps0.01,7,49,27.92707206922921,3.853359266166265,11.51656239378816
Carside,R-NSGA-II_eps0.01,7,49,27.915882106458405,3.8569599464254845,11.516206615292285
Carside,R-NSGA-II_eps0.01,7,49,27.916077205927863,3.852410626666024,11.524951400291839
Carside,R-NSGA-II_eps0.01,7,49,27.91599831571945,3.852323404104786,11.528227807721311
Carside,R-NSGA-II_eps0.01,7,49,27.876069092099744,3.8552201550953744,11.52198133174724
Carside,R-NSGA-II_eps0.01,7,49,27.915204313650797,3.852420002971719,11.525143454611896
Carside,R-NSGA-II_eps0.01,7,49,27.8799659415062,3.8530374091662245,11.529116841266227
Carside,R-NSGA-II_eps0.01,7,49,27.915952267501655,3.8524077806274595,11.524959270751456
Carside,R-NSGA-II_eps0.01,7,49,27.919131186946235,3.852305505703681,11.524717897266324
Carside,R-NSGA-II_eps0.01,7,49,27.919050329182475,3.8523047054951975,11.524730680954276
Carside,R-NSGA-II_eps0.01,7,49,27.889246056446993,3.854260442899092,11.519204169763334
Carside,R-NSGA-II_eps0.01,7,49,27.919539016835976,3.8522782556623167,11.524783935464816
Carside,R-NSGA-II_eps0.01,7,49,27.9198337077868,3.852268362853269,11.524779796309723
Carside,R-NSGA-II_eps0.01,7,49,27.915630595249944,3.8523226228310112,11.52833833860333
Carside,R-NSGA-II_eps0.01,7,49,27.962996361668537,3.851301484533462,11.520850578756239
Carside,R-NSGA-II_eps0.01,7,49,27.915622655936854,3.8523226228310112,11.528340583329122
Carside,R-NSGA-II_eps0.01,7,49,27.93164082471709,3.8526347322166115,11.517049151113053
Carside,R-NSGA-II_eps0.01,7,49,27.892210585364687,3.8566368562777398,11.518195201341264
Carside,R-NSGA-II_eps0.01,7,49,27.912074925033394,3.85253351139429,11.524842430376747
Carside,R-NSGA-II_eps0.01,7,49,27.916418084844405,3.852323404104786,11.52498136702872
Carside,R-NSGA-II_eps0.01,7,49,27.944361436796193,3.8522177211522,11.51749370191374
Carside,R-NSGA-II_eps0.01,7,49,27.916006283281472,3.852323404104786,11.52512388040813
Carside,R-NSGA-II_eps0.01,7,49,27.91600628329498,3.852323404104786,11.525122397444232
Carside,R-NSGA-II_eps0.01,7,49,27.901153028223277,3.8532937164106946,11.518020441136713
Carside,R-NSGA-II_eps0.01,7,49,27.915825628313616,3.8523234928190746,11.52516615664454
Carside,R-NSGA-II_eps0.01,7,49,27.872527392582256,3.85342114155457,11.526574398881017
Carside,R-NSGA-II_eps0.01,7,49,27.913673182395918,3.852408646521755,11.525159425742958
Carside,R-NSGA-II_eps0.01,7,49,27.888993511232986,3.852392527243806,11.532707722703329
Carside,R-NSGA-II_eps0.01,7,49,27.914652689368392,3.852325909347749,11.525246504158481
Carside,R-NSGA-II_eps0.01,7,49,27.876437108071002,3.8565931685010284,11.520312309987984
Carside,R-NSGA-II_eps0.01,7,49,27.916296722078535,3.8522681041597027,11.525157641121233
Carside,R-NSGA-II_eps0.01,7,49,27.866688576345165,3.854088454684495,11.52703380790966
Carside,R-NSGA-II_eps0.01,7,49,27.941300127962414,3.853385201815354,11.515149282692295
Carside,R-NSGA-II_eps0.01,7,49,27.92814145988651,3.8519080978265863,11.524765228964352
Carside,R-NSGA-II_eps0.01,7,49,27.912676981236327,3.8523235321471168,11.525418183505145
Carside,R-NSGA-II_eps0.01,7,49,27.870715389879386,3.8570853883538327,11.522251038927035
Carside,R-NSGA-II_eps0.01,7,49,27.908435558917272,3.8525312830441862,11.525219048572536
Carside,R-NSGA-II_eps0.01,7,49,27.917161593747974,3.8521413361762487,11.525150053309172
Carside,R-NSGA-II_eps0.01,7,49,27.908203666235774,3.8525312830441862,11.525281050072627
Carside,R-NSGA-II_eps0.01,7,49,27.978923057405208,3.851659082522339,11.519537598982962
Carside,R-NSGA-II_eps0.01,7,49,27.922015006118205,3.852496348011346,11.521835621680383
Carside,R-NSGA-II_eps0.01,7,49,27.86612740538212,3.8565931685010284,11.52324187650752
Carside,R-NSGA-II_eps0.01,7,49,27.862247654184056,3.8564433710196626,11.526068673372128
Carside,R-NSGA-II_eps0.01,7,49,27.95746662081874,3.851911225122663,11.51690115003096
Carside,R-NSGA-II_eps0.01,7,49,27.99141283910503,3.8512005019412827,11.523273841912463
Carside,R-NSGA-II_eps0.01,7,49,27.86035705246991,3.8550936492779924,11.52731823249174
Carside,R-NSGA-II_eps0.01,7,49,27.895309527103187,3.853095926175112,11.524790883569056
Carside,R-NSGA-II_eps0.01,7,49,27.86331630412728,3.853931974944424,11.527956568024031
Carside,R-NSGA-II_eps0.01,7,49,27.932102519831457,3.851361758861485,11.528069979140865
Carside,R-NSGA-II_eps0.01,7,49,27.974954915935623,3.850355293106679,11.524207057725354
Carside,R-NSGA-II_eps0.01,7,49,27.87262540185184,3.852845963678775,11.530683403860099
Carside,R-NSGA-II_eps0.01,7,49,27.866742620756202,3.8531929902277824,11.528209524361142
Carside,R-NSGA-II_eps0.01,7,49,27.94158091532754,3.8513439750076652,11.524703162123712
Carside,R-NSGA-II_eps0.01,7,49,27.94648798014761,3.8524458558220736,11.515341140319928
Carside,R-NSGA-II_eps0.01,7,49,27.892550657563252,3.8530836446253103,11.525458889951825
Carside,R-NSGA-II_eps0.01,7,49,27.89202945958164,3.8531011346773654,11.525466192758063
Carside,R-NSGA-II_eps0.01,7,49,27.89421072549908,3.852896989064103,11.525453881153197
Carside,R-NSGA-II_eps0.01,7,49,27.97280426841189,3.8535098599767443,11.514506703895522
Carside,R-NSGA-II_eps0.01,7,49,27.856474670814272,3.856630555349843,11.52359255571679
Carside,R-NSGA-II_eps0.01,7,49,27.915208460087417,3.850989501615386,11.537128976642713
Carside,R-NSGA-II_eps0.01,7,49,27.85798400879131,3.8570886685505337,11.520836979451513
Carside,R-NSGA-II_eps0.01,7,49,27.89940449861993,3.8514626066130417,11.537632535232646
Carside,R-NSGA-II_eps0.01,7,49,27.920007890530194,3.8528228663057824,11.519613619896393
Carside,R-NSGA-II_eps0.01,7,49,27.85006963044697,3.853375124013391,11.529130734847422
Carside,R-NSGA-II_eps0.01,7,49,27.84324058805305,3.8570687993484465,11.526345017680018
Carside,R-NSGA-II_eps0.01,7,49,27.920497273705976,3.8528039169981674,11.519607177276267
Carside,R-NSGA-II_eps0.01,7,49,27.851797914915032,3.853202133870621,11.532319222647043
Carside,R-NSGA-II_eps0.01,7,49,27.86520123668349,3.852670525114019,11.537829661107121
Carside,R-NSGA-II_eps0.01,7,49,27.89114600718473,3.8529006659557714,11.525705214769932
Carside,R-NSGA-II_eps0.01,8,50,27.917629126799792,3.8524486532040174,11.524946905764114
Carside,R-NSGA-II_eps0.01,8,50,27.90918749574697,3.8525901305491823,11.524691563940419
Carside,R-NSGA-II_eps0.01,8,50,27.92510339681939,3.851881545905261,11.52370779216956
Carside,R-NSGA-II_eps0.01,8,50,27.9448459715351,3.8513359112792998,11.524393165544456
Carside,R-NSGA-II_eps0.01,8,50,27.934735382638845,3.8512366089758507,11.528318867875138
Carside,R-NSGA-II_eps0.01,8,50,27.917324551952916,3.8525783076498303,11.52179627920526
Carside,R-NSGA-II_eps0.01,8,50,27.913853989796074,3.851828508020941,11.526822590739236
Carside,R-NSGA-II_eps0.01,8,50,27.93416091414895,3.8516663251238072,11.522686585758454
Carside,R-NSGA-II_eps0.01,8,50,27.931137197295335,3.8523482237647784,11.520580332308473
Carside,R-NSGA-II_eps0.01,8,50,27.92227988318423,3.852692131327117,11.52047532371499
Carside,R-NSGA-II_eps0.01,8,50,27.899775038313496,3.8526582454192564,11.52632873644949
Carside,R-NSGA-II_eps0.01,8,50,27.943670445801438,3.8507079647136444,11.52711695249883
Carside,R-NSGA-II_eps0.01,8,50,27.903082263980522,3.852679648690457,11.522218666714313
Carside,R-NSGA-II_eps0.01,8,50,27.89433706057294,3.8525916292286797,11.528990911903897
Carside,R-NSGA-II_eps0.01,8,50,27.90768492798065,3.8528655167491417,11.520190935189428
Carside,R-NSGA-II_eps0.01,8,50,27.94531921566392,3.851703349326551,11.519675366742927
Carside,R-NSGA-II_eps0.01,8,50,27.928515130575768,3.852658085716048,11.518168152994853
Carside,R-NSGA-II_eps0.01,8,50,27.96485178822067,3.8510326189469066,11.522806463968255
Carside,R-NSGA-II_eps0.01,8,50,27.885253126852298,3.853029593635653,11.526527602144935
Carside,R-NSGA-II_eps0.01,8,50,27.89051527002952,3.853100104194857,11.522394781135231
Carside,R-NSGA-II_eps0.01,8,50,27.88596959796155,3.853166427378007,11.524173923476141
Carside,R-NSGA-II_eps0.01,8,50,27.958758400529373,3.85135044390396,11.520219751324833
Carside,R-NSGA-II_eps0.01,8,50,27.897363103130463,3.852769972546112,11.521113950195424
Carside,R-NSGA-II_eps0.01,8,50,27.964294120718154,3.850342507926309,11.52628821212927
Carside,R-NSGA-II_eps0.01,8,50,27.89919797977191,3.851844481885523,11.531079079078843
Carside,R-NSGA-II_eps0.01,8,50,27.968361026368605,3.85054763625352,11.524059080589243
Carside,R-NSGA-II_eps0.01,8,50,27.903065006079817,3.8547988853643593,11.517146000681485
Carside,R-NSGA-II_eps0.01,8,50,27.925966425807008,3.852962648959493,11.516294405667287
Carside,R-NSGA-II_eps0.01,8,50,27.89352719495636,3.8547570636502364,11.518025604277279
Carside,R-NSGA-II_eps0.01,8,50,27.87860883714073,3.8528924947675485,11.528000083212751
Carside,R-NSGA-II_eps0.01,8,50,27.95185516522223,3.8519520027603367,11.517090689868038
Carside,R-NSGA-II_eps0.01,8,50,27.879617226178375,3.855570795809173,11.52074349817616
Carside,R-NSGA-II_eps0.01,8,50,27.922555523644117,3.855337632433546,11.51474354811114
Carside,R-NSGA-II_eps0.01,8,50,27.87218167080084,3.8551630891064104,11.523693783995665
Carside,R-NSGA-II_eps0.01,8,50,27.870033139215224,3.8547051691270755,11.527228428841301
Carside,R-NSGA-II_eps0.01,8,50,27.917556537867533,3.852451494951507,11.524944709607453
Carside,R-NSGA-II_eps0.01,8,50,27.97815830623586,3.851566804943847,11.519505205836115
Carside,R-NSGA-II_eps0.01,8,50,27.913915544000183,3.8524489808695863,11.525262844853305
Carside,R-NSGA-II_eps0.01,8,50,27.906871975693296,3.8525929856196757,11.524861401905797
Carside,R-NSGA-II_eps0.01,8,50,27.88004361680587,3.8533486033721167,11.52135675824385
Carside,R-NSGA-II_eps0.01,8,50,27.906852830932216,3.8525751680328315,11.524898909720996
Carside,R-NSGA-II_eps0.01,8,50,27.88591096241807,3.8520462639872743,11.53168798613751
Carside,R-NSGA-II_eps0.01,8,50,27.94044616823437,3.8525830436356983,11.515176814601615
Carside,R-NSGA-II_eps0.01,8,50,27.906700135406492,3.8525758165931228,11.524934008815944
Carside,R-NSGA-II_eps0.01,8,50,27.905781248854876,3.8526393898952223,11.524953279124976
Carside,R-NSGA-II_eps0.01,8,50,27.90655883438538,3.8525847400677504,11.524880393725507
Carside,R-NSGA-II_eps0.01,8,50,27.906482940156604,3.8525775609672017,11.524901970124215
Carside,R-NSGA-II_eps0.01,8,50,27.98709320522191,3.8500123725329134,11.524083948915013
Carside,R-NSGA-II_eps0.01,8,50,27.90626574439663,3.8525871638406888,11.524937262873124
Carside,R-NSGA-II_eps0.01,8,50,27.878443116786627,3.8559694530201045,11.518097282294974
Carside,R-NSGA-II_eps0.01,8,50,27.866128796810614,3.85321055572744,11.528098366827265
Carside,R-NSGA-II_eps0.01,8,50,27.906283726279142,3.8525849217108115,11.524937164635508
Carside,R-NSGA-II_eps0.01,8,50,27.90626876796525,3.8525849235912855,11.52493877390082
Carside,R-NSGA-II_eps0.01,8,50,27.861967841270957,3.855298189057483,11.524543570461107
Carside,R-NSGA-II_eps0.01,8,50,27.906174503849037,3.8525889121442334,11.524914442069635
Carside,R-NSGA-II_eps0.01,8,50,27.90611179726586,3.852584033255114,11.524943745203956
Carside,R-NSGA-II_eps0.01,8,50,27.906068621158383,3.852579747657749,11.524986507052521
Carside,R-NSGA-II_eps0.01,8,50,27.86693376661076,3.852834856141641,11.529664123217442
Carside,R-NSGA-II_eps0.01,8,50,27.9058816479211,3.8525980490885634,11.524948520908154
Carside,R-NSGA-II_eps0.01,8,50,27.905760142192364,3.8525882789127,11.525079588459855
Carside,R-NSGA-II_eps0.01,8,50,27.953214983866363,3.8548742668754046,11.512375359333696
Carside,R-NSGA-II_eps0.01,8,50,28.002152754658752,3.851155046518885,11.522036351126303
Carside,R-NSGA-II_eps0.01,8,50,27.9059802009283,3.852582972355991,11.524964398335667
Carside,R-NSGA-II_eps0.01,8,50,27.905678957914017,3.8525821794872908,11.52511234543452
Carside,R-NSGA-II_eps0.01,8,50,27.858926089787406,3.8559781780048747,11.52389015331936
Carside,R-NSGA-II_eps0.01,8,50,27.9056640177081,3.85258241863915,11.525113048344735
Carside,R-NSGA-II_eps0.01,8,50,27.90553555070441,3.8525958678827052,11.525086767075257
Carside,R-NSGA-II_eps0.01,8,50,27.905566097634978,3.8525841932439837,11.52513072497338
Carside,R-NSGA-II_eps0.01,8,50,27.905718578098547,3.852591525873211,11.524991693774101
Carside,R-NSGA-II_eps0.01,8,50,27.90576651175548,3.85258588874117,11.524971823117962
Carside,R-NSGA-II_eps0.01,8,50,27.905800888026327,3.8525817294978957,11.524978196203868
Carside,R-NSGA-II_eps0.01,8,50,27.856436640273103,3.8542666965575694,11.528061236808075
Carside,R-NSGA-II_eps0.01,8,50,27.905374991704925,3.8525971098484204,11.524994338782651
Carside,R-NSGA-II_eps0.01,8,50,27.905372789545158,3.8525971098484204,11.524994976667028
Carside,R-NSGA-II_eps0.01,8,50,27.85435985055154,3.855164652194996,11.527574676170154
Carside,R-NSGA-II_eps0.01,8,50,27.90481319103752,3.8526067360271194,11.525136771787016
Carside,R-NSGA-II_eps0.01,8,50,27.904812945927095,3.852606744271907,11.525136730106253
Carside,R-NSGA-II_eps0.01,8,50,27.869802141835287,3.8521011714420186,11.533329797445937
Carside,R-NSGA-II_eps0.01,8,50,27.904762756706127,3.8526084324855487,11.52513745593311
Carside,R-NSGA-II_eps0.01,8,50,27.854813805357942,3.8532705951749566,11.529932782018838
Carside,R-NSGA-II_eps0.01,8,50,27.851670613922888,3.853545471128615,11.528219815819309
Carside,R-NSGA-II_eps0.01,8,50,27.904997635835365,3.8525965896092766,11.525050315898715
Carside,R-NSGA-II_eps0.01,8,50,27.85857453614832,3.8528647407345433,11.5322701977602
Carside,R-NSGA-II_eps0.01,8,50,27.847895046084815,3.8559869124190684,11.525242470136224
Carside,R-NSGA-II_eps0.01,8,50,27.904345367970713,3.8526193190146616,11.525058290710904
Carside,R-NSGA-II_eps0.01,8,50,27.90354282270118,3.8526177422278565,11.525184675532568
Carside,R-NSGA-II_eps0.01,8,50,27.931516993171723,3.851222401408081,11.52878695264711
Carside,R-NSGA-II_eps0.01,8,50,27.844553328961197,3.8556013333941235,11.528106500576229
Carside,R-NSGA-II_eps0.01,8,50,27.86028791300435,3.852803778395417,11.53443642341536
Carside,R-NSGA-II_eps0.01,8,50,27.918643038024932,3.8526924588916818,11.520788984569064
Carside,R-NSGA-II_eps0.01,8,50,27.93624642835331,3.852107561803348,11.52053528992322
Carside,R-NSGA-II_eps0.01,8,50,27.84528559572512,3.854621660918671,11.53024894925376
Carside,R-NSGA-II_eps0.01,8,50,27.845545410482377,3.853634142582226,11.529501113980945
Carside,R-NSGA-II_eps0.01,8,50,28.01030774067841,3.8511979311095765,11.517207933761782
Carside,R-NSGA-II_eps0.01,8,50,27.897677754543185,3.8524289697382743,11.526535073020709
Carside,R-NSGA-II_eps0.01,8,50,27.846243854132073,3.8533826509630718,11.532342581844869
Carside,R-NSGA-II_eps0.01,8,50,27.946758333698224,3.8506044327248796,11.527074327793345
Carside,R-NSGA-II_eps0.01,8,50,27.993020971284018,3.84798734736485,11.531603798732071
Carside,R-NSGA-II_eps0.01,8,50,28.02177031192608,3.8547051691270755,11.514394027271987
Carside,R-NSGA-II_eps0.01,8,50,27.9058331276919,3.8528924947675485,11.520331012357044
Carside,R-NSGA-II_eps0.01,9,51,27.878009040404674,3.855395800377621,11.52293302762823
Carside,R-NSGA-II_eps0.01,9,51,27.881175963193932,3.8553786878269736,11.520855062466875
Carside,R-NSGA-II_eps0.01,9,51,27.88228197886462,3.8537322528309694,11.524769799118914
Carside,R-NSGA-II_eps0.01,9,51,27.95021029064367,3.8560269086803975,11.516077988093965
Carside,R-NSGA-II_eps0.01,9,51,27.894081046229108,3.8532301402598135,11.524126435727247
Carside,R-NSGA-II_eps0.01,9,51,27.875409530045648,3.855706898498367,11.520645291039086
Carside,R-NSGA-II_eps0.01,9,51,27.875435357294315,3.854046596499765,11.523933942516395
Carside,R-NSGA-II_eps0.01,9,51,27.891220605671105,3.8550468151122477,11.518333809783837
Carside,R-NSGA-II_eps0.01,9,51,27.8846838006715,3.856155659921409,11.518915492523824
Carside,R-NSGA-II_eps0.01,9,51,27.930362696274358,3.8562545382834825,11.515860630583344
Carside,R-NSGA-II_eps0.01,9,51,27.88310228622423,3.853386789381706,11.524981760852853
Carside,R-NSGA-II_eps0.01,9,51,27.901950972060916,3.8531377462375915,11.52183748391374
Carside,R-NSGA-II_eps0.01,9,51,27.890954625080393,3.85392387984697,11.52000257084583
Carside,R-NSGA-II_eps0.01,9,51,27.873406880773835,3.853746186163806,11.525524372193036
Carside,R-NSGA-II_eps0.01,9,51,27.889841972867337,3.853053525643529,11.525130374255522
Carside,R-NSGA-II_eps0.01,9,51,27.88405128816182,3.853732032460326,11.521515616016012
Carside,R-NSGA-II_eps0.01,9,51,27.90590510071862,3.8530374148511948,11.520642680832847
Carside,R-NSGA-II_eps0.01,9,51,27.874707776799635,3.853400611609885,11.525154024255698
Carside,R-NSGA-II_eps0.01,9,51,27.85641070154743,3.8565490092158448,11.524301081067545
Carside,R-NSGA-II_eps0.01,9,51,27.905510963458145,3.852412619949496,11.525509123399505
Carside,R-NSGA-II_eps0.01,9,51,27.924641940400225,3.8528059113489785,11.519556824986282
Carside,R-NSGA-II_eps0.01,9,51,27.878149830660465,3.85306988491856,11.525410052224148
Carside,R-NSGA-II_eps0.01,9,51,27.915729417470672,3.8524325363659675,11.522299313857863
Carside,R-NSGA-II_eps0.01,9,51,27.89805562793003,3.853785523023249,11.517889229222085
Carside,R-NSGA-II_eps0.01,9,51,27.9237585864595,3.852433020825547,11.521429030015177
Carside,R-NSGA-II_eps0.01,9,51,27.88293236839995,3.852814125947497,11.526626822508376
Carside,R-NSGA-II_eps0.01,9,51,27.90559817228444,3.852412075304808,11.523178914032513
Carside,R-NSGA-II_eps0.01,9,51,27.847849298472163,3.855474173244061,11.525630360775814
Carside,R-NSGA-II_eps0.01,9,51,27.8941998407589,3.8524385089950344,11.525708820139396
Carside,R-NSGA-II_eps0.01,9,51,27.85956806373976,3.856785684730095,11.521515247330774
Carside,R-NSGA-II_eps0.01,9,51,27.905992633961183,3.8521543395269813,11.528256929342344
Carside,R-NSGA-II_eps0.01,9,51,27.929586057228484,3.852061944228918,11.52310829247146
Carside,R-NSGA-II_eps0.01,9,51,27.908059343496078,3.8520947960847387,11.525687335027676
Carside,R-NSGA-II_eps0.01,9,51,27.926140611216848,3.851933522396384,11.52479788745796
Carside,R-NSGA-II_eps0.01,9,51,27.858907749037385,3.8536362821009056,11.525806649543373
Carside,R-NSGA-II_eps0.01,9,51,27.86691355824071,3.853152036904384,11.52929697466805
Carside,R-NSGA-II_eps0.01,9,51,27.88642028924391,3.8523905440665307,11.526582975476789
Carside,R-NSGA-II_eps0.01,9,51,27.881743190341737,3.8527864008078927,11.531590168946284
Carside,R-NSGA-II_eps0.01,9,51,27.948641495100492,3.852442466994931,11.51902718211142
Carside,R-NSGA-II_eps0.01,9,51,27.897926997168817,3.8521232225899547,11.52868836449698
Carside,R-NSGA-II_eps0.01,9,51,27.891047011056305,3.852271554817259,11.52915023308695
Carside,R-NSGA-II_eps0.01,9,51,27.929958571571508,3.853030912969348,11.516539012122886
Carside,R-NSGA-II_eps0.01,9,51,27.85916453641105,3.853289050567107,11.526847947142322
Carside,R-NSGA-II_eps0.01,9,51,27.908906673369906,3.851978582594091,11.523243619432609
Carside,R-NSGA-II_eps0.01,9,51,27.933503442569897,3.85251996844692,11.518010192125578
Carside,R-NSGA-II_eps0.01,9,51,27.915474137359677,3.851708341534931,11.526198870098808
Carside,R-NSGA-II_eps0.01,9,51,27.882250042687577,3.853733559684065,11.524749419790417
Carside,R-NSGA-II_eps0.01,9,51,27.907531033805302,3.851935740456964,11.531041269195061
Carside,R-NSGA-II_eps0.01,9,51,27.889768061713553,3.8532876471304784,11.525002606064245
Carside,R-NSGA-II_eps0.01,9,51,27.843699255965785,3.8547781332445883,11.531285500203266
Carside,R-NSGA-II_eps0.01,9,51,27.889817965515963,3.853281424709524,11.525004105716967
Carside,R-NSGA-II_eps0.01,9,51,27.946171187657942,3.8516166732328845,11.523811641700522
Carside,R-NSGA-II_eps0.01,9,51,27.849713489494658,3.857571832812312,11.524841913246195
Carside,R-NSGA-II_eps0.01,9,51,27.9378364437601,3.85134635834849,11.525357356616569
Carside,R-NSGA-II_eps0.01,9,51,27.882432531765694,3.8534011555190117,11.524988813537867
Carside,R-NSGA-II_eps0.01,9,51,27.933244619564498,3.851285938435208,11.527847287200785
Carside,R-NSGA-II_eps0.01,9,51,27.96045219399134,3.85259762204309,11.516235734067655
Carside,R-NSGA-II_eps0.01,9,51,27.889642098552347,3.853057682322289,11.525156418110118
Carside,R-NSGA-II_eps0.01,9,51,27.94079815813503,3.8512308939016235,11.52715598783233
Carside,R-NSGA-II_eps0.01,9,51,27.889818885971565,3.853053525643529,11.525130915631891
Carside,R-NSGA-II_eps0.01,9,51,27.88981888597364,3.853053525643529,11.525130687393984
Carside,R-NSGA-II_eps0.01,9,51,27.839623369056824,3.8574620884984085,11.528491358298272
Carside,R-NSGA-II_eps0.01,9,51,27.889620374928136,3.853057610816835,11.52516056683894
Carside,R-NSGA-II_eps0.01,9,51,27.96246486089222,3.851718778239654,11.520470176533085
Carside,R-NSGA-II_eps0.01,9,51,27.88918638639573,3.8530692124132964,11.525128518138285
Carside,R-NSGA-II_eps0.01,9,51,27.845145559802855,3.854004794962519,11.533093717648056
Carside,R-NSGA-II_eps0.01,9,51,27.952466544285237,3.851446297697083,11.521658840233734
Carside,R-NSGA-II_eps0.01,9,51,27.928006905870436,3.8511400206755115,11.52885476777378
Carside,R-NSGA-II_eps0.01,9,51,27.874379967583177,3.8534414855770245,11.525154024255698
Carside,R-NSGA-II_eps0.01,9,51,27.896818979771197,3.851935740456964,11.534079374332915
Carside,R-NSGA-II_eps0.01,9,51,27.91513445888784,3.8512395298667963,11.530054773867093
Carside,R-NSGA-II_eps0.01,9,51,27.890468767428672,3.852814125947497,11.524484524392458
Carside,R-NSGA-II_eps0.01,9,51,27.959533879472144,3.851274253432641,11.521196525627467
Carside,R-NSGA-II_eps0.01,9,51,27.889844469203744,3.852814125947497,11.524662794556534
Carside,R-NSGA-II_eps0.01,9,51,27.860463653106244,3.852628975276924,11.533232541277027
Carside,R-NSGA-II_eps0.01,9,51,27.956456905665373,3.850972761841986,11.52435583827775
Carside,R-NSGA-II_eps0.01,9,51,27.90551078670164,3.852412619949496,11.525509131421984
Carside,R-NSGA-II_eps0.01,9,51,27.82351170551232,3.8568084244656373,11.531576419869413
Carside,R-NSGA-II_eps0.01,9,51,27.903905406698644,3.852435795096453,11.525631011932907
Carside,R-NSGA-II_eps0.01,9,51,27.964805438976295,3.851138058200302,11.519052504278697
Carside,R-NSGA-II_eps0.01,9,51,27.988628477687232,3.8515240313987102,11.518379057088804
Carside,R-NSGA-II_eps0.01,9,51,27.915641904151233,3.8524325363659675,11.522303285839705
Carside,R-NSGA-II_eps0.01,9,51,27.85250505906952,3.859090652915558,11.520558533905511
Carside,R-NSGA-II_eps0.01,9,51,27.961199230512698,3.850567248096201,11.52308448968967
Carside,R-NSGA-II_eps0.01,9,51,27.975437691830585,3.8515452966993826,11.515839838927272
Carside,R-NSGA-II_eps0.01,9,51,27.836827203547042,3.8591830529480506,11.52479721851713
Carside,R-NSGA-II_eps0.01,9,51,27.95325279107855,3.850345046169278,11.531557713324412
Carside,R-NSGA-II_eps0.01,9,51,27.882772578789965,3.852814026140904,11.526673926760488
Carside,R-NSGA-II_eps0.01,9,51,27.89935853807846,3.8523793996507614,11.526041027987839
Carside,R-NSGA-II_eps0.01,9,51,27.85527045262026,3.852435795096453,11.53945172055764
Carside,R-NSGA-II_eps0.01,9,51,27.875248899397683,3.8530462773849576,11.526437555676152
Carside,R-NSGA-II_eps0.01,9,51,28.02320816304655,3.8531377462375915,11.511632507128235
Carside,R-NSGA-II_eps0.01,9,51,27.997868370587838,3.8497834420061485,11.522290763764882
Carside,R-NSGA-II_eps0.01,9,51,28.028000225834866,3.851134227333788,11.511330723793115
Carside,R-NSGA-II_eps0.01,9,51,27.878785362005413,3.8528466044906695,11.525556343752854
Carside,R-NSGA-II_eps0.01,9,51,28.033642334556795,3.8495465882929976,11.520578288575408
Carside,R-NSGA-II_eps0.01,9,51,27.836471942117768,3.861816334685695,11.524236070859667
Carside,R-NSGA-II_eps0.01,9,51,28.07427558057727,3.853643030905757,11.507606747399187
Carside,R-NSGA-II_eps0.01,9,51,28.03604937410519,3.8485734257914723,11.522520525624781
Carside,R-NSGA-II_eps0.01,9,51,27.93093522695316,3.851961422397513,11.52412163864206
Carside,R-NSGA-II_eps0.01,10,52,27.903626607407194,3.852633606467517,11.525319643508944
Carside,R-NSGA-II_eps0.01,10,52,27.925677884074112,3.851890677369164,11.525175606324062
Carside,R-NSGA-II_eps0.01,10,52,27.893607083147053,3.852718043549075,11.526606622274693
Carside,R-NSGA-II_eps0.01,10,52,27.94285310207725,3.8517155606069204,11.524620163666249
Carside,R-NSGA-II_eps0.01,10,52,27.907339614169842,3.8519384672187704,11.52707449322924
Carside,R-NSGA-II_eps0.01,10,52,27.878237964305427,3.853474401470019,11.525675555630501
Carside,R-NSGA-II_eps0.01,10,52,27.903045748276643,3.852633606467517,11.525345857104618
Carside,R-NSGA-II_eps0.01,10,52,27.91334744747324,3.8526390740640326,11.522664184969463
Carside,R-NSGA-II_eps0.01,10,52,27.901803254149677,3.852656581393536,11.525489452912563
Carside,R-NSGA-II_eps0.01,10,52,27.90276971303901,3.852633606467517,11.525392478269186
Carside,R-NSGA-II_eps0.01,10,52,27.903846576048842,3.8526140663709736,11.52521497890605
Carside,R-NSGA-II_eps0.01,10,52,27.877290606182555,3.853228410967919,11.527611931448373
Carside,R-NSGA-II_eps0.01,10,52,27.901108281708456,3.852656581393536,11.525520813563627
Carside,R-NSGA-II_eps0.01,10,52,27.885306600208672,3.8534795053127353,11.523609310152274
Carside,R-NSGA-II_eps0.01,10,52,27.898320447013965,3.852708562371046,11.525713569287788
Carside,R-NSGA-II_eps0.01,10,52,27.89861472174062,3.8526955811965498,11.525681141490253
Carside,R-NSGA-II_eps0.01,10,52,27.898613986246886,3.8526955811965498,11.525681174678217
Carside,R-NSGA-II_eps0.01,10,52,27.89526953862812,3.8527512908750574,11.526372841363974
Carside,R-NSGA-II_eps0.01,10,52,27.895422174638437,3.852922806942055,11.525373191849114
Carside,R-NSGA-II_eps0.01,10,52,27.894117800271175,3.852951640014008,11.525575391926736
Carside,R-NSGA-II_eps0.01,10,52,27.94457657984813,3.8510074713833284,11.525892130641694
Carside,R-NSGA-II_eps0.01,10,52,27.893735959907282,3.852951640014008,11.525592245702354
Carside,R-NSGA-II_eps0.01,10,52,27.895702220411593,3.852896402617949,11.525331612406243
Carside,R-NSGA-II_eps0.01,10,52,27.950547913275933,3.851009222013698,11.524075654949925
Carside,R-NSGA-II_eps0.01,10,52,27.925737646383073,3.8518900701583294,11.525136410670129
Carside,R-NSGA-II_eps0.01,10,52,27.932261917305933,3.850947206927919,11.529797589800392
Carside,R-NSGA-II_eps0.01,10,52,27.894003607417208,3.852902643936702,11.525618262644436
Carside,R-NSGA-II_eps0.01,10,52,27.8947846807755,3.852878116178879,11.525429127647364
Carside,R-NSGA-II_eps0.01,10,52,27.922467715693276,3.851909788184862,11.525203039913144
Carside,R-NSGA-II_eps0.01,10,52,27.873464861919377,3.853042526914784,11.529406024485933
Carside,R-NSGA-II_eps0.01,10,52,27.89310447419431,3.8529526803767853,11.525526928531058
Carside,R-NSGA-II_eps0.01,10,52,27.8950546783459,3.8528444506894663,11.525391173498626
Carside,R-NSGA-II_eps0.01,10,52,27.862835838214664,3.8536023489291535,11.526473202613587
Carside,R-NSGA-II_eps0.01,10,52,27.891580866097957,3.8529383473881267,11.525922048447978
Carside,R-NSGA-II_eps0.01,10,52,27.901684143685053,3.852989299731852,11.521384648789757
Carside,R-NSGA-II_eps0.01,10,52,27.898123664411305,3.852827955742555,11.524797989070699
Carside,R-NSGA-II_eps0.01,10,52,27.916959993038105,3.8526336834217183,11.521037824267882
Carside,R-NSGA-II_eps0.01,10,52,27.89212872691625,3.8529526803767853,11.525598300886891
Carside,R-NSGA-II_eps0.01,10,52,27.892685707556176,3.852744744610443,11.52662804763909
Carside,R-NSGA-II_eps0.01,10,52,27.89141732865943,3.852971706093065,11.525613604173255
Carside,R-NSGA-II_eps0.01,10,52,27.891368315869098,3.852971706093065,11.525622139263065
Carside,R-NSGA-II_eps0.01,10,52,27.902602978811277,3.8518149560406263,11.53168303930976
Carside,R-NSGA-II_eps0.01,10,52,27.89112247754619,3.8529809355075093,11.525622886622095
Carside,R-NSGA-II_eps0.01,10,52,27.891073009274493,3.8529809355075093,11.525627070705367
Carside,R-NSGA-II_eps0.01,10,52,27.929281764215425,3.851879774496545,11.521197628112091
Carside,R-NSGA-II_eps0.01,10,52,27.891073464797405,3.8529809355075093,11.525626856044056
Carside,R-NSGA-II_eps0.01,10,52,27.95682848496779,3.85108204200756,11.522684257112914
Carside,R-NSGA-II_eps0.01,10,52,27.891068524432733,3.8529809367698573,11.525627085958066
Carside,R-NSGA-II_eps0.01,10,52,27.89047408791281,3.8546309467247952,11.520407073903057
Carside,R-NSGA-II_eps0.01,10,52,27.875898458982675,3.853646596243537,11.522042820173503
Carside,R-NSGA-II_eps0.01,10,52,27.891581070788877,3.8529383221755973,11.525648752252614
Carside,R-NSGA-II_eps0.01,10,52,27.951331407954388,3.8501655161103145,11.528240872302966
Carside,R-NSGA-II_eps0.01,10,52,27.890688981115545,3.8529545227958764,11.52582813530168
Carside,R-NSGA-II_eps0.01,10,52,27.863721656588634,3.8549809722655533,11.522490238795381
Carside,R-NSGA-II_eps0.01,10,52,27.89057972406536,3.852998320546554,11.525655540782871
Carside,R-NSGA-II_eps0.01,10,52,27.96025604771763,3.8501623726643466,11.525704883057085
Carside,R-NSGA-II_eps0.01,10,52,27.891011882465087,3.8529553735295194,11.525715723523824
Carside,R-NSGA-II_eps0.01,10,52,27.89905353620078,3.8529044428753108,11.524343529550395
Carside,R-NSGA-II_eps0.01,10,52,27.857982741334496,3.8535641799647764,11.529489970452367
Carside,R-NSGA-II_eps0.01,10,52,27.89128221952825,3.852955039193633,11.52562435327043
Carside,R-NSGA-II_eps0.01,10,52,27.923687266592424,3.851007260838685,11.531831638449415
Carside,R-NSGA-II_eps0.01,10,52,27.890582079693814,3.8529779986741097,11.525690335802953
Carside,R-NSGA-II_eps0.01,10,52,27.89055674140968,3.8529785943712658,11.52569234227894
Carside,R-NSGA-II_eps0.01,10,52,27.890648940408102,3.8529779986741097,11.525662988808644
Carside,R-NSGA-II_eps0.01,10,52,27.882879791046516,3.853697303440912,11.520574885343486
Carside,R-NSGA-II_eps0.01,10,52,27.8904452466019,3.8529807786717734,11.525705577874513
Carside,R-NSGA-II_eps0.01,10,52,27.89044231788934,3.8529807786717734,11.525705635864641
Carside,R-NSGA-II_eps0.01,10,52,27.886063278337545,3.8565700510482848,11.519752997094344
Carside,R-NSGA-II_eps0.01,10,52,27.890820034844168,3.8529664931098413,11.525654196358692
Carside,R-NSGA-II_eps0.01,10,52,27.916359962681568,3.852855641238661,11.519310353797914
Carside,R-NSGA-II_eps0.01,10,52,27.890717874643762,3.852971693173564,11.525661495091843
Carside,R-NSGA-II_eps0.01,10,52,27.85631431588716,3.853478381812134,11.530899444608568
Carside,R-NSGA-II_eps0.01,10,52,27.848812012357424,3.8574640961685094,11.523992206024129
Carside,R-NSGA-II_eps0.01,10,52,27.89071852269911,3.852968601018349,11.52566396074797
Carside,R-NSGA-II_eps0.01,10,52,27.89201298541583,3.8528842156034737,11.525649283330143
Carside,R-NSGA-II_eps0.01,10,52,27.958471520889425,3.8510875236166022,11.520803793094407
Carside,R-NSGA-II_eps0.01,10,52,27.8375591797002,3.8551732011568913,11.527857727537945
Carside,R-NSGA-II_eps0.01,10,52,27.896173795939784,3.8529456358741965,11.524598351568233
Carside,R-NSGA-II_eps0.01,10,52,27.890178619590262,3.85298117067233,11.525708342698227
Carside,R-NSGA-II_eps0.01,10,52,27.841749800771222,3.8574589925212455,11.526058154056123
Carside,R-NSGA-II_eps0.01,10,52,27.890120904986244,3.852980222981002,11.525725812824959
Carside,R-NSGA-II_eps0.01,10,52,27.94965250527135,3.851727581416568,11.519560239912858
Carside,R-NSGA-II_eps0.01,10,52,27.86676891602914,3.8529809355075093,11.532509557141923
Carside,R-NSGA-II_eps0.01,10,52,27.893399991008284,3.8529578453171602,11.525010238850438
Carside,R-NSGA-II_eps0.01,10,52,27.890784995670543,3.8530112977859954,11.52540651751529
Carside,R-NSGA-II_eps0.01,10,52,27.985349160890554,3.8517155606069204,11.520514854099023
Carside,R-NSGA-II_eps0.01,10,52,27.896173796238443,3.8529456358741965,11.524565499954932
Carside,R-NSGA-II_eps0.01,10,52,27.890026753645188,3.8529809355075093,11.525715564208916
Carside,R-NSGA-II_eps0.01,10,52,27.979867037940316,3.8503023542670074,11.522355786331993
Carside,R-NSGA-II_eps0.01,10,52,27.89002675253098,3.8529809355075093,11.525715564303159
Carside,R-NSGA-II_eps0.01,10,52,27.90779049000277,3.853317207146297,11.51816154003803
Carside,R-NSGA-II_eps0.01,10,52,27.830981020829135,3.8565372842925028,11.52661830090161
Carside,R-NSGA-II_eps0.01,10,52,27.890026677218778,3.8529809355075093,11.52571557067315
Carside,R-NSGA-II_eps0.01,10,52,27.89002667610457,3.8529809355075093,11.525715570767392
Carside,R-NSGA-II_eps0.01,10,52,27.910819048468426,3.8544715687066224,11.517504924942559
Carside,R-NSGA-II_eps0.01,10,52,27.93478788948631,3.852859278643877,11.517408198623034
Carside,R-NSGA-II_eps0.01,10,52,27.89002539361668,3.8529809355075093,11.525715759346282
Carside,R-NSGA-II_eps0.01,10,52,27.889992821472955,3.8529809355075093,11.525718068372104
Carside,R-NSGA-II_eps0.01,10,52,27.9915803159882,3.850304788896341,11.52135890229346
Carside,R-NSGA-II_eps0.01,10,52,27.889427713366686,3.8529901526743284,11.5258497177781
Carside,R-NSGA-II_eps0.01,11,53,27.86808131381612,3.854769139471728,11.52493237959489
Carside,R-NSGA-II_eps0.01,11,53,27.864929495935534,3.8544775356705085,11.527363550442331
Carside,R-NSGA-II_eps0.01,11,53,27.889180230470892,3.85308440474319,11.52464479913392
Carside,R-NSGA-II_eps0.01,11,53,27.863431067584543,3.8568711024400066,11.524198217667514
Carside,R-NSGA-II_eps0.01,11,53,27.881314169652224,3.852856436872086,11.52800158335327
Carside,R-NSGA-II_eps0.01,11,53,27.881600975927277,3.852824555883424,11.526267525401035
Carside,R-NSGA-II_eps0.01,11,53,27.90604873839291,3.8524354844966213,11.52469924254439
Carside,R-NSGA-II_eps0.01,11,53,27.860419255624727,3.855010251174428,11.525176931415869
Carside,R-NSGA-II_eps0.01,11,53,27.845418822734963,3.8571085028243823,11.52557674357917
Carside,R-NSGA-II_eps0.01,11,53,27.85522422167388,3.8551443743987734,11.525774913318287
Carside,R-NSGA-II_eps0.01,11,53,27.92095632019388,3.8517381543215947,11.525164881405914
Carside,R-NSGA-II_eps0.01,11,53,27.854645603853516,3.85519128821186,11.525814469905047
Carside,R-NSGA-II_eps0.01,11,53,27.88918023049821,3.85308440474319,11.524641793541765
Carside,R-NSGA-II_eps0.01,11,53,27.87681454973407,3.853728699579569,11.524103265993002
Carside,R-NSGA-II_eps0.01,11,53,27.902439158726217,3.8528696141034695,11.522082744602045
Carside,R-NSGA-II_eps0.01,11,53,27.878140793775607,3.854997897057195,11.520909696828664
Carside,R-NSGA-II_eps0.01,11,53,27.877280558774952,3.853399793288362,11.525007419088539
Carside,R-NSGA-II_eps0.01,11,53,27.897541661383944,3.8528004740223665,11.524725739172432
Carside,R-NSGA-II_eps0.01,11,53,27.932629771962503,3.8515032816844044,11.526775429344829
Carside,R-NSGA-II_eps0.01,11,53,27.89360588886818,3.8529427053771417,11.524504497753302
Carside,R-NSGA-II_eps0.01,11,53,27.880725798015412,3.8526929094445603,11.530300947446037
Carside,R-NSGA-II_eps0.01,11,53,27.893473642631776,3.8527692484622915,11.525318902018967
Carside,R-NSGA-II_eps0.01,11,53,27.896424906612673,3.8528374689076195,11.524602292994604
Carside,R-NSGA-II_eps0.01,11,53,27.90138261039444,3.852799717914256,11.52430383951544
Carside,R-NSGA-II_eps0.01,11,53,27.89597281284584,3.852837212700106,11.524640630063601
Carside,R-NSGA-II_eps0.01,11,53,27.89438156424719,3.852736804822801,11.525312919409522
Carside,R-NSGA-II_eps0.01,11,53,27.91705499245682,3.8520946267550813,11.523039644997194
Carside,R-NSGA-II_eps0.01,11,53,27.896473847489574,3.8528978426704668,11.524307891795978
Carside,R-NSGA-II_eps0.01,11,53,27.888889459947023,3.853580580621529,11.521168954400277
Carside,R-NSGA-II_eps0.01,11,53,27.896764833823596,3.852889467454655,11.524288927988337
Carside,R-NSGA-II_eps0.01,11,53,27.896546943769216,3.852889467454655,11.524307863172073
Carside,R-NSGA-II_eps0.01,11,53,27.895936453849878,3.852889467454655,11.524353217708232
Carside,R-NSGA-II_eps0.01,11,53,27.897306389473535,3.8528817197829874,11.52424799435817
Carside,R-NSGA-II_eps0.01,11,53,27.903121201979943,3.8526499472717695,11.524650795536452
Carside,R-NSGA-II_eps0.01,11,53,27.903030747883147,3.852649943887605,11.524654941075763
Carside,R-NSGA-II_eps0.01,11,53,27.901513856164215,3.852639012806859,11.524845463067097
Carside,R-NSGA-II_eps0.01,11,53,27.900622610308787,3.8526406611993136,11.524895345422252
Carside,R-NSGA-II_eps0.01,11,53,27.88876220088981,3.8528691881397767,11.525224928678469
Carside,R-NSGA-II_eps0.01,11,53,27.903898150157445,3.8526238483672666,11.524639956579886
Carside,R-NSGA-II_eps0.01,11,53,27.890602405752265,3.8528615191968205,11.52497235097955
Carside,R-NSGA-II_eps0.01,11,53,27.922477494491492,3.8514401846180895,11.530064014101079
Carside,R-NSGA-II_eps0.01,11,53,27.90311161358231,3.852651456401379,11.524555203171735
Carside,R-NSGA-II_eps0.01,11,53,27.89520496250376,3.852772827321947,11.524788228465127
Carside,R-NSGA-II_eps0.01,11,53,27.947337500760725,3.8513869786611656,11.5236585064157
Carside,R-NSGA-II_eps0.01,11,53,27.87117490774183,3.853544078607387,11.525138164247945
Carside,R-NSGA-II_eps0.01,11,53,27.899170007075355,3.8528688179576474,11.524035749074656
Carside,R-NSGA-II_eps0.01,11,53,27.85928872135673,3.858160120985633,11.522202925167996
Carside,R-NSGA-II_eps0.01,11,53,27.904796473314494,3.852947149159795,11.519951610816928
Carside,R-NSGA-II_eps0.01,11,53,27.894272085636022,3.8528518036122064,11.524512587065988
Carside,R-NSGA-II_eps0.01,11,53,27.903872181728453,3.8526517615563387,11.524446585161055
Carside,R-NSGA-II_eps0.01,11,53,27.875882075003073,3.8574840169773186,11.519864541619242
Carside,R-NSGA-II_eps0.01,11,53,27.890200559223974,3.8527927170213,11.525276358344193
Carside,R-NSGA-II_eps0.01,11,53,27.903866270861094,3.8526463859381277,11.52445078371555
Carside,R-NSGA-II_eps0.01,11,53,27.88828517062874,3.8527500112353414,11.52593845332446
Carside,R-NSGA-II_eps0.01,11,53,27.850576592774207,3.8549667154000717,11.527562681356123
Carside,R-NSGA-II_eps0.01,11,53,27.882564896055985,3.8549751753847716,11.518470919147077
Carside,R-NSGA-II_eps0.01,11,53,27.93659391945575,3.8517272633031,11.520760947904034
Carside,R-NSGA-II_eps0.01,11,53,27.90183537847117,3.852627978280859,11.524677246713974
Carside,R-NSGA-II_eps0.01,11,53,27.90435985286071,3.852636586651744,11.524415028229917
Carside,R-NSGA-II_eps0.01,11,53,27.870063182304307,3.8527914644015455,11.533254330575913
Carside,R-NSGA-II_eps0.01,11,53,27.904785952672924,3.85262762828511,11.524408247806104
Carside,R-NSGA-II_eps0.01,11,53,27.89188177131989,3.853469818988862,11.518691314322876
Carside,R-NSGA-II_eps0.01,11,53,27.902850103264843,3.852548334391452,11.52492921138266
Carside,R-NSGA-II_eps0.01,11,53,27.90217102298316,3.852701412105189,11.52430383951544
Carside,R-NSGA-II_eps0.01,11,53,27.894596961978753,3.852618478431779,11.525540169231306
Carside,R-NSGA-II_eps0.01,11,53,27.89256704487331,3.8528596715268866,11.524529643964168
Carside,R-NSGA-II_eps0.01,11,53,27.96057642752559,3.8505583122577787,11.523997432544759
Carside,R-NSGA-II_eps0.01,11,53,27.87160636628741,3.8534413057261996,11.525245946513289
Carside,R-NSGA-II_eps0.01,11,53,27.977302981495246,3.8512703349548287,11.521608434253464
Carside,R-NSGA-II_eps0.01,11,53,27.903706895159363,3.8525652020465087,11.524654891839145
Carside,R-NSGA-II_eps0.01,11,53,27.90538689141296,3.8525473801533314,11.524584580641466
Carside,R-NSGA-II_eps0.01,11,53,27.889328887372226,3.851893858949296,11.533588606130948
Carside,R-NSGA-II_eps0.01,11,53,27.88615957179525,3.8572978157579993,11.517974162489773
Carside,R-NSGA-II_eps0.01,11,53,27.902921142961343,3.8525483206101927,11.52479231999175
Carside,R-NSGA-II_eps0.01,11,53,27.904308312742323,3.852550175597297,11.52465497156043
Carside,R-NSGA-II_eps0.01,11,53,27.924711015947178,3.8546300159907876,11.516811747660281
Carside,R-NSGA-II_eps0.01,11,53,27.903902754914114,3.8525150032074973,11.524781814183328
Carside,R-NSGA-II_eps0.01,11,53,27.903916074509432,3.8525390145232636,11.52465511987764
Carside,R-NSGA-II_eps0.01,11,53,27.903916142590013,3.8525390135443853,11.524655114719657
Carside,R-NSGA-II_eps0.01,11,53,27.95157375716737,3.8515890369939276,11.519212877363465
Carside,R-NSGA-II_eps0.01,11,53,27.889374611668938,3.8526524237960396,11.525976285691335
Carside,R-NSGA-II_eps0.01,11,53,27.93124219707478,3.8522644102074497,11.517973246388252
Carside,R-NSGA-II_eps0.01,11,53,27.90301876780592,3.8524998017814887,11.52480747712972
Carside,R-NSGA-II_eps0.01,11,53,27.904120075316477,3.852490689688633,11.524723435103324
Carside,R-NSGA-II_eps0.01,11,53,27.913015370047358,3.8510683122881804,11.534093116543485
Carside,R-NSGA-II_eps0.01,11,53,27.982564811397896,3.8501128693391746,11.521908231986178
Carside,R-NSGA-II_eps0.01,11,53,27.904879654445544,3.852593178277273,11.524198260557519
Carside,R-NSGA-II_eps0.01,11,53,27.948741299439046,3.8522438244691966,11.516019720226257
Carside,R-NSGA-II_eps0.01,11,53,27.898239801622758,3.852677792298745,11.524307793431491
Carside,R-NSGA-II_eps0.01,11,53,27.997762574202472,3.8545077340393012,11.514636325947492
Carside,R-NSGA-II_eps0.01,11,53,27.841891021687925,3.852980331782144,11.537340970029824
Carside,R-NSGA-II_eps0.01,11,53,27.905859452411224,3.852458959634532,11.524592494947061
Carside,R-NSGA-II_eps0.01,11,53,28.04095560799382,3.8549890249590666,11.51240026172854
Carside,R-NSGA-II_eps0.01,11,53,27.90005948550177,3.852872087995104,11.523511374313198
Carside,R-NSGA-II_eps0.01,11,53,28.039355399087814,3.8523966387361614,11.512764660570328
Carside,R-NSGA-II_eps0.01,11,53,27.89716445613904,3.8525187167857746,11.525098177094748
Carside,R-NSGA-II_eps0.01,11,53,27.892949249852016,3.8524686051885233,11.527836425463818
Carside,R-NSGA-II_eps0.01,11,53,28.050176527875998,3.8522686958720294,11.50956995353398
Carside,R-NSGA-II_eps0.01,11,53,27.873343879275307,3.851643411568151,11.55053484152563
Carside,R-NSGA-II_eps0.01,11,53,27.89475030917034,3.852571265744963,11.525073444099888
Carside,R-NSGA-II_eps0.01,12,54,27.94326749660469,3.8562103096593607,11.517862079529646
Carside,R-NSGA-II_eps0.01,12,54,27.870992185837196,3.855605389355991,11.52308877951512
Carside,R-NSGA-II_eps0.01,12,54,27.865292931800816,3.8557641003822485,11.52461643306689
Carside,R-NSGA-II_eps0.01,12,54,27.89873100889684,3.8559148176534634,11.518629071701891
Carside,R-NSGA-II_eps0.01,12,54,27.873796736841502,3.8546632382267716,11.523061116646016
Carside,R-NSGA-II_eps0.01,12,54,27.86809689094365,3.8549633040431166,11.523212176637422
Carside,R-NSGA-II_eps0.01,12,54,27.86826623062804,3.8546875046481017,11.524566418264481
Carside,R-NSGA-II_eps0.01,12,54,27.88709376462487,3.854572123581272,11.519558943418081
Carside,R-NSGA-II_eps0.01,12,54,27.85823803340853,3.854739290762659,11.525715074273608
Carside,R-NSGA-II_eps0.01,12,54,27.85445475156967,3.856288731339283,11.526035948553762
Carside,R-NSGA-II_eps0.01,12,54,27.85493763379648,3.854930394248935,11.527579578915933
Carside,R-NSGA-II_eps0.01,12,54,27.945315514631382,3.8545735071955933,11.516464891965613
Carside,R-NSGA-II_eps0.01,12,54,27.875155036064385,3.854767649543754,11.520081204350632
Carside,R-NSGA-II_eps0.01,12,54,27.844683612290034,3.855979808577107,11.527820998287996
Carside,R-NSGA-II_eps0.01,12,54,27.88440423333412,3.8535367808052925,11.522762575859
Carside,R-NSGA-II_eps0.01,12,54,27.88109270747358,3.8533882116504405,11.525441341889216
Carside,R-NSGA-II_eps0.01,12,54,27.900198539129512,3.8536373235480847,11.519438488483026
Carside,R-NSGA-II_eps0.01,12,54,27.88806104625713,3.853274764955304,11.524399603583955
Carside,R-NSGA-II_eps0.01,12,54,27.896768649822867,3.853081573719552,11.525560508490653
Carside,R-NSGA-II_eps0.01,12,54,27.867076544325077,3.8535501960940803,11.527721888298272
Carside,R-NSGA-II_eps0.01,12,54,27.845556939323554,3.85661844369136,11.523053608658172
Carside,R-NSGA-II_eps0.01,12,54,27.910797224128324,3.8534078827158114,11.518910866422505
Carside,R-NSGA-II_eps0.01,12,54,27.857804081990224,3.8537650645130115,11.527120595342879
Carside,R-NSGA-II_eps0.01,12,54,27.87710032207776,3.8532530789447237,11.526913453107042
Carside,R-NSGA-II_eps0.01,12,54,27.882027772896297,3.8531978921495775,11.529374772360406
Carside,R-NSGA-II_eps0.01,12,54,27.885422796607042,3.853535440443265,11.520032356542128
Carside,R-NSGA-II_eps0.01,12,54,27.887187999036566,3.8530004291227558,11.526434847338855
Carside,R-NSGA-II_eps0.01,12,54,27.898551155474564,3.852742728361881,11.525961259251687
Carside,R-NSGA-II_eps0.01,12,54,27.85045930067249,3.8538876651898524,11.53050318209949
Carside,R-NSGA-II_eps0.01,12,54,27.903884890333423,3.8526727992011054,11.524721339667872
Carside,R-NSGA-II_eps0.01,12,54,27.904169045369446,3.8527629684673177,11.522665072776896
Carside,R-NSGA-II_eps0.01,12,54,27.90745334809958,3.8530370823599243,11.519613309988976
Carside,R-NSGA-II_eps0.01,12,54,27.88307120941667,3.8527846386455322,11.528065971736918
Carside,R-NSGA-II_eps0.01,12,54,27.871102232773953,3.85561601982044,11.52301655037208
Carside,R-NSGA-II_eps0.01,12,54,27.89721088107749,3.852577413371179,11.527162200788865
Carside,R-NSGA-II_eps0.01,12,54,27.984319993844863,3.8533882116504405,11.517166308893243
Carside,R-NSGA-II_eps0.01,12,54,27.917388265455063,3.8526958661711905,11.520515288980619
Carside,R-NSGA-II_eps0.01,12,54,27.878239264139673,3.854576206025222,11.521913913665838
Carside,R-NSGA-II_eps0.01,12,54,27.85310198070541,3.853445274002335,11.53046785118246
Carside,R-NSGA-II_eps0.01,12,54,27.878238035771925,3.854576206025222,11.521914017088108
Carside,R-NSGA-II_eps0.01,12,54,27.90825067795351,3.8523490435368313,11.525764835585205
Carside,R-NSGA-II_eps0.01,12,54,27.99128668632784,3.8558980649192485,11.512259257731746
Carside,R-NSGA-II_eps0.01,12,54,27.926348240824325,3.8522337255430523,11.524050786864896
Carside,R-NSGA-II_eps0.01,12,54,27.894846839874265,3.8523513049495266,11.529845000789926
Carside,R-NSGA-II_eps0.01,12,54,27.890666801531694,3.853386049398471,11.522400217389348
Carside,R-NSGA-II_eps0.01,12,54,27.87917904490316,3.8533806036747738,11.52618444342877
Carside,R-NSGA-II_eps0.01,12,54,27.878854805046014,3.8583573416121557,11.518766280776411
Carside,R-NSGA-II_eps0.01,12,54,27.885152012424463,3.8532879057879676,11.52461890802139
Carside,R-NSGA-II_eps0.01,12,54,27.93487179604746,3.8522451231756563,11.520291066457094
Carside,R-NSGA-II_eps0.01,12,54,27.873731961973704,3.8526820095288694,11.533083260943766
Carside,R-NSGA-II_eps0.01,12,54,27.885537911450466,3.853274764955304,11.524554746510558
Carside,R-NSGA-II_eps0.01,12,54,27.936085490147256,3.8518960110574554,11.52401576618038
Carside,R-NSGA-II_eps0.01,12,54,27.896978016508008,3.8530533477661484,11.525562142781157
Carside,R-NSGA-II_eps0.01,12,54,27.88359448961512,3.8532758836952765,11.525185816242102
Carside,R-NSGA-II_eps0.01,12,54,27.889258844082377,3.8522731001715544,11.531905272017795
Carside,R-NSGA-II_eps0.01,12,54,27.89657360066546,3.8530533777416314,11.525576766331147
Carside,R-NSGA-II_eps0.01,12,54,27.86160344442452,3.8585285485643315,11.520975670316599
Carside,R-NSGA-II_eps0.01,12,54,27.853385972129008,3.8530568949851562,11.534782422241395
Carside,R-NSGA-II_eps0.01,12,54,27.895919930724784,3.853053063637418,11.525716757802986
Carside,R-NSGA-II_eps0.01,12,54,27.84373643737449,3.8585285485643315,11.526052698199683
Carside,R-NSGA-II_eps0.01,12,54,27.87229199992209,3.8535028508485136,11.525247388200054
Carside,R-NSGA-II_eps0.01,12,54,27.94222391423912,3.8521725913147415,11.518027368528044
Carside,R-NSGA-II_eps0.01,12,54,27.883072051716056,3.8532858116348487,11.524685637856589
Carside,R-NSGA-II_eps0.01,12,54,27.86754651440175,3.8526103130014957,11.535083983516225
Carside,R-NSGA-II_eps0.01,12,54,27.898416186207122,3.8530004291227558,11.525542273562838
Carside,R-NSGA-II_eps0.01,12,54,27.931202536523802,3.851568404339254,11.525532585380656
Carside,R-NSGA-II_eps0.01,12,54,27.87107215990195,3.8535014667761645,11.525306520334905
Carside,R-NSGA-II_eps0.01,12,54,27.87622545692596,3.853347599535848,11.526491016331807
Carside,R-NSGA-II_eps0.01,12,54,27.893564754940197,3.8531367721462546,11.523759721362106
Carside,R-NSGA-II_eps0.01,12,54,27.938674171539557,3.8517051515331118,11.521579689639161
Carside,R-NSGA-II_eps0.01,12,54,27.8749576642955,3.8535885022546768,11.522592805587106
Carside,R-NSGA-II_eps0.01,12,54,27.923798349391408,3.8514670052410733,11.527500586295996
Carside,R-NSGA-II_eps0.01,12,54,27.87366203099539,3.853418915378109,11.525510420929454
Carside,R-NSGA-II_eps0.01,12,54,27.898473849362727,3.8519227260693976,11.534453785420908
Carside,R-NSGA-II_eps0.01,12,54,28.011357944840718,3.8524117167545535,11.516949058208338
Carside,R-NSGA-II_eps0.01,12,54,27.901425767238944,3.853474532826347,11.519442844604251
Carside,R-NSGA-II_eps0.01,12,54,28.011617280554905,3.85401102408666,11.510767884035648
Carside,R-NSGA-II_eps0.01,12,54,27.901970150846072,3.85295016623922,11.524718230691686
Carside,R-NSGA-II_eps0.01,12,54,27.935685217748297,3.851279253459015,11.526472236815163
Carside,R-NSGA-II_eps0.01,12,54,27.878568934808936,3.8532502622958105,11.526317869583425
Carside,R-NSGA-II_eps0.01,12,54,27.870090758216392,3.852281394267048,11.537433786655622
Carside,R-NSGA-II_eps0.01,12,54,27.91326963609712,3.8513157720675464,11.531846292563312
Carside,R-NSGA-II_eps0.01,12,54,27.871199123373245,3.8533931847493874,11.527779158826384
Carside,R-NSGA-II_eps0.01,12,54,27.954724372667254,3.851234288368556,11.521576808285388
Carside,R-NSGA-II_eps0.01,12,54,27.96046878213233,3.8512805776873873,11.519904895130082
Carside,R-NSGA-II_eps0.01,12,54,27.953172144393044,3.8507924506646583,11.523940550948403
Carside,R-NSGA-II_eps0.01,12,54,27.877072974859512,3.853253470019161,11.526915531909928
Carside,R-NSGA-II_eps0.01,12,54,27.88826612895107,3.8530528886929063,11.526086501423515
Carside,R-NSGA-II_eps0.01,12,54,27.96852376917898,3.8506157462072776,11.521765762376099
Carside,R-NSGA-II_eps0.01,12,54,27.888225723066437,3.8530528886929063,11.52608896477605
Carside,R-NSGA-II_eps0.01,12,54,28.00450716805742,3.8510063506544605,11.518433357384868
Carside,R-NSGA-II_eps0.01,12,54,27.8354543600082,3.8600994628384093,11.52300490347432
Carside,R-NSGA-II_eps0.01,12,54,27.876737060823345,3.8532468854720237,11.526933009194558
Carside,R-NSGA-II_eps0.01,12,54,27.874381101483788,3.8533232511537476,11.528933095431281
Carside,R-NSGA-II_eps0.01,12,54,27.88840902546577,3.8530354668535955,11.526086238904597
Carside,R-NSGA-II_eps0.01,12,54,27.970946994200435,3.850283341867097,11.524902592561169
Carside,R-NSGA-II_eps0.01,12,54,27.888596581965537,3.8530325761752295,11.526072123229486
Carside,R-NSGA-II_eps0.01,12,54,27.98761407568141,3.8501972780111795,11.522560485558873
Carside,R-NSGA-II_eps0.01,12,54,28.028646249167707,3.85074253555158,11.516178558008765
Carside,R-NSGA-II_eps0.01,12,54,27.88263000725474,3.8530561927938893,11.526529748431852
Carside,R-NSGA-II_eps0.01,13,55,27.920238738660426,3.8525494820981323,11.523055846691168
Carside,R-NSGA-II_eps0.01,13,55,27.898409916331065,3.852880169687163,11.52598025810958
Carside,R-NSGA-II_eps0.01,13,55,27.913571434030676,3.852360568142606,11.526226350008843
Carside,R-NSGA-II_eps0.01,13,55,27.9050161339145,3.852709303203119,11.524720896543815
Carside,R-NSGA-II_eps0.01,13,55,27.891772121379557,3.853452343340206,11.5233853675986
Carside,R-NSGA-II_eps0.01,13,55,27.88580637409899,3.8532897402252653,11.526616151393565
Carside,R-NSGA-II_eps0.01,13,55,27.908933894123848,3.8532360305926954,11.520572225284738
Carside,R-NSGA-II_eps0.01,13,55,27.906883458089897,3.8527018320470643,11.522807015353932
Carside,R-NSGA-II_eps0.01,13,55,27.94171570898464,3.8552830339555753,11.51648655702371
Carside,R-NSGA-II_eps0.01,13,55,27.92328719208858,3.8526294283924734,11.521041247534107
Carside,R-NSGA-II_eps0.01,13,55,27.915835208887742,3.8521564842572946,11.524429177340325
Carside,R-NSGA-II_eps0.01,13,55,27.87937412539374,3.855256561121015,11.521520095375996
Carside,R-NSGA-II_eps0.01,13,55,27.871909627542603,3.855316928957523,11.523815720225592
Carside,R-NSGA-II_eps0.01,13,55,27.887315875158443,3.8530592553134144,11.525410029965837
Carside,R-NSGA-II_eps0.01,13,55,27.933637365273803,3.851923345907656,11.523587091039538
Carside,R-NSGA-II_eps0.01,13,55,27.9293721459939,3.8541933569168494,11.516984910867347
Carside,R-NSGA-II_eps0.01,13,55,27.888975311116287,3.8535834429093345,11.521567745536991
Carside,R-NSGA-II_eps0.01,13,55,27.902602140222534,3.853463030293153,11.519805132862398
Carside,R-NSGA-II_eps0.01,13,55,27.882784203668646,3.8553432279732753,11.519924609475796
Carside,R-NSGA-II_eps0.01,13,55,27.93637166843692,3.8516343485967615,11.525297641919254
Carside,R-NSGA-II_eps0.01,13,55,27.882580505434433,3.853638565509023,11.522425563421972
Carside,R-NSGA-II_eps0.01,13,55,27.88888205164292,3.85520262158583,11.51886223750429
Carside,R-NSGA-II_eps0.01,13,55,27.931910818685374,3.8525494820981323,11.519717193749688
Carside,R-NSGA-II_eps0.01,13,55,27.876990810545163,3.8535053492312445,11.524573518968165
Carside,R-NSGA-II_eps0.01,13,55,27.893981537590076,3.8532503788127404,11.520923128654752
Carside,R-NSGA-II_eps0.01,13,55,27.902367877147856,3.853761582988015,11.518621577466426
Carside,R-NSGA-II_eps0.01,13,55,27.872914887822503,3.853984058090135,11.523663977461425
Carside,R-NSGA-II_eps0.01,13,55,27.91944418031877,3.8518094345535054,11.53031237116033
Carside,R-NSGA-II_eps0.01,13,55,27.869061345310644,3.8564057415065482,11.522606420910408
Carside,R-NSGA-II_eps0.01,13,55,27.916562423912644,3.8535610743396504,11.517540829472821
Carside,R-NSGA-II_eps0.01,13,55,27.872181504577718,3.853420154173214,11.526601030842022
Carside,R-NSGA-II_eps0.01,13,55,27.955059887859846,3.853827352360789,11.516432964577067
Carside,R-NSGA-II_eps0.01,13,55,27.890126620881162,3.852576050186239,11.530793921784976
Carside,R-NSGA-II_eps0.01,13,55,27.898046990491995,3.8528922648328634,11.525985343670804
Carside,R-NSGA-II_eps0.01,13,55,27.947045277888186,3.8514348845564066,11.523934191686363
Carside,R-NSGA-II_eps0.01,13,55,27.864189498752385,3.85400526038977,11.526555269418457
Carside,R-NSGA-II_eps0.01,13,55,27.917680535241402,3.8525910623537123,11.522964811780588
Carside,R-NSGA-II_eps0.01,13,55,27.912279709718177,3.8518108772741435,11.531389089222571
Carside,R-NSGA-II_eps0.01,13,55,27.922655724946104,3.852564787294199,11.52237327703697
Carside,R-NSGA-II_eps0.01,13,55,27.924052754030317,3.852419076570205,11.523004839111097
Carside,R-NSGA-II_eps0.01,13,55,27.867853129154838,3.8535548426332165,11.52847393338201
Carside,R-NSGA-II_eps0.01,13,55,27.8899983540294,3.8534538802995453,11.52346022890819
Carside,R-NSGA-II_eps0.01,13,55,27.888609273270742,3.855558596565866,11.517543630822807
Carside,R-NSGA-II_eps0.01,13,55,27.89316020432769,3.854122871369977,11.517836360525584
Carside,R-NSGA-II_eps0.01,13,55,27.888772512581873,3.853535784961035,11.522894945415866
Carside,R-NSGA-II_eps0.01,13,55,27.907875516045408,3.85326414523568,11.517816093881756
Carside,R-NSGA-II_eps0.01,13,55,27.88699216174706,3.8534759705384913,11.523654023462491
Carside,R-NSGA-II_eps0.01,13,55,27.888776499207523,3.853535727885744,11.52286035017944
Carside,R-NSGA-II_eps0.01,13,55,27.876030258017423,3.855703025727572,11.518957633072791
Carside,R-NSGA-II_eps0.01,13,55,27.888237659327807,3.8535357848030514,11.522945288774288
Carside,R-NSGA-II_eps0.01,13,55,27.910309041176557,3.8527135219574844,11.522036339559453
Carside,R-NSGA-II_eps0.01,13,55,27.944879145097552,3.8510929761690234,11.525212688632408
Carside,R-NSGA-II_eps0.01,13,55,27.888374920718153,3.853519635990787,11.522917225095028
Carside,R-NSGA-II_eps0.01,13,55,27.867858073224223,3.856907185436478,11.521120007300038
Carside,R-NSGA-II_eps0.01,13,55,27.941147570348647,3.85261994714754,11.517392472336695
Carside,R-NSGA-II_eps0.01,13,55,27.9099174483081,3.8531133929479346,11.520542060371609
Carside,R-NSGA-II_eps0.01,13,55,27.885640923771486,3.8535566865839694,11.523384654150096
Carside,R-NSGA-II_eps0.01,13,55,27.88427020665985,3.853556268107943,11.523812940520717
Carside,R-NSGA-II_eps0.01,13,55,27.948716833072336,3.850913250589986,11.52737618694366
Carside,R-NSGA-II_eps0.01,13,55,27.92635517171432,3.852450412561515,11.521472772985334
Carside,R-NSGA-II_eps0.01,13,55,27.956259532720477,3.8510609386412225,11.523499067704382
Carside,R-NSGA-II_eps0.01,13,55,27.915691401660556,3.8521564842572946,11.524441290315636
Carside,R-NSGA-II_eps0.01,13,55,27.855851624484767,3.854062240670078,11.528692412051754
Carside,R-NSGA-II_eps0.01,13,55,27.91576018910517,3.851300120790802,11.531407009042628
Carside,R-NSGA-II_eps0.01,13,55,27.87241612217946,3.852827665070535,11.531088898274547
Carside,R-NSGA-II_eps0.01,13,55,27.90979308842422,3.8524240885500687,11.523378146869124
Carside,R-NSGA-II_eps0.01,13,55,27.880064172764843,3.853494478305518,11.526190956832703
Carside,R-NSGA-II_eps0.01,13,55,27.947342789387278,3.851212105525454,11.52156641553167
Carside,R-NSGA-II_eps0.01,13,55,27.88807341270391,3.8530217288469117,11.525309186275162
Carside,R-NSGA-II_eps0.01,13,55,27.88521933005829,3.8534192048077687,11.523671902533925
Carside,R-NSGA-II_eps0.01,13,55,27.889775078824837,3.853089316578192,11.523815720225592
Carside,R-NSGA-II_eps0.01,13,55,27.953320590362786,3.8519250014125332,11.518120734282963
Carside,R-NSGA-II_eps0.01,13,55,27.879889829525833,3.8534646722202544,11.526233748952345
Carside,R-NSGA-II_eps0.01,13,55,27.899480285633672,3.8519234343288464,11.533947114994174
Carside,R-NSGA-II_eps0.01,13,55,27.861425143875525,3.8569458305986823,11.520107479599474
Carside,R-NSGA-II_eps0.01,13,55,27.91763477090458,3.852162753051229,11.52326821259458
Carside,R-NSGA-II_eps0.01,13,55,27.888729110059558,3.852946992877955,11.52501309872326
Carside,R-NSGA-II_eps0.01,13,55,27.84479969152807,3.856662745424191,11.526410542739445
Carside,R-NSGA-II_eps0.01,13,55,27.88769302071316,3.8531680470143557,11.523769178466967
Carside,R-NSGA-II_eps0.01,13,55,27.967218157831866,3.851890908969004,11.51759797563971
Carside,R-NSGA-II_eps0.01,13,55,27.85276490423577,3.857096222417873,11.521825479565548
Carside,R-NSGA-II_eps0.01,13,55,27.884922952625075,3.852353591390894,11.534765275854
Carside,R-NSGA-II_eps0.01,13,55,27.867949593021688,3.8552742454792033,11.524527922762529
Carside,R-NSGA-II_eps0.01,13,55,27.884349148391212,3.8530113459858852,11.527210331982307
Carside,R-NSGA-II_eps0.01,13,55,27.96515707988204,3.8510929761690234,11.519443864455424
Carside,R-NSGA-II_eps0.01,13,55,27.89624325637142,3.8536919875470943,11.519943671911497
Carside,R-NSGA-II_eps0.01,13,55,27.989104811512725,3.853165368863718,11.514053294661881
Carside,R-NSGA-II_eps0.01,13,55,27.849649693715076,3.8535886197835465,11.535023988115231
Carside,R-NSGA-II_eps0.01,13,55,27.837192875985362,3.853947505538742,11.533033295723543
Carside,R-NSGA-II_eps0.01,13,55,27.84166081429867,3.8537178957253544,11.534373139591183
Carside,R-NSGA-II_eps0.01,13,55,27.88221164182558,3.8530284353097763,11.527048077296303
Carside,R-NSGA-II_eps0.01,13,55,27.881817762465655,3.8530529132305924,11.527052390027794
Carside,R-NSGA-II_eps0.01,13,55,27.98090875924998,3.8518120289773465,11.514331740061099
Carside,R-NSGA-II_eps0.01,13,55,27.924431108759514,3.8526243246550225,11.519891565429967
Carside,R-NSGA-II_eps0.01,13,55,27.829864872267645,3.85518631132472,11.534374790431634
Carside,R-NSGA-II_eps0.01,13,55,27.881573913843706,3.8530592553134144,11.527042024998801
Carside,R-NSGA-II_eps0.01,13,55,27.997632321318093,3.8497459400259775,11.523185069117995
Carside,R-NSGA-II_eps0.01,13,55,27.81974005189517,3.8570383187890345,11.531576762447457
Carside,R-NSGA-II_eps0.01,13,55,28.006349369263656,3.850062618663219,11.518632539841072
Carside,R-NSGA-II_eps0.01,13,55,27.87759764025281,3.8533239462730844,11.526369073694362
Carside,R-NSGA-II_eps0.01,14,56,27.91456272077477,3.851984195438674,11.525995357365183
Carside,R-NSGA-II_eps0.01,14,56,27.907117944210967,3.8525256098399705,11.523494653035613
Carside,R-NSGA-II_eps0.01,14,56,27.89636118224305,3.8523923751154983,11.526960920455176
Carside,R-NSGA-II_eps0.01,14,56,27.93440902659816,3.851399187075164,11.524435647111936
Carside,R-NSGA-II_eps0.01,14,56,27.892694567381326,3.854098046493983,11.52162369853869
Carside,R-NSGA-II_eps0.01,14,56,27.91987037929837,3.852371278541731,11.521364968041746
Carside,R-NSGA-II_eps0.01,14,56,27.889574803086756,3.8530877338869294,11.523143391585782
Carside,R-NSGA-II_eps0.01,14,56,27.883864321830064,3.8529028407101547,11.525405039088573
Carside,R-NSGA-II_eps0.01,14,56,27.92575885344571,3.8515805035551054,11.526429701554203
Carside,R-NSGA-II_eps0.01,14,56,27.926014108527934,3.851553812552035,11.52642688915148
Carside,R-NSGA-II_eps0.01,14,56,27.925254563320827,3.851553812552035,11.526462051564742
Carside,R-NSGA-II_eps0.01,14,56,27.941308606646547,3.8561298950479515,11.51790765769464
Carside,R-NSGA-II_eps0.01,14,56,27.90343487275598,3.8524528065582784,11.524785372141157
Carside,R-NSGA-II_eps0.01,14,56,27.90950619074405,3.851995951474796,11.526212084034658
Carside,R-NSGA-II_eps0.01,14,56,27.90743864216095,3.8522764482911036,11.524614753717213
Carside,R-NSGA-II_eps0.01,14,56,27.904882180704288,3.852407886364793,11.524472611159414
Carside,R-NSGA-II_eps0.01,14,56,27.906871351088824,3.8523067243390696,11.52448921693026
Carside,R-NSGA-II_eps0.01,14,56,27.90685485858491,3.8523061250391817,11.524489526641162
Carside,R-NSGA-II_eps0.01,14,56,27.90751548547627,3.852295009203604,11.524401534404806
Carside,R-NSGA-II_eps0.01,14,56,27.9068083047285,3.8523067243390696,11.524494542882781
Carside,R-NSGA-II_eps0.01,14,56,27.909048032255516,3.851332724019372,11.529161795898574
Carside,R-NSGA-II_eps0.01,14,56,27.906962464869146,3.852306146886804,11.524440815010244
Carside,R-NSGA-II_eps0.01,14,56,27.907286507067237,3.8522980776126734,11.524398247504063
Carside,R-NSGA-II_eps0.01,14,56,27.94609681146469,3.8506732219651227,11.52636822789648
Carside,R-NSGA-II_eps0.01,14,56,27.90588409928138,3.852340062543129,11.524495957360383
Carside,R-NSGA-II_eps0.01,14,56,27.88259979262597,3.8526126705484423,11.528686221025584
Carside,R-NSGA-II_eps0.01,14,56,27.904084140169026,3.8523622379085705,11.5248072787065
Carside,R-NSGA-II_eps0.01,14,56,27.91365048223197,3.852097966619663,11.524109739343922
Carside,R-NSGA-II_eps0.01,14,56,27.908935486605632,3.8521849104412293,11.524538952846562
Carside,R-NSGA-II_eps0.01,14,56,27.90857333310514,3.853647133556021,11.519096771373464
Carside,R-NSGA-II_eps0.01,14,56,27.908429236563716,3.8524895386413194,11.523410807233567
Carside,R-NSGA-II_eps0.01,14,56,27.867886693913608,3.8559641189508946,11.52397490052714
Carside,R-NSGA-II_eps0.01,14,56,27.90986747380903,3.852250680664685,11.524028497348977
Carside,R-NSGA-II_eps0.01,14,56,27.906119556065356,3.8522131795209233,11.524922187922815
Carside,R-NSGA-II_eps0.01,14,56,27.90549750932621,3.8522331335004463,11.524931215593675
Carside,R-NSGA-II_eps0.01,14,56,27.90347658444581,3.8523936057999184,11.524581912639782
Carside,R-NSGA-II_eps0.01,14,56,27.90065431357327,3.8524638495442645,11.524936012544037
Carside,R-NSGA-II_eps0.01,14,56,27.944664373231134,3.851551627295178,11.520413584404132
Carside,R-NSGA-II_eps0.01,14,56,27.90494336511905,3.8522509107853007,11.524817568817621
Carside,R-NSGA-II_eps0.01,14,56,27.867291641557202,3.853537419536897,11.52586738828299
Carside,R-NSGA-II_eps0.01,14,56,27.90009202708536,3.8524788780393533,11.524949391638202
Carside,R-NSGA-II_eps0.01,14,56,27.904943365131032,3.8522509107853007,11.524816250152828
Carside,R-NSGA-II_eps0.01,14,56,27.9006615734079,3.8524673841231376,11.52481966155742
Carside,R-NSGA-II_eps0.01,14,56,27.911490249947036,3.85180857812832,11.52630440326563
Carside,R-NSGA-II_eps0.01,14,56,27.904534949714087,3.8522764482911036,11.524739921727496
Carside,R-NSGA-II_eps0.01,14,56,27.90015923261671,3.852298037097906,11.526301824313396
Carside,R-NSGA-II_eps0.01,14,56,27.97525843918281,3.851073073156231,11.522784826960926
Carside,R-NSGA-II_eps0.01,14,56,27.90250045554797,3.8521712467679134,11.526357726620416
Carside,R-NSGA-II_eps0.01,14,56,27.925670765066368,3.8514149492771756,11.526832934380925
Carside,R-NSGA-II_eps0.01,14,56,27.902178801840314,3.852175870540683,11.526382073807218
Carside,R-NSGA-II_eps0.01,14,56,27.963328532094277,3.850231236456607,11.525169795700343
Carside,R-NSGA-II_eps0.01,14,56,27.925848576137188,3.851402077329804,11.526826633698555
Carside,R-NSGA-II_eps0.01,14,56,27.904136483006504,3.8521971856620563,11.525057502183369
Carside,R-NSGA-II_eps0.01,14,56,27.921580323975657,3.8517476299057867,11.524181333911686
Carside,R-NSGA-II_eps0.01,14,56,27.901531732603715,3.8523129969458574,11.525032208581296
Carside,R-NSGA-II_eps0.01,14,56,27.86875945611612,3.8530493258615537,11.530255673659958
Carside,R-NSGA-II_eps0.01,14,56,27.90229152579366,3.852123278857458,11.526378735331434
Carside,R-NSGA-II_eps0.01,14,56,27.94484258258052,3.8502098752137828,11.530603569287607
Carside,R-NSGA-II_eps0.01,14,56,27.916781424915172,3.8517599133994422,11.524623245664067
Carside,R-NSGA-II_eps0.01,14,56,27.87212619490642,3.8559377455731276,11.520493318892438
Carside,R-NSGA-II_eps0.01,14,56,27.8997564688984,3.8526168966981142,11.523959916153434
Carside,R-NSGA-II_eps0.01,14,56,27.898256982023337,3.852435595396782,11.525156716139547
Carside,R-NSGA-II_eps0.01,14,56,27.898271707081644,3.8524337593545988,11.525156716139547
Carside,R-NSGA-II_eps0.01,14,56,27.88246614924483,3.8521831304134357,11.533289952182718
Carside,R-NSGA-II_eps0.01,14,56,27.92928967435391,3.851291111753871,11.526499805917199
Carside,R-NSGA-II_eps0.01,14,56,27.85097816520225,3.8572781224227826,11.526586756466973
Carside,R-NSGA-II_eps0.01,14,56,27.89766423351025,3.852444534968254,11.525203437228111
Carside,R-NSGA-II_eps0.01,14,56,27.896366255104436,3.8523717671795787,11.526759090175347
Carside,R-NSGA-II_eps0.01,14,56,27.897233967500167,3.852298177118532,11.52707737026882
Carside,R-NSGA-II_eps0.01,14,56,27.93687676650312,3.8502987911814484,11.533136914560178
Carside,R-NSGA-II_eps0.01,14,56,27.897234265704775,3.852298139935913,11.52707737026882
Carside,R-NSGA-II_eps0.01,14,56,27.89699976069553,3.852324231416636,11.526440867457499
Carside,R-NSGA-II_eps0.01,14,56,27.997723631845453,3.850796068708946,11.523888790809949
Carside,R-NSGA-II_eps0.01,14,56,27.983757314864544,3.851072243529065,11.520519053829124
Carside,R-NSGA-II_eps0.01,14,56,27.905104351470566,3.8520131631534045,11.525217867395085
Carside,R-NSGA-II_eps0.01,14,56,27.850558998070362,3.8535110749928645,11.528456297374934
Carside,R-NSGA-II_eps0.01,14,56,27.896725525325643,3.8524980706069707,11.524877228758282
Carside,R-NSGA-II_eps0.01,14,56,27.89301323655268,3.852516823766929,11.52657129646433
Carside,R-NSGA-II_eps0.01,14,56,27.89355425107973,3.852477544242116,11.526489987692578
Carside,R-NSGA-II_eps0.01,14,56,27.845071238645136,3.854796891047257,11.528589846743337
Carside,R-NSGA-II_eps0.01,14,56,27.98069389649981,3.8496869561547387,11.525627498081661
Carside,R-NSGA-II_eps0.01,14,56,27.894287662005283,3.8526167213542575,11.524920119328891
Carside,R-NSGA-II_eps0.01,14,56,27.933242178023743,3.851237752826788,11.525569975301007
Carside,R-NSGA-II_eps0.01,14,56,27.935277217913715,3.851220698998671,11.525434966838274
Carside,R-NSGA-II_eps0.01,14,56,27.892492303922385,3.852516823766929,11.52661535499944
Carside,R-NSGA-II_eps0.01,14,56,27.84988188097167,3.853488031676572,11.531222062704327
Carside,R-NSGA-II_eps0.01,14,56,27.892915961383597,3.852474975854503,11.526969342743456
Carside,R-NSGA-II_eps0.01,14,56,27.85761334579642,3.8592551660540275,11.521735135486125
Carside,R-NSGA-II_eps0.01,14,56,27.848986646842523,3.859254957108151,11.524201317652263
Carside,R-NSGA-II_eps0.01,14,56,27.894089564440332,3.8523936057999184,11.527226131395787
Carside,R-NSGA-II_eps0.01,14,56,28.003900249526005,3.850028039328893,11.521183156068668
Carside,R-NSGA-II_eps0.01,14,56,27.894081693717617,3.8523936057999184,11.527226796308483
Carside,R-NSGA-II_eps0.01,14,56,27.893208271612167,3.852439631374077,11.527086417421323
Carside,R-NSGA-II_eps0.01,14,56,27.841983405214588,3.8545219287190124,11.534222904685581
Carside,R-NSGA-II_eps0.01,14,56,27.897445908134,3.8523110313059847,11.525258819280445
Carside,R-NSGA-II_eps0.01,14,56,27.83453760817366,3.860104259927514,11.524340934199916
Carside,R-NSGA-II_eps0.01,14,56,27.89708539916324,3.852309715733749,11.525333933233746
Carside,R-NSGA-II_eps0.01,14,56,28.015328452129364,3.853159616372122,11.513609773551337
Carside,R-NSGA-II_eps0.01,14,56,27.891091362013935,3.8525457306058133,11.52648094633415
Carside,R-NSGA-II_eps0.01,14,56,28.0669549422119,3.8524337593545988,11.517531207188933
Carside,R-NSGA-II_eps0.01,15,57,27.869925765954672,3.8550580581791767,11.524696486619408
Carside,R-NSGA-II_eps0.01,15,57,27.858586782259437,3.8552777145075336,11.526272210834582
Carside,R-NSGA-II_eps0.01,15,57,27.87660532787285,3.855131340876509,11.521824625360345
Carside,R-NSGA-II_eps0.01,15,57,27.881241188419626,3.853413082490011,11.525465111332235
Carside,R-NSGA-II_eps0.01,15,57,27.879451242152474,3.853697927377319,11.523716822818447
Carside,R-NSGA-II_eps0.01,15,57,27.89024770504,3.854694274167129,11.52009850588465
Carside,R-NSGA-II_eps0.01,15,57,27.896254402224912,3.8530731461801366,11.523434135994677
Carside,R-NSGA-II_eps0.01,15,57,27.89380338356646,3.8527832392280894,11.525728554630057
Carside,R-NSGA-II_eps0.01,15,57,27.899833552978237,3.8535206168135407,11.521096698120687
Carside,R-NSGA-II_eps0.01,15,57,27.86318462570916,3.8537437011774394,11.52790128068099
Carside,R-NSGA-II_eps0.01,15,57,27.86416032034929,3.8537716521559564,11.525020666071157
Carside,R-NSGA-II_eps0.01,15,57,27.87896238929944,3.8555960850205486,11.519803532777217
Carside,R-NSGA-II_eps0.01,15,57,27.847454946883445,3.855774160038352,11.524948524075478
Carside,R-NSGA-II_eps0.01,15,57,27.911021359637843,3.8526811831193593,11.522860687951866
Carside,R-NSGA-II_eps0.01,15,57,27.86356909181784,3.8550429274164264,11.526372178326781
Carside,R-NSGA-II_eps0.01,15,57,27.86356909181808,3.8550429274164264,11.526372152237833
Carside,R-NSGA-II_eps0.01,15,57,27.84338610534176,3.8556339655366036,11.526731067014882
Carside,R-NSGA-II_eps0.01,15,57,27.863192004333364,3.8554963935612876,11.524079196560148
Carside,R-NSGA-II_eps0.01,15,57,27.894210277343767,3.855984699162474,11.518322714805873
Carside,R-NSGA-II_eps0.01,15,57,27.859445513872473,3.855570084326241,11.524577119873513
Carside,R-NSGA-II_eps0.01,15,57,27.87824357861245,3.855023682749611,11.521433819791294
Carside,R-NSGA-II_eps0.01,15,57,27.861509430585716,3.855764093578652,11.52107736629858
Carside,R-NSGA-II_eps0.01,15,57,27.865051717466688,3.855107225229303,11.523217501636317
Carside,R-NSGA-II_eps0.01,15,57,27.86489621487613,3.855126614579747,11.523217501636317
Carside,R-NSGA-II_eps0.01,15,57,27.88179308935031,3.853769135605691,11.520814442820669
Carside,R-NSGA-II_eps0.01,15,57,27.854706780214073,3.8554899650082364,11.526078769390102
Carside,R-NSGA-II_eps0.01,15,57,27.880966920290348,3.852688991451002,11.528380360611585
Carside,R-NSGA-II_eps0.01,15,57,27.8557176662655,3.855570084326241,11.524866067043554
Carside,R-NSGA-II_eps0.01,15,57,27.92211972950586,3.855376561897385,11.516927956951978
Carside,R-NSGA-II_eps0.01,15,57,27.878987536983697,3.853695706227812,11.523757530164115
Carside,R-NSGA-II_eps0.01,15,57,27.872224225525127,3.855219429522065,11.521539720717664
Carside,R-NSGA-II_eps0.01,15,57,27.85427800602464,3.854912218800757,11.527525390987531
Carside,R-NSGA-II_eps0.01,15,57,27.908164928245725,3.854746668687546,11.517488050877171
Carside,R-NSGA-II_eps0.01,15,57,27.8574239694318,3.853521421117313,11.529714889713112
Carside,R-NSGA-II_eps0.01,15,57,27.88126820102279,3.8535251032925832,11.523880696164653
Carside,R-NSGA-II_eps0.01,15,57,27.896589152249234,3.8523275206753644,11.530010313245725
Carside,R-NSGA-II_eps0.01,15,57,27.881418083631605,3.8535099445826866,11.523912007265546
Carside,R-NSGA-II_eps0.01,15,57,27.8541630327991,3.85491386392765,11.52753178238618
Carside,R-NSGA-II_eps0.01,15,57,27.907045337650725,3.8520378390082706,11.525451327372572
Carside,R-NSGA-II_eps0.01,15,57,27.882645026075195,3.8535098482025396,11.523576012012642
Carside,R-NSGA-II_eps0.01,15,57,27.93812136562291,3.852341805711836,11.521373995184355
Carside,R-NSGA-II_eps0.01,15,57,27.852015594479163,3.8555489829144953,11.525944133669283
Carside,R-NSGA-II_eps0.01,15,57,27.837297783623498,3.856581476268217,11.526597099742087
Carside,R-NSGA-II_eps0.01,15,57,27.88289301428273,3.8534458699089598,11.52377928390067
Carside,R-NSGA-II_eps0.01,15,57,27.894953075928854,3.853545587872646,11.519252967349331
Carside,R-NSGA-II_eps0.01,15,57,27.8904764267449,3.8546674193645694,11.520090634505541
Carside,R-NSGA-II_eps0.01,15,57,27.889705434737284,3.8531506305747216,11.524167363029683
Carside,R-NSGA-II_eps0.01,15,57,27.922320937270342,3.8518974065600897,11.523968361019739
Carside,R-NSGA-II_eps0.01,15,57,27.919141328679448,3.8516926429094314,11.527599260555395
Carside,R-NSGA-II_eps0.01,15,57,27.891594456710173,3.8529571175368393,11.525226085545341
Carside,R-NSGA-II_eps0.01,15,57,27.866464877204574,3.8531276828370875,11.531519121353154
Carside,R-NSGA-II_eps0.01,15,57,27.872493919626955,3.853504742474966,11.526111578125173
Carside,R-NSGA-II_eps0.01,15,57,27.890520292089274,3.853103810614649,11.524149155672255
Carside,R-NSGA-II_eps0.01,15,57,27.877923710408226,3.853279950530995,11.526285056008895
Carside,R-NSGA-II_eps0.01,15,57,27.903325335782135,3.852864100052204,11.519647850428601
Carside,R-NSGA-II_eps0.01,15,57,27.878729871748146,3.8532511731159675,11.526073725473726
Carside,R-NSGA-II_eps0.01,15,57,27.836388330979382,3.8552254617591495,11.531226327194432
Carside,R-NSGA-II_eps0.01,15,57,27.89047447653231,3.8529571175368393,11.525277153741127
Carside,R-NSGA-II_eps0.01,15,57,27.92430718853329,3.8524943019563387,11.519832515988623
Carside,R-NSGA-II_eps0.01,15,57,27.885087233920306,3.853182043576239,11.524554433023084
Carside,R-NSGA-II_eps0.01,15,57,27.901873082736913,3.8558449320561228,11.51636377201802
Carside,R-NSGA-II_eps0.01,15,57,27.874653190364214,3.8535360265989804,11.52466633247757
Carside,R-NSGA-II_eps0.01,15,57,27.88756836709221,3.8529713963058896,11.526033737905369
Carside,R-NSGA-II_eps0.01,15,57,27.894631465158096,3.8566006841348393,11.516731553630434
Carside,R-NSGA-II_eps0.01,15,57,27.88371585229607,3.853085998009476,11.525935076051432
Carside,R-NSGA-II_eps0.01,15,57,27.87251050940678,3.85364439242489,11.524533034572492
Carside,R-NSGA-II_eps0.01,15,57,27.929531997782323,3.854334381528103,11.515893622970708
Carside,R-NSGA-II_eps0.01,15,57,27.876915396684687,3.8534216062100097,11.524737887095945
Carside,R-NSGA-II_eps0.01,15,57,27.916755155760782,3.85315009550033,11.517558393077216
Carside,R-NSGA-II_eps0.01,15,57,27.87545500341424,3.853335722059396,11.526184164939188
Carside,R-NSGA-II_eps0.01,15,57,27.8961764540983,3.8529286257029316,11.524133560503678
Carside,R-NSGA-II_eps0.01,15,57,27.956136372092725,3.8515103765835352,11.523345226059483
Carside,R-NSGA-II_eps0.01,15,57,27.875726983106336,3.853584276330116,11.523982684663125
Carside,R-NSGA-II_eps0.01,15,57,27.88797883542444,3.852926334584028,11.526350315929836
Carside,R-NSGA-II_eps0.01,15,57,27.896492161130475,3.852081284202346,11.532601588080707
Carside,R-NSGA-II_eps0.01,15,57,27.87104471228456,3.8538609743709613,11.523699654149468
Carside,R-NSGA-II_eps0.01,15,57,27.850367874168036,3.857707211442428,11.520808474433903
Carside,R-NSGA-II_eps0.01,15,57,27.876158649458077,3.8532894998465177,11.526385003004922
Carside,R-NSGA-II_eps0.01,15,57,27.91015077539134,3.8513572478761895,11.52958278999991
Carside,R-NSGA-II_eps0.01,15,57,27.89129864800729,3.85305663423004,11.523906337149338
Carside,R-NSGA-II_eps0.01,15,57,27.868330313264668,3.853583043836521,11.526627303009565
Carside,R-NSGA-II_eps0.01,15,57,27.83481656015995,3.857959362080602,11.52495156281394
Carside,R-NSGA-II_eps0.01,15,57,27.901484796551202,3.8528587502678464,11.52363506472367
Carside,R-NSGA-II_eps0.01,15,57,27.931765983085764,3.8526085032239745,11.517639249848067
Carside,R-NSGA-II_eps0.01,15,57,27.93622276869773,3.851061529031975,11.525042196298875
Carside,R-NSGA-II_eps0.01,15,57,27.901448084214003,3.8528587502678464,11.523636766198909
Carside,R-NSGA-II_eps0.01,15,57,27.929949175317784,3.85101575001325,11.527166287540817
Carside,R-NSGA-II_eps0.01,15,57,27.95759956199344,3.8515320391972865,11.520881993934477
Carside,R-NSGA-II_eps0.01,15,57,27.89385930679177,3.852781679175789,11.525727147352098
Carside,R-NSGA-II_eps0.01,15,57,27.893476342663632,3.852869339749675,11.524750049132884
Carside,R-NSGA-II_eps0.01,15,57,27.99188028660913,3.8534087538286586,11.516303146704342
Carside,R-NSGA-II_eps0.01,15,57,27.868713140890268,3.8535579045267636,11.526217200489288
Carside,R-NSGA-II_eps0.01,15,57,27.871822575213173,3.853753843487261,11.52372759435658
Carside,R-NSGA-II_eps0.01,15,57,27.939183198012497,3.850778182090443,11.529259689983007
Carside,R-NSGA-II_eps0.01,15,57,27.86918753408742,3.8536467147463243,11.524979740039921
Carside,R-NSGA-II_eps0.01,15,57,27.833324326596376,3.854993428068164,11.535210946470514
Carside,R-NSGA-II_eps0.01,15,57,27.889216811095622,3.8529683102809495,11.524677173569614
Carside,R-NSGA-II_eps0.01,15,57,27.977975939694083,3.851738182108814,11.519257887232255
Carside,R-NSGA-II_eps0.01,15,57,27.89830280329904,3.8531319827275547,11.52240960876896
Carside,R-NSGA-II_eps0.01,15,57,27.856931252343646,3.852885259522733,11.53526712380063
Carside,R-NSGA-II_eps0.01,16,58,27.91552305925804,3.8524121938782354,11.524839810333273
Carside,R-NSGA-II_eps0.01,16,58,27.91000611001466,3.8523298304144005,11.525885913035145
Carside,R-NSGA-II_eps0.01,16,58,27.930851583258466,3.8518842890101173,11.524623396197175
Carside,R-NSGA-II_eps0.01,16,58,27.926291817648252,3.851596484790101,11.526128206846204
Carside,R-NSGA-II_eps0.01,16,58,27.905139832275193,3.852137458269938,11.52735383158976
Carside,R-NSGA-II_eps0.01,16,58,27.938061788112503,3.8513607143726816,11.525065161864562
Carside,R-NSGA-II_eps0.01,16,58,27.895766498718512,3.852458932649989,11.527200493686609
Carside,R-NSGA-II_eps0.01,16,58,27.895224459944767,3.8527873164170896,11.52452409788004
Carside,R-NSGA-II_eps0.01,16,58,27.922824289953127,3.8513582395883312,11.528925202496382
Carside,R-NSGA-II_eps0.01,16,58,27.94956206600193,3.851088173330352,11.524641917547806
Carside,R-NSGA-II_eps0.01,16,58,27.918638469533526,3.852135806792259,11.5219846584604
Carside,R-NSGA-II_eps0.01,16,58,27.93012703441635,3.8509543818665573,11.52731253722298
Carside,R-NSGA-II_eps0.01,16,58,27.898747555154287,3.852145200784627,11.529465589400306
Carside,R-NSGA-II_eps0.01,16,58,27.95122857491703,3.8514405546520565,11.522980571979124
Carside,R-NSGA-II_eps0.01,16,58,27.911780782105073,3.851624839797891,11.529985132834849
Carside,R-NSGA-II_eps0.01,16,58,27.918515660409,3.852360180078066,11.524337735648581
Carside,R-NSGA-II_eps0.01,16,58,27.898656239523948,3.8524724859866883,11.523147216657659
Carside,R-NSGA-II_eps0.01,16,58,27.915660767508164,3.852191792607762,11.52552447895063
Carside,R-NSGA-II_eps0.01,16,58,27.91704040090009,3.8521499430639308,11.52545703285884
Carside,R-NSGA-II_eps0.01,16,58,27.885325091351127,3.852699368956084,11.52752658407114
Carside,R-NSGA-II_eps0.01,16,58,27.880982783889664,3.853122764650809,11.526513479879087
Carside,R-NSGA-II_eps0.01,16,58,27.913476004434994,3.8523694989804445,11.524923317412219
Carside,R-NSGA-II_eps0.01,16,58,27.91301810636462,3.852384895174196,11.524929734663797
Carside,R-NSGA-II_eps0.01,16,58,27.916745993380456,3.8521499430639308,11.525482043784917
Carside,R-NSGA-II_eps0.01,16,58,27.91691963441243,3.852151371267498,11.525393475751622
Carside,R-NSGA-II_eps0.01,16,58,27.91360921522641,3.8523010884773217,11.525131568215272
Carside,R-NSGA-II_eps0.01,16,58,27.91363957880231,3.852226006744941,11.52561537895747
Carside,R-NSGA-II_eps0.01,16,58,27.9134531017768,3.852232247832798,11.525618117913481
Carside,R-NSGA-II_eps0.01,16,58,27.914462903560075,3.8522635532433025,11.525129312001946
Carside,R-NSGA-II_eps0.01,16,58,27.916688106176508,3.8521110550890487,11.525488553484788
Carside,R-NSGA-II_eps0.01,16,58,27.91554998477958,3.8522720396893333,11.524738183602702
Carside,R-NSGA-II_eps0.01,16,58,27.905214354241735,3.8530512402561867,11.520783094651838
Carside,R-NSGA-II_eps0.01,16,58,27.915130043438687,3.8524133651738426,11.52090438819538
Carside,R-NSGA-II_eps0.01,16,58,27.915684708389794,3.8521923681520125,11.525115575893253
Carside,R-NSGA-II_eps0.01,16,58,27.91396781119806,3.852208354094795,11.52540573401469
Carside,R-NSGA-II_eps0.01,16,58,27.900511996198837,3.851973330518786,11.531179677421044
Carside,R-NSGA-II_eps0.01,16,58,27.909338882865274,3.8523290531816037,11.526014683723123
Carside,R-NSGA-II_eps0.01,16,58,27.913935607398145,3.852208354094795,11.52540846962551
Carside,R-NSGA-II_eps0.01,16,58,27.88776506842919,3.853046913691338,11.522366477793378
Carside,R-NSGA-II_eps0.01,16,58,27.91510021280046,3.852200871495776,11.525174175288559
Carside,R-NSGA-II_eps0.01,16,58,27.91517749764806,3.852200871495776,11.52515357642896
Carside,R-NSGA-II_eps0.01,16,58,27.868463631002424,3.854241974774954,11.525694761303047
Carside,R-NSGA-II_eps0.01,16,58,27.877049430245272,3.8543830281781104,11.522366477793378
Carside,R-NSGA-II_eps0.01,16,58,27.914381772532497,3.8522251215431336,11.52518375855712
Carside,R-NSGA-II_eps0.01,16,58,27.914381593818796,3.8522251215431336,11.525183766590217
Carside,R-NSGA-II_eps0.01,16,58,27.961392879885246,3.850779293604591,11.524063515685757
Carside,R-NSGA-II_eps0.01,16,58,27.878074612825102,3.8531501901202683,11.523521723470973
Carside,R-NSGA-II_eps0.01,16,58,27.913839253081626,3.8522436473648263,11.525196498475216
Carside,R-NSGA-II_eps0.01,16,58,27.909338883194717,3.8523290531816037,11.525978513968463
Carside,R-NSGA-II_eps0.01,16,58,27.94041027461285,3.851702069351854,11.520343564815015
Carside,R-NSGA-II_eps0.01,16,58,27.914664675764552,3.8522052874624575,11.525188180827502
Carside,R-NSGA-II_eps0.01,16,58,27.961734295892693,3.8503902044597864,11.525805622049608
Carside,R-NSGA-II_eps0.01,16,58,27.91220530914632,3.8523010884773217,11.525194632540787
Carside,R-NSGA-II_eps0.01,16,58,27.873968589049387,3.8528690996458086,11.528320253598421
Carside,R-NSGA-II_eps0.01,16,58,27.9107578308554,3.852267362144077,11.525831814520544
Carside,R-NSGA-II_eps0.01,16,58,27.91188102489861,3.85223259955558,11.525688588247471
Carside,R-NSGA-II_eps0.01,16,58,27.86756620944105,3.854494459792846,11.52363159959138
Carside,R-NSGA-II_eps0.01,16,58,27.91443975341808,3.8525344451361496,11.519416575837102
Carside,R-NSGA-II_eps0.01,16,58,27.910093759839118,3.8522595359135994,11.52611902666134
Carside,R-NSGA-II_eps0.01,16,58,27.896897871109648,3.853057138845368,11.520048033693826
Carside,R-NSGA-II_eps0.01,16,58,27.91236068465257,3.8521939708777864,11.525787845123187
Carside,R-NSGA-II_eps0.01,16,58,27.95995137460476,3.8510640204775997,11.521556083853554
Carside,R-NSGA-II_eps0.01,16,58,27.91179511786787,3.852226006744941,11.525698202228668
Carside,R-NSGA-II_eps0.01,16,58,27.912075862150008,3.8521939708777864,11.52582173461131
Carside,R-NSGA-II_eps0.01,16,58,27.912044052962095,3.8521939708777864,11.52582442989331
Carside,R-NSGA-II_eps0.01,16,58,27.897961279451053,3.854313818238353,11.518745450207938
Carside,R-NSGA-II_eps0.01,16,58,27.915700092581986,3.8520856847725615,11.52552869560593
Carside,R-NSGA-II_eps0.01,16,58,27.860006780413638,3.855296444923182,11.525694761303047
Carside,R-NSGA-II_eps0.01,16,58,27.907984516664257,3.8537930473357527,11.518284380694903
Carside,R-NSGA-II_eps0.01,16,58,27.914261482171913,3.8521242371445132,11.525629672215228
Carside,R-NSGA-II_eps0.01,16,58,27.91571250079617,3.8520841376136854,11.52552869560593
Carside,R-NSGA-II_eps0.01,16,58,27.87945703462638,3.8524179513838237,11.530456157529402
Carside,R-NSGA-II_eps0.01,16,58,27.911035185924362,3.852226006744941,11.525835774737338
Carside,R-NSGA-II_eps0.01,16,58,27.86533110844197,3.8533928057036597,11.527694912180289
Carside,R-NSGA-II_eps0.01,16,58,27.860598070256664,3.8542252831060706,11.527623344289452
Carside,R-NSGA-II_eps0.01,16,58,27.91104757553251,3.85222446190602,11.525835774737338
Carside,R-NSGA-II_eps0.01,16,58,27.931106756788676,3.85183023909932,11.524638187231016
Carside,R-NSGA-II_eps0.01,16,58,27.913061256529332,3.852127931245988,11.525723599235292
Carside,R-NSGA-II_eps0.01,16,58,27.931924540357915,3.851892772781918,11.524234260545498
Carside,R-NSGA-II_eps0.01,16,58,27.863659757823477,3.8555002522383828,11.522591975590919
Carside,R-NSGA-II_eps0.01,16,58,27.90815342573332,3.852267362144077,11.52605213392442
Carside,R-NSGA-II_eps0.01,16,58,27.880222843076155,3.8544513813434094,11.519925564885826
Carside,R-NSGA-II_eps0.01,16,58,27.92957169257628,3.851755724802544,11.524915699550977
Carside,R-NSGA-II_eps0.01,16,58,27.93179926309631,3.852288457445842,11.51828358889803
Carside,R-NSGA-II_eps0.01,16,58,27.90514731202125,3.85234299314824,11.526247898105096
Carside,R-NSGA-II_eps0.01,16,58,27.857589720763677,3.8543240667247454,11.526146491252597
Carside,R-NSGA-II_eps0.01,16,58,27.90785830676127,3.8521976682344072,11.526176772670041
Carside,R-NSGA-II_eps0.01,16,58,27.911585968705385,3.852792330763127,11.518315609682631
Carside,R-NSGA-II_eps0.01,16,58,27.90943598420586,3.8521201035006096,11.526272867866853
Carside,R-NSGA-II_eps0.01,16,58,27.877414168531175,3.8535392450801162,11.520811699199948
Carside,R-NSGA-II_eps0.01,16,58,27.904391464707214,3.8523240621767965,11.526452521300458
Carside,R-NSGA-II_eps0.01,16,58,27.855917367707796,3.855526603649851,11.523796369290984
Carside,R-NSGA-II_eps0.01,16,58,27.904648600846908,3.852346247452276,11.525825211587986
Carside,R-NSGA-II_eps0.01,16,58,27.90325203829956,3.852333085063209,11.52644616684717
Carside,R-NSGA-II_eps0.01,16,58,27.875699717259145,3.855476713785258,11.519323076531226
Carside,R-NSGA-II_eps0.01,16,58,27.902770404392207,3.8523430008242534,11.526450454813885
Carside,R-NSGA-II_eps0.01,16,58,27.988799322844766,3.8521958848817275,11.51911726705037
Carside,R-NSGA-II_eps0.01,16,58,27.855259559611785,3.8533067687372005,11.528652840470123
Carside,R-NSGA-II_eps0.01,16,58,27.902649072735876,3.8523420668876147,11.526513401352057
Carside,R-NSGA-II_eps0.01,16,58,27.902327822352287,3.8523430008242534,11.526576359841748
Carside,R-NSGA-II_eps0.01,17,59,27.901721705721016,3.852934599481312,11.523841568792616
Carside,R-NSGA-II_eps0.01,17,59,27.914681844137473,3.8524668639798634,11.523809404289988
Carside,R-NSGA-II_eps0.01,17,59,27.911685372542934,3.8522724960244985,11.527043970889899
Carside,R-NSGA-II_eps0.01,17,59,27.894947132172625,3.852923742112755,11.525206798669226
Carside,R-NSGA-II_eps0.01,17,59,27.888307663980303,3.85334402204485,11.524059148278136
Carside,R-NSGA-II_eps0.01,17,59,27.887444660158852,3.8559402993172953,11.52007437354972
Carside,R-NSGA-II_eps0.01,17,59,27.919896276729116,3.8519830935291006,11.525605754467765
Carside,R-NSGA-II_eps0.01,17,59,27.91021716125466,3.852864286506213,11.52116686554071
Carside,R-NSGA-II_eps0.01,17,59,27.931662764883807,3.852315937589703,11.521508088714931
Carside,R-NSGA-II_eps0.01,17,59,27.901445922819057,3.8529351891289094,11.523887670129483
Carside,R-NSGA-II_eps0.01,17,59,27.901070694765565,3.8529449562639186,11.52389024006748
Carside,R-NSGA-II_eps0.01,17,59,27.897440218683336,3.8530676222202223,11.523978369015111
Carside,R-NSGA-II_eps0.01,17,59,27.897447386572754,3.853066729045567,11.523978501344146
Carside,R-NSGA-II_eps0.01,17,59,27.897447386602025,3.853066729045567,11.5239752803804
Carside,R-NSGA-II_eps0.01,17,59,27.90864444573667,3.8520920011620445,11.528519821281119
Carside,R-NSGA-II_eps0.01,17,59,27.89664531112586,3.853102527534531,11.523982828669691
Carside,R-NSGA-II_eps0.01,17,59,27.901481161725698,3.8528824728209603,11.523995224350584
Carside,R-NSGA-II_eps0.01,17,59,27.90053643169642,3.8527943930988746,11.52489459968319
Carside,R-NSGA-II_eps0.01,17,59,27.939373706130866,3.8518494822071165,11.523287215926562
Carside,R-NSGA-II_eps0.01,17,59,27.901116093582605,3.8528814683343353,11.523998606976054
Carside,R-NSGA-II_eps0.01,17,59,27.89649320102854,3.8545583576022846,11.518735246635647
Carside,R-NSGA-II_eps0.01,17,59,27.900930478709373,3.852885318517719,11.524005872978762
Carside,R-NSGA-II_eps0.01,17,59,27.894764572321062,3.8531741008267866,11.521532815615663
Carside,R-NSGA-II_eps0.01,17,59,27.902330012470628,3.8528523854988923,11.523856074721397
Carside,R-NSGA-II_eps0.01,17,59,27.901066970970838,3.852885318517719,11.523967088053812
Carside,R-NSGA-II_eps0.01,17,59,27.901013739021135,3.8536865819581863,11.519258123998299
Carside,R-NSGA-II_eps0.01,17,59,27.901626033859788,3.8528169133200247,11.524284079604776
Carside,R-NSGA-II_eps0.01,17,59,27.901180939027707,3.852873705888476,11.523998724210067
Carside,R-NSGA-II_eps0.01,17,59,27.91976570733759,3.8554023218734965,11.516460768310807
Carside,R-NSGA-II_eps0.01,17,59,27.9020614450937,3.852850669879365,11.523897196476705
Carside,R-NSGA-II_eps0.01,17,59,27.917269274636542,3.8528307278191445,11.519516377955824
Carside,R-NSGA-II_eps0.01,17,59,27.902245151595213,3.852835842915439,11.523932009755452
Carside,R-NSGA-II_eps0.01,17,59,27.91606055823764,3.8524239746987727,11.520715094752205
Carside,R-NSGA-II_eps0.01,17,59,27.8978800655162,3.8530093024014955,11.523997102759015
Carside,R-NSGA-II_eps0.01,17,59,27.897889680812064,3.8530093024014955,11.523992994327449
Carside,R-NSGA-II_eps0.01,17,59,27.88136075573464,3.8528624318278215,11.526273566931929
Carside,R-NSGA-II_eps0.01,17,59,27.897889680812852,3.8530093024014955,11.523992907298307
Carside,R-NSGA-II_eps0.01,17,59,27.897805870714734,3.8530121101235864,11.523994168766585
Carside,R-NSGA-II_eps0.01,17,59,27.90093501201814,3.8531769685923667,11.519763283758401
Carside,R-NSGA-II_eps0.01,17,59,27.940078704583456,3.8514685121914782,11.524387821094741
Carside,R-NSGA-II_eps0.01,17,59,27.90136165794039,3.8528186235720514,11.524234755565827
Carside,R-NSGA-II_eps0.01,17,59,27.898352428813464,3.852320901297914,11.530951723598852
Carside,R-NSGA-II_eps0.01,17,59,27.96969060526278,3.855326890125269,11.515910448716312
Carside,R-NSGA-II_eps0.01,17,59,27.90250021094344,3.8527707909487012,11.524208500482324
Carside,R-NSGA-II_eps0.01,17,59,27.90144197947449,3.852836094150321,11.524023383277852
Carside,R-NSGA-II_eps0.01,17,59,27.881622982576935,3.8528056589755213,11.530203153357357
Carside,R-NSGA-II_eps0.01,17,59,27.900566211445213,3.852811189978228,11.524456473426657
Carside,R-NSGA-II_eps0.01,17,59,27.860806929896235,3.854604168009176,11.528983266972961
Carside,R-NSGA-II_eps0.01,17,59,27.9015496435734,3.852835842915439,11.523996071880767
Carside,R-NSGA-II_eps0.01,17,59,27.86449000507097,3.856277553110393,11.522538895021146
Carside,R-NSGA-II_eps0.01,17,59,27.9015496435761,3.852835842915439,11.523995774823973
Carside,R-NSGA-II_eps0.01,17,59,27.900393029680263,3.8528169133200247,11.524459151190175
Carside,R-NSGA-II_eps0.01,17,59,27.901186338960535,3.852843858122317,11.524027211015131
Carside,R-NSGA-II_eps0.01,17,59,27.902628698030462,3.8528283809131283,11.523742261728543
Carside,R-NSGA-II_eps0.01,17,59,27.90040958447832,3.8528584209657,11.5241171104485
Carside,R-NSGA-II_eps0.01,17,59,27.871814464494697,3.8529538278467257,11.527232742666165
Carside,R-NSGA-II_eps0.01,17,59,27.901951073723858,3.8528179255404984,11.52396462230362
Carside,R-NSGA-II_eps0.01,17,59,27.89878578240937,3.8528205047646535,11.524950803969361
Carside,R-NSGA-II_eps0.01,17,59,27.857013716048108,3.856292726791653,11.524281134302253
Carside,R-NSGA-II_eps0.01,17,59,27.899995532874833,3.8528220454890665,11.524487840384978
Carside,R-NSGA-II_eps0.01,17,59,27.863306515452447,3.854147317068175,11.523202929364313
Carside,R-NSGA-II_eps0.01,17,59,27.90156951386895,3.8528183733488497,11.524001212234568
Carside,R-NSGA-II_eps0.01,17,59,27.853528539069874,3.855420090538344,11.525489592565842
Carside,R-NSGA-II_eps0.01,17,59,27.899516926398842,3.8528707839355048,11.524189923456522
Carside,R-NSGA-II_eps0.01,17,59,27.866006236329202,3.8535961533797765,11.523317720122932
Carside,R-NSGA-II_eps0.01,17,59,27.903191678687772,3.8527696465545467,11.523886721052069
Carside,R-NSGA-II_eps0.01,17,59,27.944603789802667,3.851910228925426,11.51881308093307
Carside,R-NSGA-II_eps0.01,17,59,27.897750186031583,3.8529060193307245,11.524453118469083
Carside,R-NSGA-II_eps0.01,17,59,27.89806371509613,3.8528274174698214,11.525002146679075
Carside,R-NSGA-II_eps0.01,17,59,27.851655437960638,3.854634611500129,11.526599649889356
Carside,R-NSGA-II_eps0.01,17,59,27.896437987215222,3.8529060193307245,11.52492810570928
Carside,R-NSGA-II_eps0.01,17,59,27.928682740337937,3.852641686898322,11.516915672844641
Carside,R-NSGA-II_eps0.01,17,59,27.900910329052472,3.8528267364441233,11.524045666349105
Carside,R-NSGA-II_eps0.01,17,59,27.87476766026445,3.8569221716056132,11.518458026063186
Carside,R-NSGA-II_eps0.01,17,59,27.859153088930356,3.853558360565026,11.530572864236916
Carside,R-NSGA-II_eps0.01,17,59,27.898315042775675,3.8529390354457913,11.524005484336993
Carside,R-NSGA-II_eps0.01,17,59,27.951244528509363,3.8528439479760648,11.515926038269196
Carside,R-NSGA-II_eps0.01,17,59,27.90207990281986,3.8527723682030923,11.524037454189767
Carside,R-NSGA-II_eps0.01,17,59,27.984439643673785,3.855175807774707,11.51467214923893
Carside,R-NSGA-II_eps0.01,17,59,27.89862413978483,3.8529194235753805,11.523980476606537
Carside,R-NSGA-II_eps0.01,17,59,27.963896903749973,3.8511179759298257,11.521401688870723
Carside,R-NSGA-II_eps0.01,17,59,27.898608978126983,3.8529194895361485,11.523983976845159
Carside,R-NSGA-II_eps0.01,17,59,27.972470397712133,3.8528109810751676,11.516245368617689
Carside,R-NSGA-II_eps0.01,17,59,27.89508991044694,3.8529128364040854,11.525200015851448
Carside,R-NSGA-II_eps0.01,17,59,27.867033003399964,3.8528246230983934,11.53381599054027
Carside,R-NSGA-II_eps0.01,17,59,27.83906356858866,3.856170900644322,11.530287329310251
Carside,R-NSGA-II_eps0.01,17,59,27.89500610034961,3.8529156435931586,11.525201190175606
Carside,R-NSGA-II_eps0.01,17,59,27.967580366697497,3.8513116550920996,11.517833475849727
Carside,R-NSGA-II_eps0.01,17,59,27.894996885659385,3.852915548463181,11.525203835912208
Carside,R-NSGA-II_eps0.01,17,59,27.89843367083789,3.852901694693035,11.52404261633934
Carside,R-NSGA-II_eps0.01,17,59,28.011484735300627,3.8529122339751667,11.514309830171154
Carside,R-NSGA-II_eps0.01,17,59,28.004999699751263,3.8495055190267404,11.521652351896593
Carside,R-NSGA-II_eps0.01,17,59,27.89853049619502,3.8528646369413573,11.524255801406692
Carside,R-NSGA-II_eps0.01,17,59,27.89834950836414,3.8528400873125745,11.524479760276593
Carside,R-NSGA-II_eps0.01,17,59,27.834468067099277,3.8600131669462643,11.522541347062417
Carside,R-NSGA-II_eps0.01,17,59,27.82172671504052,3.8594391897851326,11.527905203580678
Carside,R-NSGA-II_eps0.01,17,59,27.894673199681534,3.8529230505696868,11.525213745518121
Carside,R-NSGA-II_eps0.01,17,59,27.896972452280924,3.8528636251794,11.524750325914802
Carside,R-NSGA-II_eps0.01,17,59,27.836805895643238,3.853028879693217,11.540475094541893
Carside,R-NSGA-II_eps0.01,17,59,27.897995012399537,3.8528400873125745,11.524505448284934
Carside,R-NSGA-II_eps0.01,18,60,27.90206964219579,3.852298774613715,11.52622046006854
Carside,R-NSGA-II_eps0.01,18,60,27.892432263243347,3.852921428442824,11.525271940725254
Carside,R-NSGA-II_eps0.01,18,60,27.922532294559996,3.8517620600595546,11.52516650498475
Carside,R-NSGA-II_eps0.01,18,60,27.867822606519237,3.8543600391094337,11.52628079788939
Carside,R-NSGA-II_eps0.01,18,60,27.878582490912862,3.8530674128236044,11.526168415915972
Carside,R-NSGA-II_eps0.01,18,60,27.891171660128432,3.852225922762572,11.527388593651922
Carside,R-NSGA-II_eps0.01,18,60,27.90862141772331,3.8525233280714084,11.524138503387611
Carside,R-NSGA-II_eps0.01,18,60,27.88228311779011,3.8535598684645094,11.524520067521642
Carside,R-NSGA-II_eps0.01,18,60,27.925871687916562,3.8513370842751216,11.528333222793467
Carside,R-NSGA-II_eps0.01,18,60,27.887052466124644,3.8526443886240282,11.528887824831784
Carside,R-NSGA-II_eps0.01,18,60,27.907027685623625,3.8517944571352505,11.52921615554863
Carside,R-NSGA-II_eps0.01,18,60,27.934380839614015,3.8511811334384176,11.525230277844962
Carside,R-NSGA-II_eps0.01,18,60,27.923845608630398,3.852068692673627,11.52357788814474
Carside,R-NSGA-II_eps0.01,18,60,27.869533541013702,3.8529773090145936,11.527291187721541
Carside,R-NSGA-II_eps0.01,18,60,27.86588321439741,3.854479854050877,11.52469165653211
Carside,R-NSGA-II_eps0.01,18,60,27.856991849273516,3.85448993739995,11.52770809805277
Carside,R-NSGA-II_eps0.01,18,60,27.958936975061853,3.8508350908018825,11.526035242488636
Carside,R-NSGA-II_eps0.01,18,60,27.894626768785766,3.852784395087494,11.523420105571164
Carside,R-NSGA-II_eps0.01,18,60,27.848126535388705,3.8559326933217957,11.526792686898096
Carside,R-NSGA-II_eps0.01,18,60,27.905477334566264,3.852680826774654,11.522671432192432
Carside,R-NSGA-II_eps0.01,18,60,27.866491059962886,3.852989795213053,11.529501723443484
Carside,R-NSGA-II_eps0.01,18,60,27.85851958555272,3.8562252180936065,11.523463111296243
Carside,R-NSGA-II_eps0.01,18,60,27.842006473825116,3.854895495926291,11.528118846684997
Carside,R-NSGA-II_eps0.01,18,60,27.96597183598206,3.8500314546416816,11.527509967859558
Carside,R-NSGA-II_eps0.01,18,60,27.87009981089856,3.8547894282891573,11.522382965556698
Carside,R-NSGA-II_eps0.01,18,60,27.888777884275274,3.851926453703147,11.530894014894404
Carside,R-NSGA-II_eps0.01,18,60,27.91506999317884,3.8512822953299444,11.53115479340218
Carside,R-NSGA-II_eps0.01,18,60,27.948847428902834,3.8514634471393694,11.522401387914032
Carside,R-NSGA-II_eps0.01,18,60,27.881358491703427,3.854520852660703,11.521725973623198
Carside,R-NSGA-II_eps0.01,18,60,27.900179119462255,3.8531751816791164,11.521511726111793
Carside,R-NSGA-II_eps0.01,18,60,27.976005543112553,3.8509348126031733,11.523417195755467
Carside,R-NSGA-II_eps0.01,18,60,27.90805462400763,3.8521435562943185,11.525774230583746
Carside,R-NSGA-II_eps0.01,18,60,27.8902686251741,3.8528202017349336,11.5256295036435
Carside,R-NSGA-II_eps0.01,18,60,27.909080243326287,3.8523937956781547,11.521684645069582
Carside,R-NSGA-II_eps0.01,18,60,27.910471651665414,3.8518815661774832,11.526059145392875
Carside,R-NSGA-II_eps0.01,18,60,27.91145633606221,3.8518500706852863,11.52604077031354
Carside,R-NSGA-II_eps0.01,18,60,27.855610436460346,3.858169285753983,11.523675242583872
Carside,R-NSGA-II_eps0.01,18,60,27.897336062747527,3.8524492271806956,11.525493298397238
Carside,R-NSGA-II_eps0.01,18,60,27.886802639456164,3.852781212221412,11.526070931436507
Carside,R-NSGA-II_eps0.01,18,60,27.87454960363031,3.8527107500531548,11.531555663005115
Carside,R-NSGA-II_eps0.01,18,60,27.897699816623682,3.8526040550999854,11.5250109472133
Carside,R-NSGA-II_eps0.01,18,60,27.8863211573252,3.8556965631409463,11.520690377961206
Carside,R-NSGA-II_eps0.01,18,60,27.922557671136627,3.8517620600595546,11.525165355540244
Carside,R-NSGA-II_eps0.01,18,60,27.882009319149805,3.853014996845121,11.525911402037154
Carside,R-NSGA-II_eps0.01,18,60,27.92622180667918,3.852267887206463,11.520919884698944
Carside,R-NSGA-II_eps0.01,18,60,27.867822070927833,3.8543600391094337,11.526280843213181
Carside,R-NSGA-II_eps0.01,18,60,27.87020051388659,3.8547796438953132,11.520895058997793
Carside,R-NSGA-II_eps0.01,18,60,27.95706149956584,3.8510926015596754,11.521359456639036
Carside,R-NSGA-II_eps0.01,18,60,27.88226195813771,3.853070667371358,11.525686971091705
Carside,R-NSGA-II_eps0.01,18,60,27.85599571679764,3.8533103499349983,11.531979298674152
Carside,R-NSGA-II_eps0.01,18,60,27.891840869713427,3.852550206366726,11.525326450578518
Carside,R-NSGA-II_eps0.01,18,60,27.878129052266406,3.8531942020809433,11.525863734911184
Carside,R-NSGA-II_eps0.01,18,60,27.879667891230802,3.853102026090666,11.525749850566338
Carside,R-NSGA-II_eps0.01,18,60,27.891183452152966,3.852224452339512,11.527473044568119
Carside,R-NSGA-II_eps0.01,18,60,27.879618741207103,3.852361117818818,11.533306858153672
Carside,R-NSGA-II_eps0.01,18,60,27.83549562606231,3.856104121952019,11.531939697379096
Carside,R-NSGA-II_eps0.01,18,60,27.90866632748831,3.85252174249254,11.52413794644529
Carside,R-NSGA-II_eps0.01,18,60,27.949424939029036,3.8515841138107887,11.520036919184971
Carside,R-NSGA-II_eps0.01,18,60,27.908878325722053,3.852516786624607,11.524117529606546
Carside,R-NSGA-II_eps0.01,18,60,27.913206595872207,3.852921428442824,11.519375270758658
Carside,R-NSGA-II_eps0.01,18,60,27.879482273915908,3.8530339196267125,11.525859089434762
Carside,R-NSGA-II_eps0.01,18,60,27.913175543014994,3.85225528535429,11.524271798533277
Carside,R-NSGA-II_eps0.01,18,60,27.876896401780304,3.8531065252486267,11.52603603791556
Carside,R-NSGA-II_eps0.01,18,60,27.8884802134627,3.8558289737133937,11.519121948485555
Carside,R-NSGA-II_eps0.01,18,60,27.89826600201433,3.852600698444999,11.524475322460955
Carside,R-NSGA-II_eps0.01,18,60,27.8750441805775,3.8530975263935874,11.526628415228096
Carside,R-NSGA-II_eps0.01,18,60,27.89083071329965,3.85456497103541,11.519071331135617
Carside,R-NSGA-II_eps0.01,18,60,27.911959552199136,3.8523715606868576,11.524036672679106
Carside,R-NSGA-II_eps0.01,18,60,27.896938977747446,3.853278387281041,11.518965811696146
Carside,R-NSGA-II_eps0.01,18,60,27.917848750288634,3.852258440564392,11.523927539316007
Carside,R-NSGA-II_eps0.01,18,60,27.886844476410364,3.853165723110418,11.524332925081339
Carside,R-NSGA-II_eps0.01,18,60,27.85002484724331,3.853061671689512,11.53341202667016
Carside,R-NSGA-II_eps0.01,18,60,27.873861564721206,3.8561640977208715,11.518960237371985
Carside,R-NSGA-II_eps0.01,18,60,27.883146988832042,3.853164242269112,11.524651435949181
Carside,R-NSGA-II_eps0.01,18,60,27.886694676771114,3.8531657226153864,11.524339528592277
Carside,R-NSGA-II_eps0.01,18,60,27.92962854914801,3.8521920603733775,11.518778189693897
Carside,R-NSGA-II_eps0.01,18,60,28.009366838307155,3.8488674638921756,11.524087997532693
Carside,R-NSGA-II_eps0.01,18,60,27.932353583181325,3.851538240828183,11.52462556816375
Carside,R-NSGA-II_eps0.01,18,60,27.919049357112733,3.8523342103805076,11.523618558411156
Carside,R-NSGA-II_eps0.01,18,60,27.93234179119693,3.851539711250692,11.524537205155704
Carside,R-NSGA-II_eps0.01,18,60,27.98368852034508,3.8498410193044146,11.52094358390536
Carside,R-NSGA-II_eps0.01,18,60,27.86801359012513,3.8533515296196064,11.526708461233971
Carside,R-NSGA-II_eps0.01,18,60,27.914854928034867,3.8528984314015347,11.518303887466834
Carside,R-NSGA-II_eps0.01,18,60,27.901845269653258,3.8523509701896526,11.52419635242724
Carside,R-NSGA-II_eps0.01,18,60,27.825816223023644,3.856043845408226,11.533353967345036
Carside,R-NSGA-II_eps0.01,18,60,27.8817666977356,3.852773428566272,11.529048658314771
Carside,R-NSGA-II_eps0.01,18,60,28.006886131258355,3.849217491753059,11.522016157250754
Carside,R-NSGA-II_eps0.01,18,60,28.02170061578822,3.8507638277777247,11.52053071582005
Carside,R-NSGA-II_eps0.01,18,60,27.908889939941904,3.8525269334867547,11.523481551070596
Carside,R-NSGA-II_eps0.01,18,60,27.887589170269646,3.8567492487672737,11.51780323285281
Carside,R-NSGA-II_eps0.01,18,60,27.954581607568787,3.851240992186941,11.518332295447994
Carside,R-NSGA-II_eps0.01,18,60,27.861606277870422,3.8537845523153504,11.526293270154154
Carside,R-NSGA-II_eps0.01,18,60,27.865002195638834,3.8545112905353895,11.524705361729538
Carside,R-NSGA-II_eps0.01,18,60,27.92408346235288,3.852719635846929,11.517077925773037
Carside,R-NSGA-II_eps0.01,18,60,27.945122105364128,3.8519782162378213,11.517252727288371
Carside,R-NSGA-II_eps0.01,18,60,27.856633622115467,3.854501899714725,11.527713945638542
Carside,R-NSGA-II_eps0.01,18,60,27.973095924308605,3.851282649958902,11.517528232409173
Carside,R-NSGA-II_eps0.01,18,60,27.881203754793074,3.8527320659006135,11.529443963318034
Carside,R-NSGA-II_eps0.01,18,60,27.8630571565783,3.853176151764237,11.527588366143672
Carside,R-NSGA-II_eps0.01,18,60,28.039069047313262,3.8489866066809086,11.521842303431207
Carside,R-NSGA-II_eps0.01,19,61,27.9235894622726,3.852193926377353,11.525192557384116
Carside,R-NSGA-II_eps0.01,19,61,27.90921761072024,3.852492290407138,11.525208262504849
Carside,R-NSGA-II_eps0.01,19,61,27.917432222375588,3.852454180670635,11.523270418399772
Carside,R-NSGA-II_eps0.01,19,61,27.896297748093897,3.8526632780255143,11.526747545125382
Carside,R-NSGA-II_eps0.01,19,61,27.90132559391305,3.852784384366484,11.523677527648315
Carside,R-NSGA-II_eps0.01,19,61,27.90550599420441,3.852246287047016,11.529148240419776
Carside,R-NSGA-II_eps0.01,19,61,27.87171774130078,3.8557553816148116,11.525535677526168
Carside,R-NSGA-II_eps0.01,19,61,27.93920594242961,3.851552496064607,11.524960886580537
Carside,R-NSGA-II_eps0.01,19,61,27.883495106291704,3.8531835970900703,11.52688608005873
Carside,R-NSGA-II_eps0.01,19,61,27.912083066319262,3.851757584277948,11.527061715266303
Carside,R-NSGA-II_eps0.01,19,61,27.911102868991254,3.852803644471643,11.521192126610122
Carside,R-NSGA-II_eps0.01,19,61,27.91332641468843,3.852399846191399,11.524903759777192
Carside,R-NSGA-II_eps0.01,19,61,27.89070707468047,3.852692094396154,11.52881658420372
Carside,R-NSGA-II_eps0.01,19,61,27.870803313928242,3.8545829233071323,11.526930791738355
Carside,R-NSGA-II_eps0.01,19,61,27.910148355064326,3.8524715068476842,11.525104315431243
Carside,R-NSGA-II_eps0.01,19,61,27.910696501579302,3.852448264785317,11.525137034846875
Carside,R-NSGA-II_eps0.01,19,61,27.88766643656469,3.8533496281801476,11.522814134298802
Carside,R-NSGA-II_eps0.01,19,61,27.91081507040738,3.8524470270893163,11.5251108649597
Carside,R-NSGA-II_eps0.01,19,61,27.91064272622342,3.852448264785317,11.525139453099442
Carside,R-NSGA-II_eps0.01,19,61,27.941303574972636,3.8512663380871404,11.528636383061523
Carside,R-NSGA-II_eps0.01,19,61,27.91061462463743,3.852448754900801,11.52514075559963
Carside,R-NSGA-II_eps0.01,19,61,27.910617638528265,3.852448264785317,11.525140581281345
Carside,R-NSGA-II_eps0.01,19,61,27.910594875617257,3.852448264785317,11.52514695755243
Carside,R-NSGA-II_eps0.01,19,61,27.910041704753098,3.8524668588225466,11.525149320453622
Carside,R-NSGA-II_eps0.01,19,61,27.875300883921806,3.854538575936803,11.52279856196677
Carside,R-NSGA-II_eps0.01,19,61,27.948730587708944,3.85152761813581,11.523049118352045
Carside,R-NSGA-II_eps0.01,19,61,27.91060289254727,3.8524479555184574,11.525141481361805
Carside,R-NSGA-II_eps0.01,19,61,27.910073049109428,3.852465492967504,11.525138577040146
Carside,R-NSGA-II_eps0.01,19,61,27.9205744577041,3.851552496064607,11.530248936352642
Carside,R-NSGA-II_eps0.01,19,61,27.909848096169178,3.8524702546470757,11.52515803984324
Carside,R-NSGA-II_eps0.01,19,61,27.89704839152247,3.8531524392119283,11.521005920320361
Carside,R-NSGA-II_eps0.01,19,61,27.91033870383124,3.8524526338917537,11.5251454914971
Carside,R-NSGA-II_eps0.01,19,61,27.910699486039753,3.8524410731826184,11.525139494329188
Carside,R-NSGA-II_eps0.01,19,61,27.924779414041208,3.8521473759126503,11.520953309168345
Carside,R-NSGA-II_eps0.01,19,61,27.91067138445377,3.852441563298102,11.525140796829374
Carside,R-NSGA-II_eps0.01,19,61,27.909615085802937,3.8524708023843166,11.525173012716273
Carside,R-NSGA-II_eps0.01,19,61,27.876357271453774,3.855550547434901,11.52134741956289
Carside,R-NSGA-II_eps0.01,19,61,27.91009093993151,3.8524529206004945,11.525161829904178
Carside,R-NSGA-II_eps0.01,19,61,27.910271433996687,3.852443271434587,11.525176388629617
Carside,R-NSGA-II_eps0.01,19,61,27.9072887955275,3.852547074955282,11.525208372157524
Carside,R-NSGA-II_eps0.01,19,61,27.910079371670605,3.852448264785317,11.525170350524562
Carside,R-NSGA-II_eps0.01,19,61,27.91010295644027,3.8524479555184574,11.52516364929911
Carside,R-NSGA-II_eps0.01,19,61,27.91005383683594,3.8524480038763596,11.525171431114117
Carside,R-NSGA-II_eps0.01,19,61,27.909527978358287,3.852462350117872,11.525204494061587
Carside,R-NSGA-II_eps0.01,19,61,27.910075788878814,3.852446815216529,11.525174009219285
Carside,R-NSGA-II_eps0.01,19,61,27.90999808486159,3.852446815216529,11.525196459856048
Carside,R-NSGA-II_eps0.01,19,61,27.90999519052464,3.852446815216529,11.525197211101359
Carside,R-NSGA-II_eps0.01,19,61,27.90928620114232,3.8524704196760617,11.52520725965946
Carside,R-NSGA-II_eps0.01,19,61,27.910178706381902,3.8524433606313964,11.52517252942025
Carside,R-NSGA-II_eps0.01,19,61,27.89190088270677,3.8523276340196206,11.530755973441751
Carside,R-NSGA-II_eps0.01,19,61,27.909248082826434,3.8524704741376476,11.525217086911844
Carside,R-NSGA-II_eps0.01,19,61,27.909270850168074,3.852471546298557,11.525200672273545
Carside,R-NSGA-II_eps0.01,19,61,27.909998084889295,3.852446815216529,11.525193417770573
Carside,R-NSGA-II_eps0.01,19,61,27.861703448118117,3.8565322666428954,11.524768291658116
Carside,R-NSGA-II_eps0.01,19,61,27.9102882223006,3.8524391669880877,11.525169782844888
Carside,R-NSGA-II_eps0.01,19,61,27.869131632620483,3.8532882237112958,11.528047730248744
Carside,R-NSGA-II_eps0.01,19,61,27.910080532884265,3.852443325569279,11.52519005336313
Carside,R-NSGA-II_eps0.01,19,61,27.94271321094135,3.851869774772225,11.520021012691656
Carside,R-NSGA-II_eps0.01,19,61,27.910631180017123,3.8524537028097123,11.524953240947454
Carside,R-NSGA-II_eps0.01,19,61,27.906440675335226,3.853150327585097,11.51884751233791
Carside,R-NSGA-II_eps0.01,19,61,27.906773752681268,3.8525548455251895,11.525255087478708
Carside,R-NSGA-II_eps0.01,19,61,27.88941415659438,3.8561094943669207,11.51851392157726
Carside,R-NSGA-II_eps0.01,19,61,27.910418907120132,3.8524541180666927,11.524969759317646
Carside,R-NSGA-II_eps0.01,19,61,27.912011531885877,3.85239533258214,11.525018402832668
Carside,R-NSGA-II_eps0.01,19,61,27.90983543080149,3.852443414289673,11.525213121902851
Carside,R-NSGA-II_eps0.01,19,61,27.90983506080993,3.8524434173620734,11.525213151327428
Carside,R-NSGA-II_eps0.01,19,61,27.91202342384728,3.855978511214624,11.516711107485378
Carside,R-NSGA-II_eps0.01,19,61,27.90959311492734,3.8524529206004945,11.525201301326376
Carside,R-NSGA-II_eps0.01,19,61,27.868375182269173,3.8563562879885116,11.52127216589928
Carside,R-NSGA-II_eps0.01,19,61,27.90867581302918,3.8524786581473482,11.52526041247516
Carside,R-NSGA-II_eps0.01,19,61,27.90985191500617,3.8524434128536353,11.525204666296693
Carside,R-NSGA-II_eps0.01,19,61,27.877670859668356,3.852621468345925,11.53115263569523
Carside,R-NSGA-II_eps0.01,19,61,27.909850942143994,3.852443426769747,11.525204387463898
Carside,R-NSGA-II_eps0.01,19,61,27.85384636466086,3.855037976371534,11.527151815409761
Carside,R-NSGA-II_eps0.01,19,61,27.893836341701135,3.8536647233814145,11.518334058676999
Carside,R-NSGA-II_eps0.01,19,61,27.909857708176794,3.852443185088012,11.525204409511378
Carside,R-NSGA-II_eps0.01,19,61,27.878308881370423,3.856622103642505,11.519166037490887
Carside,R-NSGA-II_eps0.01,19,61,27.90983506447519,3.85244341748368,11.525205434068148
Carside,R-NSGA-II_eps0.01,19,61,27.909693429146575,3.852447946706712,11.525182387725856
Carside,R-NSGA-II_eps0.01,19,61,27.880882106218575,3.8545017419367262,11.518877362923348
Carside,R-NSGA-II_eps0.01,19,61,27.97205563272707,3.8515701499651396,11.520495148909742
Carside,R-NSGA-II_eps0.01,19,61,27.909523695192526,3.8524437319555047,11.525238169952722
Carside,R-NSGA-II_eps0.01,19,61,27.90952354511702,3.8524437319555047,11.525238176702082
Carside,R-NSGA-II_eps0.01,19,61,27.932685185497835,3.852940765820724,11.516954703989626
Carside,R-NSGA-II_eps0.01,19,61,27.909539543135097,3.852443732299716,11.525230529038984
Carside,R-NSGA-II_eps0.01,19,61,27.856188285687953,3.8537392346116977,11.528239932064931
Carside,R-NSGA-II_eps0.01,19,61,27.910356065931953,3.852393054549543,11.525203518562579
Carside,R-NSGA-II_eps0.01,19,61,27.90243239371116,3.852691921509577,11.52531783155652
Carside,R-NSGA-II_eps0.01,19,61,27.923546881655916,3.85230625447193,11.517911202847497
Carside,R-NSGA-II_eps0.01,19,61,27.91035114290032,3.8523891020521033,11.52520372553473
Carside,R-NSGA-II_eps0.01,19,61,27.932656040041127,3.856027295519666,11.514925486105941
Carside,R-NSGA-II_eps0.01,19,61,27.901105698375478,3.8527727168028436,11.525108674976737
Carside,R-NSGA-II_eps0.01,19,61,27.963689518010835,3.8498745266249426,11.526968548647673
Carside,R-NSGA-II_eps0.01,19,61,27.90113678135651,3.8527717399496573,11.52510432238585
Carside,R-NSGA-II_eps0.01,19,61,27.976027386851545,3.8511461948458194,11.51873365338529
Carside,R-NSGA-II_eps0.01,19,61,27.89975152465732,3.8528244726349374,11.52522586280211
Carside,R-NSGA-II_eps0.01,19,61,27.842852106103713,3.8549939720561124,11.53160287215736
Carside,R-NSGA-II_eps0.01,19,61,27.90117190195938,3.8527975192396666,11.524881529800552
Carside,R-NSGA-II_eps0.01,19,61,27.854864314413362,3.859274698406053,11.52520755475102
Carside,R-NSGA-II_eps0.01,19,61,27.90010583937293,3.852806111866312,11.525123080045287
Carside,R-NSGA-II_eps0.01,20,62,27.908172057677223,3.8527477075517935,11.523882931083044
Carside,R-NSGA-II_eps0.01,20,62,27.918867728105777,3.852125116954295,11.525957930857107
Carside,R-NSGA-II_eps0.01,20,62,27.916537690953124,3.852531051759204,11.52208041353829
Carside,R-NSGA-II_eps0.01,20,62,27.900700356884105,3.8525619697283773,11.5253770263424
Carside,R-NSGA-II_eps0.01,20,62,27.93721737522918,3.85206836359566,11.522871660116895
Carside,R-NSGA-II_eps0.01,20,62,27.891098998082356,3.853187930515881,11.523899315471212
Carside,R-NSGA-II_eps0.01,20,62,27.90060819563945,3.8524076711738755,11.52827812710628
Carside,R-NSGA-II_eps0.01,20,62,27.898207518972526,3.852969246534846,11.522433122747852
Carside,R-NSGA-II_eps0.01,20,62,27.867611384223235,3.855705061498946,11.525731501336114
Carside,R-NSGA-II_eps0.01,20,62,27.894278504471245,3.853471785414997,11.52082276120876
Carside,R-NSGA-II_eps0.01,20,62,27.871596200027764,3.856796725247953,11.524644230712987
Carside,R-NSGA-II_eps0.01,20,62,27.942100674029607,3.851604743559468,11.52431455244717
Carside,R-NSGA-II_eps0.01,20,62,27.92842644117103,3.852281592366896,11.520629999283905
Carside,R-NSGA-II_eps0.01,20,62,27.882031004632598,3.8530543894464127,11.525873718809828
Carside,R-NSGA-II_eps0.01,20,62,27.90332908962006,3.8530568588051337,11.519992379212344
Carside,R-NSGA-II_eps0.01,20,62,27.914374477824154,3.851690053938959,11.528698254819204
Carside,R-NSGA-II_eps0.01,20,62,27.926859789669244,3.852644692087485,11.519124017392238
Carside,R-NSGA-II_eps0.01,20,62,27.880983681351015,3.8529536409076117,11.527678436446736
Carside,R-NSGA-II_eps0.01,20,62,27.90477560883644,3.85274610858851,11.524456959927555
Carside,R-NSGA-II_eps0.01,20,62,27.904149672331727,3.8527451682914373,11.524636998511713
Carside,R-NSGA-II_eps0.01,20,62,27.910764679579835,3.852675456295029,11.523377754963661
Carside,R-NSGA-II_eps0.01,20,62,27.910612736665783,3.852683171556625,11.523299668362338
Carside,R-NSGA-II_eps0.01,20,62,27.912473889078715,3.852482705004296,11.524267213022544
Carside,R-NSGA-II_eps0.01,20,62,27.910936490480662,3.852651742231391,11.523387031414046
Carside,R-NSGA-II_eps0.01,20,62,27.90552746275795,3.852683061740783,11.524368171681143
Carside,R-NSGA-II_eps0.01,20,62,27.90581229679638,3.852672482163958,11.524348833425327
Carside,R-NSGA-II_eps0.01,20,62,27.88310195943823,3.8538030031584563,11.520622564081847
Carside,R-NSGA-II_eps0.01,20,62,27.905850086546163,3.852648411554563,11.524363559162316
Carside,R-NSGA-II_eps0.01,20,62,27.90420053491652,3.8527491108531273,11.523715651427842
Carside,R-NSGA-II_eps0.01,20,62,27.94347740542326,3.852115760934268,11.519584355116807
Carside,R-NSGA-II_eps0.01,20,62,27.904645856153312,3.8525301696129692,11.52545814717629
Carside,R-NSGA-II_eps0.01,20,62,27.902973524461324,3.8527810608590713,11.52374773040594
Carside,R-NSGA-II_eps0.01,20,62,27.933905841066938,3.8533847837407764,11.516606845160329
Carside,R-NSGA-II_eps0.01,20,62,27.9029753921924,3.8527810608590713,11.523747185835454
Carside,R-NSGA-II_eps0.01,20,62,27.902948978696415,3.8527810608590713,11.523748147664406
Carside,R-NSGA-II_eps0.01,20,62,27.872615780770772,3.853800810353746,11.52288520306076
Carside,R-NSGA-II_eps0.01,20,62,27.8864688320215,3.855844077297063,11.51810996095968
Carside,R-NSGA-II_eps0.01,20,62,27.903276368393946,3.852780549935203,11.523662652672293
Carside,R-NSGA-II_eps0.01,20,62,27.900722223436585,3.852745610046726,11.524602922101153
Carside,R-NSGA-II_eps0.01,20,62,27.909199159366352,3.8530918337025897,11.518091863215531
Carside,R-NSGA-II_eps0.01,20,62,27.90781212831964,3.852447670264229,11.524737527773848
Carside,R-NSGA-II_eps0.01,20,62,27.907788526053128,3.852441844329697,11.524739564032984
Carside,R-NSGA-II_eps0.01,20,62,27.86789496750214,3.85358681996845,11.528075941311666
Carside,R-NSGA-II_eps0.01,20,62,27.91363820313633,3.8525517323463156,11.522693909597251
Carside,R-NSGA-II_eps0.01,20,62,27.916055483974503,3.8522826318942975,11.52395005076011
Carside,R-NSGA-II_eps0.01,20,62,27.899680481332055,3.852748063414096,11.5246004764347
Carside,R-NSGA-II_eps0.01,20,62,27.95167316566993,3.8516113581995457,11.520840976351053
Carside,R-NSGA-II_eps0.01,20,62,27.90056547540712,3.852676252211589,11.524793611516335
Carside,R-NSGA-II_eps0.01,20,62,27.901598000727095,3.85257996235347,11.525165653669696
Carside,R-NSGA-II_eps0.01,20,62,27.901599367937617,3.852579791878368,11.525165630560462
Carside,R-NSGA-II_eps0.01,20,62,27.893049145367918,3.852289940289792,11.53206601642781
Carside,R-NSGA-II_eps0.01,20,62,27.858470501659014,3.8561935587517557,11.524766115461643
Carside,R-NSGA-II_eps0.01,20,62,27.901976242035765,3.8525690754714166,11.524692483669702
Carside,R-NSGA-II_eps0.01,20,62,27.900409273203962,3.8525658782965237,11.525398340074478
Carside,R-NSGA-II_eps0.01,20,62,27.94422295012884,3.8538030031584563,11.515338199883683
Carside,R-NSGA-II_eps0.01,20,62,27.918596412740555,3.8526835804307322,11.517675499957146
Carside,R-NSGA-II_eps0.01,20,62,27.899412403409528,3.8525888155913273,11.52556936254453
Carside,R-NSGA-II_eps0.01,20,62,27.859468533518122,3.853760532458452,11.52603637963345
Carside,R-NSGA-II_eps0.01,20,62,27.937217375238305,3.85206836359566,11.522870656763065
Carside,R-NSGA-II_eps0.01,20,62,27.87724105986043,3.852807170033073,11.53233141889953
Carside,R-NSGA-II_eps0.01,20,62,27.898665514541165,3.8526710683496277,11.524912462009748
Carside,R-NSGA-II_eps0.01,20,62,27.94009474863187,3.8506891887344716,11.529116986670285
Carside,R-NSGA-II_eps0.01,20,62,27.899467377145882,3.8525732234802454,11.525674036068866
Carside,R-NSGA-II_eps0.01,20,62,27.89881871574548,3.8527491108531273,11.524171088711972
Carside,R-NSGA-II_eps0.01,20,62,27.922752680426736,3.8523297795896854,11.522297628614274
Carside,R-NSGA-II_eps0.01,20,62,27.861248730968754,3.8534414146749647,11.529875955279227
Carside,R-NSGA-II_eps0.01,20,62,27.94478593355735,3.8523696159239353,11.516353926561775
Carside,R-NSGA-II_eps0.01,20,62,27.90894945833215,3.852787900957844,11.521808334305188
Carside,R-NSGA-II_eps0.01,20,62,27.954582369161923,3.850418022732379,11.52778036132877
Carside,R-NSGA-II_eps0.01,20,62,27.898719444459328,3.8525801746913104,11.525787876904689
Carside,R-NSGA-II_eps0.01,20,62,27.990623221261632,3.85217742402515,11.518864233374492
Carside,R-NSGA-II_eps0.01,20,62,27.896827775865518,3.8527712057886694,11.52457419342883
Carside,R-NSGA-II_eps0.01,20,62,27.84911462980296,3.857090633685853,11.52611605256487
Carside,R-NSGA-II_eps0.01,20,62,27.89723605306179,3.8527905571180296,11.524223864349045
Carside,R-NSGA-II_eps0.01,20,62,27.923138853056138,3.852337030838024,11.522076982264533
Carside,R-NSGA-II_eps0.01,20,62,27.968767196013328,3.850710431167422,11.522686060882979
Carside,R-NSGA-II_eps0.01,20,62,27.89538948994222,3.8526520227515677,11.526694316109154
Carside,R-NSGA-II_eps0.01,20,62,27.86731638688563,3.852823402195971,11.533466260428945
Carside,R-NSGA-II_eps0.01,20,62,27.887787495539186,3.853409657291463,11.523516527075444
Carside,R-NSGA-II_eps0.01,20,62,27.917741919631787,3.852649293914501,11.520985826596363
Carside,R-NSGA-II_eps0.01,20,62,27.984234613282933,3.8527347212722916,11.514690625184322
Carside,R-NSGA-II_eps0.01,20,62,27.84383704892033,3.853800810353746,11.531004259355393
Carside,R-NSGA-II_eps0.01,20,62,27.895348210525825,3.8527140840251204,11.52485869350864
Carside,R-NSGA-II_eps0.01,20,62,27.83533602413543,3.856179974808537,11.527850388137345
Carside,R-NSGA-II_eps0.01,20,62,27.90811236290607,3.851825634984946,11.539094354693276
Carside,R-NSGA-II_eps0.01,20,62,27.97104929806684,3.8496508045822266,11.530738486441273
Carside,R-NSGA-II_eps0.01,20,62,27.886632015652797,3.853286563630464,11.524170194681979
Carside,R-NSGA-II_eps0.01,20,62,27.9058890598685,3.8529299906654124,11.521225106521715
Carside,R-NSGA-II_eps0.01,20,62,27.99605287161654,3.851179400311882,11.517460452488386
Carside,R-NSGA-II_eps0.01,20,62,27.989569595106822,3.849997308744922,11.522406051254983
Carside,R-NSGA-II_eps0.01,20,62,27.89754404730503,3.852482705004296,11.528509619793407
Carside,R-NSGA-II_eps0.01,20,62,27.88559197470362,3.853188215663026,11.524307001174797
Carside,R-NSGA-II_eps0.01,20,62,27.98914340827086,3.850415820092363,11.518977947246604
Carside,R-NSGA-II_eps0.01,20,62,28.011342950416257,3.850117105865533,11.520239560888912
Carside,R-NSGA-II_eps0.01,20,62,27.88544183946724,3.8531908717802024,11.524321107633277
Carside,R-NSGA-II_eps0.01,20,62,27.888330733933813,3.852883077334467,11.525347846460058
Carside,R-NSGA-II_eps0.01,20,62,28.01104225413357,3.851179898853666,11.51420774292042
Carside,R-NSGA-II_eps0.01,20,62,27.83618437375607,3.860431648388802,11.520635855187678
Carside,R-NSGA-II_eps0.01,20,62,27.88400860852407,3.8531881651658346,11.52475931171685
Carside,R-NSGA-II_eps0.01,20,62,27.83256506943642,3.860860792822246,11.52719871011287
Carside,R-NSGA-II_eps0.05,0,42,27.921261962993775,3.8538793096656807,11.52507343165272
Carside,R-NSGA-II_eps0.05,0,42,27.916606156201833,3.8540134993722583,11.525168280939358
Carside,R-NSGA-II_eps0.05,0,42,27.91721479789131,3.8540101223779377,11.525109032055935
Carside,R-NSGA-II_eps0.05,0,42,27.918740472194404,3.8540130863729436,11.524986908186932
Carside,R-NSGA-II_eps0.05,0,42,27.918800521905766,3.85401384521344,11.524982286492255
Carside,R-NSGA-II_eps0.05,0,42,27.918807350707496,3.8540134993722583,11.524981510884386
Carside,R-NSGA-II_eps0.05,0,42,27.918807352122283,3.8540134993722583,11.524981506611095
Carside,R-NSGA-II_eps0.05,0,42,27.91880096615258,3.8540138845928427,11.524981249907984
Carside,R-NSGA-II_eps0.05,0,42,27.918801001762237,3.8540138845928427,11.524981240024411
Carside,R-NSGA-II_eps0.05,0,42,27.918655669652257,3.854018176269067,11.524984259921274
Carside,R-NSGA-II_eps0.05,0,42,27.916938303118414,3.8540132059131356,11.525078137367002
Carside,R-NSGA-II_eps0.05,0,42,27.91749859730277,3.8540048716312834,11.52502662265848
Carside,R-NSGA-II_eps0.05,0,42,27.91750249384842,3.8540049018063853,11.525026102607015
Carside,R-NSGA-II_eps0.05,0,42,27.917546931807625,3.854009828957737,11.5250189175229
Carside,R-NSGA-II_eps0.05,0,42,27.917646897147552,3.8540010462788623,11.52501637131142
Carside,R-NSGA-II_eps0.05,0,42,27.92529322813045,3.8538214585186483,11.524768057989924
Carside,R-NSGA-II_eps0.05,0,42,27.918933387056562,3.8539480237860677,11.524956413291985
Carside,R-NSGA-II_eps0.05,0,42,27.92330597537497,3.8538896928021975,11.524784608549801
Carside,R-NSGA-II_eps0.05,0,42,27.919037105072817,3.853980675514405,11.524916903503964
Carside,R-NSGA-II_eps0.05,0,42,27.91889792844265,3.8539848978617033,11.524920335647046
Carside,R-NSGA-II_eps0.05,0,42,27.92576197874656,3.8538402239384015,11.524715644853092
Carside,R-NSGA-II_eps0.05,0,42,27.92551879477202,3.8538450175935166,11.524721059034718
Carside,R-NSGA-II_eps0.05,0,42,27.924641921771492,3.853824235704737,11.524757816862248
Carside,R-NSGA-II_eps0.05,0,42,27.92137404280949,3.8539546273068255,11.524815261189717
Carside,R-NSGA-II_eps0.05,0,42,27.921376442747974,3.8539543878273963,11.524815252680188
Carside,R-NSGA-II_eps0.05,0,42,27.92137842308402,3.8539546321192018,11.524815041340833
Carside,R-NSGA-II_eps0.05,0,42,27.921378164975344,3.853954664302351,11.524815021626036
Carside,R-NSGA-II_eps0.05,0,42,27.92467805320549,3.853824235704737,11.524754684364416
Carside,R-NSGA-II_eps0.05,0,42,27.921384806445502,3.8539543877847113,11.524813785582799
Carside,R-NSGA-II_eps0.05,0,42,27.92471331004329,3.853829295102304,11.52474819900694
Carside,R-NSGA-II_eps0.05,0,42,27.919121219810023,3.8540010462788623,11.52489077185993
Carside,R-NSGA-II_eps0.05,0,42,27.92472249116469,3.853829161394809,11.524747499437755
Carside,R-NSGA-II_eps0.05,0,42,27.895742470995103,3.853942694331349,11.53236414294031
Carside,R-NSGA-II_eps0.05,0,42,27.92577208526113,3.853841446430706,11.524705811038274
Carside,R-NSGA-II_eps0.05,0,42,27.919758982665485,3.853947750735785,11.524886732801132
Carside,R-NSGA-II_eps0.05,0,42,27.925671220554,3.8538448442415394,11.524707224929731
Carside,R-NSGA-II_eps0.05,0,42,28.030573206518095,3.850352063819421,11.523387453860868
Carside,R-NSGA-II_eps0.05,0,42,27.91913442369755,3.854008537941638,11.524879176024552
Carside,R-NSGA-II_eps0.05,0,42,27.919466796752694,3.8539906635330086,11.524871963804596
Carside,R-NSGA-II_eps0.05,0,42,27.937103950955507,3.8541562361192674,11.51890257126896
Carside,R-NSGA-II_eps0.05,0,42,27.921637111466524,3.853950923953294,11.524795445400486
Carside,R-NSGA-II_eps0.05,0,42,27.925776750523188,3.8538430276302136,11.524693423071664
Carside,R-NSGA-II_eps0.05,0,42,27.91521382510483,3.8541175623074757,11.525018027144267
Carside,R-NSGA-II_eps0.05,0,42,27.83313953510606,3.8595057219551094,11.522084118729072
Carside,R-NSGA-II_eps0.05,0,42,27.924127580203223,3.8538903039161054,11.524714214825629
Carside,R-NSGA-II_eps0.05,0,42,27.921790475929548,3.8539591323973448,11.524762512653812
Carside,R-NSGA-II_eps0.05,0,42,27.924359732323254,3.853890362234979,11.524663392750629
Carside,R-NSGA-II_eps0.05,0,42,27.924530424726985,3.8538865916457494,11.524654758140695
Carside,R-NSGA-II_eps0.05,0,42,27.92785065962301,3.853506554777494,11.52475899238108
Carside,R-NSGA-II_eps0.05,0,42,27.824226991197673,3.8642368248581156,11.525654567004949
Carside,R-NSGA-II_eps0.05,0,42,27.92462501442139,3.8538852194131894,11.524647812849828
Carside,R-NSGA-II_eps0.05,0,42,27.912289121324594,3.8542201904577005,11.525074885231804
Carside,R-NSGA-II_eps0.05,0,42,28.061721800525948,3.8480866978236796,11.532400935141593
Carside,R-NSGA-II_eps0.05,0,42,27.911688915722866,3.854252981674433,11.525082226765248
Carside,R-NSGA-II_eps0.05,0,42,27.79236313194225,3.8595057219551094,11.532840974470396
Carside,R-NSGA-II_eps0.05,0,42,27.91639663167336,3.854165988766244,11.524829160619966
Carside,R-NSGA-II_eps0.05,0,42,28.010722733832303,3.849251039828869,11.537016928581654
Carside,R-NSGA-II_eps0.05,0,42,27.862158137227187,3.854211054024993,11.538758675831792
Carside,R-NSGA-II_eps0.05,0,42,27.916251885032853,3.8541561269785314,11.524832853036477
Carside,R-NSGA-II_eps0.05,0,42,27.912635035371913,3.8541957768446102,11.525024585934421
Carside,R-NSGA-II_eps0.05,0,42,28.103844501220248,3.8493194778047783,11.520885004905038
Carside,R-NSGA-II_eps0.05,0,42,27.916593043789767,3.8541546232305133,11.524808391694336
Carside,R-NSGA-II_eps0.05,0,42,27.896533077153077,3.860845504136799,11.514713382001819
Carside,R-NSGA-II_eps0.05,0,42,27.919367708433377,3.8540068648104313,11.52472936777802
Carside,R-NSGA-II_eps0.05,0,42,27.91981414537264,3.8540010031797114,11.52469511818035
Carside,R-NSGA-II_eps0.05,0,42,27.921848844797836,3.853937998065644,11.524639277534625
Carside,R-NSGA-II_eps0.05,0,42,27.92184884479788,3.853937998065644,11.524639272960084
Carside,R-NSGA-II_eps0.05,0,42,27.893570877966564,3.8678237052933873,11.51675754406445
Carside,R-NSGA-II_eps0.05,0,42,27.913070629406615,3.8542291213753566,11.524937344423932
Carside,R-NSGA-II_eps0.05,0,42,27.91643655584666,3.854157617400768,11.52477413936774
Carside,R-NSGA-II_eps0.05,0,42,28.054845095740834,3.852248526042675,11.514072869973486
Carside,R-NSGA-II_eps0.05,0,42,27.912979657725778,3.8542372529945585,11.524932903378147
Carside,R-NSGA-II_eps0.05,0,42,27.78017431158632,3.868372366870911,11.531864705377611
Carside,R-NSGA-II_eps0.05,0,42,27.92093141110682,3.8539680662110007,11.524650906840218
Carside,R-NSGA-II_eps0.05,0,42,27.91414491932209,3.8542254334025468,11.524855958674909
Carside,R-NSGA-II_eps0.05,0,42,27.913273997558505,3.8542454387854215,11.524890834902319
Carside,R-NSGA-II_eps0.05,0,42,28.16827221528435,3.8457208092417527,11.521124029060214
Carside,R-NSGA-II_eps0.05,0,42,27.880981781137077,3.8516450277428196,11.54526756773117
Carside,R-NSGA-II_eps0.05,0,42,27.912569072597503,3.8542339141052433,11.52493873179602
Carside,R-NSGA-II_eps0.05,0,42,27.91370129762362,3.8542400306409474,11.524863363982416
Carside,R-NSGA-II_eps0.05,0,42,27.913770921416134,3.8542404015218303,11.524854512512757
Carside,R-NSGA-II_eps0.05,0,42,27.749517754410597,3.8747590810151142,11.524806263853769
Carside,R-NSGA-II_eps0.05,0,42,27.91370253730195,3.854244186464266,11.524856250851071
Carside,R-NSGA-II_eps0.05,0,42,27.913922094571305,3.8542380396629894,11.524842072036408
Carside,R-NSGA-II_eps0.05,0,42,28.05365837943116,3.86134999527651,11.507755802547685
Carside,R-NSGA-II_eps0.05,0,42,27.912321939115095,3.8542670081712105,11.524921231728392
Carside,R-NSGA-II_eps0.05,0,42,28.11625128378551,3.854267700934909,11.507564109270731
Carside,R-NSGA-II_eps0.05,0,42,27.761393071546212,3.8634788378799167,11.547011631128173
Carside,R-NSGA-II_eps0.05,0,42,27.91380324797279,3.8542440892068077,11.52483974208075
Carside,R-NSGA-II_eps0.05,0,42,27.839450272700027,3.8520981850730283,11.551197209493173
Carside,R-NSGA-II_eps0.05,0,42,27.91372577235652,3.8542439200385035,11.524840718706614
Carside,R-NSGA-II_eps0.05,0,42,27.91275175624552,3.854267700934909,11.524885058131064
Carside,R-NSGA-II_eps0.05,0,42,28.192548171314616,3.848959621096119,11.507698116251078
Carside,R-NSGA-II_eps0.05,0,42,28.295633616457394,3.841272453788381,11.519728573715412
Carside,R-NSGA-II_eps0.05,0,42,27.922926406574,3.853892430081263,11.524566125093134
Carside,R-NSGA-II_eps0.05,0,42,27.919011994432587,3.854016898412039,11.52465727335957
Carside,R-NSGA-II_eps0.05,0,42,27.76488311052455,3.855334592869313,11.552633123117385
Carside,R-NSGA-II_eps0.05,0,42,28.066177751374806,3.8621892576596752,11.500509138502618
Carside,R-NSGA-II_eps0.05,0,42,27.91446282212629,3.8542111211047265,11.524795140694618
Carside,R-NSGA-II_eps0.05,0,42,27.914235592496805,3.8542338935435927,11.524797085378212
Carside,R-NSGA-II_eps0.05,1,43,27.92210426741172,3.855042149724364,11.524556860319933
Carside,R-NSGA-II_eps0.05,1,43,27.92059178845089,3.8550679736680236,11.52461380335162
Carside,R-NSGA-II_eps0.05,1,43,27.918753183932452,3.8551552017036026,11.524604376447853
Carside,R-NSGA-II_eps0.05,1,43,27.914993482517946,3.855484815718189,11.524705461900535
Carside,R-NSGA-II_eps0.05,1,43,27.918852249934588,3.8550421687587444,11.524702977316624
Carside,R-NSGA-II_eps0.05,1,43,27.91884641964824,3.8550421687587444,11.52470348932105
Carside,R-NSGA-II_eps0.05,1,43,27.9188290470646,3.855042640135992,11.524704672899933
Carside,R-NSGA-II_eps0.05,1,43,27.918783297570368,3.8550421687587444,11.524706076131004
Carside,R-NSGA-II_eps0.05,1,43,27.91858849924249,3.85504595740592,11.52472295058406
Carside,R-NSGA-II_eps0.05,1,43,27.923246390180612,3.8548399164926748,11.524587381500318
Carside,R-NSGA-II_eps0.05,1,43,27.967350547044102,3.853953906182111,11.522154993367359
Carside,R-NSGA-II_eps0.05,1,43,27.921662680074764,3.854891521483542,11.524606120175623
Carside,R-NSGA-II_eps0.05,1,43,27.921571817961222,3.854892771319283,11.524612791931546
Carside,R-NSGA-II_eps0.05,1,43,27.89598234560329,3.8548249778826857,11.531834664842023
Carside,R-NSGA-II_eps0.05,1,43,27.921464510325848,3.854879339395193,11.524666266279333
Carside,R-NSGA-II_eps0.05,1,43,27.921470635771623,3.854879339395193,11.52466452516039
Carside,R-NSGA-II_eps0.05,1,43,27.921327458272433,3.8548844344651383,11.52466293532753
Carside,R-NSGA-II_eps0.05,1,43,27.904767922122673,3.855699393178636,11.517016901604615
Carside,R-NSGA-II_eps0.05,1,43,27.92080215045982,3.8549127228267714,11.524630991864639
Carside,R-NSGA-II_eps0.05,1,43,27.939449002621657,3.8524266785561223,11.525498707726655
Carside,R-NSGA-II_eps0.05,1,43,27.921692278346264,3.854877749741214,11.524612793015132
Carside,R-NSGA-II_eps0.05,1,43,27.92051170759043,3.8549090502178065,11.524665709413151
Carside,R-NSGA-II_eps0.05,1,43,27.881393524195182,3.8575714888848993,11.522829213598184
Carside,R-NSGA-II_eps0.05,1,43,27.92131666088281,3.85486768542534,11.524671065723801
Carside,R-NSGA-II_eps0.05,1,43,27.921308922702174,3.854867946824045,11.524671174486734
Carside,R-NSGA-II_eps0.05,1,43,27.9237664385398,3.854799098337299,11.524580815402778
Carside,R-NSGA-II_eps0.05,1,43,27.919955263236147,3.8548943609732635,11.524727175714979
Carside,R-NSGA-II_eps0.05,1,43,27.922001212885945,3.854834443291503,11.524627944361836
Carside,R-NSGA-II_eps0.05,1,43,27.955619914410658,3.854854413818113,11.5139428811652
Carside,R-NSGA-II_eps0.05,1,43,27.92181365353148,3.854837237307014,11.524640815901932
Carside,R-NSGA-II_eps0.05,1,43,27.918895344875935,3.8549632738344406,11.524650471594928
Carside,R-NSGA-II_eps0.05,1,43,27.919473246602458,3.8548991175481926,11.524758300477545
Carside,R-NSGA-II_eps0.05,1,43,27.921624710230663,3.8548237683689583,11.524674012618334
Carside,R-NSGA-II_eps0.05,1,43,28.008113125329906,3.851880264945729,11.52328293501345
Carside,R-NSGA-II_eps0.05,1,43,27.921576870356876,3.8548241185339704,11.524677857950588
Carside,R-NSGA-II_eps0.05,1,43,28.020953513724297,3.8533606390597233,11.517095650352704
Carside,R-NSGA-II_eps0.05,1,43,27.921576917562874,3.8548241162338868,11.524677857285887
Carside,R-NSGA-II_eps0.05,1,43,27.921576988805825,3.854822860930133,11.524675986581492
Carside,R-NSGA-II_eps0.05,1,43,27.880450754259904,3.859960015011387,11.524710653138388
Carside,R-NSGA-II_eps0.05,1,43,27.919995536548964,3.854876328886466,11.524698174538859
Carside,R-NSGA-II_eps0.05,1,43,27.818038938463587,3.8563212558349567,11.532424898448689
Carside,R-NSGA-II_eps0.05,1,43,27.923509790176286,3.8548036481940944,11.524449829347745
Carside,R-NSGA-II_eps0.05,1,43,27.91955179702685,3.854870531084309,11.524758143066538
Carside,R-NSGA-II_eps0.05,1,43,27.92111135923228,3.854819522741706,11.524680959043328
Carside,R-NSGA-II_eps0.05,1,43,28.006083245924184,3.8506945542706097,11.537393125675859
Carside,R-NSGA-II_eps0.05,1,43,27.92106333090586,3.8547880613105536,11.524786496104316
Carside,R-NSGA-II_eps0.05,1,43,27.920286104503273,3.8548302078248535,11.524725704406958
Carside,R-NSGA-II_eps0.05,1,43,28.084409308134326,3.8527054243422336,11.518870945435214
Carside,R-NSGA-II_eps0.05,1,43,27.919722596056037,3.854834730148056,11.524800839013828
Carside,R-NSGA-II_eps0.05,1,43,27.915685861931763,3.8550617573844126,11.524714079473556
Carside,R-NSGA-II_eps0.05,1,43,28.071114152500616,3.8551140983397003,11.511673983060737
Carside,R-NSGA-II_eps0.05,1,43,27.91691668757323,3.85489529300076,11.52506840873826
Carside,R-NSGA-II_eps0.05,1,43,27.916891179295458,3.8548956575587114,11.525070339623484
Carside,R-NSGA-II_eps0.05,1,43,27.842613684819923,3.8547384660705943,11.547425920061713
Carside,R-NSGA-II_eps0.05,1,43,27.91968112496644,3.854838271739659,11.524745721933327
Carside,R-NSGA-II_eps0.05,1,43,27.920719929105466,3.8547778678155997,11.524825081235214
Carside,R-NSGA-II_eps0.05,1,43,28.033807401645436,3.8495481757815817,11.523265029328428
Carside,R-NSGA-II_eps0.05,1,43,27.921671577118595,3.8546252654459177,11.525516322149336
Carside,R-NSGA-II_eps0.05,1,43,27.912871009506944,3.85511484373968,11.525154275949504
Carside,R-NSGA-II_eps0.05,1,43,27.965820102993767,3.8506458382585445,11.544767072459049
Carside,R-NSGA-II_eps0.05,1,43,27.92440010804576,3.8547051347027472,11.524562931339677
Carside,R-NSGA-II_eps0.05,1,43,27.922204241054718,3.8545992584815396,11.525573405243124
Carside,R-NSGA-II_eps0.05,1,43,27.9227555690217,3.854596083705755,11.52546284598068
Carside,R-NSGA-II_eps0.05,1,43,27.922759020815914,3.854596083705755,11.525462053693278
Carside,R-NSGA-II_eps0.05,1,43,27.9228543255645,3.854729764919902,11.524626760457224
Carside,R-NSGA-II_eps0.05,1,43,27.78591622456943,3.8620626618048703,11.530394897512828
Carside,R-NSGA-II_eps0.05,1,43,27.921943312598014,3.854726659028217,11.524779216667294
Carside,R-NSGA-II_eps0.05,1,43,28.095030056090835,3.8489790510706805,11.52225902066235
Carside,R-NSGA-II_eps0.05,1,43,27.92189040870393,3.854726659028217,11.524783729954894
Carside,R-NSGA-II_eps0.05,1,43,27.92186746667478,3.854726659028217,11.524784850633086
Carside,R-NSGA-II_eps0.05,1,43,27.92185453108995,3.854726659028217,11.5247866807093
Carside,R-NSGA-II_eps0.05,1,43,28.138907690277417,3.8503179835537007,11.51899116207099
Carside,R-NSGA-II_eps0.05,1,43,28.105738404224866,3.852826957820707,11.502802016813096
Carside,R-NSGA-II_eps0.05,1,43,27.919050006953835,3.8548243502046846,11.524819906526936
Carside,R-NSGA-II_eps0.05,1,43,27.81050440509555,3.8546669221310528,11.55671504635135
Carside,R-NSGA-II_eps0.05,1,43,27.921956900613786,3.8547266052140126,11.524760449496856
Carside,R-NSGA-II_eps0.05,1,43,27.922011235484888,3.854603779701223,11.525496776277386
Carside,R-NSGA-II_eps0.05,1,43,27.829467733342053,3.8650227281867044,11.52562389059999
Carside,R-NSGA-II_eps0.05,1,43,27.919638020421456,3.8547745457076084,11.5249201815089
Carside,R-NSGA-II_eps0.05,1,43,27.771703954852672,3.860962078047761,11.551322689277882
Carside,R-NSGA-II_eps0.05,1,43,27.925289703060926,3.8546657369432102,11.524561493419705
Carside,R-NSGA-II_eps0.05,1,43,28.161696204638652,3.851656979925667,11.506364282290425
Carside,R-NSGA-II_eps0.05,1,43,27.924286473153675,3.854672793993117,11.524642167157491
Carside,R-NSGA-II_eps0.05,1,43,27.92247064330956,3.854691859828999,11.524814048687915
Carside,R-NSGA-II_eps0.05,1,43,28.167932039351196,3.8556999251578907,11.502555292183885
Carside,R-NSGA-II_eps0.05,1,43,27.922474819193763,3.8546916168398933,11.524814023948842
Carside,R-NSGA-II_eps0.05,1,43,27.922479824862755,3.854690992691149,11.524814455028753
Carside,R-NSGA-II_eps0.05,1,43,28.12704106529526,3.846305409314537,11.526951367097094
Carside,R-NSGA-II_eps0.05,1,43,27.922489006729567,3.854689878515208,11.524814385076136
Carside,R-NSGA-II_eps0.05,1,43,28.17417554443088,3.8464739421876786,11.521127478102532
Carside,R-NSGA-II_eps0.05,1,43,28.20860718217451,3.8507492789255995,11.503007148936213
Carside,R-NSGA-II_eps0.05,1,43,27.92159580142458,3.8547139831893324,11.524838035950541
Carside,R-NSGA-II_eps0.05,1,43,27.921986133815324,3.8546982917311605,11.524852609005254
Carside,R-NSGA-II_eps0.05,1,43,28.2319190869951,3.8547779161078104,11.498275350508159
Carside,R-NSGA-II_eps0.05,1,43,27.925357126434957,3.8546701107433377,11.524507612129202
Carside,R-NSGA-II_eps0.05,1,43,27.90582190344785,3.8694092466663546,11.516057980947753
Carside,R-NSGA-II_eps0.05,1,43,28.27453130673234,3.8500238325573264,11.497821784132
Carside,R-NSGA-II_eps0.05,1,43,27.92200274976409,3.8546916168398933,11.524854298177424
Carside,R-NSGA-II_eps0.05,1,43,27.795009510703746,3.871056417021119,11.524550404327616
Carside,R-NSGA-II_eps0.05,1,43,27.91301120176337,3.855124375630439,11.52492969659393
Carside,R-NSGA-II_eps0.05,2,44,27.899062163883528,3.8536171508957517,11.525051781573676
Carside,R-NSGA-II_eps0.05,2,44,27.898921090753923,3.8536157539727576,11.525064619132682
Carside,R-NSGA-II_eps0.05,2,44,27.89893195732882,3.8536150551730257,11.525064391855008
Carside,R-NSGA-II_eps0.05,2,44,27.899441649831086,3.8536151719176237,11.524916150179845
Carside,R-NSGA-II_eps0.05,2,44,27.899608339581576,3.853515799864803,11.525193391313142
Carside,R-NSGA-II_eps0.05,2,44,27.89671209694778,3.853682436103776,11.525098807764369
Carside,R-NSGA-II_eps0.05,2,44,27.88961876075855,3.854112349903272,11.525515712596025
Carside,R-NSGA-II_eps0.05,2,44,27.89581845202536,3.8536813036884228,11.525275089320797
Carside,R-NSGA-II_eps0.05,2,44,27.89663941619554,3.853652751986034,11.525165457690903
Carside,R-NSGA-II_eps0.05,2,44,27.89743768374984,3.85359187626154,11.525188896991367
Carside,R-NSGA-II_eps0.05,2,44,27.898606228906505,3.8535104400894897,11.525220041565621
Carside,R-NSGA-II_eps0.05,2,44,27.898475540355008,3.853515435557401,11.525221559260096
Carside,R-NSGA-II_eps0.05,2,44,27.89649596118188,3.8536441575925573,11.525184820971013
Carside,R-NSGA-II_eps0.05,2,44,27.89637223958518,3.8536441575925573,11.525202028552066
Carside,R-NSGA-II_eps0.05,2,44,27.89542315277895,3.8536933816743137,11.52523172704829
Carside,R-NSGA-II_eps0.05,2,44,27.896420647082614,3.853632000702512,11.525214999911654
Carside,R-NSGA-II_eps0.05,2,44,27.896732624389276,3.853594483531537,11.525197977073686
Carside,R-NSGA-II_eps0.05,2,44,27.896935173172917,3.8535939770052083,11.525119989591406
Carside,R-NSGA-II_eps0.05,2,44,27.895003021943047,3.853694360370178,11.525203466094924
Carside,R-NSGA-II_eps0.05,2,44,27.976482551233076,3.853532276624932,11.517687992275363
Carside,R-NSGA-II_eps0.05,2,44,27.895940541377193,3.8536125619363157,11.52527904131252
Carside,R-NSGA-II_eps0.05,2,44,27.92234183542323,3.851520654875636,11.534223466394849
Carside,R-NSGA-II_eps0.05,2,44,27.896170685247586,3.853597240337767,11.525273717301214
Carside,R-NSGA-II_eps0.05,2,44,27.983552249074933,3.850575684705074,11.524233023742248
Carside,R-NSGA-II_eps0.05,2,44,27.895776279844863,3.85361284874025,11.52528629712478
Carside,R-NSGA-II_eps0.05,2,44,27.895279577623132,3.853615818726181,11.52531315872098
Carside,R-NSGA-II_eps0.05,2,44,27.895279577623167,3.853615818726181,11.525313154520775
Carside,R-NSGA-II_eps0.05,2,44,27.89711513012422,3.853477544443651,11.525374733271644
Carside,R-NSGA-II_eps0.05,2,44,27.89708644332059,3.853477808766806,11.525377779843787
Carside,R-NSGA-II_eps0.05,2,44,27.851032558413383,3.8541157698952215,11.535639468157697
Carside,R-NSGA-II_eps0.05,2,44,27.895173556881545,3.8535997304896243,11.525358197418726
Carside,R-NSGA-II_eps0.05,2,44,27.887900356169688,3.854103107137646,11.525664119486736
Carside,R-NSGA-II_eps0.05,2,44,27.894097309528938,3.85365621463361,11.525403495526545
Carside,R-NSGA-II_eps0.05,2,44,27.864949630668807,3.8605344469839755,11.518754478800174
Carside,R-NSGA-II_eps0.05,2,44,27.894878764524712,3.8536156832824795,11.525337381395243
Carside,R-NSGA-II_eps0.05,2,44,27.894555784119174,3.853615779021003,11.525412860341413
Carside,R-NSGA-II_eps0.05,2,44,27.89497596606779,3.8535947099528265,11.525363318457948
Carside,R-NSGA-II_eps0.05,2,44,28.012055108697215,3.848603827311664,11.532528332657876
Carside,R-NSGA-II_eps0.05,2,44,27.894863187430182,3.853595470002791,11.525391439144851
Carside,R-NSGA-II_eps0.05,2,44,27.894779166362326,3.8535955612329675,11.525394467330518
Carside,R-NSGA-II_eps0.05,2,44,27.890397960367675,3.8537344262892694,11.526359743819366
Carside,R-NSGA-II_eps0.05,2,44,27.894623984396464,3.853590846530376,11.52539655650869
Carside,R-NSGA-II_eps0.05,2,44,27.826493902112933,3.862270003851004,11.525881135329076
Carside,R-NSGA-II_eps0.05,2,44,27.894280807027588,3.853586322852682,11.525514029292792
Carside,R-NSGA-II_eps0.05,2,44,27.897228247565305,3.853347006950812,11.525843527026115
Carside,R-NSGA-II_eps0.05,2,44,28.03018972950377,3.8561100609401104,11.51172470564171
Carside,R-NSGA-II_eps0.05,2,44,27.89722824756534,3.853347006950812,11.525843522825893
Carside,R-NSGA-II_eps0.05,2,44,28.087208271954882,3.8472265347257384,11.522372639820896
Carside,R-NSGA-II_eps0.05,2,44,27.894184629023684,3.853595384191454,11.525460574716856
Carside,R-NSGA-II_eps0.05,2,44,27.893560661764575,3.8536162492618162,11.525532046672495
Carside,R-NSGA-II_eps0.05,2,44,27.816674314446637,3.8592943890494795,11.544451965347815
Carside,R-NSGA-II_eps0.05,2,44,27.893601704588576,3.8536161210258775,11.52551543744126
Carside,R-NSGA-II_eps0.05,2,44,27.89359649354934,3.853616285623185,11.525515415978663
Carside,R-NSGA-II_eps0.05,2,44,28.09533475512721,3.8507688869470322,11.510169392635799
Carside,R-NSGA-II_eps0.05,2,44,27.896329044365334,3.8534904923834636,11.525295282557138
Carside,R-NSGA-II_eps0.05,2,44,27.98708829498562,3.8504809515171017,11.549580048750125
Carside,R-NSGA-II_eps0.05,2,44,28.023567482331092,3.8637046089971983,11.508275870491794
Carside,R-NSGA-II_eps0.05,2,44,27.89485732594057,3.853553617091785,11.525406121817037
Carside,R-NSGA-II_eps0.05,2,44,27.894843811301765,3.8535538626277486,11.52540652595768
Carside,R-NSGA-II_eps0.05,2,44,28.119699824048574,3.845106657657193,11.531717995009942
Carside,R-NSGA-II_eps0.05,2,44,27.894938768359722,3.853547945805585,11.52540398671291
Carside,R-NSGA-II_eps0.05,2,44,27.89486621476802,3.853555826713047,11.52538239796866
Carside,R-NSGA-II_eps0.05,2,44,27.894769237191998,3.853555826713047,11.52540929857571
Carside,R-NSGA-II_eps0.05,2,44,27.89476923720347,3.853555826713047,11.525408039659126
Carside,R-NSGA-II_eps0.05,2,44,27.893190746311678,3.85361626267772,11.525549909481736
Carside,R-NSGA-II_eps0.05,2,44,27.892979401258664,3.8536445166436755,11.525477649956773
Carside,R-NSGA-II_eps0.05,2,44,27.781277050032074,3.867842333336739,11.524927417364346
Carside,R-NSGA-II_eps0.05,2,44,27.893362634784904,3.853477808766806,11.526435132491894
Carside,R-NSGA-II_eps0.05,2,44,27.892802018840566,3.853645530645244,11.525519602247257
Carside,R-NSGA-II_eps0.05,2,44,27.96303476184447,3.869416177933141,11.507373574288794
Carside,R-NSGA-II_eps0.05,2,44,27.89322064112534,3.8536008403400204,11.525570428990576
Carside,R-NSGA-II_eps0.05,2,44,28.132228523726113,3.8505805551275722,11.501807953509141
Carside,R-NSGA-II_eps0.05,2,44,27.89147934879737,3.8535981083982973,11.526410541056986
Carside,R-NSGA-II_eps0.05,2,44,27.84606065165444,3.872392353872025,11.524340676037172
Carside,R-NSGA-II_eps0.05,2,44,27.891449748345853,3.8535997304896243,11.526415550667322
Carside,R-NSGA-II_eps0.05,2,44,28.16318005184931,3.8445560839409514,11.541325673443257
Carside,R-NSGA-II_eps0.05,2,44,27.89299930572536,3.8536005831494315,11.52563429060082
Carside,R-NSGA-II_eps0.05,2,44,28.130851940055166,3.866034674643573,11.504147315704673
Carside,R-NSGA-II_eps0.05,2,44,27.895303648106353,3.8534879008565825,11.525439837286829
Carside,R-NSGA-II_eps0.05,2,44,28.204453222100422,3.843858307701414,11.518004114927802
Carside,R-NSGA-II_eps0.05,2,44,27.859206632681747,3.851750368901233,11.561371894648957
Carside,R-NSGA-II_eps0.05,2,44,27.89360403082271,3.85359562907013,11.525423502630941
Carside,R-NSGA-II_eps0.05,2,44,27.892380147139555,3.853670945729814,11.525457462367186
Carside,R-NSGA-II_eps0.05,2,44,28.203085020705007,3.8417159862131256,11.533840259890061
Carside,R-NSGA-II_eps0.05,2,44,27.765771831108413,3.8545365806478853,11.560464400191844
Carside,R-NSGA-II_eps0.05,2,44,27.892461724085393,3.853650781968962,11.525500642915045
Carside,R-NSGA-II_eps0.05,2,44,27.892264421156508,3.853642059408048,11.525579800332926
Carside,R-NSGA-II_eps0.05,2,44,27.892806100016024,3.8536244609266608,11.525479437145869
Carside,R-NSGA-II_eps0.05,2,44,27.71768187826116,3.872469670633347,11.53518760233499
Carside,R-NSGA-II_eps0.05,2,44,28.233017564337825,3.8537201027277495,11.496486228609815
Carside,R-NSGA-II_eps0.05,2,44,27.902556887250782,3.853163068898466,11.525064391855008
Carside,R-NSGA-II_eps0.05,2,44,28.1556448705466,3.8424554370191766,11.556835515172047
Carside,R-NSGA-II_eps0.05,2,44,27.893605466146763,3.8535149063284146,11.525703498475112
Carside,R-NSGA-II_eps0.05,2,44,27.89165575841151,3.8536532197531255,11.525645448777802
Carside,R-NSGA-II_eps0.05,2,44,28.287043804451507,3.8471663698814926,11.503872935086783
Carside,R-NSGA-II_eps0.05,2,44,27.95902679688228,3.876277201632699,11.505494749802686
Carside,R-NSGA-II_eps0.05,2,44,27.893242327560998,3.853560541373278,11.52554872761623
Carside,R-NSGA-II_eps0.05,2,44,27.89214572995296,3.853501399441578,11.526395676688256
Carside,R-NSGA-II_eps0.05,2,44,27.6889409069297,3.879491513219557,11.525224124668927
Carside,R-NSGA-II_eps0.05,2,44,28.382156843466806,3.850548602597325,11.495318997314037
Carside,R-NSGA-II_eps0.05,3,45,27.904249500894107,3.8551072147957908,11.525595175432429
Carside,R-NSGA-II_eps0.05,3,45,27.903729843056112,3.855123515619732,11.525592489501797
Carside,R-NSGA-II_eps0.05,3,45,27.910905664904067,3.8542860550355478,11.525506906399269
Carside,R-NSGA-II_eps0.05,3,45,27.902045651253413,3.8551072771703554,11.525693937650976
Carside,R-NSGA-II_eps0.05,3,45,27.902660280935613,3.855275056982062,11.52552914914708
Carside,R-NSGA-II_eps0.05,3,45,27.90095710031376,3.8554482162978974,11.525545023496505
Carside,R-NSGA-II_eps0.05,3,45,27.900922039513393,3.8554485317432894,11.52554623598773
Carside,R-NSGA-II_eps0.05,3,45,27.91430509090028,3.8537480353524685,11.525731115837289
Carside,R-NSGA-II_eps0.05,3,45,27.909886419316194,3.8539724118455134,11.525694606969218
Carside,R-NSGA-II_eps0.05,3,45,27.911727273063846,3.8537872312721,11.525840073987666
Carside,R-NSGA-II_eps0.05,3,45,27.913214262758704,3.853697404139074,11.525813658317116
Carside,R-NSGA-II_eps0.05,3,45,27.91487940280767,3.8537098850030658,11.525553710849671
Carside,R-NSGA-II_eps0.05,3,45,27.914847223994997,3.8537103104625565,11.525548612706187
Carside,R-NSGA-II_eps0.05,3,45,27.914844740273292,3.8537103104625565,11.525548729804187
Carside,R-NSGA-II_eps0.05,3,45,27.91488307112329,3.853709762266505,11.525545826028488
Carside,R-NSGA-II_eps0.05,3,45,27.911011443538985,3.8538082510070204,11.525711436985146
Carside,R-NSGA-II_eps0.05,3,45,27.908504378673015,3.853644722459698,11.527511233377144
Carside,R-NSGA-II_eps0.05,3,45,27.908025818785074,3.8537133899304066,11.526196161630217
Carside,R-NSGA-II_eps0.05,3,45,27.914465599656527,3.853646938171041,11.525563243669774
Carside,R-NSGA-II_eps0.05,3,45,27.915990184202688,3.853644722459698,11.525402245700594
Carside,R-NSGA-II_eps0.05,3,45,27.912583469806282,3.8537828807570644,11.525391590652573
Carside,R-NSGA-II_eps0.05,3,45,27.911734029748363,3.853784155696471,11.525461141926794
Carside,R-NSGA-II_eps0.05,3,45,27.91510769349358,3.853644722459698,11.525413271511404
Carside,R-NSGA-II_eps0.05,3,45,27.915426190079465,3.8538169978701053,11.525097604830233
Carside,R-NSGA-II_eps0.05,3,45,27.949820591128614,3.853333616487083,11.521699136203438
Carside,R-NSGA-II_eps0.05,3,45,27.902999798214857,3.8542137747878944,11.525648129369571
Carside,R-NSGA-II_eps0.05,3,45,27.89905829752932,3.854254794114999,11.525835354407644
Carside,R-NSGA-II_eps0.05,3,45,27.86097107669759,3.8608787248720695,11.52425612233003
Carside,R-NSGA-II_eps0.05,3,45,27.919738499794654,3.853003541471695,11.525804764929715
Carside,R-NSGA-II_eps0.05,3,45,27.93779200480384,3.854007864448869,11.516045341492127
Carside,R-NSGA-II_eps0.05,3,45,27.911918634572338,3.8539814209479513,11.52464093605722
Carside,R-NSGA-II_eps0.05,3,45,28.05669259940104,3.8489328781478966,11.523702194977776
Carside,R-NSGA-II_eps0.05,3,45,27.91244456250179,3.8544238264915776,11.52418150041693
Carside,R-NSGA-II_eps0.05,3,45,27.902629091480556,3.8538065549254408,11.5287570823374
Carside,R-NSGA-II_eps0.05,3,45,27.910520517146214,3.8584644814175455,11.515694071708403
Carside,R-NSGA-II_eps0.05,3,45,27.87129663552223,3.8536816229136925,11.538818920361162
Carside,R-NSGA-II_eps0.05,3,45,27.908309104535196,3.855265573528681,11.523971043822609
Carside,R-NSGA-II_eps0.05,3,45,27.908308983550167,3.855265577600142,11.523971045526679
Carside,R-NSGA-II_eps0.05,3,45,28.03546542310407,3.8538855124815816,11.51409502605246
Carside,R-NSGA-II_eps0.05,3,45,27.90675139749831,3.855265363030194,11.524040807430916
Carside,R-NSGA-II_eps0.05,3,45,27.906149180652875,3.8552341042065317,11.524079342346042
Carside,R-NSGA-II_eps0.05,3,45,27.908150059217647,3.8552861126657874,11.523963202177988
Carside,R-NSGA-II_eps0.05,3,45,27.909545741804017,3.8550252029542658,11.523949666189951
Carside,R-NSGA-II_eps0.05,3,45,28.074771455767042,3.84669931014981,11.536339419320283
Carside,R-NSGA-II_eps0.05,3,45,27.908255841712382,3.8552861126657874,11.523954207579898
Carside,R-NSGA-II_eps0.05,3,45,27.908664417007753,3.8552447589368666,11.52394015895357
Carside,R-NSGA-II_eps0.05,3,45,27.802845033354625,3.8680909948442257,11.524180846850985
Carside,R-NSGA-II_eps0.05,3,45,27.907654421101736,3.855244032913065,11.52398622347782
Carside,R-NSGA-II_eps0.05,3,45,28.133657781970232,3.846576877545119,11.52007139264619
Carside,R-NSGA-II_eps0.05,3,45,27.907580219252573,3.855244032913065,11.523989559966841
Carside,R-NSGA-II_eps0.05,3,45,27.915775524454933,3.8542930851067,11.523999608175766
Carside,R-NSGA-II_eps0.05,3,45,28.103203341205038,3.8538024951331202,11.510738675232034
Carside,R-NSGA-II_eps0.05,3,45,27.914588421502593,3.8543141694196104,11.524035049305992
Carside,R-NSGA-II_eps0.05,3,45,27.908287798982094,3.8553286154799675,11.52393683888382
Carside,R-NSGA-II_eps0.05,3,45,27.79038366970283,3.866690228455552,11.53870303104746
Carside,R-NSGA-II_eps0.05,3,45,27.90931445934586,3.8552528444705247,11.523893678695893
Carside,R-NSGA-II_eps0.05,3,45,27.908442682970524,3.855262737364976,11.523928367606622
Carside,R-NSGA-II_eps0.05,3,45,27.915013108107793,3.854318951364453,11.524002345077196
Carside,R-NSGA-II_eps0.05,3,45,27.912240396888016,3.853898750591544,11.524448128707256
Carside,R-NSGA-II_eps0.05,3,45,27.994768796983184,3.866892408369587,11.509353318259993
Carside,R-NSGA-II_eps0.05,3,45,27.91609764858876,3.85428934149924,11.523962654824418
Carside,R-NSGA-II_eps0.05,3,45,27.838027144131743,3.8661782472812747,11.54525209522321
Carside,R-NSGA-II_eps0.05,3,45,27.91425702717073,3.8542785413399847,11.524044156603793
Carside,R-NSGA-II_eps0.05,3,45,27.916527171866754,3.854273192448513,11.523950633829411
Carside,R-NSGA-II_eps0.05,3,45,27.758764867626045,3.873704423342903,11.524044703178745
Carside,R-NSGA-II_eps0.05,3,45,28.154029693479075,3.8502275637361487,11.507314523214571
Carside,R-NSGA-II_eps0.05,3,45,27.913952152928868,3.854373485259621,11.52398684664111
Carside,R-NSGA-II_eps0.05,3,45,27.916532381580115,3.8542731644265,11.523941898484784
Carside,R-NSGA-II_eps0.05,3,45,27.9169857871098,3.854259472598495,11.523903740914601
Carside,R-NSGA-II_eps0.05,3,45,28.242222271821944,3.8437923784237364,11.518375856162574
Carside,R-NSGA-II_eps0.05,3,45,27.916992682637204,3.854259472598495,11.52390296472177
Carside,R-NSGA-II_eps0.05,3,45,27.927680438273526,3.852874601597267,11.525122228376448
Carside,R-NSGA-II_eps0.05,3,45,28.07130536575233,3.865632424564923,11.50381610427653
Carside,R-NSGA-II_eps0.05,3,45,28.167515513725895,3.8537828807570644,11.503646165098726
Carside,R-NSGA-II_eps0.05,3,45,27.917158417268304,3.854259472598495,11.52385132694436
Carside,R-NSGA-II_eps0.05,3,45,27.91744047163385,3.8537864253207808,11.524193701062574
Carside,R-NSGA-II_eps0.05,3,45,27.915294809660118,3.8539665341336153,11.524123667367427
Carside,R-NSGA-II_eps0.05,3,45,28.014905287022998,3.8467041013930254,11.553191020965329
Carside,R-NSGA-II_eps0.05,3,45,27.914745024278478,3.853897276701487,11.52420550646913
Carside,R-NSGA-II_eps0.05,3,45,27.91464859120649,3.8539010169576136,11.524205829818694
Carside,R-NSGA-II_eps0.05,3,45,28.246412010048772,3.845956562708512,11.508021559510084
Carside,R-NSGA-II_eps0.05,3,45,27.916012895877245,3.8538557224053993,11.524181790863354
Carside,R-NSGA-II_eps0.05,3,45,28.172304192086973,3.8624618572033604,11.502041525779076
Carside,R-NSGA-II_eps0.05,3,45,27.89069885379763,3.87759911070446,11.511604158951048
Carside,R-NSGA-II_eps0.05,3,45,27.91432878131603,3.853912419751243,11.524205465107773
Carside,R-NSGA-II_eps0.05,3,45,27.916318142911656,3.853902630322908,11.524122573080366
Carside,R-NSGA-II_eps0.05,3,45,27.80595862936761,3.8539060895703283,11.556212592289118
Carside,R-NSGA-II_eps0.05,3,45,28.3422522077526,3.840661291980879,11.517859140687861
Carside,R-NSGA-II_eps0.05,3,45,27.91611538036873,3.853947337248188,11.524090888793786
Carside,R-NSGA-II_eps0.05,3,45,27.916151121840336,3.8539495521365033,11.524087025968697
Carside,R-NSGA-II_eps0.05,3,45,28.377359488235825,3.845820487624849,11.510334107726202
Carside,R-NSGA-II_eps0.05,3,45,27.915570448583157,3.853932168519167,11.524115869953917
Carside,R-NSGA-II_eps0.05,3,45,27.742149224764507,3.882625805989082,11.519349882494975
Carside,R-NSGA-II_eps0.05,3,45,27.915921165703725,3.853918782999561,11.524110239469554
Carside,R-NSGA-II_eps0.05,3,45,27.68278073123457,3.882421979354794,11.52524145951025
Carside,R-NSGA-II_eps0.05,3,45,27.9164018282022,3.8539190787726634,11.524086034240787
Carside,R-NSGA-II_eps0.05,3,45,27.91456845775176,3.853979016248042,11.52410548912239
Carside,R-NSGA-II_eps0.05,3,45,28.26720570689929,3.8489347046788653,11.497466144527678
Carside,R-NSGA-II_eps0.05,3,45,27.914486545081804,3.8539789556577397,11.524109002273722
Carside,R-NSGA-II_eps0.05,3,45,27.91452228655337,3.8539811705460556,11.524105145824565
Carside,R-NSGA-II_eps0.05,4,46,27.91769245218223,3.853689969802964,11.523102125287892
Carside,R-NSGA-II_eps0.05,4,46,27.917547351598092,3.8536918164857172,11.523112600721939
Carside,R-NSGA-II_eps0.05,4,46,27.92724028299576,3.853407544694387,11.52264218039866
Carside,R-NSGA-II_eps0.05,4,46,27.91921811163096,3.8538186801792125,11.522750066627662
Carside,R-NSGA-II_eps0.05,4,46,27.91971084356159,3.8536222809810243,11.522914677236859
Carside,R-NSGA-II_eps0.05,4,46,27.921754889569005,3.8535767943672044,11.522798176653975
Carside,R-NSGA-II_eps0.05,4,46,27.92192651145524,3.8535764801933063,11.522780543079532
Carside,R-NSGA-II_eps0.05,4,46,27.921904731508565,3.8535767943672044,11.522781226560468
Carside,R-NSGA-II_eps0.05,4,46,27.921892506653624,3.8535764801933063,11.522781307835631
Carside,R-NSGA-II_eps0.05,4,46,27.922279961523625,3.853571381707874,11.52275372212949
Carside,R-NSGA-II_eps0.05,4,46,27.919390560267143,3.8536159394462097,11.522922521917017
Carside,R-NSGA-II_eps0.05,4,46,27.921643015814926,3.8535769095242243,11.52277096749058
Carside,R-NSGA-II_eps0.05,4,46,27.909541339028557,3.85311488420701,11.525329029703233
Carside,R-NSGA-II_eps0.05,4,46,27.920792591127196,3.8536131064925034,11.522766601518333
Carside,R-NSGA-II_eps0.05,4,46,27.920891693773306,3.853610133841756,11.522751481955147
Carside,R-NSGA-II_eps0.05,4,46,27.92089251935534,3.8536100309013523,11.522751481955147
Carside,R-NSGA-II_eps0.05,4,46,27.926954465061563,3.85363346727049,11.522323589857093
Carside,R-NSGA-II_eps0.05,4,46,27.92488899587745,3.8535630501273315,11.522490363519703
Carside,R-NSGA-II_eps0.05,4,46,27.928298749846363,3.8533921969705913,11.522490693927068
Carside,R-NSGA-II_eps0.05,4,46,27.90949971928238,3.853163386238822,11.525039587283626
Carside,R-NSGA-II_eps0.05,4,46,27.92554389420461,3.8535940797548247,11.522403817004767
Carside,R-NSGA-II_eps0.05,4,46,27.926015762789316,3.853580369058913,11.522371292719862
Carside,R-NSGA-II_eps0.05,4,46,27.870629227265034,3.854129212529853,11.52921407804891
Carside,R-NSGA-II_eps0.05,4,46,27.874116458727183,3.8578454414065577,11.52282669465029
Carside,R-NSGA-II_eps0.05,4,46,27.92945641144804,3.853594061177965,11.522182512694416
Carside,R-NSGA-II_eps0.05,4,46,27.90905776334067,3.8531719224161765,11.525049837279147
Carside,R-NSGA-II_eps0.05,4,46,27.970272906437394,3.8513905063713727,11.53419395318606
Carside,R-NSGA-II_eps0.05,4,46,27.918033611840904,3.853703372725074,11.522809327173743
Carside,R-NSGA-II_eps0.05,4,46,27.917325071178542,3.853703372725074,11.522871195066188
Carside,R-NSGA-II_eps0.05,4,46,27.958743455002367,3.858097581086314,11.516182851981721
Carside,R-NSGA-II_eps0.05,4,46,27.916800848290578,3.8537386623478884,11.5228800701931
Carside,R-NSGA-II_eps0.05,4,46,27.917637902581447,3.8537300971482678,11.522802689507838
Carside,R-NSGA-II_eps0.05,4,46,27.9271472226778,3.8534125566806976,11.522464114911056
Carside,R-NSGA-II_eps0.05,4,46,27.993044225384583,3.851620584578909,11.518389092254898
Carside,R-NSGA-II_eps0.05,4,46,27.92335650691638,3.8532336623538823,11.52290447911074
Carside,R-NSGA-II_eps0.05,4,46,27.91688740612185,3.8537631692643233,11.522783183554022
Carside,R-NSGA-II_eps0.05,4,46,27.916796143449204,3.8537532547450217,11.522802453136613
Carside,R-NSGA-II_eps0.05,4,46,27.91682379142903,3.8537640855077324,11.522788011284973
Carside,R-NSGA-II_eps0.05,4,46,27.916262406867414,3.853774837000508,11.522817621183444
Carside,R-NSGA-II_eps0.05,4,46,27.914908766039687,3.8537882056500865,11.522895156024548
Carside,R-NSGA-II_eps0.05,4,46,27.915122326356116,3.853994212795554,11.522664493237794
Carside,R-NSGA-II_eps0.05,4,46,27.921175766541044,3.8536222809810243,11.522498394870915
Carside,R-NSGA-II_eps0.05,4,46,27.915512437950767,3.853711955800571,11.522895751082139
Carside,R-NSGA-II_eps0.05,4,46,27.878982762296268,3.8636248795997377,11.520382978301274
Carside,R-NSGA-II_eps0.05,4,46,27.91972681897018,3.8533910676867817,11.52287991050185
Carside,R-NSGA-II_eps0.05,4,46,27.817646790365526,3.86230663258543,11.5279092809659
Carside,R-NSGA-II_eps0.05,4,46,27.926653944564215,3.8531381820454396,11.522670758096968
Carside,R-NSGA-II_eps0.05,4,46,27.948498959324944,3.8513092767607,11.545799931532418
Carside,R-NSGA-II_eps0.05,4,46,27.926661654738247,3.8531233099208944,11.522688616190937
Carside,R-NSGA-II_eps0.05,4,46,27.927378511875897,3.8536116637493523,11.521994920838068
Carside,R-NSGA-II_eps0.05,4,46,27.922880538428043,3.8537233422801487,11.522109422102742
Carside,R-NSGA-II_eps0.05,4,46,28.045685656360657,3.8538317496035344,11.511964043786302
Carside,R-NSGA-II_eps0.05,4,46,27.910436947073702,3.8539397204357697,11.52303427923275
Carside,R-NSGA-II_eps0.05,4,46,27.912683099371502,3.8537356519817516,11.522952147297278
Carside,R-NSGA-II_eps0.05,4,46,28.06664755560841,3.8475262465893625,11.521658288346012
Carside,R-NSGA-II_eps0.05,4,46,27.91271218103926,3.8537023249481965,11.522981368952216
Carside,R-NSGA-II_eps0.05,4,46,27.91270998671433,3.8537023249481965,11.522981468207272
Carside,R-NSGA-II_eps0.05,4,46,27.918981539334013,3.8527385887400243,11.523553401387908
Carside,R-NSGA-II_eps0.05,4,46,27.92349044138497,3.8527744376769406,11.522869120426083
Carside,R-NSGA-II_eps0.05,4,46,27.842930025696994,3.8519300945159376,11.547148168673019
Carside,R-NSGA-II_eps0.05,4,46,27.92527393741511,3.8526459811703506,11.5228309055577
Carside,R-NSGA-II_eps0.05,4,46,27.923433493737836,3.8523605015668925,11.523447582140115
Carside,R-NSGA-II_eps0.05,4,46,27.915301422095748,3.8525978637941165,11.523778968944997
Carside,R-NSGA-II_eps0.05,4,46,28.092954242802143,3.846137135471583,11.53415612194676
Carside,R-NSGA-II_eps0.05,4,46,27.90426728305786,3.85270803398533,11.526024284303793
Carside,R-NSGA-II_eps0.05,4,46,27.901438453676565,3.852878542118593,11.526663486458066
Carside,R-NSGA-II_eps0.05,4,46,27.89923997559746,3.8535169517714456,11.52476922430581
Carside,R-NSGA-II_eps0.05,4,46,28.103051821147663,3.8478007021390646,11.513132480840852
Carside,R-NSGA-II_eps0.05,4,46,27.91321661430437,3.8540996875990774,11.521869819824904
Carside,R-NSGA-II_eps0.05,4,46,27.856985106369148,3.871823435647026,11.520886086771032
Carside,R-NSGA-II_eps0.05,4,46,27.90893830714421,3.854305868692402,11.522147204335337
Carside,R-NSGA-II_eps0.05,4,46,27.909096380249864,3.854305868692402,11.522129535738829
Carside,R-NSGA-II_eps0.05,4,46,27.991819097050072,3.84595501134944,11.551152221860393
Carside,R-NSGA-II_eps0.05,4,46,28.034839976319258,3.865791357435532,11.50518834189079
Carside,R-NSGA-II_eps0.05,4,46,27.916570743117052,3.8538317345459516,11.52177189724198
Carside,R-NSGA-II_eps0.05,4,46,27.911535474334833,3.8540944905758825,11.521994814791924
Carside,R-NSGA-II_eps0.05,4,46,27.766931111175353,3.8623390098265142,11.54621888694328
Carside,R-NSGA-II_eps0.05,4,46,27.922647828328948,3.8525156211911296,11.52293116587157
Carside,R-NSGA-II_eps0.05,4,46,27.7699816405224,3.8723860492781133,11.521886167096778
Carside,R-NSGA-II_eps0.05,4,46,27.904646730064037,3.8540011347732444,11.522826720752477
Carside,R-NSGA-II_eps0.05,4,46,28.15625449306611,3.849284836465745,11.506031652239923
Carside,R-NSGA-II_eps0.05,4,46,27.909625130834826,3.84939378797595,11.56128023151407
Carside,R-NSGA-II_eps0.05,4,46,27.904612725234198,3.8540011347732444,11.522829114952685
Carside,R-NSGA-II_eps0.05,4,46,27.900890997160495,3.854114347775151,11.522901237539333
Carside,R-NSGA-II_eps0.05,4,46,27.76570998274053,3.85455107233702,11.556694934004728
Carside,R-NSGA-II_eps0.05,4,46,27.901330286990056,3.853819595427776,11.523115355069528
Carside,R-NSGA-II_eps0.05,4,46,28.109416402112938,3.8458778692735627,11.553815898577469
Carside,R-NSGA-II_eps0.05,4,46,27.900575798622786,3.85381985051659,11.523178530342435
Carside,R-NSGA-II_eps0.05,4,46,27.900568757769207,3.85381985051659,11.52317884926632
Carside,R-NSGA-II_eps0.05,4,46,27.89737043147902,3.854455784129436,11.52310337277046
Carside,R-NSGA-II_eps0.05,4,46,27.898277347330996,3.8527388975240067,11.527231247221339
Carside,R-NSGA-II_eps0.05,4,46,27.915032087517368,3.851981928132096,11.524015258850362
Carside,R-NSGA-II_eps0.05,4,46,27.90182956635147,3.854061521125469,11.522267969597301
Carside,R-NSGA-II_eps0.05,4,46,28.243212111546427,3.841280504648852,11.522976618579246
Carside,R-NSGA-II_eps0.05,4,46,28.216646858419068,3.848362505219901,11.498598305020561
Carside,R-NSGA-II_eps0.05,4,46,27.89576792868197,3.8546688866059187,11.52274558828876
Carside,R-NSGA-II_eps0.05,4,46,28.228535716976342,3.865411822187762,11.48991956292647
Carside,R-NSGA-II_eps0.05,4,46,27.900155158613266,3.854270170403329,11.522268016536994
Carside,R-NSGA-II_eps0.05,4,46,27.901760897993718,3.8531827553146627,11.523114875167671
Carside,R-NSGA-II_eps0.05,4,46,27.89486839962637,3.8547052826122132,11.522704650417733
Carside,R-NSGA-II_eps0.05,5,47,27.91901687694678,3.85516772070972,11.526355457970109
Carside,R-NSGA-II_eps0.05,5,47,27.919289188869737,3.855011723305603,11.526433908963782
Carside,R-NSGA-II_eps0.05,5,47,27.919348807856906,3.8552007838656865,11.525413553724
Carside,R-NSGA-II_eps0.05,5,47,27.93014676960233,3.8550455100182144,11.524598549305917
Carside,R-NSGA-II_eps0.05,5,47,27.9288456208315,3.855069393454408,11.524648355052083
Carside,R-NSGA-II_eps0.05,5,47,27.929052596856888,3.8550612504311723,11.5246413906187
Carside,R-NSGA-II_eps0.05,5,47,27.928912030170814,3.8550652253852107,11.524644145000973
Carside,R-NSGA-II_eps0.05,5,47,27.929817311721784,3.8550028377885694,11.52463392247606
Carside,R-NSGA-II_eps0.05,5,47,27.929829277244025,3.855001451959585,11.5246334839265
Carside,R-NSGA-II_eps0.05,5,47,27.92901293029611,3.85507023957524,11.524629960339853
Carside,R-NSGA-II_eps0.05,5,47,27.92932811817665,3.855066749072228,11.524615183364578
Carside,R-NSGA-II_eps0.05,5,47,27.929507924828,3.855066794538022,11.52460621616715
Carside,R-NSGA-II_eps0.05,5,47,27.929507924828076,3.855066794538022,11.524606207797564
Carside,R-NSGA-II_eps0.05,5,47,27.929019286328888,3.8550702729688706,11.524627667601916
Carside,R-NSGA-II_eps0.05,5,47,27.92901802416021,3.8550702705062467,11.524627723957165
Carside,R-NSGA-II_eps0.05,5,47,27.929421713241943,3.855016012467472,11.524641086388469
Carside,R-NSGA-II_eps0.05,5,47,27.92942258897345,3.8550160019214967,11.524640951932886
Carside,R-NSGA-II_eps0.05,5,47,27.929422786638963,3.8550160019214967,11.524640935057018
Carside,R-NSGA-II_eps0.05,5,47,27.98542153831014,3.8527033352164435,11.523892332227767
Carside,R-NSGA-II_eps0.05,5,47,27.929016296142,3.8550707672768416,11.52462679813478
Carside,R-NSGA-II_eps0.05,5,47,27.88832832817451,3.854536219980872,11.536536292765577
Carside,R-NSGA-II_eps0.05,5,47,27.9294251839491,3.8550160015999007,11.524640256090233
Carside,R-NSGA-II_eps0.05,5,47,27.92935192828131,3.855075938844104,11.524606289297953
Carside,R-NSGA-II_eps0.05,5,47,27.885771387483608,3.861458339436362,11.523018674487382
Carside,R-NSGA-II_eps0.05,5,47,27.929481813706275,3.855014176164993,11.524638458682915
Carside,R-NSGA-II_eps0.05,5,47,27.942130050701987,3.861153897148005,11.51914282196573
Carside,R-NSGA-II_eps0.05,5,47,27.92947489406523,3.8550121954040675,11.524639965938528
Carside,R-NSGA-II_eps0.05,5,47,27.92959699068471,3.855064532433143,11.52460005322233
Carside,R-NSGA-II_eps0.05,5,47,28.028197038477288,3.8538055637801776,11.51663716584229
Carside,R-NSGA-II_eps0.05,5,47,27.929215717416792,3.8550113594547937,11.524652588423447
Carside,R-NSGA-II_eps0.05,5,47,27.967526561902382,3.8550193079472472,11.51364472263036
Carside,R-NSGA-II_eps0.05,5,47,27.928552800729516,3.855065093244765,11.524650394177186
Carside,R-NSGA-II_eps0.05,5,47,27.929378060003565,3.855007116927262,11.524644145000973
Carside,R-NSGA-II_eps0.05,5,47,27.928631733885165,3.8550846208588383,11.524630597500172
Carside,R-NSGA-II_eps0.05,5,47,28.077589999747687,3.849619919141881,11.525557894960194
Carside,R-NSGA-II_eps0.05,5,47,27.929459422430085,3.8550159795923395,11.524626721198144
Carside,R-NSGA-II_eps0.05,5,47,27.929899479160724,3.8550698036690587,11.52456344026826
Carside,R-NSGA-II_eps0.05,5,47,27.930498453234936,3.855075955627055,11.52450548264272
Carside,R-NSGA-II_eps0.05,5,47,27.92577597037956,3.855146151690629,11.524684386803138
Carside,R-NSGA-II_eps0.05,5,47,27.842622929229613,3.86593196784659,11.524606559793073
Carside,R-NSGA-II_eps0.05,5,47,27.92614406361972,3.855138626996964,11.52466070846576
Carside,R-NSGA-II_eps0.05,5,47,27.926158064203563,3.8551396538139002,11.524658761546723
Carside,R-NSGA-II_eps0.05,5,47,27.925790856135098,3.855138595771237,11.524676596619154
Carside,R-NSGA-II_eps0.05,5,47,27.925147397217835,3.8551458933087552,11.524712714288736
Carside,R-NSGA-II_eps0.05,5,47,28.089013924592777,3.8488241497881495,11.537391035485811
Carside,R-NSGA-II_eps0.05,5,47,27.857089275766878,3.85449389325146,11.545911014446476
Carside,R-NSGA-II_eps0.05,5,47,27.92514744770766,3.8551458925874083,11.524712710465106
Carside,R-NSGA-II_eps0.05,5,47,27.931402940212948,3.8547701386073796,11.524640561738508
Carside,R-NSGA-II_eps0.05,5,47,28.08210942154524,3.8554285519523455,11.51076687401752
Carside,R-NSGA-II_eps0.05,5,47,27.925676022313734,3.8550529298660114,11.52471443333384
Carside,R-NSGA-II_eps0.05,5,47,27.921322695276206,3.8552387742318817,11.524943541576029
Carside,R-NSGA-II_eps0.05,5,47,27.766112569780148,3.863001461620952,11.532227252664214
Carside,R-NSGA-II_eps0.05,5,47,27.92566870140498,3.8550143711201756,11.52473401343109
Carside,R-NSGA-II_eps0.05,5,47,28.126129989614032,3.8485871207795674,11.51995860438442
Carside,R-NSGA-II_eps0.05,5,47,27.923556339632597,3.8552276129043244,11.524754743971004
Carside,R-NSGA-II_eps0.05,5,47,27.923648066750143,3.8551983864443637,11.524761552095644
Carside,R-NSGA-II_eps0.05,5,47,28.07394710136306,3.8500614960612523,11.54754183035414
Carside,R-NSGA-II_eps0.05,5,47,27.92463916665421,3.8552142375566096,11.524680426680018
Carside,R-NSGA-II_eps0.05,5,47,28.002512862414587,3.8490312818554866,11.551943649265912
Carside,R-NSGA-II_eps0.05,5,47,27.923278950365088,3.8552436244057016,11.524761855894276
Carside,R-NSGA-II_eps0.05,5,47,28.121727200801566,3.8455480367382484,11.542178798329353
Carside,R-NSGA-II_eps0.05,5,47,27.924218063022632,3.85518704698156,11.524715271212198
Carside,R-NSGA-II_eps0.05,5,47,27.924233580542694,3.85518704698156,11.524713947612604
Carside,R-NSGA-II_eps0.05,5,47,27.797852990901465,3.8709785383913022,11.52468654439565
Carside,R-NSGA-II_eps0.05,5,47,27.924236459760017,3.855187045329521,11.524713057283892
Carside,R-NSGA-II_eps0.05,5,47,27.92324514488217,3.8552243913318796,11.524767206204725
Carside,R-NSGA-II_eps0.05,5,47,27.72684849077474,3.868249913156867,11.532651579390917
Carside,R-NSGA-II_eps0.05,5,47,27.92427566833691,3.8552445371160076,11.524678944821272
Carside,R-NSGA-II_eps0.05,5,47,27.92376932866663,3.855250740200065,11.524709957849499
Carside,R-NSGA-II_eps0.05,5,47,28.114726589759137,3.853650227904379,11.502675342529976
Carside,R-NSGA-II_eps0.05,5,47,27.823195327137334,3.8550154327562645,11.554828997493548
Carside,R-NSGA-II_eps0.05,5,47,27.92377008651164,3.8552507708303456,11.52470929544958
Carside,R-NSGA-II_eps0.05,5,47,27.924843854490096,3.8552322335167246,11.524641201769475
Carside,R-NSGA-II_eps0.05,5,47,28.002865010624156,3.867659934045949,11.503487699543179
Carside,R-NSGA-II_eps0.05,5,47,27.92407357318918,3.855250741098341,11.524683522444166
Carside,R-NSGA-II_eps0.05,5,47,27.923931691477527,3.8552862698658035,11.52467924317505
Carside,R-NSGA-II_eps0.05,5,47,27.77821560178035,3.8613408872990593,11.554854240272107
Carside,R-NSGA-II_eps0.05,5,47,27.924075036462526,3.855250741098341,11.524683351506948
Carside,R-NSGA-II_eps0.05,5,47,28.177727289026397,3.857244342087734,11.501916585577044
Carside,R-NSGA-II_eps0.05,5,47,27.92407520785858,3.855250741098341,11.52468330280351
Carside,R-NSGA-II_eps0.05,5,47,27.924095070363407,3.8552507708550086,11.524681612622409
Carside,R-NSGA-II_eps0.05,5,47,27.849904695942357,3.8769880030329174,11.520125010401394
Carside,R-NSGA-II_eps0.05,5,47,27.924097697235194,3.8552504832686965,11.524681519186919
Carside,R-NSGA-II_eps0.05,5,47,27.93216274118267,3.8496943629699834,11.561575442727044
Carside,R-NSGA-II_eps0.05,5,47,28.258900530324436,3.843275236098811,11.53167276757176
Carside,R-NSGA-II_eps0.05,5,47,27.92409533602011,3.85525077155137,11.524681526970795
Carside,R-NSGA-II_eps0.05,5,47,27.924095386509933,3.8552507708303456,11.524681523147017
Carside,R-NSGA-II_eps0.05,5,47,27.924096277516345,3.8552507708303456,11.524681447076585
Carside,R-NSGA-II_eps0.05,5,47,28.282558876127652,3.84307426331124,11.519664899540283
Carside,R-NSGA-II_eps0.05,5,47,27.924110614758774,3.8552507904205044,11.524680280678059
Carside,R-NSGA-II_eps0.05,5,47,27.924043706833416,3.8552545047472138,11.524683393854854
Carside,R-NSGA-II_eps0.05,5,47,28.288496638940096,3.846077403527573,11.508902242024535
Carside,R-NSGA-II_eps0.05,5,47,27.923989244919625,3.85525359844418,11.524684597468784
Carside,R-NSGA-II_eps0.05,5,47,27.924311045476138,3.855232220585773,11.524664991391539
Carside,R-NSGA-II_eps0.05,5,47,28.14196447569442,3.8681961256300212,11.497190860668955
Carside,R-NSGA-II_eps0.05,5,47,28.196898544067153,3.8636477354115972,11.495733076055938
Carside,R-NSGA-II_eps0.05,5,47,27.924311125415517,3.855232220585773,11.52466497060832
Carside,R-NSGA-II_eps0.05,5,47,27.923583672521396,3.855254217069021,11.524705002412585
Carside,R-NSGA-II_eps0.05,5,47,27.78917410978867,3.8538786230181743,11.56662491957761
Carside,R-NSGA-II_eps0.05,5,47,28.258902948711558,3.8550899378328634,11.496441061437622
Carside,R-NSGA-II_eps0.05,6,48,27.92779944815878,3.853014135562531,11.525298779877723
Carside,R-NSGA-II_eps0.05,6,48,27.877398589319103,3.8549948493613444,11.526190784998422
Carside,R-NSGA-II_eps0.05,6,48,27.924815429478166,3.8528862587320343,11.525589211097905
Carside,R-NSGA-II_eps0.05,6,48,27.92614840497763,3.8526010995705686,11.525450423727005
Carside,R-NSGA-II_eps0.05,6,48,27.924554989211078,3.8525889586691338,11.52569994152987
Carside,R-NSGA-II_eps0.05,6,48,27.92932574542876,3.8525090029623126,11.52535360605388
Carside,R-NSGA-II_eps0.05,6,48,27.929345913854313,3.8525092730526462,11.525347505748195
Carside,R-NSGA-II_eps0.05,6,48,27.928946242640308,3.8524722235819304,11.525453829793985
Carside,R-NSGA-II_eps0.05,6,48,27.929541539620594,3.852468078882653,11.525341686445431
Carside,R-NSGA-II_eps0.05,6,48,27.927357660535105,3.8524805489758687,11.525583587877694
Carside,R-NSGA-II_eps0.05,6,48,27.915012826774724,3.8528924877932584,11.525984090287416
Carside,R-NSGA-II_eps0.05,6,48,27.929840438962923,3.8524476115677824,11.525347505748195
Carside,R-NSGA-II_eps0.05,6,48,27.929871640005228,3.852446559120489,11.525347068575915
Carside,R-NSGA-II_eps0.05,6,48,27.93251013243142,3.852422175718726,11.525118451915949
Carside,R-NSGA-II_eps0.05,6,48,27.933237211040588,3.852415461377733,11.525061772894118
Carside,R-NSGA-II_eps0.05,6,48,27.932238616560756,3.8523346966923757,11.525581904651022
Carside,R-NSGA-II_eps0.05,6,48,27.93224152249337,3.8523345117076255,11.525581829086056
Carside,R-NSGA-II_eps0.05,6,48,27.933176067645483,3.8523432931218,11.525298964534462
Carside,R-NSGA-II_eps0.05,6,48,27.93317836061086,3.852343007215893,11.525298964534462
Carside,R-NSGA-II_eps0.05,6,48,27.933236278752624,3.852334768360951,11.52529966281518
Carside,R-NSGA-II_eps0.05,6,48,27.933238571718,3.852334482455044,11.52529966281518
Carside,R-NSGA-II_eps0.05,6,48,27.952206252932992,3.8523739688627656,11.519419003373233
Carside,R-NSGA-II_eps0.05,6,48,27.933681558260403,3.8523281841080785,11.525274711337023
Carside,R-NSGA-II_eps0.05,6,48,27.934977295614193,3.8523024946525233,11.525274881941396
Carside,R-NSGA-II_eps0.05,6,48,27.885941908613795,3.8530993338831894,11.532155235217797
Carside,R-NSGA-II_eps0.05,6,48,27.93693424105829,3.852281808142097,11.525019749367456
Carside,R-NSGA-II_eps0.05,6,48,27.929694949217534,3.8529534259641127,11.522883722485744
Carside,R-NSGA-II_eps0.05,6,48,27.93909040052535,3.8523786251701377,11.523799830872925
Carside,R-NSGA-II_eps0.05,6,48,27.93926177966231,3.852374020068808,11.5237968935024
Carside,R-NSGA-II_eps0.05,6,48,27.931988530471823,3.852954574737769,11.52244105869973
Carside,R-NSGA-II_eps0.05,6,48,27.932789836800897,3.8529074238592345,11.522458987800011
Carside,R-NSGA-II_eps0.05,6,48,27.93923752432612,3.8526499344926233,11.522599558376214
Carside,R-NSGA-II_eps0.05,6,48,27.93722458233856,3.8518417222012418,11.525301317717542
Carside,R-NSGA-II_eps0.05,6,48,27.932707921290252,3.8524380880452793,11.522981396375261
Carside,R-NSGA-II_eps0.05,6,48,27.916315701527985,3.852113818606676,11.526598435989637
Carside,R-NSGA-II_eps0.05,6,48,27.94231224678052,3.8518535468497275,11.524511272666587
Carside,R-NSGA-II_eps0.05,6,48,27.84752557344639,3.8585241889569946,11.526566874115698
Carside,R-NSGA-II_eps0.05,6,48,27.95035409513897,3.8517406458397088,11.525151223368521
Carside,R-NSGA-II_eps0.05,6,48,27.936569010294775,3.8602831116314342,11.515137738484151
Carside,R-NSGA-II_eps0.05,6,48,27.9140877207388,3.852128091851572,11.527116433648764
Carside,R-NSGA-II_eps0.05,6,48,27.937542221829204,3.850780921431499,11.539255608825489
Carside,R-NSGA-II_eps0.05,6,48,27.944333691376656,3.852041031050652,11.522828786419403
Carside,R-NSGA-II_eps0.05,6,48,28.03561947857923,3.8482735786065483,11.524560026940541
Carside,R-NSGA-II_eps0.05,6,48,27.895750765278414,3.8530266277079903,11.526494807988666
Carside,R-NSGA-II_eps0.05,6,48,27.895741726195418,3.85302693647786,11.526494922193693
Carside,R-NSGA-II_eps0.05,6,48,27.868579776244975,3.8529105949611147,11.542698347394436
Carside,R-NSGA-II_eps0.05,6,48,28.056935669521977,3.851549130065812,11.517789080911779
Carside,R-NSGA-II_eps0.05,6,48,27.89457711527472,3.8531188755894763,11.526467162016793
Carside,R-NSGA-II_eps0.05,6,48,27.824481173298285,3.8635569396216733,11.521294495206517
Carside,R-NSGA-II_eps0.05,6,48,27.89452241465731,3.8531207083201613,11.526463090597256
Carside,R-NSGA-II_eps0.05,6,48,27.899393391378513,3.8525652803601,11.526416420976282
Carside,R-NSGA-II_eps0.05,6,48,27.810086976584902,3.8637427897191667,11.534435262746815
Carside,R-NSGA-II_eps0.05,6,48,27.891980652343005,3.8531917898922536,11.526357874068593
Carside,R-NSGA-II_eps0.05,6,48,28.05928920429686,3.8463423506538295,11.53500913166527
Carside,R-NSGA-II_eps0.05,6,48,27.898957312102294,3.8525676850968495,11.526461857544005
Carside,R-NSGA-II_eps0.05,6,48,27.90129116416838,3.8531113205453504,11.523290730684458
Carside,R-NSGA-II_eps0.05,6,48,27.98270163609105,3.8474296596647144,11.545822577452451
Carside,R-NSGA-II_eps0.05,6,48,27.814197140738244,3.853392270908028,11.54451281232578
Carside,R-NSGA-II_eps0.05,6,48,27.904336350140294,3.8532051497588413,11.522559406011306
Carside,R-NSGA-II_eps0.05,6,48,27.90034769199175,3.8530649952394227,11.523506869148253
Carside,R-NSGA-II_eps0.05,6,48,27.90023547891726,3.8531560872190735,11.523279017141537
Carside,R-NSGA-II_eps0.05,6,48,28.001128631481528,3.864604841254452,11.506567519426628
Carside,R-NSGA-II_eps0.05,6,48,27.900226439844438,3.853156395629213,11.523278010820235
Carside,R-NSGA-II_eps0.05,6,48,28.113565521565135,3.846329368976636,11.52264326825565
Carside,R-NSGA-II_eps0.05,6,48,27.89983760533601,3.853127358867543,11.523322983014584
Carside,R-NSGA-II_eps0.05,6,48,27.89088324557052,3.8532003086633435,11.526445483173287
Carside,R-NSGA-II_eps0.05,6,48,27.89052667795545,3.851229944833309,11.55498398103241
Carside,R-NSGA-II_eps0.05,6,48,27.890302393345845,3.8531810458230984,11.52678623764804
Carside,R-NSGA-II_eps0.05,6,48,28.10279276595903,3.85401520950739,11.503803613441324
Carside,R-NSGA-II_eps0.05,6,48,27.890156776125142,3.8531814512369365,11.526877999571745
Carside,R-NSGA-II_eps0.05,6,48,27.89681128358493,3.852563879563744,11.526802954895832
Carside,R-NSGA-II_eps0.05,6,48,27.770379455705218,3.8678310502031934,11.526626398663279
Carside,R-NSGA-II_eps0.05,6,48,27.93430465866207,3.8708796917840975,11.505793714331212
Carside,R-NSGA-II_eps0.05,6,48,27.89792730945354,3.853183298908391,11.523375788250384
Carside,R-NSGA-II_eps0.05,6,48,27.89055628023805,3.8531190468490437,11.526807368608829
Carside,R-NSGA-II_eps0.05,6,48,28.11881771819484,3.861469041331293,11.498691590431957
Carside,R-NSGA-II_eps0.05,6,48,27.89656932880525,3.8531840159517947,11.523529555883247
Carside,R-NSGA-II_eps0.05,6,48,27.74128393917878,3.8572175483379656,11.556847879483445
Carside,R-NSGA-II_eps0.05,6,48,28.19552570390345,3.846850508738569,11.511255013486739
Carside,R-NSGA-II_eps0.05,6,48,27.894630306799623,3.8533209120049623,11.52355166544442
Carside,R-NSGA-II_eps0.05,6,48,27.795426727364397,3.8524136154056463,11.564241069707318
Carside,R-NSGA-II_eps0.05,6,48,27.8946303068067,3.8533209120049623,11.523550885885328
Carside,R-NSGA-II_eps0.05,6,48,27.895228447295402,3.8532463308957636,11.523551664595356
Carside,R-NSGA-II_eps0.05,6,48,28.212061295638925,3.842604624523604,11.53681695892386
Carside,R-NSGA-II_eps0.05,6,48,27.725224907428238,3.873726167287174,11.534108701275251
Carside,R-NSGA-II_eps0.05,6,48,27.895228447302475,3.8532463308957636,11.523550885471067
Carside,R-NSGA-II_eps0.05,6,48,27.895217616054293,3.853226752259484,11.523574257936332
Carside,R-NSGA-II_eps0.05,6,48,27.74206242689105,3.876161854913879,11.525305822807102
Carside,R-NSGA-II_eps0.05,6,48,27.894791373961475,3.853243479985821,11.523554468208012
Carside,R-NSGA-II_eps0.05,6,48,27.950213919354074,3.8772182318278055,11.503070114722277
Carside,R-NSGA-II_eps0.05,6,48,27.89478085535939,3.8532432775247343,11.523554508451378
Carside,R-NSGA-II_eps0.05,6,48,28.22051226474131,3.8484415958961624,11.498746458884826
Carside,R-NSGA-II_eps0.05,6,48,27.66859885236688,3.872665234699741,11.539855870125784
Carside,R-NSGA-II_eps0.05,6,48,27.89413388223757,3.8532487496320496,11.523666121017246
Carside,R-NSGA-II_eps0.05,6,48,28.254958364543345,3.841270186493814,11.518502162336667
Carside,R-NSGA-II_eps0.05,6,48,27.894402978513515,3.853248692947188,11.523590418784954
Carside,R-NSGA-II_eps0.05,6,48,27.920836307421894,3.8504728989681336,11.57718555692995
Carside,R-NSGA-II_eps0.05,6,48,27.89440669567725,3.853248692947188,11.523589362532164
Carside,R-NSGA-II_eps0.05,6,48,27.894406045455952,3.853248692947188,11.523589391829745
Carside,R-NSGA-II_eps0.05,6,48,27.71718593983021,3.8794912365858787,11.52279158998419
Carside,R-NSGA-II_eps0.05,7,49,27.92013967713549,3.853925455221824,11.523671825998782
Carside,R-NSGA-II_eps0.05,7,49,27.911771426358108,3.854053286242504,11.524279022625967
Carside,R-NSGA-II_eps0.05,7,49,27.91029703762669,3.854198881443311,11.524210066244521
Carside,R-NSGA-II_eps0.05,7,49,27.909928603153425,3.8541982293905255,11.524243216013717
Carside,R-NSGA-II_eps0.05,7,49,27.91450947654031,3.854126701247395,11.523736383335901
Carside,R-NSGA-II_eps0.05,7,49,27.91336099995783,3.854113733602373,11.523850276730808
Carside,R-NSGA-II_eps0.05,7,49,27.913880557798656,3.854094603842902,11.52381238252968
Carside,R-NSGA-II_eps0.05,7,49,27.915204919794053,3.8541136257415474,11.52366623711065
Carside,R-NSGA-II_eps0.05,7,49,27.915040825188736,3.854117952410745,11.523672602638737
Carside,R-NSGA-II_eps0.05,7,49,27.91295198615387,3.8541372026855076,11.523842169795111
Carside,R-NSGA-II_eps0.05,7,49,27.917481438116674,3.8540661392108366,11.5235266730517
Carside,R-NSGA-II_eps0.05,7,49,27.917483441774483,3.8540661392108366,11.52352610369779
Carside,R-NSGA-II_eps0.05,7,49,27.912904998836293,3.8541372026855076,11.523846171747993
Carside,R-NSGA-II_eps0.05,7,49,27.913479265577735,3.8541157684260035,11.523811699516632
Carside,R-NSGA-II_eps0.05,7,49,27.913497841746754,3.8541137219524493,11.523811605427845
Carside,R-NSGA-II_eps0.05,7,49,27.913497765428986,3.8541137219524493,11.523811611313716
Carside,R-NSGA-II_eps0.05,7,49,27.913495126098457,3.854113790805027,11.523811646069424
Carside,R-NSGA-II_eps0.05,7,49,27.91349475238077,3.8541157684260035,11.523807298829364
Carside,R-NSGA-II_eps0.05,7,49,27.910563226434746,3.8541700579141702,11.524039312098857
Carside,R-NSGA-II_eps0.05,7,49,27.910842400906365,3.8541879000525467,11.52398404549058
Carside,R-NSGA-II_eps0.05,7,49,27.985896213440967,3.8523619749483182,11.524377022164355
Carside,R-NSGA-II_eps0.05,7,49,27.918744496655037,3.8540627085814503,11.52340115383476
Carside,R-NSGA-II_eps0.05,7,49,27.870470640338386,3.8547587014338176,11.527255715014498
Carside,R-NSGA-II_eps0.05,7,49,27.919006918588497,3.854062706096043,11.523378751739298
Carside,R-NSGA-II_eps0.05,7,49,27.883398904261973,3.8583941114767453,11.523839058743665
Carside,R-NSGA-II_eps0.05,7,49,27.915214136726952,3.8541343819575684,11.523579461506019
Carside,R-NSGA-II_eps0.05,7,49,27.91923366074802,3.8540406171843675,11.523351602371882
Carside,R-NSGA-II_eps0.05,7,49,27.903336812535663,3.85425182058822,11.524887069146178
Carside,R-NSGA-II_eps0.05,7,49,27.928799126931104,3.851940280609401,11.536876742327546
Carside,R-NSGA-II_eps0.05,7,49,27.903336812536626,3.85425182058822,11.524886963707369
Carside,R-NSGA-II_eps0.05,7,49,28.02030567873889,3.8505095541938177,11.529845547189097
Carside,R-NSGA-II_eps0.05,7,49,27.903439924593833,3.854251761882483,11.524857739679737
Carside,R-NSGA-II_eps0.05,7,49,27.907972647120648,3.854198572409131,11.52421080679415
Carside,R-NSGA-II_eps0.05,7,49,27.937261380304193,3.854255556133587,11.515003017897747
Carside,R-NSGA-II_eps0.05,7,49,27.875983374569614,3.8544723415145463,11.537942218687917
Carside,R-NSGA-II_eps0.05,7,49,27.90645364484789,3.8542415540694903,11.524324481574219
Carside,R-NSGA-II_eps0.05,7,49,27.90288103028852,3.8542444023690066,11.524911714344507
Carside,R-NSGA-II_eps0.05,7,49,27.90275860656599,3.8542666147071967,11.524899265373044
Carside,R-NSGA-II_eps0.05,7,49,27.897716436248906,3.8593305174960304,11.515193883143038
Carside,R-NSGA-II_eps0.05,7,49,28.04223348817318,3.849568031278168,11.522963432953565
Carside,R-NSGA-II_eps0.05,7,49,27.90275860656677,3.8542666147071967,11.524899179691339
Carside,R-NSGA-II_eps0.05,7,49,28.02542584651936,3.8525284769242756,11.51532511656944
Carside,R-NSGA-II_eps0.05,7,49,27.905206738523358,3.8543583512814297,11.52433958845852
Carside,R-NSGA-II_eps0.05,7,49,27.904399670721862,3.854423793910581,11.524376261014218
Carside,R-NSGA-II_eps0.05,7,49,27.90537339138567,3.8543019293054313,11.524372014419969
Carside,R-NSGA-II_eps0.05,7,49,27.905357425433877,3.8543021292454984,11.524373553997453
Carside,R-NSGA-II_eps0.05,7,49,27.80296734882193,3.8555358341276893,11.536193214719745
Carside,R-NSGA-II_eps0.05,7,49,27.905870784239493,3.8542402698948326,11.524371507082249
Carside,R-NSGA-II_eps0.05,7,49,27.90453559712745,3.8543828200328316,11.524380887169436
Carside,R-NSGA-II_eps0.05,7,49,27.905402057296065,3.8542535807789564,11.524412405848249
Carside,R-NSGA-II_eps0.05,7,49,27.905350325292456,3.8542530381868763,11.524417136731927
Carside,R-NSGA-II_eps0.05,7,49,27.827217355357217,3.8635576710462995,11.524960506435239
Carside,R-NSGA-II_eps0.05,7,49,27.905342659555053,3.8542535807789564,11.52441734240529
Carside,R-NSGA-II_eps0.05,7,49,27.905414833655946,3.854255459920499,11.524403111104665
Carside,R-NSGA-II_eps0.05,7,49,27.905360728730955,3.854255459920499,11.524407713384644
Carside,R-NSGA-II_eps0.05,7,49,27.863779762115506,3.8540661392108366,11.543887206711478
Carside,R-NSGA-II_eps0.05,7,49,27.905335832863518,3.854257626239653,11.524404864363605
Carside,R-NSGA-II_eps0.05,7,49,27.90538645872833,3.854257447805536,11.524394600212087
Carside,R-NSGA-II_eps0.05,7,49,28.013087664305395,3.861023405572374,11.510374121788486
Carside,R-NSGA-II_eps0.05,7,49,27.90508574525145,3.8542392190091634,11.524462821272468
Carside,R-NSGA-II_eps0.05,7,49,27.905201686666715,3.8542603262254818,11.52441521333446
Carside,R-NSGA-II_eps0.05,7,49,28.092777186138477,3.848213796396536,11.520922251763869
Carside,R-NSGA-II_eps0.05,7,49,27.90516105223003,3.854256823490776,11.524424255779973
Carside,R-NSGA-II_eps0.05,7,49,27.8000135363914,3.8607553012955673,11.54120942522594
Carside,R-NSGA-II_eps0.05,7,49,27.905161052241112,3.854256823490776,11.524423039631355
Carside,R-NSGA-II_eps0.05,7,49,27.905446703000138,3.854244754794355,11.524394696427606
Carside,R-NSGA-II_eps0.05,7,49,27.978495422656593,3.8646868334488618,11.510770899239539
Carside,R-NSGA-II_eps0.05,7,49,27.905279603868284,3.854242297330616,11.524423040069951
Carside,R-NSGA-II_eps0.05,7,49,28.03832889087713,3.8494860096874723,11.544944757820172
Carside,R-NSGA-II_eps0.05,7,49,27.905177706259828,3.85424171524232,11.524439481727335
Carside,R-NSGA-II_eps0.05,7,49,27.905221296513016,3.8542441304795947,11.524423125475309
Carside,R-NSGA-II_eps0.05,7,49,27.91223195855442,3.8659616157049936,11.51083497045886
Carside,R-NSGA-II_eps0.05,7,49,27.904975629402603,3.854259799056564,11.524434546384153
Carside,R-NSGA-II_eps0.05,7,49,27.90493927065931,3.8542603287067236,11.524437577185363
Carside,R-NSGA-II_eps0.05,7,49,27.833853369640494,3.866921363932178,11.51603020892303
Carside,R-NSGA-II_eps0.05,7,49,27.821400861100425,3.854266768278088,11.548686913979022
Carside,R-NSGA-II_eps0.05,7,49,27.904932798714373,3.8542604844402235,11.524437755276153
Carside,R-NSGA-II_eps0.05,7,49,28.114425023473146,3.8572379264710244,11.509006831309762
Carside,R-NSGA-II_eps0.05,7,49,27.904890546888982,3.8542588848204766,11.524440455633613
Carside,R-NSGA-II_eps0.05,7,49,27.77672356558209,3.86752382662576,11.521998148706793
Carside,R-NSGA-II_eps0.05,7,49,27.904661401573584,3.854239267960447,11.524498586390969
Carside,R-NSGA-II_eps0.05,7,49,27.90463631438529,3.8542767734313714,11.524450912192545
Carside,R-NSGA-II_eps0.05,7,49,28.117244199695843,3.8517569943844294,11.507905110458106
Carside,R-NSGA-II_eps0.05,7,49,27.904895205633604,3.854244754794355,11.524450814143062
Carside,R-NSGA-II_eps0.05,7,49,28.056437163107404,3.863658841674279,11.504813843276574
Carside,R-NSGA-II_eps0.05,7,49,27.90464564899168,3.8542677649165116,11.52445570887493
Carside,R-NSGA-II_eps0.05,7,49,28.20307218077737,3.847701437361499,11.516798289987623
Carside,R-NSGA-II_eps0.05,7,49,27.94505497000105,3.84916980154165,11.557561195058579
Carside,R-NSGA-II_eps0.05,7,49,27.904640687510536,3.8542679399701805,11.52445568568568
Carside,R-NSGA-II_eps0.05,7,49,27.788434624536684,3.854242096661571,11.557653768426036
Carside,R-NSGA-II_eps0.05,7,49,27.90439238005404,3.854278128081736,11.524480195884614
Carside,R-NSGA-II_eps0.05,7,49,28.139279717173366,3.8514594852902415,11.499223597382322
Carside,R-NSGA-II_eps0.05,7,49,27.904753591558965,3.854241550105666,11.524470110419541
Carside,R-NSGA-II_eps0.05,7,49,27.904768615340895,3.8542411709983773,11.524467969290626
Carside,R-NSGA-II_eps0.05,7,49,27.72900551689246,3.8765803891263038,11.524175879314392
Carside,R-NSGA-II_eps0.05,7,49,27.904750954090964,3.8542423461956785,11.524469022994849
Carside,R-NSGA-II_eps0.05,7,49,27.76605436103276,3.8791602997581034,11.521754574430084
Carside,R-NSGA-II_eps0.05,7,49,27.90457391876622,3.854269474833491,11.52445736238446
Carside,R-NSGA-II_eps0.05,7,49,27.904611887786697,3.8542688549173034,11.524451757591706
Carside,R-NSGA-II_eps0.05,7,49,28.332109629077596,3.845967066696597,11.523970177675682
Carside,R-NSGA-II_eps0.05,8,50,27.893748659741654,3.8542010535218605,11.522399324099357
Carside,R-NSGA-II_eps0.05,8,50,27.97056022712669,3.852930497290808,11.519432903109092
Carside,R-NSGA-II_eps0.05,8,50,27.892048858556684,3.8542061616683765,11.522453862452137
Carside,R-NSGA-II_eps0.05,8,50,27.888600431879894,3.8542273867481867,11.522832653009417
Carside,R-NSGA-II_eps0.05,8,50,27.88870658182975,3.854197579772995,11.522840820320766
Carside,R-NSGA-II_eps0.05,8,50,27.887946857340467,3.854193503409149,11.52301112622531
Carside,R-NSGA-II_eps0.05,8,50,27.887965212977722,3.854191214676731,11.523010766759807
Carside,R-NSGA-II_eps0.05,8,50,27.912262549917795,3.852962239822715,11.521795376351918
Carside,R-NSGA-II_eps0.05,8,50,27.903636834663253,3.853047486115884,11.522995352251694
Carside,R-NSGA-II_eps0.05,8,50,27.90718690149389,3.852988661303868,11.522386619410074
Carside,R-NSGA-II_eps0.05,8,50,27.907443614023933,3.852985669567194,11.522332837662319
Carside,R-NSGA-II_eps0.05,8,50,27.901809229940604,3.8531979979623667,11.522398236251455
Carside,R-NSGA-II_eps0.05,8,50,27.88493119470683,3.854235269487345,11.523084139997657
Carside,R-NSGA-II_eps0.05,8,50,27.907598060502217,3.852964513609612,11.522334228087477
Carside,R-NSGA-II_eps0.05,8,50,27.89917767087985,3.8529984093549645,11.525637346874628
Carside,R-NSGA-II_eps0.05,8,50,27.89917767094895,3.8529984093549645,11.525629759743454
Carside,R-NSGA-II_eps0.05,8,50,27.903566422106675,3.853089231610393,11.522229545324041
Carside,R-NSGA-II_eps0.05,8,50,27.88366972096473,3.8542479899500957,11.523217139811244
Carside,R-NSGA-II_eps0.05,8,50,27.8898133452515,3.8545518992457444,11.520018121528237
Carside,R-NSGA-II_eps0.05,8,50,27.903404746684043,3.853067639041166,11.522249162470374
Carside,R-NSGA-II_eps0.05,8,50,27.894019192132834,3.853446503864729,11.522677548566142
Carside,R-NSGA-II_eps0.05,8,50,27.907526599319258,3.852573698361813,11.526030816543905
Carside,R-NSGA-II_eps0.05,8,50,27.892485534023916,3.853426567833473,11.523034592042492
Carside,R-NSGA-II_eps0.05,8,50,27.896069056083427,3.8529858270450377,11.526090294600523
Carside,R-NSGA-II_eps0.05,8,50,27.881250746861905,3.85430134560763,11.523391602217213
Carside,R-NSGA-II_eps0.05,8,50,27.881535838460064,3.8542466402631756,11.523409611996293
Carside,R-NSGA-II_eps0.05,8,50,27.88153583850435,3.8542466402631756,11.523404733795221
Carside,R-NSGA-II_eps0.05,8,50,27.846380182751396,3.8576733341795553,11.527047587885152
Carside,R-NSGA-II_eps0.05,8,50,27.895504424425752,3.8529951486253333,11.526093025981979
Carside,R-NSGA-II_eps0.05,8,50,27.86265526346717,3.8529860781278837,11.535409795278612
Carside,R-NSGA-II_eps0.05,8,50,27.890632798125,3.8534943306134313,11.523167799222419
Carside,R-NSGA-II_eps0.05,8,50,27.913320800382447,3.852787945126732,11.521233924204655
Carside,R-NSGA-II_eps0.05,8,50,27.895964611676266,3.8529598936989315,11.526199133663752
Carside,R-NSGA-II_eps0.05,8,50,27.895463431791953,3.852977572849688,11.52619970286535
Carside,R-NSGA-II_eps0.05,8,50,27.89527063227302,3.852984034549808,11.526202407816452
Carside,R-NSGA-II_eps0.05,8,50,27.89525324047296,3.8529860781278837,11.526146855677895
Carside,R-NSGA-II_eps0.05,8,50,27.880571255578253,3.8542670848895435,11.523446428028352
Carside,R-NSGA-II_eps0.05,8,50,27.869113420044002,3.860766122193486,11.517105121812051
Carside,R-NSGA-II_eps0.05,8,50,27.88069430686122,3.854246549924019,11.52344731718017
Carside,R-NSGA-II_eps0.05,8,50,27.880694306905507,3.854246549924019,11.5234424389791
Carside,R-NSGA-II_eps0.05,8,50,27.894706525366164,3.8529858270450377,11.52615156684538
Carside,R-NSGA-II_eps0.05,8,50,28.00230330797511,3.84879997180123,11.525734231575079
Carside,R-NSGA-II_eps0.05,8,50,27.89472116063633,3.852981994958977,11.526209743768064
Carside,R-NSGA-II_eps0.05,8,50,27.894580454666905,3.8529867107374245,11.52621109594114
Carside,R-NSGA-II_eps0.05,8,50,27.89304074228488,3.853054647222753,11.526239750420727
Carside,R-NSGA-II_eps0.05,8,50,27.99813554027453,3.8624308470029467,11.5115583871574
Carside,R-NSGA-II_eps0.05,8,50,27.895151260876357,3.8531881005029502,11.523012176258955
Carside,R-NSGA-II_eps0.05,8,50,27.894218469646457,3.8529928343168227,11.526238822103041
Carside,R-NSGA-II_eps0.05,8,50,27.892261370135145,3.853093282838914,11.526213983241764
Carside,R-NSGA-II_eps0.05,8,50,27.894060210285943,3.852995097911281,11.52625097974893
Carside,R-NSGA-II_eps0.05,8,50,28.09242823824057,3.8545998314341943,11.508384445867469
Carside,R-NSGA-II_eps0.05,8,50,27.89141810919496,3.8531281344756008,11.526405694868679
Carside,R-NSGA-II_eps0.05,8,50,27.880164256569998,3.854254148263396,11.523475509142962
Carside,R-NSGA-II_eps0.05,8,50,28.077669969200834,3.8479494839154977,11.520363168435752
Carside,R-NSGA-II_eps0.05,8,50,27.89943668679064,3.8542927784122343,11.517862563518793
Carside,R-NSGA-II_eps0.05,8,50,27.879562973439064,3.854293481558986,11.523496110849246
Carside,R-NSGA-II_eps0.05,8,50,27.800798315666558,3.8530277436384517,11.552688479109236
Carside,R-NSGA-II_eps0.05,8,50,27.88210794159315,3.853992516898248,11.52356985782778
Carside,R-NSGA-II_eps0.05,8,50,27.89344850496201,3.852990401184668,11.526423533777395
Carside,R-NSGA-II_eps0.05,8,50,27.80406247946984,3.864749346964198,11.522956050332041
Carside,R-NSGA-II_eps0.05,8,50,27.89334255472555,3.85299840873064,11.526123904907628
Carside,R-NSGA-II_eps0.05,8,50,27.8796109521452,3.8542567538657733,11.523454599648016
Carside,R-NSGA-II_eps0.05,8,50,27.877210005495208,3.8518927125927367,11.566332135053841
Carside,R-NSGA-II_eps0.05,8,50,27.877110074876402,3.854604339078823,11.523450307089506
Carside,R-NSGA-II_eps0.05,8,50,27.760759989808594,3.8590269976695,11.556227705644982
Carside,R-NSGA-II_eps0.05,8,50,27.881542692909537,3.854000595444364,11.523612664960485
Carside,R-NSGA-II_eps0.05,8,50,27.88167182901598,3.8539844936827783,11.523615028615506
Carside,R-NSGA-II_eps0.05,8,50,28.016684514970205,3.8452045881626638,11.554568183740232
Carside,R-NSGA-II_eps0.05,8,50,28.14690046531723,3.8493054851967443,11.50715042289919
Carside,R-NSGA-II_eps0.05,8,50,27.881461571171986,3.8539876589008535,11.523630060450927
Carside,R-NSGA-II_eps0.05,8,50,27.881415637628884,3.853992860594072,11.523622455320389
Carside,R-NSGA-II_eps0.05,8,50,27.881507442267736,3.8539765535413113,11.523661903383662
Carside,R-NSGA-II_eps0.05,8,50,27.920380862565366,3.868960731519619,11.516327314149413
Carside,R-NSGA-II_eps0.05,8,50,28.08385950979409,3.8646148515317167,11.498634745438135
Carside,R-NSGA-II_eps0.05,8,50,27.88177882367039,3.8538494626748414,11.523878450351692
Carside,R-NSGA-II_eps0.05,8,50,27.770890244699725,3.854388109776874,11.565814877547645
Carside,R-NSGA-II_eps0.05,8,50,28.171269125506885,3.8534183473015475,11.498701591836456
Carside,R-NSGA-II_eps0.05,8,50,27.882768874528395,3.853775149040762,11.523596390903506
Carside,R-NSGA-II_eps0.05,8,50,27.89648677885676,3.8532084902013746,11.521497569558733
Carside,R-NSGA-II_eps0.05,8,50,28.138466271212984,3.845116653900158,11.520348155921804
Carside,R-NSGA-II_eps0.05,8,50,27.885188198636097,3.8535452820034717,11.523760774792994
Carside,R-NSGA-II_eps0.05,8,50,27.876220217761546,3.854638891416084,11.52301195213483
Carside,R-NSGA-II_eps0.05,8,50,27.891090430773605,3.8529951486253333,11.526457846304718
Carside,R-NSGA-II_eps0.05,8,50,27.876013665233923,3.854665724075007,11.522992930504042
Carside,R-NSGA-II_eps0.05,8,50,27.928051139036032,3.8485974463500416,11.581497524176164
Carside,R-NSGA-II_eps0.05,8,50,27.88474413606344,3.8535508585596263,11.523580460731385
Carside,R-NSGA-II_eps0.05,8,50,27.88890002825265,3.853083236789569,11.526531071919063
Carside,R-NSGA-II_eps0.05,8,50,27.88926979208354,3.8532793850668012,11.523289523000129
Carside,R-NSGA-II_eps0.05,8,50,27.753313808655566,3.87092471847489,11.522943972646404
Carside,R-NSGA-II_eps0.05,8,50,27.887977894266804,3.853126231648599,11.52650034855668
Carside,R-NSGA-II_eps0.05,8,50,27.91881160648985,3.8532171526994268,11.517585804812228
Carside,R-NSGA-II_eps0.05,8,50,27.76361116577707,3.852058790105888,11.581443731660917
Carside,R-NSGA-II_eps0.05,8,50,28.298332879795296,3.8465461503253153,11.511311883489451
Carside,R-NSGA-II_eps0.05,8,50,27.971247461538347,3.852893349911423,11.519274908547379
Carside,R-NSGA-II_eps0.05,8,50,27.885950814278036,3.8534336169755554,11.523636842117988
Carside,R-NSGA-II_eps0.05,8,50,27.6731939807163,3.853707502815424,11.584900488979457
Carside,R-NSGA-II_eps0.05,8,50,28.289823547021182,3.85304522127387,11.486079333152983
Carside,R-NSGA-II_eps0.05,8,50,27.888436128122077,3.8530889646087774,11.526594276467218
Carside,R-NSGA-II_eps0.05,8,50,27.87432555786543,3.8545540187462515,11.523986635049475
Carside,R-NSGA-II_eps0.05,8,50,28.306053682575648,3.8472774410535515,11.492798726030445
Carside,R-NSGA-II_eps0.05,9,51,27.91371463102056,3.853998934627924,11.525174105610066
Carside,R-NSGA-II_eps0.05,9,51,27.911684686114853,3.8545893656548165,11.524314314818465
Carside,R-NSGA-II_eps0.05,9,51,27.91541736330259,3.8540936049147496,11.524458595222075
Carside,R-NSGA-II_eps0.05,9,51,27.915428272215966,3.854093535837147,11.524453047537484
Carside,R-NSGA-II_eps0.05,9,51,27.916099017812353,3.854108144448283,11.52428153856272
Carside,R-NSGA-II_eps0.05,9,51,27.915581973000233,3.8541113400366016,11.524311899168172
Carside,R-NSGA-II_eps0.05,9,51,27.915508245304178,3.8541138735194385,11.52431284377272
Carside,R-NSGA-II_eps0.05,9,51,27.915970629173454,3.854107081140635,11.524285114145625
Carside,R-NSGA-II_eps0.05,9,51,27.91565571870396,3.8541061173937305,11.524309527967631
Carside,R-NSGA-II_eps0.05,9,51,27.915932654585763,3.8541048263826263,11.524286541130035
Carside,R-NSGA-II_eps0.05,9,51,27.915790562837145,3.854107140516878,11.524293336843082
Carside,R-NSGA-II_eps0.05,9,51,27.91657404789956,3.8540977324501453,11.52424763011184
Carside,R-NSGA-II_eps0.05,9,51,27.916560705636563,3.8540977286359195,11.524248233391976
Carside,R-NSGA-II_eps0.05,9,51,27.91588019842364,3.8541058589494095,11.524286537312275
Carside,R-NSGA-II_eps0.05,9,51,27.99204063938146,3.8522730575459843,11.521912222295398
Carside,R-NSGA-II_eps0.05,9,51,27.916581409627547,3.854096859550654,11.524244116854835
Carside,R-NSGA-II_eps0.05,9,51,27.84901613426071,3.855251845984354,11.5293195794837
Carside,R-NSGA-II_eps0.05,9,51,27.916583276454787,3.8540966322970087,11.52424187827726
Carside,R-NSGA-II_eps0.05,9,51,27.91602512794312,3.8540936495868277,11.524285735416392
Carside,R-NSGA-II_eps0.05,9,51,27.91660279951387,3.8540971955825802,11.5242373594796
Carside,R-NSGA-II_eps0.05,9,51,27.916593656298335,3.8540971955825802,11.524237770492956
Carside,R-NSGA-II_eps0.05,9,51,27.916821673877223,3.854094013945399,11.524225814252688
Carside,R-NSGA-II_eps0.05,9,51,27.888152294759585,3.8592492899805255,11.521089741159757
Carside,R-NSGA-II_eps0.05,9,51,27.916826186582085,3.854093869180277,11.524225664758445
Carside,R-NSGA-II_eps0.05,9,51,27.989809633400625,3.8522730575459843,11.534496120900625
Carside,R-NSGA-II_eps0.05,9,51,27.91682278575174,3.8540968686104637,11.524221056388962
Carside,R-NSGA-II_eps0.05,9,51,27.91680944348875,3.85409686479622,11.524221659670753
Carside,R-NSGA-II_eps0.05,9,51,27.9168871384958,3.8540959886337296,11.524217029726607
Carside,R-NSGA-II_eps0.05,9,51,27.916629227182188,3.854096831467265,11.524232842691323
Carside,R-NSGA-II_eps0.05,9,51,27.91661926784176,3.8540968616479745,11.524232175045126
Carside,R-NSGA-II_eps0.05,9,51,27.916957532317117,3.8540913672289348,11.524215389674147
Carside,R-NSGA-II_eps0.05,9,51,27.916543889185927,3.8540995595177048,11.524233718766633
Carside,R-NSGA-II_eps0.05,9,51,27.945736475056897,3.854109109605227,11.516217029096332
Carside,R-NSGA-II_eps0.05,9,51,27.91685078164563,3.854091882434557,11.52422126764279
Carside,R-NSGA-II_eps0.05,9,51,27.916850129781878,3.854091904364819,11.524221276778071
Carside,R-NSGA-II_eps0.05,9,51,27.86667975360709,3.8541100198122074,11.538216828522936
Carside,R-NSGA-II_eps0.05,9,51,27.91661868609235,3.854096881219962,11.524230421240222
Carside,R-NSGA-II_eps0.05,9,51,27.916622120809848,3.85409686479622,11.524230067044837
Carside,R-NSGA-II_eps0.05,9,51,27.916662224895585,3.8540959582821532,11.524226802505876
Carside,R-NSGA-II_eps0.05,9,51,27.916721700539536,3.8540856546714664,11.524232036977768
Carside,R-NSGA-II_eps0.05,9,51,27.917485696397662,3.85410476747898,11.52415440879479
Carside,R-NSGA-II_eps0.05,9,51,27.917544951538073,3.854106653168136,11.524147872922224
Carside,R-NSGA-II_eps0.05,9,51,27.917523711761586,3.854104605000405,11.524151481593218
Carside,R-NSGA-II_eps0.05,9,51,27.835822346127113,3.8641110865231014,11.524247398647713
Carside,R-NSGA-II_eps0.05,9,51,27.917523081651865,3.8541046279811373,11.524151488780651
Carside,R-NSGA-II_eps0.05,9,51,28.08151076665949,3.8513813362021185,11.517689926560504
Carside,R-NSGA-II_eps0.05,9,51,27.917528439414323,3.854104537093933,11.524151127388812
Carside,R-NSGA-II_eps0.05,9,51,27.917528536025678,3.8541045357025223,11.524151120205248
Carside,R-NSGA-II_eps0.05,9,51,28.02394904343828,3.852955409502763,11.51074007588078
Carside,R-NSGA-II_eps0.05,9,51,27.917528536730426,3.8541045357025223,11.52415112000499
Carside,R-NSGA-II_eps0.05,9,51,27.917513247381198,3.854105130702899,11.524151269393732
Carside,R-NSGA-II_eps0.05,9,51,27.917231652581677,3.854125671261878,11.524144161252593
Carside,R-NSGA-II_eps0.05,9,51,27.917301959896953,3.854125868680178,11.524138150358224
Carside,R-NSGA-II_eps0.05,9,51,27.841976262998617,3.854106947345782,11.545338486555787
Carside,R-NSGA-II_eps0.05,9,51,27.917309685507817,3.854125671261878,11.524137842357698
Carside,R-NSGA-II_eps0.05,9,51,27.76038646874326,3.8660991019249122,11.529317204148263
Carside,R-NSGA-II_eps0.05,9,51,27.91717264092719,3.854081020454121,11.524202183869495
Carside,R-NSGA-II_eps0.05,9,51,28.13796750527992,3.845821016321355,11.528269902296824
Carside,R-NSGA-II_eps0.05,9,51,27.91716480528735,3.8540814150175997,11.524202160391052
Carside,R-NSGA-II_eps0.05,9,51,27.789594005048365,3.8610363539287107,11.545024413845447
Carside,R-NSGA-II_eps0.05,9,51,27.91440281573717,3.8542649587059272,11.524176500715406
Carside,R-NSGA-II_eps0.05,9,51,28.153195659124968,3.846138040764002,11.520917799194631
Carside,R-NSGA-II_eps0.05,9,51,27.917616863791483,3.8541221188353925,11.524116380437283
Carside,R-NSGA-II_eps0.05,9,51,28.12122082986209,3.8511711533044295,11.508724846551925
Carside,R-NSGA-II_eps0.05,9,51,27.91806832660255,3.854106632945332,11.524103704564345
Carside,R-NSGA-II_eps0.05,9,51,27.842492668683448,3.8704536092559962,11.519336470258121
Carside,R-NSGA-II_eps0.05,9,51,27.916555514365875,3.854097931455212,11.524215236542842
Carside,R-NSGA-II_eps0.05,9,51,27.977257520749692,3.8489086180970133,11.550183636621878
Carside,R-NSGA-II_eps0.05,9,51,27.916917770498838,3.854062041946927,11.524236111663194
Carside,R-NSGA-II_eps0.05,9,51,27.917649713539927,3.854089974298517,11.524148715788183
Carside,R-NSGA-II_eps0.05,9,51,27.918130653969552,3.854097759327384,11.524107536530709
Carside,R-NSGA-II_eps0.05,9,51,27.918302245306304,3.8541100198122074,11.524080621979085
Carside,R-NSGA-II_eps0.05,9,51,27.848330138445455,3.8531192503077123,11.552661731203042
Carside,R-NSGA-II_eps0.05,9,51,27.917123304719784,3.8540946446021227,11.524176256133387
Carside,R-NSGA-II_eps0.05,9,51,27.777278013234618,3.87164671279518,11.524239031828312
Carside,R-NSGA-II_eps0.05,9,51,27.918112252232017,3.854099145276148,11.524105325200502
Carside,R-NSGA-II_eps0.05,9,51,27.91734278577246,3.8540946446021227,11.524157600293135
Carside,R-NSGA-II_eps0.05,9,51,28.14748808375991,3.8555591098391435,11.504031706726034
Carside,R-NSGA-II_eps0.05,9,51,28.251015202250134,3.847842705237913,11.517658835359601
Carside,R-NSGA-II_eps0.05,9,51,27.917215721857396,3.854098459839606,11.524160786717545
Carside,R-NSGA-II_eps0.05,9,51,27.91824682010289,3.854097221245481,11.524095106012611
Carside,R-NSGA-II_eps0.05,9,51,27.917342785783674,3.8540946446021227,11.524156369762924
Carside,R-NSGA-II_eps0.05,9,51,27.917183301521366,3.854095035003552,11.52416432158195
Carside,R-NSGA-II_eps0.05,9,51,27.796357873851818,3.854099719922942,11.558200288031715
Carside,R-NSGA-II_eps0.05,9,51,27.91854437684471,3.8540960519873244,11.524074107611465
Carside,R-NSGA-II_eps0.05,9,51,27.918546692523044,3.854096054095585,11.524072779790753
Carside,R-NSGA-II_eps0.05,9,51,27.95129547604928,3.873771086788178,11.507751375088679
Carside,R-NSGA-II_eps0.05,9,51,27.918547008695406,3.854081443366069,11.524084613213056
Carside,R-NSGA-II_eps0.05,9,51,27.918772853312813,3.8540943178444116,11.524054543915666
Carside,R-NSGA-II_eps0.05,9,51,27.745307168312863,3.861347365638004,11.556802343401237
Carside,R-NSGA-II_eps0.05,9,51,27.91877233857763,3.854094232367873,11.524054642746222
Carside,R-NSGA-II_eps0.05,9,51,27.729577277873894,3.8773290225099477,11.524238699731221
Carside,R-NSGA-II_eps0.05,9,51,27.918683495913953,3.8540952424892785,11.524058372606564
Carside,R-NSGA-II_eps0.05,9,51,28.255272889115048,3.8519489302093715,11.499984634640342
Carside,R-NSGA-II_eps0.05,9,51,27.759979232723772,3.854060502696556,11.56863396681483
Carside,R-NSGA-II_eps0.05,9,51,27.918720665956304,3.8540953101799964,11.52405522879282
Carside,R-NSGA-II_eps0.05,9,51,27.694943521788115,3.8816298774420765,11.524284167557674
Carside,R-NSGA-II_eps0.05,9,51,27.918701442446295,3.8540907270793117,11.524060607683625
Carside,R-NSGA-II_eps0.05,9,51,27.918977012818672,3.854094523027452,11.524038351507325
Carside,R-NSGA-II_eps0.05,9,51,28.397779192612543,3.8383409129354416,11.515941250362271
Carside,R-NSGA-II_eps0.05,10,52,27.93961402059129,3.8545528857994777,11.521334523894303
Carside,R-NSGA-II_eps0.05,10,52,27.94476937752348,3.853388936043618,11.52276025802051
Carside,R-NSGA-II_eps0.05,10,52,27.894245521323814,3.8554308684426966,11.523092415111176
Carside,R-NSGA-II_eps0.05,10,52,27.907735541757816,3.8537511318119404,11.522788950653531
Carside,R-NSGA-II_eps0.05,10,52,27.907249953714338,3.8537484637801884,11.522864652706811
Carside,R-NSGA-II_eps0.05,10,52,27.913362434322448,3.853834285415084,11.521794925412681
Carside,R-NSGA-II_eps0.05,10,52,27.913371438582537,3.853866818479587,11.521725596218946
Carside,R-NSGA-II_eps0.05,10,52,27.915930404831276,3.8538271837870317,11.521538731919975
Carside,R-NSGA-II_eps0.05,10,52,27.903076604102345,3.8538707610484106,11.523109376226973
Carside,R-NSGA-II_eps0.05,10,52,27.90038294619533,3.853868957082711,11.523365619398248
Carside,R-NSGA-II_eps0.05,10,52,27.900714291452815,3.8538397681475796,11.523268216603523
Carside,R-NSGA-II_eps0.05,10,52,27.90234947968546,3.853710458392018,11.523242070613588
Carside,R-NSGA-II_eps0.05,10,52,27.892964593339556,3.854425982648954,11.523595260193916
Carside,R-NSGA-II_eps0.05,10,52,27.87613091650188,3.8546200303669322,11.5238416327578
Carside,R-NSGA-II_eps0.05,10,52,27.899679126740438,3.8538397681475796,11.523380177754
Carside,R-NSGA-II_eps0.05,10,52,27.897890376399605,3.8539036813902277,11.523527901283877
Carside,R-NSGA-II_eps0.05,10,52,27.89782751920375,3.8539029090235273,11.523534394918851
Carside,R-NSGA-II_eps0.05,10,52,27.8978275192096,3.8539029090235273,11.523533750638085
Carside,R-NSGA-II_eps0.05,10,52,27.897926416171025,3.8538938986716946,11.523531036225748
Carside,R-NSGA-II_eps0.05,10,52,27.897927238281483,3.8538938986716946,11.523530813175316
Carside,R-NSGA-II_eps0.05,10,52,27.89792723739678,3.8538938987012306,11.523530813187726
Carside,R-NSGA-II_eps0.05,10,52,27.897927238281486,3.8538938986716946,11.52353081296141
Carside,R-NSGA-II_eps0.05,10,52,27.899128734350295,3.8538387514567587,11.523406189392848
Carside,R-NSGA-II_eps0.05,10,52,27.89912940040733,3.8538386759900756,11.523405847724955
Carside,R-NSGA-II_eps0.05,10,52,27.86596102126618,3.8539029090379664,11.532587225502077
Carside,R-NSGA-II_eps0.05,10,52,27.897854661893366,3.8538939045005307,11.523536813994458
Carside,R-NSGA-II_eps0.05,10,52,27.89785003679579,3.8538939045005307,11.523536991647418
Carside,R-NSGA-II_eps0.05,10,52,27.89778859116345,3.853893920069043,11.523536038091898
Carside,R-NSGA-II_eps0.05,10,52,27.897603632430464,3.853894191578644,11.523551261225819
Carside,R-NSGA-II_eps0.05,10,52,27.9505010704422,3.859751088132157,11.515038089091604
Carside,R-NSGA-II_eps0.05,10,52,27.897492695415774,3.853902575823797,11.523553268838308
Carside,R-NSGA-II_eps0.05,10,52,27.897647960115066,3.853894125019033,11.523539635142738
Carside,R-NSGA-II_eps0.05,10,52,28.019017090958293,3.8498326446872966,11.521850686157187
Carside,R-NSGA-II_eps0.05,10,52,27.8974862821441,3.8539026683956634,11.523553754587088
Carside,R-NSGA-II_eps0.05,10,52,28.016504309383947,3.851876118204418,11.514793550025754
Carside,R-NSGA-II_eps0.05,10,52,27.897890048394792,3.8538696130740764,11.523546580224046
Carside,R-NSGA-II_eps0.05,10,52,27.89788022948501,3.8538736434525847,11.523535591914772
Carside,R-NSGA-II_eps0.05,10,52,27.897942110556155,3.8538658069649365,11.523540326927462
Carside,R-NSGA-II_eps0.05,10,52,27.89753704489779,3.853895002419552,11.523544075115872
Carside,R-NSGA-II_eps0.05,10,52,27.831180469118443,3.8617711545156386,11.523837167107033
Carside,R-NSGA-II_eps0.05,10,52,27.897801369948645,3.8538696130740764,11.52355297633271
Carside,R-NSGA-II_eps0.05,10,52,28.023735703177604,3.8483645063083283,11.533325458970051
Carside,R-NSGA-II_eps0.05,10,52,27.87341741622108,3.8529460540867633,11.546305950235677
Carside,R-NSGA-II_eps0.05,10,52,27.89775978803348,3.853875344554922,11.52354525089496
Carside,R-NSGA-II_eps0.05,10,52,27.897394319227324,3.8539029090235273,11.523550972246332
Carside,R-NSGA-II_eps0.05,10,52,27.897673132565014,3.8538765591775874,11.523559291905862
Carside,R-NSGA-II_eps0.05,10,52,27.90257993830612,3.864271810132427,11.516618152059678
Carside,R-NSGA-II_eps0.05,10,52,27.897728793557672,3.853869618904189,11.523559291905862
Carside,R-NSGA-II_eps0.05,10,52,27.897369146986858,3.853890568237449,11.523575374828436
Carside,R-NSGA-II_eps0.05,10,52,27.89737492392087,3.8538950333751667,11.523558031323114
Carside,R-NSGA-II_eps0.05,10,52,27.897332146729738,3.8538945809340714,11.523561467726548
Carside,R-NSGA-II_eps0.05,10,52,27.970225163434748,3.848528995328498,11.545020331158277
Carside,R-NSGA-II_eps0.05,10,52,28.014895330319586,3.8634993640344963,11.511567194608743
Carside,R-NSGA-II_eps0.05,10,52,27.897323315232512,3.8538950342128357,11.523560559590521
Carside,R-NSGA-II_eps0.05,10,52,27.89731302836704,3.8538954327426964,11.523560982871242
Carside,R-NSGA-II_eps0.05,10,52,28.11402929671454,3.8500944329514435,11.516027617226385
Carside,R-NSGA-II_eps0.05,10,52,27.897396157560394,3.8538840700956603,11.52357335895628
Carside,R-NSGA-II_eps0.05,10,52,27.89729068126146,3.8538950298463464,11.523562100318642
Carside,R-NSGA-II_eps0.05,10,52,28.092662228012138,3.858580156051423,11.505054874185115
Carside,R-NSGA-II_eps0.05,10,52,27.897290779910563,3.8538950342128357,11.523562036122858
Carside,R-NSGA-II_eps0.05,10,52,28.107835804542418,3.8468858214586787,11.52058711049126
Carside,R-NSGA-II_eps0.05,10,52,27.89734503992799,3.853884339061353,11.523577123616896
Carside,R-NSGA-II_eps0.05,10,52,28.11307322592625,3.8538938983647157,11.50538288022979
Carside,R-NSGA-II_eps0.05,10,52,27.89948716726618,3.8538939970723973,11.523071496923865
Carside,R-NSGA-II_eps0.05,10,52,27.89724730094901,3.8538950342128357,11.52356708304025
Carside,R-NSGA-II_eps0.05,10,52,28.10280557407396,3.8456046321866992,11.532257145874684
Carside,R-NSGA-II_eps0.05,10,52,27.897409010008598,3.853873027979206,11.523583255245013
Carside,R-NSGA-II_eps0.05,10,52,27.83478934788629,3.8684483074115317,11.521195960740467
Carside,R-NSGA-II_eps0.05,10,52,27.897428417181402,3.8538690165125047,11.523570841214013
Carside,R-NSGA-II_eps0.05,10,52,28.083246393506073,3.864271810132427,11.50137790523614
Carside,R-NSGA-II_eps0.05,10,52,27.897899232526598,3.853931226528627,11.523282268692535
Carside,R-NSGA-II_eps0.05,10,52,27.897023437593848,3.8538950944948627,11.523588670261823
Carside,R-NSGA-II_eps0.05,10,52,27.775077312155844,3.868973950152872,11.523712572706273
Carside,R-NSGA-II_eps0.05,10,52,27.89783865242751,3.853930845716507,11.523287632539235
Carside,R-NSGA-II_eps0.05,10,52,27.758874831407983,3.8537403919449393,11.562804380965485
Carside,R-NSGA-II_eps0.05,10,52,27.896708455658782,3.853886515769662,11.523663789290035
Carside,R-NSGA-II_eps0.05,10,52,27.898406610093577,3.853780951544655,11.523557367518112
Carside,R-NSGA-II_eps0.05,10,52,27.83563088155055,3.8719439792904637,11.513648023051609
Carside,R-NSGA-II_eps0.05,10,52,27.898816141181538,3.8537502817154055,11.523546165710933
Carside,R-NSGA-II_eps0.05,10,52,28.18889159905655,3.849898528094011,11.500864183395123
Carside,R-NSGA-II_eps0.05,10,52,27.897010026709015,3.854093888304532,11.523019847646907
Carside,R-NSGA-II_eps0.05,10,52,27.89870465297266,3.853749500838328,11.52355573638203
Carside,R-NSGA-II_eps0.05,10,52,28.221756730065263,3.8611959184590745,11.499281212419053
Carside,R-NSGA-II_eps0.05,10,52,28.242914126327733,3.848911284365443,11.497401084699678
Carside,R-NSGA-II_eps0.05,10,52,27.897018197663378,3.854092565842662,11.523019954630243
Carside,R-NSGA-II_eps0.05,10,52,27.897103926983252,3.854089118335433,11.523002008956123
Carside,R-NSGA-II_eps0.05,10,52,28.267407381763018,3.854233179307029,11.491525593410051
Carside,R-NSGA-II_eps0.05,10,52,27.898066961480673,3.8537795089633042,11.52360352334833
Carside,R-NSGA-II_eps0.05,10,52,28.10964744514701,3.8435071053039693,11.575901428396794
Carside,R-NSGA-II_eps0.05,10,52,27.89707560559041,3.8539430608084357,11.523344687355692
Carside,R-NSGA-II_eps0.05,10,52,27.84421247153715,3.8500183376074277,11.585951687693498
Carside,R-NSGA-II_eps0.05,10,52,27.896087313418036,3.853889215687515,11.523672943135011
Carside,R-NSGA-II_eps0.05,10,52,27.624234088982146,3.877158694276861,11.546941800531616
Carside,R-NSGA-II_eps0.05,10,52,27.896218364205133,3.853891584162926,11.52362824309021
Carside,R-NSGA-II_eps0.05,10,52,27.89589666793405,3.8538930686996187,11.5237036197279
Carside,R-NSGA-II_eps0.05,10,52,27.656236999770588,3.85409737255489,11.590610608837515
Carside,R-NSGA-II_eps0.05,10,52,27.896260658150727,3.853888782751995,11.523620830132657
Carside,R-NSGA-II_eps0.05,10,52,27.66790033098531,3.882566515198202,11.523536813862528
Carside,R-NSGA-II_eps0.05,10,52,27.89651689046049,3.854086949137695,11.523037002105587
Carside,R-NSGA-II_eps0.05,10,52,28.415070229935285,3.846426737407485,11.48436291922334
Carside,R-NSGA-II_eps0.05,11,53,27.940493199745866,3.8533569627481636,11.522553335334138
Carside,R-NSGA-II_eps0.05,11,53,27.96909453534378,3.850774760113182,11.529417697746378
Carside,R-NSGA-II_eps0.05,11,53,27.94282670580586,3.853269540909471,11.522562497383241
Carside,R-NSGA-II_eps0.05,11,53,27.942208654418717,3.8533408653784944,11.522527935339038
Carside,R-NSGA-II_eps0.05,11,53,27.942712104936415,3.8532814253941563,11.522527381621593
Carside,R-NSGA-II_eps0.05,11,53,27.883112010639184,3.8540773346452624,11.527177781806756
Carside,R-NSGA-II_eps0.05,11,53,27.942713342107705,3.8532776131965574,11.522527972097226
Carside,R-NSGA-II_eps0.05,11,53,27.94296464682461,3.8532695430775052,11.522526906943476
Carside,R-NSGA-II_eps0.05,11,53,27.94299806412424,3.8532695430775052,11.52252540785757
Carside,R-NSGA-II_eps0.05,11,53,27.881633474044005,3.854264692058769,11.527177007958429
Carside,R-NSGA-II_eps0.05,11,53,27.945054326990036,3.8532503069136492,11.522391388948657
Carside,R-NSGA-II_eps0.05,11,53,27.901762511159518,3.8534067627571025,11.52344204226575
Carside,R-NSGA-II_eps0.05,11,53,27.91243884508942,3.853600920191573,11.522700272801487
Carside,R-NSGA-II_eps0.05,11,53,27.909918941898848,3.853657369727272,11.522793548411393
Carside,R-NSGA-II_eps0.05,11,53,27.910666269045983,3.853658395965249,11.522722709216941
Carside,R-NSGA-II_eps0.05,11,53,27.91066630110233,3.853658395965249,11.522722700107895
Carside,R-NSGA-II_eps0.05,11,53,27.877953551940035,3.854256792669076,11.52717765711737
Carside,R-NSGA-II_eps0.05,11,53,27.907490357304,3.8537645539788783,11.52276463949946
Carside,R-NSGA-II_eps0.05,11,53,27.903603471018826,3.853301365937771,11.523066546637324
Carside,R-NSGA-II_eps0.05,11,53,27.919455758339623,3.8525624496692865,11.522722706693893
Carside,R-NSGA-II_eps0.05,11,53,27.88912237025327,3.8533588714935423,11.524093251434365
Carside,R-NSGA-II_eps0.05,11,53,27.90477481540343,3.853177846645938,11.522868903081052
Carside,R-NSGA-II_eps0.05,11,53,27.8513432566218,3.8548177642860053,11.526265988254412
Carside,R-NSGA-II_eps0.05,11,53,27.905276053094685,3.8529749075032673,11.522923931909009
Carside,R-NSGA-II_eps0.05,11,53,27.897941584124812,3.854110354965278,11.522864160484307
Carside,R-NSGA-II_eps0.05,11,53,27.897371244552343,3.854110924130254,11.522894094131996
Carside,R-NSGA-II_eps0.05,11,53,27.89706437979103,3.8541111540806177,11.522914167653177
Carside,R-NSGA-II_eps0.05,11,53,27.89727360242764,3.8541110149540865,11.522896425139493
Carside,R-NSGA-II_eps0.05,11,53,27.897272493721456,3.8541111531967553,11.522896422616443
Carside,R-NSGA-II_eps0.05,11,53,27.896936157074904,3.854113212105313,11.52291938972806
Carside,R-NSGA-II_eps0.05,11,53,27.8969304960988,3.8541163184437677,11.522918528340202
Carside,R-NSGA-II_eps0.05,11,53,27.89724588413088,3.85411512097642,11.52289604971671
Carside,R-NSGA-II_eps0.05,11,53,27.89699483403424,3.8541137047001026,11.522913057048962
Carside,R-NSGA-II_eps0.05,11,53,28.01594216949798,3.8501680953227226,11.520914336940283
Carside,R-NSGA-II_eps0.05,11,53,27.896753441021087,3.8541226553310812,11.522920837050092
Carside,R-NSGA-II_eps0.05,11,53,27.881625168817482,3.85354922359086,11.536021738971465
Carside,R-NSGA-II_eps0.05,11,53,27.89674253751196,3.8541238446353465,11.522919822315878
Carside,R-NSGA-II_eps0.05,11,53,27.896739670624108,3.85412420210266,11.522919822315878
Carside,R-NSGA-II_eps0.05,11,53,27.950261893535693,3.8593877849315352,11.51478374627181
Carside,R-NSGA-II_eps0.05,11,53,27.896743393385776,3.854123942772808,11.522919605889768
Carside,R-NSGA-II_eps0.05,11,53,27.808615623087693,3.865147303103017,11.52290816767717
Carside,R-NSGA-II_eps0.05,11,53,27.88875002655093,3.8541112275577354,11.523613747633338
Carside,R-NSGA-II_eps0.05,11,53,27.897095278207654,3.8541172498221776,11.522888030061582
Carside,R-NSGA-II_eps0.05,11,53,27.89706875428514,3.8541179700122985,11.522889517449059
Carside,R-NSGA-II_eps0.05,11,53,27.89708658712243,3.854117227343215,11.522888300093298
Carside,R-NSGA-II_eps0.05,11,53,27.897087205462828,3.854115720410889,11.522888131646294
Carside,R-NSGA-II_eps0.05,11,53,27.897088179359244,3.8541175537100902,11.522887428614641
Carside,R-NSGA-II_eps0.05,11,53,27.896784407331996,3.8541170975383676,11.522897496183797
Carside,R-NSGA-II_eps0.05,11,53,28.033990172025828,3.852475588815515,11.512252419627266
Carside,R-NSGA-II_eps0.05,11,53,27.893534584877003,3.854167242602264,11.523121401007447
Carside,R-NSGA-II_eps0.05,11,53,27.89635544097211,3.8541590597173987,11.522903178796597
Carside,R-NSGA-II_eps0.05,11,53,27.896360544207766,3.8541590597173987,11.522902746694339
Carside,R-NSGA-II_eps0.05,11,53,28.13599735661097,3.845181419843063,11.52707897397796
Carside,R-NSGA-II_eps0.05,11,53,28.11329417920464,3.848033076610489,11.5161483680886
Carside,R-NSGA-II_eps0.05,11,53,27.896361215271952,3.8541590501425653,11.522902684585075
Carside,R-NSGA-II_eps0.05,11,53,27.896372685264545,3.8541590501425653,11.522901717981748
Carside,R-NSGA-II_eps0.05,11,53,27.913028845006046,3.8680715436517,11.511892838195147
Carside,R-NSGA-II_eps0.05,11,53,27.896259057463592,3.854159400506095,11.522909602332595
Carside,R-NSGA-II_eps0.05,11,53,27.761905292090344,3.865147303103017,11.536008047491954
Carside,R-NSGA-II_eps0.05,11,53,27.89626192250784,3.8541593705865997,11.522909379995479
Carside,R-NSGA-II_eps0.05,11,53,28.13029950436387,3.8463164527336637,11.537487468726177
Carside,R-NSGA-II_eps0.05,11,53,27.89625989088961,3.854159620632667,11.522909382243725
Carside,R-NSGA-II_eps0.05,11,53,27.896260864786036,3.8541614539318707,11.5229086792137
Carside,R-NSGA-II_eps0.05,11,53,27.896328083876135,3.8541597373528624,11.52290413346455
Carside,R-NSGA-II_eps0.05,11,53,27.896272096162853,3.8541592757572984,11.52290821365962
Carside,R-NSGA-II_eps0.05,11,53,27.89631190592015,3.854158971457644,11.522904969037402
Carside,R-NSGA-II_eps0.05,11,53,27.75606220516693,3.8715754842969776,11.522931500148385
Carside,R-NSGA-II_eps0.05,11,53,27.896311419039574,3.8541595327363005,11.5229046005297
Carside,R-NSGA-II_eps0.05,11,53,27.89627534073014,3.8541619194527996,11.522905942501197
Carside,R-NSGA-II_eps0.05,11,53,28.02481756809012,3.8681031099082475,11.507993189514487
Carside,R-NSGA-II_eps0.05,11,53,27.896272555669622,3.8541593137358547,11.522906456538387
Carside,R-NSGA-II_eps0.05,11,53,27.896275843194786,3.8541615247211594,11.522905315941404
Carside,R-NSGA-II_eps0.05,11,53,27.94417136665567,3.8513278854643436,11.550525580463173
Carside,R-NSGA-II_eps0.05,11,53,27.89627255567134,3.8541593137358547,11.522906267153267
Carside,R-NSGA-II_eps0.05,11,53,27.807326636904268,3.854158559453688,11.548209673374657
Carside,R-NSGA-II_eps0.05,11,53,27.896374718866088,3.854159156251345,11.522898588460135
Carside,R-NSGA-II_eps0.05,11,53,27.896287074571614,3.854159346546587,11.522904850387805
Carside,R-NSGA-II_eps0.05,11,53,28.147031881312856,3.850181617359192,11.504185700227499
Carside,R-NSGA-II_eps0.05,11,53,27.896341981731542,3.854159100584388,11.522900215588118
Carside,R-NSGA-II_eps0.05,11,53,27.896331147765256,3.8541593057216947,11.52290085507652
Carside,R-NSGA-II_eps0.05,11,53,28.264404945783777,3.8409634967722295,11.529321693880203
Carside,R-NSGA-II_eps0.05,11,53,27.889374474573305,3.8541641585212347,11.523487880624652
Carside,R-NSGA-II_eps0.05,11,53,27.688323247267867,3.880092410444598,11.52290344192943
Carside,R-NSGA-II_eps0.05,11,53,27.88937415868302,3.8541641585192172,11.523487894796068
Carside,R-NSGA-II_eps0.05,11,53,27.775905474927008,3.8541630571553065,11.557101105251975
Carside,R-NSGA-II_eps0.05,11,53,27.89606178912339,3.854130537312642,11.522926881138764
Carside,R-NSGA-II_eps0.05,11,53,27.895960172686355,3.854115720410889,11.522938390407088
Carside,R-NSGA-II_eps0.05,11,53,27.8694263378155,3.851995382096803,11.562023903992642
Carside,R-NSGA-II_eps0.05,11,53,28.21928656248357,3.8495443251343073,11.498390186029168
Carside,R-NSGA-II_eps0.05,11,53,27.895777213989213,3.8541336114570894,11.522939536619216
Carside,R-NSGA-II_eps0.05,11,53,27.895770330755795,3.8541338421325113,11.522939742651126
Carside,R-NSGA-II_eps0.05,11,53,28.042034315875398,3.878753459114038,11.49358075784502
Carside,R-NSGA-II_eps0.05,11,53,27.89579122609735,3.8541357521504596,11.522936440116506
Carside,R-NSGA-II_eps0.05,11,53,27.895554974563055,3.8541583432301088,11.522946261056529
Carside,R-NSGA-II_eps0.05,11,53,28.282425948773962,3.8486158994207638,11.493681615730551
Carside,R-NSGA-II_eps0.05,11,53,27.896327446654066,3.8541708020722933,11.522881902195692
Carside,R-NSGA-II_eps0.05,11,53,28.41756041702503,3.836689629863651,11.515600309789559
Carside,R-NSGA-II_eps0.05,11,53,27.895486832929592,3.8541598485373005,11.522947668967687
Carside,R-NSGA-II_eps0.05,11,53,27.736705038959503,3.8541124071329134,11.568472583200943
Carside,R-NSGA-II_eps0.05,11,53,27.895651441692117,3.854159381854704,11.52293441266541
Carside,R-NSGA-II_eps0.05,12,54,27.92021120791093,3.8536727373112036,11.524524786821814
Carside,R-NSGA-II_eps0.05,12,54,27.913836536694,3.853977802748219,11.523861142326894
Carside,R-NSGA-II_eps0.05,12,54,27.906543131827252,3.8540417535809297,11.52470552843224
Carside,R-NSGA-II_eps0.05,12,54,27.906759462550298,3.8540425517398766,11.524633441994864
Carside,R-NSGA-II_eps0.05,12,54,27.90651057947812,3.8540142797527994,11.524719490073515
Carside,R-NSGA-II_eps0.05,12,54,27.905908663814788,3.8540912536455454,11.52445924211108
Carside,R-NSGA-II_eps0.05,12,54,27.90590541412349,3.8540912536455454,11.524459523745506
Carside,R-NSGA-II_eps0.05,12,54,27.906363934236072,3.854082161170474,11.524328834290703
Carside,R-NSGA-II_eps0.05,12,54,27.898201608566346,3.8540779546235346,11.526826049723429
Carside,R-NSGA-II_eps0.05,12,54,27.91015181118604,3.8539826354330655,11.523757082503845
Carside,R-NSGA-II_eps0.05,12,54,27.910973896948875,3.854018518527102,11.523255544839653
Carside,R-NSGA-II_eps0.05,12,54,27.910136869877444,3.8540114010879307,11.523326768480928
Carside,R-NSGA-II_eps0.05,12,54,27.911287772785947,3.8540149763792866,11.523197271175928
Carside,R-NSGA-II_eps0.05,12,54,27.911287385454948,3.854014981888075,11.523197300382641
Carside,R-NSGA-II_eps0.05,12,54,27.911329848081696,3.8540171246184185,11.52318789710712
Carside,R-NSGA-II_eps0.05,12,54,27.910781385724412,3.8540287603481644,11.52322785735586
Carside,R-NSGA-II_eps0.05,12,54,27.911172007826913,3.8540193677032386,11.523197524111971
Carside,R-NSGA-II_eps0.05,12,54,27.91118486280742,3.8540185265157336,11.523196839317631
Carside,R-NSGA-II_eps0.05,12,54,27.911173649898934,3.8540193785886747,11.523197037357537
Carside,R-NSGA-II_eps0.05,12,54,27.91117373720013,3.8540193677032386,11.523197037282095
Carside,R-NSGA-II_eps0.05,12,54,27.911173737200173,3.8540193677032386,11.523197032698093
Carside,R-NSGA-II_eps0.05,12,54,27.91117309428241,3.8540193784106527,11.523197063552988
Carside,R-NSGA-II_eps0.05,12,54,27.910663304428294,3.8540278825119074,11.523239840296739
Carside,R-NSGA-II_eps0.05,12,54,27.910663304428596,3.8540278825119074,11.5232398071892
Carside,R-NSGA-II_eps0.05,12,54,27.911180033789364,3.854018518527102,11.52319706151757
Carside,R-NSGA-II_eps0.05,12,54,27.917860195543106,3.8538965456846217,11.522744462557547
Carside,R-NSGA-II_eps0.05,12,54,27.86937683099755,3.854722397450619,11.529853106670082
Carside,R-NSGA-II_eps0.05,12,54,27.981178121909153,3.8514433665245424,11.52213411707091
Carside,R-NSGA-II_eps0.05,12,54,27.917774689464956,3.85390185441118,11.522745285735796
Carside,R-NSGA-II_eps0.05,12,54,27.91087604428179,3.8540287603481644,11.523200959459551
Carside,R-NSGA-II_eps0.05,12,54,27.911018505388043,3.854009070605453,11.523204509422559
Carside,R-NSGA-II_eps0.05,12,54,27.93003323174794,3.8539772242621027,11.517489096328323
Carside,R-NSGA-II_eps0.05,12,54,27.895496080762936,3.8598609259514363,11.520364277428852
Carside,R-NSGA-II_eps0.05,12,54,27.919095379629276,3.8538949970535166,11.522646822049898
Carside,R-NSGA-II_eps0.05,12,54,27.918827772246196,3.8539085598217944,11.522617848743774
Carside,R-NSGA-II_eps0.05,12,54,27.911297033778144,3.8546051866569777,11.52263078032879
Carside,R-NSGA-II_eps0.05,12,54,27.911286958385023,3.8546051893802984,11.522631232765596
Carside,R-NSGA-II_eps0.05,12,54,28.00105471666495,3.8491636386407766,11.528186526973546
Carside,R-NSGA-II_eps0.05,12,54,27.911624070438446,3.8541444407162646,11.522909412316494
Carside,R-NSGA-II_eps0.05,12,54,27.91164352360254,3.8541410106407725,11.522910052088205
Carside,R-NSGA-II_eps0.05,12,54,28.005081838614696,3.852695276806783,11.515908806399619
Carside,R-NSGA-II_eps0.05,12,54,27.91178515208496,3.854059678530289,11.522967370774863
Carside,R-NSGA-II_eps0.05,12,54,27.91256491132203,3.854020087569636,11.52292936750474
Carside,R-NSGA-II_eps0.05,12,54,27.951465008981422,3.8503227135863924,11.538349363630036
Carside,R-NSGA-II_eps0.05,12,54,27.87098342689589,3.853762998854205,11.539373324630631
Carside,R-NSGA-II_eps0.05,12,54,27.911708075578304,3.85405965271271,11.52297080687583
Carside,R-NSGA-II_eps0.05,12,54,27.911600713878567,3.8541078175467343,11.522938152659284
Carside,R-NSGA-II_eps0.05,12,54,27.829074055455056,3.8618226711118817,11.529653693013113
Carside,R-NSGA-II_eps0.05,12,54,27.912288034753114,3.8540212846206217,11.522952561654026
Carside,R-NSGA-II_eps0.05,12,54,28.04895886635045,3.8493981929216843,11.521276736429654
Carside,R-NSGA-II_eps0.05,12,54,27.913389198165884,3.8540099983178626,11.522866499270894
Carside,R-NSGA-II_eps0.05,12,54,27.911620167042653,3.854104387471245,11.522938792395482
Carside,R-NSGA-II_eps0.05,12,54,27.912252101729422,3.8540245710497962,11.522952191055985
Carside,R-NSGA-II_eps0.05,12,54,27.856143111340156,3.8644711874578745,11.520763379205096
Carside,R-NSGA-II_eps0.05,12,54,27.91201438227904,3.8540279318363315,11.522970565433791
Carside,R-NSGA-II_eps0.05,12,54,27.911633269977482,3.854103434388098,11.522937241006542
Carside,R-NSGA-II_eps0.05,12,54,27.912841900424826,3.8539999025701457,11.522918907145128
Carside,R-NSGA-II_eps0.05,12,54,27.91168793909582,3.854037434506222,11.522987991007783
Carside,R-NSGA-II_eps0.05,12,54,27.91108448734761,3.8541043926433067,11.52298444292999
Carside,R-NSGA-II_eps0.05,12,54,27.911605934426365,3.854064607143298,11.522969731471655
Carside,R-NSGA-II_eps0.05,12,54,27.911534728315782,3.8540594099712946,11.52298021077424
Carside,R-NSGA-II_eps0.05,12,54,27.91126579035587,3.854039552274617,11.523022197372079
Carside,R-NSGA-II_eps0.05,12,54,27.794758676073897,3.865495307097154,11.525121592726453
Carside,R-NSGA-II_eps0.05,12,54,27.91142688573762,3.8540613036984688,11.522987344207099
Carside,R-NSGA-II_eps0.05,12,54,28.090772927156614,3.851520937504163,11.509357116671197
Carside,R-NSGA-II_eps0.05,12,54,28.128892056237,3.846430209616406,11.522516507104292
Carside,R-NSGA-II_eps0.05,12,54,27.911414848167297,3.8540613036984688,11.522988200434458
Carside,R-NSGA-II_eps0.05,12,54,28.11945799380622,3.8454606445119217,11.535868285472551
Carside,R-NSGA-II_eps0.05,12,54,27.91141484816762,3.8540613036984688,11.522988164693647
Carside,R-NSGA-II_eps0.05,12,54,27.911409651804043,3.854061672078486,11.52298826593077
Carside,R-NSGA-II_eps0.05,12,54,27.849435869712167,3.8708632505402676,11.515605499772265
Carside,R-NSGA-II_eps0.05,12,54,27.911375009135828,3.854061653886256,11.522990028952961
Carside,R-NSGA-II_eps0.05,12,54,27.927725010701838,3.850272501580748,11.554080186329653
Carside,R-NSGA-II_eps0.05,12,54,27.91150407025214,3.8540573966999445,11.522980858646264
Carside,R-NSGA-II_eps0.05,12,54,27.911504070253244,3.8540573966999445,11.522980737023259
Carside,R-NSGA-II_eps0.05,12,54,27.91191491077422,3.854035658179143,11.522961107995357
Carside,R-NSGA-II_eps0.05,12,54,27.80462703436645,3.8605731858671657,11.55160330459995
Carside,R-NSGA-II_eps0.05,12,54,28.10488631357385,3.8540964718300255,11.502249693037493
Carside,R-NSGA-II_eps0.05,12,54,27.911463214739562,3.8540573966999445,11.522982650708023
Carside,R-NSGA-II_eps0.05,12,54,27.911294152216385,3.854043975807501,11.52301059972039
Carside,R-NSGA-II_eps0.05,12,54,28.155902255098468,3.8469361582699926,11.510945220762853
Carside,R-NSGA-II_eps0.05,12,54,27.80143430539971,3.853997578349169,11.554572684068809
Carside,R-NSGA-II_eps0.05,12,54,27.911850900918612,3.854033221431751,11.522968759513962
Carside,R-NSGA-II_eps0.05,12,54,27.911118111478103,3.8540608831044127,11.523011620565406
Carside,R-NSGA-II_eps0.05,12,54,28.04385919851105,3.867083656753941,11.5028845557774
Carside,R-NSGA-II_eps0.05,12,54,27.91188867528245,3.8540350866870923,11.522963414043783
Carside,R-NSGA-II_eps0.05,12,54,27.75877636944953,3.873031351506999,11.523993496715844
Carside,R-NSGA-II_eps0.05,12,54,27.91146503004208,3.8540583546356757,11.522980460441673
Carside,R-NSGA-II_eps0.05,12,54,27.72129475191797,3.8691973895983014,11.537185381609616
Carside,R-NSGA-II_eps0.05,12,54,27.911906821923672,3.8540357920224624,11.522959956563314
Carside,R-NSGA-II_eps0.05,12,54,27.911553886764022,3.8540549498023804,11.522974729837138
Carside,R-NSGA-II_eps0.05,12,54,27.911481690482574,3.854043947601033,11.522991289761913
Carside,R-NSGA-II_eps0.05,12,54,27.725501305177236,3.865487520605241,11.548665958663273
Carside,R-NSGA-II_eps0.05,12,54,27.91186339147015,3.854035658179143,11.522963432386053
Carside,R-NSGA-II_eps0.05,12,54,27.91183346386503,3.8540360880109503,11.522965530900994
Carside,R-NSGA-II_eps0.05,12,54,28.173346097430056,3.853113230428456,11.496940974143621
Carside,R-NSGA-II_eps0.05,12,54,27.911842711813307,3.8540365698444052,11.522964185241943
Carside,R-NSGA-II_eps0.05,12,54,28.02825753950151,3.845074184969355,11.562103784930528
Carside,R-NSGA-II_eps0.05,12,54,27.911901958864117,3.8540401140731486,11.522954533546084
Carside,R-NSGA-II_eps0.05,12,54,28.29396164607004,3.8484855289178883,11.494273289360642
Carside,R-NSGA-II_eps0.05,13,55,27.91124292586219,3.8532455849285783,11.526321567940439
Carside,R-NSGA-II_eps0.05,13,55,27.91122004886786,3.8532463939358195,11.526321558259049
Carside,R-NSGA-II_eps0.05,13,55,27.929256618967763,3.8530302765989517,11.523964230534212
Carside,R-NSGA-II_eps0.05,13,55,27.925861002700046,3.85348396944606,11.523550197800894
Carside,R-NSGA-II_eps0.05,13,55,27.902831943837967,3.853499490907697,11.527711767021358
Carside,R-NSGA-II_eps0.05,13,55,27.91637424875732,3.853310214368276,11.524207716399896
Carside,R-NSGA-II_eps0.05,13,55,27.916382174591188,3.8533157154567963,11.524200348563664
Carside,R-NSGA-II_eps0.05,13,55,27.916413515198894,3.853315713389218,11.524191471341616
Carside,R-NSGA-II_eps0.05,13,55,27.914548536477835,3.8537877094542625,11.523949494087152
Carside,R-NSGA-II_eps0.05,13,55,27.915957780685744,3.853608162359208,11.523950034033657
Carside,R-NSGA-II_eps0.05,13,55,27.913155721969684,3.8537730396112897,11.524048446086276
Carside,R-NSGA-II_eps0.05,13,55,27.916225577700512,3.8534839694661263,11.523985369840545
Carside,R-NSGA-II_eps0.05,13,55,27.913405110132395,3.853606729776846,11.524051927001857
Carside,R-NSGA-II_eps0.05,13,55,27.909561646074653,3.853255224342587,11.524671217830901
Carside,R-NSGA-II_eps0.05,13,55,27.906224065128555,3.853608790889239,11.524713813807315
Carside,R-NSGA-II_eps0.05,13,55,27.908528828745684,3.853517373440622,11.52439739954507
Carside,R-NSGA-II_eps0.05,13,55,27.908121870553387,3.8535836966593764,11.52432702469314
Carside,R-NSGA-II_eps0.05,13,55,27.908110077516486,3.853599774058754,11.524304789403944
Carside,R-NSGA-II_eps0.05,13,55,27.90791980119945,3.853598561493443,11.524320042230663
Carside,R-NSGA-II_eps0.05,13,55,27.908038936407586,3.8536020600417906,11.524302159187897
Carside,R-NSGA-II_eps0.05,13,55,27.908032784004604,3.853602032093591,11.524302807268771
Carside,R-NSGA-II_eps0.05,13,55,27.907259624730514,3.8535980894585795,11.524396606416484
Carside,R-NSGA-II_eps0.05,13,55,27.90790013993036,3.85359936741079,11.52431786751502
Carside,R-NSGA-II_eps0.05,13,55,27.907896388190846,3.853599493289936,11.524317921831305
Carside,R-NSGA-II_eps0.05,13,55,27.907863592073042,3.8536017092566834,11.524319758251218
Carside,R-NSGA-II_eps0.05,13,55,27.907863560061877,3.8536017132482216,11.524319651241637
Carside,R-NSGA-II_eps0.05,13,55,27.908013122750365,3.853602838010101,11.524300671528898
Carside,R-NSGA-II_eps0.05,13,55,27.907844055068406,3.8536017092566834,11.524321251673365
Carside,R-NSGA-II_eps0.05,13,55,27.90792618638649,3.8535930618530365,11.524319073759875
Carside,R-NSGA-II_eps0.05,13,55,27.907868911643693,3.85360262254407,11.524315124815782
Carside,R-NSGA-II_eps0.05,13,55,27.907868239121623,3.85360262254407,11.524315182709293
Carside,R-NSGA-II_eps0.05,13,55,27.92328423764655,3.853798743780858,11.519488618465122
Carside,R-NSGA-II_eps0.05,13,55,27.907922514865334,3.8535934988439116,11.524315098697741
Carside,R-NSGA-II_eps0.05,13,55,27.907869689065862,3.853602627050662,11.524311707166785
Carside,R-NSGA-II_eps0.05,13,55,27.948930320362713,3.8519410897404636,11.534850326330693
Carside,R-NSGA-II_eps0.05,13,55,27.90793891399448,3.8536087027063286,11.524297650301786
Carside,R-NSGA-II_eps0.05,13,55,27.90765938109151,3.853607584009784,11.52432712764081
Carside,R-NSGA-II_eps0.05,13,55,27.90787588547537,3.853607590850873,11.52430103691766
Carside,R-NSGA-II_eps0.05,13,55,27.908849825045497,3.853603760957374,11.524193201880177
Carside,R-NSGA-II_eps0.05,13,55,27.841232394513916,3.8551042737445234,11.528036560853984
Carside,R-NSGA-II_eps0.05,13,55,28.006227952671964,3.852045990745011,11.51904943913733
Carside,R-NSGA-II_eps0.05,13,55,27.918582211094666,3.8534839694661263,11.523471564805092
Carside,R-NSGA-II_eps0.05,13,55,27.907708626147553,3.8536057540325594,11.52432086760772
Carside,R-NSGA-II_eps0.05,13,55,27.907708149596115,3.853605812418569,11.524320559675392
Carside,R-NSGA-II_eps0.05,13,55,27.9077336290586,3.8536105673821686,11.52431228425712
Carside,R-NSGA-II_eps0.05,13,55,27.835912019678652,3.8620547271686565,11.524093449813325
Carside,R-NSGA-II_eps0.05,13,55,27.90766581166489,3.853608162359208,11.524319249649714
Carside,R-NSGA-II_eps0.05,13,55,28.062713541304078,3.8485465951161477,11.522126690495128
Carside,R-NSGA-II_eps0.05,13,55,27.85431920697465,3.8538064998238086,11.539116806628114
Carside,R-NSGA-II_eps0.05,13,55,27.907667593767947,3.8536075821814197,11.52431930470536
Carside,R-NSGA-II_eps0.05,13,55,27.907742239174343,3.853608661725939,11.524308610392154
Carside,R-NSGA-II_eps0.05,13,55,27.884672909747398,3.8656373003163287,11.51851163104018
Carside,R-NSGA-II_eps0.05,13,55,27.90791354780092,3.853609530349337,11.524287646934745
Carside,R-NSGA-II_eps0.05,13,55,28.038192238458365,3.847601726605353,11.536327912770357
Carside,R-NSGA-II_eps0.05,13,55,27.9075055526499,3.8536063790334745,11.524338361361929
Carside,R-NSGA-II_eps0.05,13,55,27.90758112341172,3.853625117978562,11.524312310839292
Carside,R-NSGA-II_eps0.05,13,55,27.907913486003064,3.8536107274462297,11.524285656210045
Carside,R-NSGA-II_eps0.05,13,55,27.90754992544156,3.8536112028668987,11.524328066234343
Carside,R-NSGA-II_eps0.05,13,55,27.793841489434637,3.862054684797497,11.536048600293034
Carside,R-NSGA-II_eps0.05,13,55,27.907549925441973,3.8536112028668987,11.52432802112603
Carside,R-NSGA-II_eps0.05,13,55,28.049319087198917,3.8539225134020043,11.51191437397349
Carside,R-NSGA-II_eps0.05,13,55,27.907549925445178,3.8536112028668987,11.524327668899554
Carside,R-NSGA-II_eps0.05,13,55,27.798089322633555,3.8672346379074125,11.524318166342791
Carside,R-NSGA-II_eps0.05,13,55,27.90755291718373,3.8536106760228273,11.524327634765601
Carside,R-NSGA-II_eps0.05,13,55,27.90755322429006,3.8536105974920623,11.524327649893642
Carside,R-NSGA-II_eps0.05,13,55,27.99223557325957,3.8642178295379632,11.510071506684218
Carside,R-NSGA-II_eps0.05,13,55,27.90755261306379,3.853610673531056,11.524327650289628
Carside,R-NSGA-II_eps0.05,13,55,27.907541019152397,3.853611102120528,11.52432846963986
Carside,R-NSGA-II_eps0.05,13,55,27.907556723956922,3.853610968294488,11.524326314699962
Carside,R-NSGA-II_eps0.05,13,55,27.829959959400867,3.853604831263579,11.546405610970343
Carside,R-NSGA-II_eps0.05,13,55,27.82963840550908,3.872154708861342,11.518759902441786
Carside,R-NSGA-II_eps0.05,13,55,27.90755735299262,3.8536109680060617,11.524326225248064
Carside,R-NSGA-II_eps0.05,13,55,27.907567996905197,3.8536099391501852,11.524325759781433
Carside,R-NSGA-II_eps0.05,13,55,28.153787721736933,3.8440279968534012,11.531473260084995
Carside,R-NSGA-II_eps0.05,13,55,27.907835624057274,3.853610770466876,11.524293279625358
Carside,R-NSGA-II_eps0.05,13,55,27.976200680309137,3.847909379386553,11.550820532670912
Carside,R-NSGA-II_eps0.05,13,55,27.907830527029265,3.8536107273761866,11.524293864520976
Carside,R-NSGA-II_eps0.05,13,55,27.907829471654292,3.853610742518685,11.524293927714679
Carside,R-NSGA-II_eps0.05,13,55,28.079843066374448,3.8516682892851657,11.505571384927809
Carside,R-NSGA-II_eps0.05,13,55,27.9075316060981,3.8536112028668987,11.52432849529851
Carside,R-NSGA-II_eps0.05,13,55,27.906598489275204,3.8537913582560583,11.524289610351303
Carside,R-NSGA-II_eps0.05,13,55,28.191153845431234,3.848378881015324,11.5172162247741
Carside,R-NSGA-II_eps0.05,13,55,27.90649986873584,3.8538064985809743,11.524289418045154
Carside,R-NSGA-II_eps0.05,13,55,27.907521444953435,3.8536254430755252,11.524316740882703
Carside,R-NSGA-II_eps0.05,13,55,27.907490246986885,3.8536115279638623,11.52433209888283
Carside,R-NSGA-II_eps0.05,13,55,27.9075593010249,3.853607825052224,11.5243263197034
Carside,R-NSGA-II_eps0.05,13,55,27.907626026920852,3.8536103426968285,11.52431448398654
Carside,R-NSGA-II_eps0.05,13,55,28.147097890811313,3.8501635985508496,11.506236119844985
Carside,R-NSGA-II_eps0.05,13,55,27.90762609328819,3.85360889929811,11.524314704920645
Carside,R-NSGA-II_eps0.05,13,55,27.718041022148274,3.8772049211254185,11.52432227111326
Carside,R-NSGA-II_eps0.05,13,55,27.90776806782194,3.8536096155207304,11.524297225462261
Carside,R-NSGA-II_eps0.05,13,55,27.726993094910437,3.8621334582625306,11.550587522738631
Carside,R-NSGA-II_eps0.05,13,55,27.907404753746313,3.8536105974220183,11.524338832685144
Carside,R-NSGA-II_eps0.05,13,55,27.782122778099037,3.85380584173243,11.560222924084943
Carside,R-NSGA-II_eps0.05,13,55,27.90636762408583,3.8537945175454014,11.524309043273082
Carside,R-NSGA-II_eps0.05,13,55,27.8765911165864,3.852082559757947,11.565670181686489
Carside,R-NSGA-II_eps0.05,13,55,27.90654690008886,3.8538066039866803,11.524274522476873
Carside,R-NSGA-II_eps0.05,13,55,27.91995971381414,3.853603881248569,11.523293086749273
Carside,R-NSGA-II_eps0.05,13,55,27.906125478903714,3.853791038160827,11.524330292837089
Carside,R-NSGA-II_eps0.05,13,55,28.215087432721695,3.8496201945670765,11.497368812530654
Carside,R-NSGA-II_eps0.05,14,56,27.92268232910622,3.8547149929906475,11.522417479414157
Carside,R-NSGA-II_eps0.05,14,56,27.910193056566875,3.854750242831807,11.523291907189286
Carside,R-NSGA-II_eps0.05,14,56,27.942192810885558,3.8534639733808937,11.523001458303828
Carside,R-NSGA-II_eps0.05,14,56,27.900132749901033,3.8548449711983137,11.523947834503621
Carside,R-NSGA-II_eps0.05,14,56,27.898602712192503,3.8549771449429446,11.524204825997538
Carside,R-NSGA-II_eps0.05,14,56,27.89920386806779,3.8547622321045254,11.524400390714835
Carside,R-NSGA-II_eps0.05,14,56,27.89866614394646,3.8548408693825675,11.524391244891593
Carside,R-NSGA-II_eps0.05,14,56,27.90221543028587,3.854836729012736,11.523290283745652
Carside,R-NSGA-II_eps0.05,14,56,27.89949415975273,3.854850981670837,11.52405955616058
Carside,R-NSGA-II_eps0.05,14,56,27.899811342591555,3.854836729012736,11.523980964310478
Carside,R-NSGA-II_eps0.05,14,56,27.89957293468095,3.854836729012736,11.524050052058891
Carside,R-NSGA-II_eps0.05,14,56,27.899535867999777,3.854836729012736,11.524059301884993
Carside,R-NSGA-II_eps0.05,14,56,27.899535758488234,3.854837310064385,11.524054897934025
Carside,R-NSGA-II_eps0.05,14,56,27.898628186843325,3.8548293398522677,11.524404318031232
Carside,R-NSGA-II_eps0.05,14,56,27.89968340625561,3.854675552817255,11.524404732520544
Carside,R-NSGA-II_eps0.05,14,56,27.898538828192592,3.854840361625202,11.524393317024924
Carside,R-NSGA-II_eps0.05,14,56,27.898390360136258,3.85484977004275,11.524389819156813
Carside,R-NSGA-II_eps0.05,14,56,27.898347804552554,3.854844561290384,11.524415928730065
Carside,R-NSGA-II_eps0.05,14,56,27.873487397700373,3.8548445805543623,11.531479911751891
Carside,R-NSGA-II_eps0.05,14,56,27.898318080324326,3.8548500660491483,11.524404074990805
Carside,R-NSGA-II_eps0.05,14,56,27.898322014049203,3.8548503658885043,11.524400549608144
Carside,R-NSGA-II_eps0.05,14,56,27.898363722786435,3.854836113232129,11.524400295267416
Carside,R-NSGA-II_eps0.05,14,56,27.898364814723823,3.8548163152969668,11.524434557978743
Carside,R-NSGA-II_eps0.05,14,56,27.898224894783574,3.854850427454032,11.524398677884676
Carside,R-NSGA-II_eps0.05,14,56,27.89818709838175,3.8548501307992304,11.524409712733398
Carside,R-NSGA-II_eps0.05,14,56,27.898185045886393,3.8548501307992304,11.52440981496345
Carside,R-NSGA-II_eps0.05,14,56,27.89810016687931,3.8548501305499983,11.524433965490662
Carside,R-NSGA-II_eps0.05,14,56,27.986761585614598,3.8509394087676956,11.529328140624973
Carside,R-NSGA-II_eps0.05,14,56,28.00282679214722,3.85631604192646,11.514463476381492
Carside,R-NSGA-II_eps0.05,14,56,27.898094754755096,3.854850139658183,11.524434454406784
Carside,R-NSGA-II_eps0.05,14,56,27.898097477663875,3.8548543992895508,11.524417008441585
Carside,R-NSGA-II_eps0.05,14,56,27.898059311523845,3.8548543992895508,11.52442025258795
Carside,R-NSGA-II_eps0.05,14,56,27.85895943083851,3.8595590809674643,11.524485078521632
Carside,R-NSGA-II_eps0.05,14,56,27.898002915112144,3.8548515686121756,11.524441143424507
Carside,R-NSGA-II_eps0.05,14,56,27.899052448760187,3.8548712056902255,11.52400676694763
Carside,R-NSGA-II_eps0.05,14,56,27.897232623824344,3.8549107695403464,11.524419637734415
Carside,R-NSGA-II_eps0.05,14,56,27.897304774039736,3.854876531546405,11.524457698459248
Carside,R-NSGA-II_eps0.05,14,56,27.89733255167599,3.854865262766025,11.52446198119507
Carside,R-NSGA-II_eps0.05,14,56,27.89730447254555,3.854865262766025,11.52446436613193
Carside,R-NSGA-II_eps0.05,14,56,27.83696219569869,3.8548369288823583,11.541977943412316
Carside,R-NSGA-II_eps0.05,14,56,27.896539591184908,3.8547865505342456,11.524589763897627
Carside,R-NSGA-II_eps0.05,14,56,27.93191187755255,3.851222040254538,11.545259869333837
Carside,R-NSGA-II_eps0.05,14,56,27.896160891652755,3.854801590152828,11.524608715400717
Carside,R-NSGA-II_eps0.05,14,56,27.895924868063535,3.8547989404306002,11.52461883166771
Carside,R-NSGA-II_eps0.05,14,56,27.895830088005983,3.8547989404306002,11.524640332318521
Carside,R-NSGA-II_eps0.05,14,56,27.89569652295988,3.854822999199758,11.524627561124378
Carside,R-NSGA-II_eps0.05,14,56,28.052390513637334,3.8517053951459443,11.513388546456802
Carside,R-NSGA-II_eps0.05,14,56,27.895683262760777,3.854822999199758,11.524628687178414
Carside,R-NSGA-II_eps0.05,14,56,27.895287870317144,3.8549168116728985,11.524549765341934
Carside,R-NSGA-II_eps0.05,14,56,27.89527529093034,3.854916085867353,11.524553630387429
Carside,R-NSGA-II_eps0.05,14,56,28.04893795254935,3.848848052005839,11.522604688733647
Carside,R-NSGA-II_eps0.05,14,56,27.89522835693135,3.854917663333616,11.524554287503936
Carside,R-NSGA-II_eps0.05,14,56,27.894661131399026,3.855477688665058,11.524007798589867
Carside,R-NSGA-II_eps0.05,14,56,27.894660031539836,3.855477688665058,11.524007892079219
Carside,R-NSGA-II_eps0.05,14,56,27.946868988670243,3.865463636142736,11.513047313107638
Carside,R-NSGA-II_eps0.05,14,56,27.895147865040094,3.8549188087225543,11.52453394678552
Carside,R-NSGA-II_eps0.05,14,56,27.894534885512062,3.8555689658119277,11.524000364293649
Carside,R-NSGA-II_eps0.05,14,56,27.894933753237876,3.8549591344646505,11.524458325618854
Carside,R-NSGA-II_eps0.05,14,56,27.895200921297608,3.854829896998282,11.524648195187147
Carside,R-NSGA-II_eps0.05,14,56,27.822683631822777,3.8647336877799865,11.524531419333215
Carside,R-NSGA-II_eps0.05,14,56,27.895123099924074,3.8548396004114394,11.524648196366817
Carside,R-NSGA-II_eps0.05,14,56,27.894812874191118,3.8549668058722255,11.524454415954548
Carside,R-NSGA-II_eps0.05,14,56,27.918061746088476,3.853390907737729,11.523852886298098
Carside,R-NSGA-II_eps0.05,14,56,27.791281220210877,3.86314764864961,11.538081594096727
Carside,R-NSGA-II_eps0.05,14,56,27.894298055550095,3.8548673743430046,11.52464268436566
Carside,R-NSGA-II_eps0.05,14,56,27.894118532508706,3.854877301530045,11.524643537226424
Carside,R-NSGA-II_eps0.05,14,56,27.90717536862619,3.8537328097079033,11.52442671773186
Carside,R-NSGA-II_eps0.05,14,56,28.11664811341038,3.8466576321939563,11.520789801029213
Carside,R-NSGA-II_eps0.05,14,56,27.894054031267174,3.854877786069038,11.524653855352057
Carside,R-NSGA-II_eps0.05,14,56,27.8940501864218,3.8548778978366007,11.52465425116327
Carside,R-NSGA-II_eps0.05,14,56,28.137697635054124,3.8515265485392836,11.50621202167931
Carside,R-NSGA-II_eps0.05,14,56,27.89406071149995,3.854875161351362,11.524649765170988
Carside,R-NSGA-II_eps0.05,14,56,27.75705595043497,3.86069088546864,11.549296968068692
Carside,R-NSGA-II_eps0.05,14,56,27.894182289646768,3.854882379292597,11.524555665341204
Carside,R-NSGA-II_eps0.05,14,56,27.893983321518064,3.8548778978366007,11.524657529556926
Carside,R-NSGA-II_eps0.05,14,56,27.89364537862445,3.854971598808914,11.52457606080962
Carside,R-NSGA-II_eps0.05,14,56,28.066700795478628,3.8463622503630974,11.554056109908128
Carside,R-NSGA-II_eps0.05,14,56,27.907445424994812,3.8536989853465755,11.52442682160973
Carside,R-NSGA-II_eps0.05,14,56,27.91161966138994,3.853760727610655,11.523112779479337
Carside,R-NSGA-II_eps0.05,14,56,27.9882874477813,3.869041654359691,11.507217918963017
Carside,R-NSGA-II_eps0.05,14,56,27.9085572236267,3.853706941699133,11.523989514637542
Carside,R-NSGA-II_eps0.05,14,56,27.787061618718376,3.868540745234162,11.524478998753573
Carside,R-NSGA-II_eps0.05,14,56,28.17125983831083,3.847960595529927,11.51141595944905
Carside,R-NSGA-II_eps0.05,14,56,27.89375214582366,3.855048817163182,11.524065783057853
Carside,R-NSGA-II_eps0.05,14,56,27.908622831692885,3.8535924735577356,11.524399009930976
Carside,R-NSGA-II_eps0.05,14,56,27.892513013643832,3.855033368298797,11.524510078620484
Carside,R-NSGA-II_eps0.05,14,56,27.7546546845089,3.8685386721927193,11.535864839462732
Carside,R-NSGA-II_eps0.05,14,56,27.909690700177325,3.854964898259781,11.520686970993989
Carside,R-NSGA-II_eps0.05,14,56,27.909020298857612,3.8535827389809327,11.524011859548754
Carside,R-NSGA-II_eps0.05,14,56,27.750442563556682,3.8554101706511092,11.565335906097092
Carside,R-NSGA-II_eps0.05,14,56,27.903194616736325,3.8538962362541556,11.524051474382333
Carside,R-NSGA-II_eps0.05,14,56,28.21153985373437,3.8509422511885965,11.497498689378169
Carside,R-NSGA-II_eps0.05,14,56,27.90315094893419,3.8538962362541556,11.524063225898463
Carside,R-NSGA-II_eps0.05,14,56,27.891532369236256,3.8741611298002523,11.514402983746118
Carside,R-NSGA-II_eps0.05,14,56,27.902799668629395,3.853858536192493,11.524278022109192
Carside,R-NSGA-II_eps0.05,14,56,27.909234868447538,3.8536381417820027,11.52355401802036
Carside,R-NSGA-II_eps0.05,14,56,28.251727069760467,3.843522264683186,11.54005049582945
Carside,R-NSGA-II_eps0.05,14,56,27.890908402360825,3.855003375747286,11.524885475601103
Carside,R-NSGA-II_eps0.05,14,56,28.284774948580033,3.846953784109507,11.508284285239334
Carside,R-NSGA-II_eps0.05,14,56,27.891351841121413,3.855001936635346,11.524642570006744
Carside,R-NSGA-II_eps0.05,15,57,27.898734446010145,3.854153333526454,11.525082248258197
Carside,R-NSGA-II_eps0.05,15,57,27.91171117663976,3.8538841937128048,11.522601195538927
Carside,R-NSGA-II_eps0.05,15,57,27.902105159605888,3.8540915097685526,11.522948326336437
Carside,R-NSGA-II_eps0.05,15,57,27.903139989948826,3.854094221055837,11.522841431476353
Carside,R-NSGA-II_eps0.05,15,57,27.9030951366706,3.854095474076222,11.522842661603601
Carside,R-NSGA-II_eps0.05,15,57,27.905970143972944,3.85407912183754,11.522677831325092
Carside,R-NSGA-II_eps0.05,15,57,27.903264048763763,3.8540947111461437,11.522827745704106
Carside,R-NSGA-II_eps0.05,15,57,27.963630865515274,3.8512052419943936,11.529651165868627
Carside,R-NSGA-II_eps0.05,15,57,27.903401720873354,3.854089389814145,11.522821308691874
Carside,R-NSGA-II_eps0.05,15,57,27.902413901353324,3.854195554977914,11.522752949348174
Carside,R-NSGA-II_eps0.05,15,57,27.875231281936998,3.857604197590671,11.522702611888278
Carside,R-NSGA-II_eps0.05,15,57,27.914270997864193,3.854080279022613,11.522217440232325
Carside,R-NSGA-II_eps0.05,15,57,27.903307831638237,3.8541020886166746,11.522755874639536
Carside,R-NSGA-II_eps0.05,15,57,27.87504758529024,3.8530006861177477,11.531066009912767
Carside,R-NSGA-II_eps0.05,15,57,27.91921211926449,3.8539243328386514,11.519410611797166
Carside,R-NSGA-II_eps0.05,15,57,27.90327262058839,3.854090053311746,11.52276829577679
Carside,R-NSGA-II_eps0.05,15,57,27.988492171822966,3.851319990230237,11.521439821152912
Carside,R-NSGA-II_eps0.05,15,57,27.902748159149297,3.8541884261143404,11.522713664210512
Carside,R-NSGA-II_eps0.05,15,57,27.90282134763463,3.8541874239516796,11.52270980520878
Carside,R-NSGA-II_eps0.05,15,57,27.90254048499976,3.854195656988377,11.52272084377886
Carside,R-NSGA-II_eps0.05,15,57,27.902536272622733,3.8541935053429306,11.522722297328094
Carside,R-NSGA-II_eps0.05,15,57,27.902550004755117,3.854193268835149,11.522721171151083
Carside,R-NSGA-II_eps0.05,15,57,27.902510869124022,3.8541938241832483,11.5227231653066
Carside,R-NSGA-II_eps0.05,15,57,27.938808783599217,3.8576253841038675,11.517047316116876
Carside,R-NSGA-II_eps0.05,15,57,27.902547189696264,3.8541952303904674,11.522719417916127
Carside,R-NSGA-II_eps0.05,15,57,27.902547189696598,3.8541952303904674,11.522719381184828
Carside,R-NSGA-II_eps0.05,15,57,27.902546488978892,3.8541952556673875,11.52271937459155
Carside,R-NSGA-II_eps0.05,15,57,27.902511303372105,3.854195627557251,11.52272132145698
Carside,R-NSGA-II_eps0.05,15,57,27.902529092583784,3.854195834358942,11.522719702536438
Carside,R-NSGA-II_eps0.05,15,57,27.995836319421922,3.852765054980291,11.515657495342959
Carside,R-NSGA-II_eps0.05,15,57,27.90723859254922,3.8540218917538502,11.522584762398694
Carside,R-NSGA-II_eps0.05,15,57,27.902971908962396,3.8541859387052346,11.522698610924614
Carside,R-NSGA-II_eps0.05,15,57,27.835970113297428,3.8625215375858546,11.522717579093712
Carside,R-NSGA-II_eps0.05,15,57,27.902271436350315,3.854201842329391,11.522726463460806
Carside,R-NSGA-II_eps0.05,15,57,27.903004633042137,3.8541865491179372,11.52269059565957
Carside,R-NSGA-II_eps0.05,15,57,28.047136253068572,3.8495210608081596,11.519911445971388
Carside,R-NSGA-II_eps0.05,15,57,27.902604564903108,3.854185293399153,11.522715499383281
Carside,R-NSGA-II_eps0.05,15,57,27.902672658859238,3.8541937702260176,11.522702645014345
Carside,R-NSGA-II_eps0.05,15,57,27.847206749436776,3.8537694281452346,11.53941522283203
Carside,R-NSGA-II_eps0.05,15,57,27.90267673378737,3.854193723446287,11.522702162344743
Carside,R-NSGA-II_eps0.05,15,57,27.903396718426627,3.8541184505499935,11.522713355704193
Carside,R-NSGA-II_eps0.05,15,57,28.03463287628653,3.8572242224184183,11.51344158400591
Carside,R-NSGA-II_eps0.05,15,57,27.90264805068158,3.854198541738294,11.522694896026682
Carside,R-NSGA-II_eps0.05,15,57,27.90228640908211,3.8542074171487273,11.522710510686643
Carside,R-NSGA-II_eps0.05,15,57,27.902562635937443,3.8541925610628245,11.522704532041494
Carside,R-NSGA-II_eps0.05,15,57,27.90297776542343,3.854197607645747,11.522669446540224
Carside,R-NSGA-II_eps0.05,15,57,27.90272292043374,3.854193165158905,11.522688852757751
Carside,R-NSGA-II_eps0.05,15,57,27.838440147268628,3.8597096064244343,11.540817921349522
Carside,R-NSGA-II_eps0.05,15,57,27.902940006588437,3.854200368316039,11.522669318553131
Carside,R-NSGA-II_eps0.05,15,57,27.90268120267368,3.8541631316248934,11.522714972510176
Carside,R-NSGA-II_eps0.05,15,57,27.90353829725735,3.854186538016567,11.522642250264141
Carside,R-NSGA-II_eps0.05,15,57,27.903502410934195,3.8541869351475193,11.522644042430361
Carside,R-NSGA-II_eps0.05,15,57,28.077413415037864,3.8483997692150926,11.53826686752209
Carside,R-NSGA-II_eps0.05,15,57,27.90387517690017,3.8541343948121556,11.522663317181532
Carside,R-NSGA-II_eps0.05,15,57,28.099777860382353,3.846148580564043,11.531620369057084
Carside,R-NSGA-II_eps0.05,15,57,27.90338199730212,3.8541211987169284,11.52270321742012
Carside,R-NSGA-II_eps0.05,15,57,27.914891176255523,3.865257361955669,11.51269887794787
Carside,R-NSGA-II_eps0.05,15,57,27.90306347794245,3.8541869202992576,11.522669427097213
Carside,R-NSGA-II_eps0.05,15,57,27.984123829576657,3.8476543223123367,11.544405131866291
Carside,R-NSGA-II_eps0.05,15,57,27.903426451161508,3.8541211987169284,11.5226995885372
Carside,R-NSGA-II_eps0.05,15,57,27.904091825872463,3.8540959124228786,11.522678090606917
Carside,R-NSGA-II_eps0.05,15,57,28.131605749947504,3.846119484515082,11.522767226402925
Carside,R-NSGA-II_eps0.05,15,57,27.839439254690962,3.852364506035568,11.547208792570729
Carside,R-NSGA-II_eps0.05,15,57,27.90394651904979,3.854101506419122,11.522681476179724
Carside,R-NSGA-II_eps0.05,15,57,27.902733830598287,3.854193268835149,11.52268089795357
Carside,R-NSGA-II_eps0.05,15,57,28.08087296300351,3.854131018680485,11.50773217522029
Carside,R-NSGA-II_eps0.05,15,57,27.90374359600996,3.8541759711125927,11.522630663163909
Carside,R-NSGA-II_eps0.05,15,57,27.903523804548918,3.854112257889241,11.522695948300957
Carside,R-NSGA-II_eps0.05,15,57,28.050662720504818,3.861772947535036,11.508427583092123
Carside,R-NSGA-II_eps0.05,15,57,27.90386078910924,3.854134759129459,11.522655498983124
Carside,R-NSGA-II_eps0.05,15,57,27.90373200944623,3.854083484931979,11.52270492364709
Carside,R-NSGA-II_eps0.05,15,57,27.903935962408234,3.85413530835811,11.522648679333356
Carside,R-NSGA-II_eps0.05,15,57,27.902628209975447,3.870709847085925,11.516574584361972
Carside,R-NSGA-II_eps0.05,15,57,28.154581201514635,3.848943873002526,11.510920309429267
Carside,R-NSGA-II_eps0.05,15,57,27.903803598223423,3.8541062638151846,11.522680514602513
Carside,R-NSGA-II_eps0.05,15,57,27.902330316892904,3.8541984009010206,11.522696218483183
Carside,R-NSGA-II_eps0.05,15,57,27.903596679560266,3.854113150440816,11.522684428480638
Carside,R-NSGA-II_eps0.05,15,57,27.781945938881485,3.870053055174646,11.521492985119146
Carside,R-NSGA-II_eps0.05,15,57,27.90372323817858,3.8540913748652312,11.522694407128974
Carside,R-NSGA-II_eps0.05,15,57,28.18259925864928,3.844869735431591,11.518787892623026
Carside,R-NSGA-II_eps0.05,15,57,27.903493445049953,3.8541341138240015,11.522672387487855
Carside,R-NSGA-II_eps0.05,15,57,28.145389032266575,3.8541989755515482,11.505141755298862
Carside,R-NSGA-II_eps0.05,15,57,27.903942540919306,3.854135207263264,11.522643984477558
Carside,R-NSGA-II_eps0.05,15,57,27.908300335474678,3.8493749575700913,11.555033130461327
Carside,R-NSGA-II_eps0.05,15,57,27.903609418638684,3.8541096258563257,11.522684723084074
Carside,R-NSGA-II_eps0.05,15,57,28.17723517709548,3.851330664104799,11.50257866727516
Carside,R-NSGA-II_eps0.05,15,57,27.78359284154767,3.8541944974877946,11.556593440917666
Carside,R-NSGA-II_eps0.05,15,57,27.903308829217245,3.8541292472930393,11.522683521729459
Carside,R-NSGA-II_eps0.05,15,57,28.182187554904207,3.8412102693282058,11.541607468427117
Carside,R-NSGA-II_eps0.05,15,57,27.903737064881167,3.8541764801359135,11.522614392318227
Carside,R-NSGA-II_eps0.05,15,57,27.90414001725174,3.8541806183115064,11.522585339246461
Carside,R-NSGA-II_eps0.05,15,57,27.73115947131592,3.874269829631549,11.525788954350752
Carside,R-NSGA-II_eps0.05,15,57,28.254440722180686,3.8425420124609113,11.517685591547757
Carside,R-NSGA-II_eps0.05,15,57,27.904804879658144,3.8541211987169284,11.522592947159822
Carside,R-NSGA-II_eps0.05,15,57,28.19591969099285,3.8541894166107347,11.498027846026352
Carside,R-NSGA-II_eps0.05,15,57,27.904531949720027,3.854080279022613,11.52264138765369
Carside,R-NSGA-II_eps0.05,15,57,28.272787186765765,3.8461942791598283,11.503156402642027
Carside,R-NSGA-II_eps0.05,15,57,27.903489678915932,3.854139525904102,11.52265518041825
Carside,R-NSGA-II_eps0.05,15,57,27.90469284117072,3.854122726459289,11.522592258573752
Carside,R-NSGA-II_eps0.05,15,57,27.830867751817262,3.8532322076013927,11.565641490066835
Carside,R-NSGA-II_eps0.05,16,58,27.91670328759419,3.852639969427853,11.523474465633445
Carside,R-NSGA-II_eps0.05,16,58,27.92682306924858,3.852382408716829,11.522891447558901
Carside,R-NSGA-II_eps0.05,16,58,27.90073108269823,3.852697141747675,11.52550745310965
Carside,R-NSGA-II_eps0.05,16,58,27.89871025269314,3.852833843841793,11.52539672618202
Carside,R-NSGA-II_eps0.05,16,58,27.966460947919707,3.8536520434474113,11.516641259919425
Carside,R-NSGA-II_eps0.05,16,58,27.898875802178367,3.852815436295984,11.52539264431741
Carside,R-NSGA-II_eps0.05,16,58,27.890265467621642,3.853970560884866,11.525099546550521
Carside,R-NSGA-II_eps0.05,16,58,27.857865498727662,3.854678244976371,11.530700990842325
Carside,R-NSGA-II_eps0.05,16,58,27.89102658081738,3.860168494513232,11.519243489446811
Carside,R-NSGA-II_eps0.05,16,58,27.901648036578734,3.8528005450202025,11.523815991821234
Carside,R-NSGA-II_eps0.05,16,58,27.887401245775703,3.8540509472763014,11.525115686091409
Carside,R-NSGA-II_eps0.05,16,58,28.02014591122862,3.850122814946157,11.529670562549107
Carside,R-NSGA-II_eps0.05,16,58,27.890025901860284,3.8542606328259477,11.523814732048173
Carside,R-NSGA-II_eps0.05,16,58,27.889903522341747,3.854264948291647,11.523815991821234
Carside,R-NSGA-II_eps0.05,16,58,27.90884106527618,3.853070952326365,11.52206820756496
Carside,R-NSGA-II_eps0.05,16,58,27.89081040554758,3.8531818669767905,11.525744275851327
Carside,R-NSGA-II_eps0.05,16,58,27.90932849716305,3.853070952326365,11.52193926207978
Carside,R-NSGA-II_eps0.05,16,58,27.89296899386914,3.8530882902064887,11.525041445780435
Carside,R-NSGA-II_eps0.05,16,58,27.9902205091098,3.8596400340199297,11.512674348786105
Carside,R-NSGA-II_eps0.05,16,58,27.88819465488428,3.8535078938831426,11.525747379632334
Carside,R-NSGA-II_eps0.05,16,58,27.888098722491527,3.8535117131626717,11.52574816307438
Carside,R-NSGA-II_eps0.05,16,58,27.88808089481113,3.853511703634883,11.525748974697743
Carside,R-NSGA-II_eps0.05,16,58,27.876469486546295,3.853082395778237,11.542852698386096
Carside,R-NSGA-II_eps0.05,16,58,27.885779727154087,3.85405312520909,11.525236402171076
Carside,R-NSGA-II_eps0.05,16,58,27.887787984105827,3.8535079034109314,11.52576568425714
Carside,R-NSGA-II_eps0.05,16,58,28.036614046253938,3.851878582563611,11.514488628740796
Carside,R-NSGA-II_eps0.05,16,58,27.887584456043037,3.8534816786498167,11.525802137066067
Carside,R-NSGA-II_eps0.05,16,58,27.89670751944365,3.853060269093062,11.523683758067358
Carside,R-NSGA-II_eps0.05,16,58,27.895389531023984,3.8525700399792906,11.525620727690853
Carside,R-NSGA-II_eps0.05,16,58,27.891630720167846,3.8542582654792197,11.522972945163582
Carside,R-NSGA-II_eps0.05,16,58,27.89327255584725,3.853095962828147,11.524419969295398
Carside,R-NSGA-II_eps0.05,16,58,27.88488692382181,3.8540837746368872,11.525247435104529
Carside,R-NSGA-II_eps0.05,16,58,27.891432665774293,3.8542791455548033,11.522982015304335
Carside,R-NSGA-II_eps0.05,16,58,28.05258033438184,3.8493030927873613,11.539325514721593
Carside,R-NSGA-II_eps0.05,16,58,27.962741210030554,3.8517321011091417,11.522864756459906
Carside,R-NSGA-II_eps0.05,16,58,27.816626200852333,3.86549038599566,11.53539799896472
Carside,R-NSGA-II_eps0.05,16,58,27.90190696119121,3.8534832573669364,11.521972081584472
Carside,R-NSGA-II_eps0.05,16,58,28.033963686923556,3.857993006527213,11.504438953817594
Carside,R-NSGA-II_eps0.05,16,58,27.88623429179021,3.8535084536382502,11.525910947660854
Carside,R-NSGA-II_eps0.05,16,58,27.89161338416459,3.853108301142829,11.524552459808412
Carside,R-NSGA-II_eps0.05,16,58,28.110661857035144,3.846066315878425,11.52281412810607
Carside,R-NSGA-II_eps0.05,16,58,28.08833428724704,3.8517609923188982,11.506576816908083
Carside,R-NSGA-II_eps0.05,16,58,27.900096954648177,3.8530947117053014,11.5226729921825
Carside,R-NSGA-II_eps0.05,16,58,27.883251669261277,3.8509047025921874,11.553642559346091
Carside,R-NSGA-II_eps0.05,16,58,27.890801476181498,3.85282842142881,11.526108335251335
Carside,R-NSGA-II_eps0.05,16,58,27.884663809199992,3.8542999006763856,11.52447977330698
Carside,R-NSGA-II_eps0.05,16,58,27.78962986735425,3.8686731789756608,11.52050916670597
Carside,R-NSGA-II_eps0.05,16,58,27.883303282923183,3.8541094000559646,11.525444221827062
Carside,R-NSGA-II_eps0.05,16,58,27.891169166545353,3.8531462468043607,11.524535151355407
Carside,R-NSGA-II_eps0.05,16,58,27.891396358955173,3.853108301142829,11.524554678837088
Carside,R-NSGA-II_eps0.05,16,58,27.89804308107497,3.8530121028722197,11.52307889416372
Carside,R-NSGA-II_eps0.05,16,58,27.899300866611387,3.8530938268803436,11.522711848613321
Carside,R-NSGA-II_eps0.05,16,58,27.81013593644471,3.855077237900122,11.552987947828957
Carside,R-NSGA-II_eps0.05,16,58,27.899427543774326,3.853095962828147,11.522670984675603
Carside,R-NSGA-II_eps0.05,16,58,28.044128359855517,3.847803578580763,11.554446859878169
Carside,R-NSGA-II_eps0.05,16,58,27.890904190769607,3.8528772198218975,11.525364289439176
Carside,R-NSGA-II_eps0.05,16,58,28.144964684483867,3.844876632799119,11.537852439528972
Carside,R-NSGA-II_eps0.05,16,58,27.892945030222513,3.8536799332737264,11.522908835553576
Carside,R-NSGA-II_eps0.05,16,58,27.891879800101698,3.853814682373279,11.522903873190895
Carside,R-NSGA-II_eps0.05,16,58,27.892812274144397,3.85309945981011,11.523825076233631
Carside,R-NSGA-II_eps0.05,16,58,28.175441802828765,3.8447355815231057,11.51716914687515
Carside,R-NSGA-II_eps0.05,16,58,27.883442539172563,3.854252844247736,11.52458043170053
Carside,R-NSGA-II_eps0.05,16,58,27.94279490922816,3.852378582937621,11.520679893128406
Carside,R-NSGA-II_eps0.05,16,58,28.15135493246839,3.855041109144106,11.502463985290841
Carside,R-NSGA-II_eps0.05,16,58,27.88087785471838,3.8542552614474994,11.525227142627507
Carside,R-NSGA-II_eps0.05,16,58,27.879839312372496,3.8542803315201994,11.525758888954309
Carside,R-NSGA-II_eps0.05,16,58,27.873995460588738,3.877128636993013,11.51399759809292
Carside,R-NSGA-II_eps0.05,16,58,27.88655904744539,3.854276894474776,11.523207520933482
Carside,R-NSGA-II_eps0.05,16,58,27.97523592070875,3.8455044325212646,11.562015729464648
Carside,R-NSGA-II_eps0.05,16,58,27.879286070250828,3.8541752788029386,11.52580252186887
Carside,R-NSGA-II_eps0.05,16,58,27.881833693264927,3.8544362001760017,11.52401348220771
Carside,R-NSGA-II_eps0.05,16,58,27.881451120253267,3.8544362001760017,11.52402896156509
Carside,R-NSGA-II_eps0.05,16,58,27.888869385161264,3.8544362001760017,11.522020645921845
Carside,R-NSGA-II_eps0.05,16,58,28.217354858386823,3.849119976537216,11.50349897728778
Carside,R-NSGA-II_eps0.05,16,58,27.880091757579223,3.853669043806584,11.52557951155584
Carside,R-NSGA-II_eps0.05,16,58,27.882964856427062,3.8545955254920488,11.523045458446152
Carside,R-NSGA-II_eps0.05,16,58,27.751594488908598,3.862427081358538,11.561987441137159
Carside,R-NSGA-II_eps0.05,16,58,27.880040722409824,3.854609211994914,11.523820357578122
Carside,R-NSGA-II_eps0.05,16,58,27.878545954326874,3.854976466916841,11.524030897622348
Carside,R-NSGA-II_eps0.05,16,58,27.881295912250483,3.8560436623759915,11.523085324064326
Carside,R-NSGA-II_eps0.05,16,58,28.25690042961737,3.854678244976371,11.493346260480664
Carside,R-NSGA-II_eps0.05,16,58,28.29131629203214,3.8471624120059023,11.49574489392323
Carside,R-NSGA-II_eps0.05,16,58,27.87962935158458,3.854609211994914,11.523838830314642
Carside,R-NSGA-II_eps0.05,16,58,28.375158176109156,3.8446603759050464,11.51522156436187
Carside,R-NSGA-II_eps0.05,16,58,27.87961974784537,3.854609211994914,11.523841603043369
Carside,R-NSGA-II_eps0.05,16,58,27.879547765034793,3.854610377268404,11.52384500318015
Carside,R-NSGA-II_eps0.05,16,58,28.432759923399523,3.835790488499546,11.516659632477035
Carside,R-NSGA-II_eps0.05,16,58,27.878007535735613,3.854603605276358,11.524200559422807
Carside,R-NSGA-II_eps0.05,16,58,27.874727445067617,3.8546942570215585,11.525660499259796
Carside,R-NSGA-II_eps0.05,16,58,27.585068333185458,3.8968852102475364,11.51679654631199
Carside,R-NSGA-II_eps0.05,16,58,27.58090970195654,3.854861585143131,11.605734754621215
Carside,R-NSGA-II_eps0.05,16,58,27.87691790636418,3.854610377268404,11.524067351281015
Carside,R-NSGA-II_eps0.05,16,58,28.5747892428849,3.830169169263956,11.515969053193466
Carside,R-NSGA-II_eps0.05,16,58,27.876942815457294,3.8544362001760017,11.524232636022582
Carside,R-NSGA-II_eps0.05,16,58,27.870031421390856,3.8546397149109652,11.525885593068896
Carside,R-NSGA-II_eps0.05,16,58,28.622913115031356,3.8361988924260557,11.506116748885026
Carside,R-NSGA-II_eps0.05,16,58,27.88108889568856,3.8530457011211814,11.530401916164205
Carside,R-NSGA-II_eps0.05,16,58,27.869943138796113,3.854169680470405,11.526104985397062
Carside,R-NSGA-II_eps0.05,16,58,28.6417876850582,3.8401354577491102,11.476357681658612
Carside,R-NSGA-II_eps0.05,16,58,27.870738776378953,3.855235444783776,11.524105721221442
Carside,R-NSGA-II_eps0.05,17,59,27.915842786323076,3.8542205082390684,11.524091998837289
Carside,R-NSGA-II_eps0.05,17,59,27.914500889027902,3.8543441132018708,11.523784799707691
Carside,R-NSGA-II_eps0.05,17,59,27.917042249604034,3.854149339993997,11.524039134573735
Carside,R-NSGA-II_eps0.05,17,59,27.913568252323273,3.8543292367958273,11.524076498005027
Carside,R-NSGA-II_eps0.05,17,59,27.913568252329455,3.8543292367958273,11.524075819857618
Carside,R-NSGA-II_eps0.05,17,59,27.91695811139009,3.854143540685826,11.524053546782682
Carside,R-NSGA-II_eps0.05,17,59,27.913493192676864,3.854313751916644,11.524085839338682
Carside,R-NSGA-II_eps0.05,17,59,27.913374585590997,3.854313751916644,11.524095067289405
Carside,R-NSGA-II_eps0.05,17,59,27.911213227488112,3.8544492748001695,11.524080043119795
Carside,R-NSGA-II_eps0.05,17,59,27.912921400695268,3.854320888631521,11.524130691461695
Carside,R-NSGA-II_eps0.05,17,59,27.912976212238345,3.8543134939772723,11.524130329320236
Carside,R-NSGA-II_eps0.05,17,59,27.911349390822583,3.8544065787861506,11.524051209372226
Carside,R-NSGA-II_eps0.05,17,59,27.9112648821794,3.8544007804627327,11.52406563171206
Carside,R-NSGA-II_eps0.05,17,59,27.91068361822954,3.854403233730527,11.524118020406867
Carside,R-NSGA-II_eps0.05,17,59,27.910358509300334,3.8544202253679685,11.524130438608157
Carside,R-NSGA-II_eps0.05,17,59,27.91030913070833,3.8544199767491314,11.524133324114338
Carside,R-NSGA-II_eps0.05,17,59,27.9098589761158,3.854453986132112,11.524128786206653
Carside,R-NSGA-II_eps0.05,17,59,27.91011406342531,3.8544297753451504,11.524127887312645
Carside,R-NSGA-II_eps0.05,17,59,27.909081235847182,3.8545088171650024,11.52413529834754
Carside,R-NSGA-II_eps0.05,17,59,27.909076928130037,3.8545088171650024,11.524136145498872
Carside,R-NSGA-II_eps0.05,17,59,27.910068191582994,3.8544311741716903,11.524129733452408
Carside,R-NSGA-II_eps0.05,17,59,27.909058019350212,3.854508853168325,11.524137073554808
Carside,R-NSGA-II_eps0.05,17,59,27.910079877818696,3.8544300437123002,11.524129974685735
Carside,R-NSGA-II_eps0.05,17,59,27.909976982137874,3.854435659142716,11.524137477429175
Carside,R-NSGA-II_eps0.05,17,59,27.909972827255302,3.854435610564739,11.524139228843786
Carside,R-NSGA-II_eps0.05,17,59,27.909994496741657,3.8544339233625244,11.524137365291061
Carside,R-NSGA-II_eps0.05,17,59,27.9100261206657,3.8544320384143487,11.524130727327439
Carside,R-NSGA-II_eps0.05,17,59,27.91008854811957,3.8544271018581564,11.52412996882984
Carside,R-NSGA-II_eps0.05,17,59,27.91015975897005,3.854420530944864,11.524130217947242
Carside,R-NSGA-II_eps0.05,17,59,27.91010190496862,3.8544201278778853,11.524152465305413
Carside,R-NSGA-II_eps0.05,17,59,27.910117333848795,3.8544229860297317,11.524131740133122
Carside,R-NSGA-II_eps0.05,17,59,27.909734942017312,3.8544486284918156,11.524140561228123
Carside,R-NSGA-II_eps0.05,17,59,27.90991991387976,3.854436185161783,11.524131612563362
Carside,R-NSGA-II_eps0.05,17,59,27.90991878463877,3.854436204799317,11.52413181311574
Carside,R-NSGA-II_eps0.05,17,59,27.909892138072806,3.854435610564739,11.524142844752493
Carside,R-NSGA-II_eps0.05,17,59,27.909912582112877,3.854436146210196,11.524132407184581
Carside,R-NSGA-II_eps0.05,17,59,27.90989455727377,3.8544371650847977,11.52413094357751
Carside,R-NSGA-II_eps0.05,17,59,27.90988093977061,3.854435610564739,11.524143347507643
Carside,R-NSGA-II_eps0.05,17,59,27.991433942522793,3.854454026597459,11.515743740166716
Carside,R-NSGA-II_eps0.05,17,59,27.90958159401068,3.8544576885741217,11.524143411596366
Carside,R-NSGA-II_eps0.05,17,59,27.909849733176294,3.854438815837779,11.524132056093904
Carside,R-NSGA-II_eps0.05,17,59,27.90138383340731,3.859620627743579,11.520918415830602
Carside,R-NSGA-II_eps0.05,17,59,27.90987506228957,3.854436146210196,11.524134072429598
Carside,R-NSGA-II_eps0.05,17,59,27.99951090668353,3.851186032769136,11.524099462113943
Carside,R-NSGA-II_eps0.05,17,59,27.9098336786668,3.8544389045307073,11.524133364021722
Carside,R-NSGA-II_eps0.05,17,59,27.90966304995425,3.8544472207832423,11.524153552724467
Carside,R-NSGA-II_eps0.05,17,59,27.909771458410642,3.8544392945239383,11.524147490616711
Carside,R-NSGA-II_eps0.05,17,59,27.909759347981073,3.854441765944322,11.52413916346405
Carside,R-NSGA-II_eps0.05,17,59,27.90972893656251,3.854442625268091,11.524143170506916
Carside,R-NSGA-II_eps0.05,17,59,27.909694240375686,3.8544428912295943,11.524143925447984
Carside,R-NSGA-II_eps0.05,17,59,27.84465244938997,3.8535271947341814,11.544768106730492
Carside,R-NSGA-II_eps0.05,17,59,27.909929109143306,3.854420266906893,11.52416774323142
Carside,R-NSGA-II_eps0.05,17,59,27.90968514692048,3.8544428912295943,11.524145961121508
Carside,R-NSGA-II_eps0.05,17,59,27.911004539201237,3.85434989362955,11.52412480966489
Carside,R-NSGA-II_eps0.05,17,59,27.91011504249738,3.8544039135768586,11.52416668697155
Carside,R-NSGA-II_eps0.05,17,59,27.91013255710116,3.854402177797082,11.524166574799327
Carside,R-NSGA-II_eps0.05,17,59,27.84061188861018,3.861877474990833,11.525230090255745
Carside,R-NSGA-II_eps0.05,17,59,27.909854584943933,3.854418880450797,11.524175955323088
Carside,R-NSGA-II_eps0.05,17,59,27.910090727604306,3.854402446146637,11.524169005232935
Carside,R-NSGA-II_eps0.05,17,59,27.90981367518081,3.854420940372357,11.524175188040566
Carside,R-NSGA-II_eps0.05,17,59,27.909805075920264,3.854420940372357,11.524177670708497
Carside,R-NSGA-II_eps0.05,17,59,28.085136206490866,3.854443440799159,11.509225236004783
Carside,R-NSGA-II_eps0.05,17,59,27.909805075920577,3.854420940372357,11.524177636148057
Carside,R-NSGA-II_eps0.05,17,59,27.906787318749192,3.8508482359556506,11.554349930435365
Carside,R-NSGA-II_eps0.05,17,59,27.909804660367012,3.854420940372357,11.524177689375346
Carside,R-NSGA-II_eps0.05,17,59,27.909787322253397,3.854421881558798,11.524177632217047
Carside,R-NSGA-II_eps0.05,17,59,27.816175287572285,3.8595700550377163,11.546942691987732
Carside,R-NSGA-II_eps0.05,17,59,27.909810477119784,3.854420266906893,11.524176957269038
Carside,R-NSGA-II_eps0.05,17,59,27.910216211026626,3.854397305278497,11.524135054533817
Carside,R-NSGA-II_eps0.05,17,59,28.086451554434834,3.8478030927547184,11.541530228325652
Carside,R-NSGA-II_eps0.05,17,59,27.910025398364716,3.854403490805688,11.52417421917926
Carside,R-NSGA-II_eps0.05,17,59,27.909412348481524,3.8544489892521674,11.5241700485264
Carside,R-NSGA-II_eps0.05,17,59,28.112566237380896,3.8475698215803953,11.521489555323907
Carside,R-NSGA-II_eps0.05,17,59,27.909661476971205,3.8544265314820567,11.52416972754803
Carside,R-NSGA-II_eps0.05,17,59,27.909426249181593,3.8544405383401497,11.524176119817875
Carside,R-NSGA-II_eps0.05,17,59,27.90941341198198,3.854440545557276,11.52417750752508
Carside,R-NSGA-II_eps0.05,17,59,28.034267818061995,3.847776532737714,11.556620305545373
Carside,R-NSGA-II_eps0.05,17,59,27.83860678638843,3.8667214126789267,11.515048025913252
Carside,R-NSGA-II_eps0.05,17,59,27.909386865543865,3.8544411764481916,11.5241802762092
Carside,R-NSGA-II_eps0.05,17,59,28.133718906068495,3.850110364048243,11.505539958471239
Carside,R-NSGA-II_eps0.05,17,59,27.909383674324435,3.8544411764481916,11.52418054699596
Carside,R-NSGA-II_eps0.05,17,59,27.90951207002698,3.854431562126657,11.524171807337229
Carside,R-NSGA-II_eps0.05,17,59,28.043357391527476,3.866269836076706,11.504589512418324
Carside,R-NSGA-II_eps0.05,17,59,27.90915634101697,3.8544556159709433,11.52418908609926
Carside,R-NSGA-II_eps0.05,17,59,27.909298436682693,3.854447177899955,11.524172489328244
Carside,R-NSGA-II_eps0.05,17,59,27.74220313934064,3.8655234738038127,11.54138863884963
Carside,R-NSGA-II_eps0.05,17,59,27.909366311590773,3.85444012306095,11.524180548439443
Carside,R-NSGA-II_eps0.05,17,59,28.193025166064327,3.852837770472355,11.500895842954485
Carside,R-NSGA-II_eps0.05,17,59,27.909119249752173,3.8544587674873925,11.52418262103675
Carside,R-NSGA-II_eps0.05,17,59,27.90911957709048,3.854458527029064,11.524183566414472
Carside,R-NSGA-II_eps0.05,17,59,27.909405553044664,3.8544357606359583,11.524184195688875
Carside,R-NSGA-II_eps0.05,17,59,28.225364637636396,3.84379261103406,11.519745619219513
Carside,R-NSGA-II_eps0.05,17,59,27.909129826127177,3.854457232915985,11.524182739637517
Carside,R-NSGA-II_eps0.05,17,59,27.75434945055174,3.8739723113557947,11.524107316146432
Carside,R-NSGA-II_eps0.05,17,59,27.90953126048433,3.8544274446611313,11.524176446949173
Carside,R-NSGA-II_eps0.05,17,59,27.909123595886168,3.8544573196691236,11.524183827046041
Carside,R-NSGA-II_eps0.05,17,59,27.657340232735464,3.8544572309419314,11.595726332980757
Carside,R-NSGA-II_eps0.05,17,59,27.912362337824778,3.854660215644233,11.522516299646195
Carside,R-NSGA-II_eps0.05,17,59,27.79294852563755,3.883008651059532,11.514538536295799
Carside,R-NSGA-II_eps0.05,17,59,27.909189638292514,3.854449285126539,11.52418549088586
Carside,R-NSGA-II_eps0.05,18,60,27.895382299098728,3.85595919963793,11.523424550264387
Carside,R-NSGA-II_eps0.05,18,60,27.924790609335727,3.8539160668872277,11.522789639865593
Carside,R-NSGA-II_eps0.05,18,60,27.893347385717863,3.8559592507268836,11.52355542070482
Carside,R-NSGA-II_eps0.05,18,60,27.911195305080483,3.8537341227007746,11.523554740617804
Carside,R-NSGA-II_eps0.05,18,60,27.89201609900956,3.854315805945012,11.524177809601325
Carside,R-NSGA-II_eps0.05,18,60,27.892143903884506,3.854299970460517,11.524176966020365
Carside,R-NSGA-II_eps0.05,18,60,27.892143536076993,3.854299970544415,11.524176992054219
Carside,R-NSGA-II_eps0.05,18,60,27.898490044487705,3.853922664501813,11.523917815638693
Carside,R-NSGA-II_eps0.05,18,60,27.891445360538842,3.853922530272967,11.525242707999205
Carside,R-NSGA-II_eps0.05,18,60,27.891352915254043,3.853923837636737,11.525249813079427
Carside,R-NSGA-II_eps0.05,18,60,27.891229194713297,3.8539238359976955,11.525274847607417
Carside,R-NSGA-II_eps0.05,18,60,27.90161621927418,3.853730576834811,11.524016133456538
Carside,R-NSGA-II_eps0.05,18,60,27.901088229365698,3.8537391252015367,11.524010482370121
Carside,R-NSGA-II_eps0.05,18,60,27.918996736682193,3.8531320734906904,11.523316335351385
Carside,R-NSGA-II_eps0.05,18,60,27.8949937142102,3.853975323701609,11.524175722101106
Carside,R-NSGA-II_eps0.05,18,60,27.897105688202256,3.853872275568435,11.524066283686967
Carside,R-NSGA-II_eps0.05,18,60,27.89505675720268,3.8539239702937302,11.524235236166252
Carside,R-NSGA-II_eps0.05,18,60,27.895049584341905,3.8539237807462285,11.52423652756231
Carside,R-NSGA-II_eps0.05,18,60,27.89504861430873,3.8539237807462285,11.52423659513118
Carside,R-NSGA-II_eps0.05,18,60,27.895038994206896,3.853924104049748,11.524236686391781
Carside,R-NSGA-II_eps0.05,18,60,27.894975234269964,3.853926664973667,11.524236082005487
Carside,R-NSGA-II_eps0.05,18,60,27.894972651773244,3.853926702144703,11.52423627751858
Carside,R-NSGA-II_eps0.05,18,60,27.896015661212644,3.8539116466702605,11.524111752756852
Carside,R-NSGA-II_eps0.05,18,60,27.89618528892863,3.8539097505460496,11.524088227856204
Carside,R-NSGA-II_eps0.05,18,60,27.896018269420185,3.853911692514848,11.52410742015324
Carside,R-NSGA-II_eps0.05,18,60,27.873542955131366,3.853920425008466,11.53173342703395
Carside,R-NSGA-II_eps0.05,18,60,27.89517623169018,3.8539217231017786,11.524208375823246
Carside,R-NSGA-II_eps0.05,18,60,27.895043025262964,3.853925689293184,11.524216849807074
Carside,R-NSGA-II_eps0.05,18,60,27.895183325606652,3.853922112443026,11.524203831874557
Carside,R-NSGA-II_eps0.05,18,60,27.895183929112193,3.8539216161229004,11.5242051053183
Carside,R-NSGA-II_eps0.05,18,60,27.85640346777198,3.858757536164906,11.524203823489742
Carside,R-NSGA-II_eps0.05,18,60,27.97966266358667,3.852706494773311,11.517773724887856
Carside,R-NSGA-II_eps0.05,18,60,27.895177428066518,3.8539224436008723,11.52420186692287
Carside,R-NSGA-II_eps0.05,18,60,27.895111931170437,3.853923377352191,11.524209075495211
Carside,R-NSGA-II_eps0.05,18,60,27.895180938586545,3.8539226553303627,11.524196554866355
Carside,R-NSGA-II_eps0.05,18,60,27.95940874405487,3.8510394158484083,11.53652900750151
Carside,R-NSGA-II_eps0.05,18,60,27.895335649253834,3.8539176885228006,11.524185608774532
Carside,R-NSGA-II_eps0.05,18,60,27.895245495437592,3.85391899591777,11.524192520445567
Carside,R-NSGA-II_eps0.05,18,60,27.895144055747743,3.8539244465141542,11.524187468967714
Carside,R-NSGA-II_eps0.05,18,60,28.0301575671816,3.849428737909445,11.522232827759531
Carside,R-NSGA-II_eps0.05,18,60,27.89505698394418,3.853923962727978,11.52420079952989
Carside,R-NSGA-II_eps0.05,18,60,27.836407751160532,3.8619007970096386,11.522827728006636
Carside,R-NSGA-II_eps0.05,18,60,27.89513059698665,3.8539281095179945,11.52417603994421
Carside,R-NSGA-II_eps0.05,18,60,27.895120585824333,3.85392492603731,11.524186752009168
Carside,R-NSGA-II_eps0.05,18,60,27.83125391616777,3.861911210321611,11.535214734874842
Carside,R-NSGA-II_eps0.05,18,60,27.895131885323877,3.8539279503663026,11.524176038935547
Carside,R-NSGA-II_eps0.05,18,60,27.895129004207625,3.8539277608188596,11.52417696779455
Carside,R-NSGA-II_eps0.05,18,60,27.928354951829245,3.8628061533149562,11.515378271731402
Carside,R-NSGA-II_eps0.05,18,60,27.895377187683817,3.8539390752725207,11.524103750275074
Carside,R-NSGA-II_eps0.05,18,60,27.89614570648762,3.8538958571129127,11.524106602687397
Carside,R-NSGA-II_eps0.05,18,60,28.052604620059494,3.848072166187279,11.533279920011914
Carside,R-NSGA-II_eps0.05,18,60,27.8278912609816,3.8539230096905284,11.54437400905517
Carside,R-NSGA-II_eps0.05,18,60,27.89507327535417,3.8539238248188323,11.524194295142696
Carside,R-NSGA-II_eps0.05,18,60,27.895190361752064,3.8539288480749656,11.524159570043409
Carside,R-NSGA-II_eps0.05,18,60,28.081589916854035,3.8539246159934915,11.508402711282192
Carside,R-NSGA-II_eps0.05,18,60,27.89529318120922,3.8539402860911354,11.524110109124404
Carside,R-NSGA-II_eps0.05,18,60,27.89519026653113,3.8539288500448854,11.524158840752479
Carside,R-NSGA-II_eps0.05,18,60,27.85884087628757,3.8645835697613693,11.517193183175571
Carside,R-NSGA-II_eps0.05,18,60,27.89508875598739,3.8539238248188323,11.524189896281683
Carside,R-NSGA-II_eps0.05,18,60,27.895088975377046,3.85392644769273,11.524181677747578
Carside,R-NSGA-II_eps0.05,18,60,27.896460619455798,3.853910064808317,11.5240140664812
Carside,R-NSGA-II_eps0.05,18,60,27.895203247017857,3.8539202559651575,11.524180113620512
Carside,R-NSGA-II_eps0.05,18,60,28.00519844477748,3.847706499153821,11.543236725799503
Carside,R-NSGA-II_eps0.05,18,60,27.895563036410255,3.8539195758075495,11.524123052116554
Carside,R-NSGA-II_eps0.05,18,60,28.0471468950738,3.846585354730837,11.5394905623715
Carside,R-NSGA-II_eps0.05,18,60,27.895564083889536,3.8539194954843663,11.524123018162111
Carside,R-NSGA-II_eps0.05,18,60,27.895563680602187,3.8539194954843663,11.524123052116554
Carside,R-NSGA-II_eps0.05,18,60,28.1275954925176,3.8467301711979562,11.51627737542113
Carside,R-NSGA-II_eps0.05,18,60,28.14103751809566,3.8514222206202855,11.505784130487827
Carside,R-NSGA-II_eps0.05,18,60,27.89555459772444,3.8539194954843663,11.524123924083714
Carside,R-NSGA-II_eps0.05,18,60,27.895180938793956,3.8539226553303627,11.524173718494321
Carside,R-NSGA-II_eps0.05,18,60,27.895043446489492,3.8539295700138525,11.524174283599478
Carside,R-NSGA-II_eps0.05,18,60,27.747538829115598,3.861501507374426,11.548232475713029
Carside,R-NSGA-II_eps0.05,18,60,27.895173954775185,3.853925735297674,11.524163110137849
Carside,R-NSGA-II_eps0.05,18,60,27.949642530562542,3.849497136625085,11.555583948789522
Carside,R-NSGA-II_eps0.05,18,60,27.89523818426235,3.8539277914794696,11.524146194357723
Carside,R-NSGA-II_eps0.05,18,60,27.77459053336429,3.868997490099923,11.524196896583575
Carside,R-NSGA-II_eps0.05,18,60,28.151014977730263,3.858580720815969,11.499064297853735
Carside,R-NSGA-II_eps0.05,18,60,27.895033051844,3.8539340750313036,11.52415925443365
Carside,R-NSGA-II_eps0.05,18,60,27.89523641847969,3.853928278754949,11.52414329321524
Carside,R-NSGA-II_eps0.05,18,60,27.999037184205125,3.868681844466338,11.505470416953997
Carside,R-NSGA-II_eps0.05,18,60,27.895038368193703,3.8539340750313036,11.524157743799712
Carside,R-NSGA-II_eps0.05,18,60,28.23173287562687,3.846098447584733,11.512170900880342
Carside,R-NSGA-II_eps0.05,18,60,27.854176245962357,3.8531503701968326,11.565427894401468
Carside,R-NSGA-II_eps0.05,18,60,27.895370382703646,3.8539249384857364,11.524130477439076
Carside,R-NSGA-II_eps0.05,18,60,27.895181601161955,3.853930200857401,11.524143649501001
Carside,R-NSGA-II_eps0.05,18,60,28.09565743490563,3.868681870929046,11.502731509334948
Carside,R-NSGA-II_eps0.05,18,60,27.895332411608578,3.8539238083505416,11.52413661321923
Carside,R-NSGA-II_eps0.05,18,60,27.750191902071563,3.8720448047142906,11.524123728570647
Carside,R-NSGA-II_eps0.05,18,60,27.895276815130075,3.853908856747464,11.524189071390644
Carside,R-NSGA-II_eps0.05,18,60,28.23868761605437,3.853926296483472,11.495158571947046
Carside,R-NSGA-II_eps0.05,18,60,27.89518981194426,3.8539220867887627,11.524164126600688
Carside,R-NSGA-II_eps0.05,18,60,28.255961563901888,3.841872293495078,11.519049353004714
Carside,R-NSGA-II_eps0.05,18,60,27.74145168476405,3.85388043958261,11.569998268316102
Carside,R-NSGA-II_eps0.05,18,60,27.895162955741117,3.8539229123501038,11.524166033753847
Carside,R-NSGA-II_eps0.05,18,60,27.895333214987534,3.8539238083505416,11.524136014760163
Carside,R-NSGA-II_eps0.05,18,60,27.895346361158005,3.853923776694008,11.524133589250308
Carside,R-NSGA-II_eps0.05,18,60,27.89641441171038,3.853911071453372,11.52400510244792
Carside,R-NSGA-II_eps0.05,18,60,28.30584276774755,3.840198982180762,11.518384753406174
Carside,R-NSGA-II_eps0.05,18,60,27.89587296360158,3.853917749030337,11.524068052914515
Carside,R-NSGA-II_eps0.05,19,61,27.92572960492801,3.8545300088359387,11.52322626785424
Carside,R-NSGA-II_eps0.05,19,61,27.914260180477456,3.8545324418005213,11.524001795322476
Carside,R-NSGA-II_eps0.05,19,61,27.914035070700006,3.8545381783903454,11.524017173975675
Carside,R-NSGA-II_eps0.05,19,61,27.919285067009422,3.854407068866688,11.523266459222775
Carside,R-NSGA-II_eps0.05,19,61,27.915312497650312,3.854408427820487,11.523473869488654
Carside,R-NSGA-II_eps0.05,19,61,27.9117178540612,3.854012815765455,11.52417937275306
Carside,R-NSGA-II_eps0.05,19,61,27.90811061129206,3.8546032793160783,11.52407768896449
Carside,R-NSGA-II_eps0.05,19,61,27.907954927787113,3.854621147197039,11.524095538747716
Carside,R-NSGA-II_eps0.05,19,61,27.90803456892709,3.8546299200259155,11.524064403296823
Carside,R-NSGA-II_eps0.05,19,61,27.907998973992616,3.854618348383876,11.52407997923222
Carside,R-NSGA-II_eps0.05,19,61,27.90799568327684,3.854618348383876,11.524080415412993
Carside,R-NSGA-II_eps0.05,19,61,27.90801447172325,3.8546183393457936,11.524075613382838
Carside,R-NSGA-II_eps0.05,19,61,27.907988481618354,3.8546196566599686,11.52407997923222
Carside,R-NSGA-II_eps0.05,19,61,27.90798846910547,3.8546196582201784,11.52407997923222
Carside,R-NSGA-II_eps0.05,19,61,27.907988469126824,3.854619658217637,11.52407987226717
Carside,R-NSGA-II_eps0.05,19,61,27.91346442166869,3.8536549407981937,11.524242785853076
Carside,R-NSGA-II_eps0.05,19,61,27.97181799340713,3.853066260716889,11.519649174271564
Carside,R-NSGA-II_eps0.05,19,61,27.907385359503866,3.854563031387846,11.524181150022414
Carside,R-NSGA-II_eps0.05,19,61,27.907140315132168,3.8545666809073715,11.524200195128476
Carside,R-NSGA-II_eps0.05,19,61,27.87908319100876,3.8581754264552752,11.523419820963642
Carside,R-NSGA-II_eps0.05,19,61,27.90976283223599,3.85404864015972,11.524221600314196
Carside,R-NSGA-II_eps0.05,19,61,27.907005130103222,3.854569233939368,11.524203635326613
Carside,R-NSGA-II_eps0.05,19,61,27.90797278349154,3.854249618314871,11.524340562053567
Carside,R-NSGA-II_eps0.05,19,61,27.911044075740794,3.85376202671455,11.524402262637214
Carside,R-NSGA-II_eps0.05,19,61,27.938819513450117,3.854663981545021,11.513920201143733
Carside,R-NSGA-II_eps0.05,19,61,27.906842825956222,3.854658236969202,11.524095977418607
Carside,R-NSGA-II_eps0.05,19,61,27.906568043803063,3.854631342832539,11.524190008844752
Carside,R-NSGA-II_eps0.05,19,61,27.907298881171805,3.8542702317598705,11.524363456309455
Carside,R-NSGA-II_eps0.05,19,61,28.014485237861855,3.850967485765976,11.522654334450603
Carside,R-NSGA-II_eps0.05,19,61,27.906745771669954,3.85427897067277,11.524380263186682
Carside,R-NSGA-II_eps0.05,19,61,27.874122763523996,3.854613366759982,11.537502991799514
Carside,R-NSGA-II_eps0.05,19,61,27.90570410955733,3.8545198772045457,11.524344254495313
Carside,R-NSGA-II_eps0.05,19,61,27.90547866955734,3.8545269240556026,11.524357898709717
Carside,R-NSGA-II_eps0.05,19,61,27.8386768820267,3.855009447360106,11.52973667668729
Carside,R-NSGA-II_eps0.05,19,61,27.90528102414952,3.8546196065965788,11.524307174434215
Carside,R-NSGA-II_eps0.05,19,61,27.905389555048462,3.8546312447824396,11.524261995384755
Carside,R-NSGA-II_eps0.05,19,61,27.905627748368683,3.854399645274719,11.524428286682086
Carside,R-NSGA-II_eps0.05,19,61,27.905162805591257,3.8545254492216294,11.52438498410656
Carside,R-NSGA-II_eps0.05,19,61,28.001443334449732,3.849667477422644,11.5363397823784
Carside,R-NSGA-II_eps0.05,19,61,27.90543033767865,3.854598857785394,11.524223376539014
Carside,R-NSGA-II_eps0.05,19,61,27.905007569860103,3.854526711607324,11.524405199917734
Carside,R-NSGA-II_eps0.05,19,61,27.90475331413416,3.85461769291513,11.524369932964607
Carside,R-NSGA-II_eps0.05,19,61,27.921877574478067,3.8535380050688532,11.543800271617012
Carside,R-NSGA-II_eps0.05,19,61,27.90536594347639,3.8544054532682885,11.524451159958588
Carside,R-NSGA-II_eps0.05,19,61,27.845726294920897,3.8617853521860757,11.524445095508579
Carside,R-NSGA-II_eps0.05,19,61,27.932530825377476,3.8525215293444015,11.523887500087453
Carside,R-NSGA-II_eps0.05,19,61,27.904929843402076,3.8546422021114393,11.524267187823868
Carside,R-NSGA-II_eps0.05,19,61,27.904618212311355,3.854628764867459,11.524370630840611
Carside,R-NSGA-II_eps0.05,19,61,28.039575628600634,3.852686551261245,11.514120320491628
Carside,R-NSGA-II_eps0.05,19,61,27.904655599110036,3.85462058742362,11.524363320118283
Carside,R-NSGA-II_eps0.05,19,61,27.90467171095001,3.85462058742362,11.524358421725314
Carside,R-NSGA-II_eps0.05,19,61,27.9046554578364,3.8546206210244733,11.524363047457957
Carside,R-NSGA-II_eps0.05,19,61,28.00077040743508,3.854631351203069,11.508832627132993
Carside,R-NSGA-II_eps0.05,19,61,27.99570208649531,3.8623002067564163,11.511329420291812
Carside,R-NSGA-II_eps0.05,19,61,27.904631796407582,3.8546206582325597,11.524369067634744
Carside,R-NSGA-II_eps0.05,19,61,27.90487730373369,3.8545155479983135,11.524416117171477
Carside,R-NSGA-II_eps0.05,19,61,27.904565454246967,3.85462888457863,11.524372693414078
Carside,R-NSGA-II_eps0.05,19,61,27.904583545234324,3.854631627296155,11.524362554353786
Carside,R-NSGA-II_eps0.05,19,61,27.90456134708009,3.854632441524393,11.52436328345504
Carside,R-NSGA-II_eps0.05,19,61,27.82534353299161,3.8644180860883326,11.534981317147764
Carside,R-NSGA-II_eps0.05,19,61,27.904484264397045,3.8546315116425998,11.52436715089199
Carside,R-NSGA-II_eps0.05,19,61,27.904606222569683,3.8545414485325136,11.524426777517087
Carside,R-NSGA-II_eps0.05,19,61,28.08094511097902,3.854573129163682,11.50927329853244
Carside,R-NSGA-II_eps0.05,19,61,28.109435653551053,3.850457595179405,11.518853259074707
Carside,R-NSGA-II_eps0.05,19,61,27.904614228648775,3.854532734217859,11.524434714771292
Carside,R-NSGA-II_eps0.05,19,61,27.821069411865892,3.854631698722952,11.547949589009246
Carside,R-NSGA-II_eps0.05,19,61,27.9046103219332,3.854532734217859,11.524435047149275
Carside,R-NSGA-II_eps0.05,19,61,27.802573982080055,3.867210339614054,11.524459457859173
Carside,R-NSGA-II_eps0.05,19,61,27.904610180659564,3.854532767817292,11.5244347744887
Carside,R-NSGA-II_eps0.05,19,61,28.099977347912603,3.846287178024787,11.535089572645342
Carside,R-NSGA-II_eps0.05,19,61,27.904080371698385,3.8546302711112954,11.524404259085376
Carside,R-NSGA-II_eps0.05,19,61,27.904033128453683,3.854629645405502,11.524416818134387
Carside,R-NSGA-II_eps0.05,19,61,27.985971575413796,3.8683687392527313,11.507977213654097
Carside,R-NSGA-II_eps0.05,19,61,27.90403213776927,3.8546302316303698,11.524406415869478
Carside,R-NSGA-II_eps0.05,19,61,27.903970954365587,3.8546498833072773,11.524402337566396
Carside,R-NSGA-II_eps0.05,19,61,28.140289132817248,3.849348688903035,11.512426718650243
Carside,R-NSGA-II_eps0.05,19,61,28.12632559710983,3.854631233499739,11.505462990292662
Carside,R-NSGA-II_eps0.05,19,61,27.904015676306457,3.8546301909618648,11.524407036239928
Carside,R-NSGA-II_eps0.05,19,61,27.904006712845078,3.854630363698048,11.52440838438585
Carside,R-NSGA-II_eps0.05,19,61,28.1539161781998,3.8459253064766186,11.521956924965929
Carside,R-NSGA-II_eps0.05,19,61,27.90400290038353,3.854630363698048,11.524408729650121
Carside,R-NSGA-II_eps0.05,19,61,27.787850931671993,3.864778630980778,11.54949312738194
Carside,R-NSGA-II_eps0.05,19,61,27.903980685795467,3.8546309969586976,11.524414017018893
Carside,R-NSGA-II_eps0.05,19,61,28.106879521182403,3.8625547144990904,11.501688759297753
Carside,R-NSGA-II_eps0.05,19,61,27.903997930967357,3.854630453382609,11.524408830728444
Carside,R-NSGA-II_eps0.05,19,61,27.904002040306974,3.8546305463346426,11.524407477498553
Carside,R-NSGA-II_eps0.05,19,61,27.789228206501726,3.8546311715264165,11.556989476528818
Carside,R-NSGA-II_eps0.05,19,61,28.15735954487234,3.851014163879372,11.504966310997645
Carside,R-NSGA-II_eps0.05,19,61,27.903974630364857,3.8546284413814753,11.524417321912651
Carside,R-NSGA-II_eps0.05,19,61,27.90397097448264,3.854631323955201,11.524414153546287
Carside,R-NSGA-II_eps0.05,19,61,27.970287714415065,3.875200009468862,11.506940835115216
Carside,R-NSGA-II_eps0.05,19,61,27.753515231624103,3.874231946489897,11.523080710272929
Carside,R-NSGA-II_eps0.05,19,61,27.9039424502482,3.8546380095787276,11.524414007964305
Carside,R-NSGA-II_eps0.05,19,61,27.903914462483566,3.8546284413814753,11.524422446852771
Carside,R-NSGA-II_eps0.05,19,61,28.19500424958866,3.8427379093590317,11.538730250471268
Carside,R-NSGA-II_eps0.05,19,61,27.90394111205463,3.8546200577802128,11.524422116573927
Carside,R-NSGA-II_eps0.05,19,61,27.71188339987292,3.8664760926226727,11.54966583449032
Carside,R-NSGA-II_eps0.05,19,61,28.233003834401387,3.848428804139254,11.512104480476241
Carside,R-NSGA-II_eps0.05,19,61,27.903870394143443,3.854630802718901,11.524428200405087
Carside,R-NSGA-II_eps0.05,19,61,27.903893204344207,3.8546313246221358,11.524417641325332
Carside,R-NSGA-II_eps0.05,20,62,27.899170188968192,3.8528635240116462,11.525882662809106
Carside,R-NSGA-II_eps0.05,20,62,27.927977065727585,3.854477065984517,11.519359100654027
Carside,R-NSGA-II_eps0.05,20,62,27.90828521449357,3.852204990436693,11.533068656469744
Carside,R-NSGA-II_eps0.05,20,62,27.87523808203289,3.854267261881571,11.526419411498196
Carside,R-NSGA-II_eps0.05,20,62,27.916799623347153,3.852838447503049,11.52375096700106
Carside,R-NSGA-II_eps0.05,20,62,27.872619471074998,3.854269186232198,11.526646683764577
Carside,R-NSGA-II_eps0.05,20,62,27.878033148703334,3.853653520960909,11.527303249088924
Carside,R-NSGA-II_eps0.05,20,62,27.877654081250295,3.853667059321915,11.527308486965829
Carside,R-NSGA-II_eps0.05,20,62,27.887781385187523,3.85307188433544,11.526049345410811
Carside,R-NSGA-II_eps0.05,20,62,27.891601297915503,3.85290602698938,11.525563947456128
Carside,R-NSGA-II_eps0.05,20,62,27.90437252177847,3.8522982630193514,11.52643475155115
Carside,R-NSGA-II_eps0.05,20,62,28.008658241248618,3.850890617995825,11.521484061777553
Carside,R-NSGA-II_eps0.05,20,62,27.888797356464934,3.852928303050255,11.526059668176963
Carside,R-NSGA-II_eps0.05,20,62,27.908657684570162,3.8521559093009734,11.526126272908595
Carside,R-NSGA-II_eps0.05,20,62,27.886759931035694,3.852890955717789,11.526416846279172
Carside,R-NSGA-II_eps0.05,20,62,27.83834309475524,3.8584407828524303,11.533297713433605
Carside,R-NSGA-II_eps0.05,20,62,27.88663458816457,3.8528900124670233,11.526435861844988
Carside,R-NSGA-II_eps0.05,20,62,27.87455974891453,3.8536400633332657,11.527391666148324
Carside,R-NSGA-II_eps0.05,20,62,27.852744427363795,3.8614289263193906,11.522721143619412
Carside,R-NSGA-II_eps0.05,20,62,27.88424165155977,3.853006620867035,11.526321038413869
Carside,R-NSGA-II_eps0.05,20,62,27.8734532574816,3.8536980518016515,11.527401451001472
Carside,R-NSGA-II_eps0.05,20,62,27.919230589579755,3.8523840756275964,11.523858834065592
Carside,R-NSGA-II_eps0.05,20,62,27.919300357408773,3.8523817486095737,11.523815875202583
Carside,R-NSGA-II_eps0.05,20,62,27.88432275652425,3.8528629754553627,11.527307532473293
Carside,R-NSGA-II_eps0.05,20,62,27.88431340188529,3.8528632856603346,11.527307681318693
Carside,R-NSGA-II_eps0.05,20,62,27.86283620254381,3.8533416740238473,11.53852871528982
Carside,R-NSGA-II_eps0.05,20,62,27.93745642313227,3.8522347247442488,11.523610424092398
Carside,R-NSGA-II_eps0.05,20,62,27.92127317790067,3.852345959502673,11.523740577833172
Carside,R-NSGA-II_eps0.05,20,62,27.88387675706088,3.8528632856603346,11.527496712405942
Carside,R-NSGA-II_eps0.05,20,62,27.883876757060843,3.8528632856603346,11.527496716220963
Carside,R-NSGA-II_eps0.05,20,62,27.978362216776684,3.855220487587463,11.51087397702268
Carside,R-NSGA-II_eps0.05,20,62,27.88266747835775,3.8529271980401765,11.526576088366593
Carside,R-NSGA-II_eps0.05,20,62,27.874071915827766,3.8534810625968645,11.527466190774991
Carside,R-NSGA-II_eps0.05,20,62,27.784419575690883,3.862254823385829,11.528680452550216
Carside,R-NSGA-II_eps0.05,20,62,27.944637838153334,3.8508104842227855,11.542944981741098
Carside,R-NSGA-II_eps0.05,20,62,27.88500831553952,3.8527709863492285,11.526986973290494
Carside,R-NSGA-II_eps0.05,20,62,28.07350692822235,3.8467654031140177,11.523443539988452
Carside,R-NSGA-II_eps0.05,20,62,27.925314110724685,3.852341046865004,11.523468101389689
Carside,R-NSGA-II_eps0.05,20,62,27.92551782050183,3.8523383960898054,11.52345322243622
Carside,R-NSGA-II_eps0.05,20,62,28.061654536542733,3.8511824848210545,11.512416893224284
Carside,R-NSGA-II_eps0.05,20,62,27.878442081465128,3.853104364278206,11.527206666974429
Carside,R-NSGA-II_eps0.05,20,62,27.940585190206992,3.852062104377361,11.530347911618975
Carside,R-NSGA-II_eps0.05,20,62,27.877909660015675,3.853104364278206,11.527400011474278
Carside,R-NSGA-II_eps0.05,20,62,27.927357578712424,3.8523154841296847,11.523345689239996
Carside,R-NSGA-II_eps0.05,20,62,27.898305501575404,3.852940064329944,11.523534228648582
Carside,R-NSGA-II_eps0.05,20,62,27.786368441138713,3.861029101933707,11.542141844029928
Carside,R-NSGA-II_eps0.05,20,62,27.890848751079925,3.8529395512026747,11.524208460865811
Carside,R-NSGA-II_eps0.05,20,62,27.958654240013846,3.865555437310921,11.51258070873902
Carside,R-NSGA-II_eps0.05,20,62,27.885798734240804,3.852711833343874,11.528245781262656
Carside,R-NSGA-II_eps0.05,20,62,28.0999891031062,3.845209831443554,11.533557776783958
Carside,R-NSGA-II_eps0.05,20,62,27.87820561799842,3.8530366386680615,11.52752047942877
Carside,R-NSGA-II_eps0.05,20,62,27.921175181721768,3.8523996983000766,11.523242221252133
Carside,R-NSGA-II_eps0.05,20,62,27.805706742014436,3.8552708733394803,11.546955946762932
Carside,R-NSGA-II_eps0.05,20,62,27.92316631371208,3.8524850888364743,11.522993556541902
Carside,R-NSGA-II_eps0.05,20,62,28.137402579894346,3.845209831443554,11.526256377582314
Carside,R-NSGA-II_eps0.05,20,62,27.940028334124786,3.8520641145626664,11.530501665362785
Carside,R-NSGA-II_eps0.05,20,62,27.94002833412473,3.8520641145626664,11.53050167151741
Carside,R-NSGA-II_eps0.05,20,62,27.760532605347354,3.8680520308500226,11.52735943355726
Carside,R-NSGA-II_eps0.05,20,62,27.939824624807603,3.8520667639402286,11.530516555343254
Carside,R-NSGA-II_eps0.05,20,62,28.066660659817856,3.8539540159633723,11.504213141926083
Carside,R-NSGA-II_eps0.05,20,62,27.9353111678076,3.8521501017959308,11.53072702970264
Carside,R-NSGA-II_eps0.05,20,62,27.935224411082505,3.8521501017959308,11.530731507584385
Carside,R-NSGA-II_eps0.05,20,62,27.949185384127123,3.848171130940188,11.550377143858316
Carside,R-NSGA-II_eps0.05,20,62,27.859591210387453,3.855128130528988,11.526932545576946
Carside,R-NSGA-II_eps0.05,20,62,28.019081409188864,3.865077905111955,11.506417246489931
Carside,R-NSGA-II_eps0.05,20,62,27.876633413137444,3.8530591890222956,11.527639576355707
Carside,R-NSGA-II_eps0.05,20,62,27.7632582681197,3.8585676904939934,11.549027318076917
Carside,R-NSGA-II_eps0.05,20,62,27.925798742681003,3.852475330237688,11.522812997938551
Carside,R-NSGA-II_eps0.05,20,62,28.150057995481305,3.845805488100605,11.512213898659823
Carside,R-NSGA-II_eps0.05,20,62,27.93502797593796,3.8521501017959308,11.530807500734255
Carside,R-NSGA-II_eps0.05,20,62,28.21711537499208,3.8444274252208355,11.524275662138592
Carside,R-NSGA-II_eps0.05,20,62,27.881959277453596,3.8527469247458246,11.52823921266468
Carside,R-NSGA-II_eps0.05,20,62,28.10205943775979,3.8584960637021086,11.498763541963427
Carside,R-NSGA-II_eps0.05,20,62,27.924299077367483,3.8523460953274564,11.522856952730823
Carside,R-NSGA-II_eps0.05,20,62,27.85457544620841,3.8555671359308783,11.527555167921975
Carside,R-NSGA-II_eps0.05,20,62,28.178048826329047,3.8490449865690897,11.501945919784951
Carside,R-NSGA-II_eps0.05,20,62,28.26580232667263,3.8450440695424333,11.513792611075058
Carside,R-NSGA-II_eps0.05,20,62,27.860782875656252,3.854505246221115,11.524908528444241
Carside,R-NSGA-II_eps0.05,20,62,27.865184423948875,3.853441963449003,11.52765275526219
Carside,R-NSGA-II_eps0.05,20,62,27.879162649096962,3.8525262480622495,11.528385305699437
Carside,R-NSGA-II_eps0.05,20,62,28.0026155475948,3.8465009796871623,11.557534453294828
Carside,R-NSGA-II_eps0.05,20,62,27.852209962290708,3.8555842023984397,11.526837680811568
Carside,R-NSGA-II_eps0.05,20,62,27.87969919551611,3.853285148847484,11.523315086749978
Carside,R-NSGA-II_eps0.05,20,62,27.691320013534487,3.8716825403751223,11.538433239233015
Carside,R-NSGA-II_eps0.05,20,62,27.856329329701023,3.8541221630238516,11.52760168577252
Carside,R-NSGA-II_eps0.05,20,62,27.716964243560934,3.861547190627061,11.555564650471549
Carside,R-NSGA-II_eps0.05,20,62,27.888302972263553,3.8770046814330685,11.512686501318274
Carside,R-NSGA-II_eps0.05,20,62,27.94616167979092,3.8524590686588507,11.521623839461432
Carside,R-NSGA-II_eps0.05,20,62,28.27481109099217,3.8520950432490495,11.501423034490793
Carside,R-NSGA-II_eps0.05,20,62,27.861145579033376,3.8546232983741127,11.523806702960016
Carside,R-NSGA-II_eps0.05,20,62,27.940867044535036,3.8517740041284205,11.522795039924153
Carside,R-NSGA-II_eps0.05,20,62,28.225249340848,3.8547213394763036,11.497152361056553
Carside,R-NSGA-II_eps0.05,20,62,28.151332283641036,3.8690646873090877,11.497906503715658
Carside,R-NSGA-II_eps0.05,20,62,27.85384962237793,3.8543413174673726,11.52824602109896
Carside,R-NSGA-II_eps0.05,20,62,28.345036282290625,3.8402903862231597,11.521299674449438
Carside,R-NSGA-II_eps0.05,20,62,27.94102013065637,3.851772355609739,11.522780977982459
Carside,R-NSGA-II_eps0.05,20,62,27.947810280833252,3.852402323097529,11.521573940145512
Carside,R-NSGA-II_eps0.05,20,62,27.760669283429994,3.8529245458955876,11.565180342160996
Carside,R-NSGA-II_eps0.05,20,62,27.899945938793934,3.8528950381091422,11.521740491668819
Carside,R-NSGA-II_eps0.05,20,62,28.282467207644817,3.8490117449999706,11.497023295400975
Carside,R-NSGA-II_eps0.1,0,42,27.884851806272767,3.8535481072473705,11.5250183031608
Carside,R-NSGA-II_eps0.1,0,42,27.8666449460254,3.854010304307561,11.525390111754907
Carside,R-NSGA-II_eps0.1,0,42,27.895506278550197,3.852673648201173,11.525101318957493
Carside,R-NSGA-II_eps0.1,0,42,27.898183892097723,3.852790096575285,11.524740191315395
Carside,R-NSGA-II_eps0.1,0,42,27.885389975563637,3.8535481072473705,11.52459905446333
Carside,R-NSGA-II_eps0.1,0,42,27.898756961726114,3.8531221802377886,11.524453470706835
Carside,R-NSGA-II_eps0.1,0,42,27.899595643172624,3.8530937252154898,11.524437893632566
Carside,R-NSGA-II_eps0.1,0,42,27.900589185289558,3.8530937252154898,11.524354080248871
Carside,R-NSGA-II_eps0.1,0,42,27.90341631806172,3.852724150136358,11.52454958584076
Carside,R-NSGA-II_eps0.1,0,42,27.90063710855415,3.852790096575285,11.524529453906762
Carside,R-NSGA-II_eps0.1,0,42,27.90010868764985,3.8530984539657833,11.524295644131469
Carside,R-NSGA-II_eps0.1,0,42,27.900394654111487,3.853093754006537,11.524275866663325
Carside,R-NSGA-II_eps0.1,0,42,27.894994993966144,3.8533351884699893,11.524247894795138
Carside,R-NSGA-II_eps0.1,0,42,27.90058719009624,3.853093754006537,11.524259624597342
Carside,R-NSGA-II_eps0.1,0,42,27.900604975502112,3.8530938301341893,11.52425795969407
Carside,R-NSGA-II_eps0.1,0,42,27.90266886696944,3.852769536601943,11.524417439439032
Carside,R-NSGA-II_eps0.1,0,42,27.87108321662752,3.8538128791619797,11.524740486852291
Carside,R-NSGA-II_eps0.1,0,42,27.853421132247952,3.853161203112119,11.536675104766484
Carside,R-NSGA-II_eps0.1,0,42,27.90370404152145,3.8527137599780135,11.524402419124108
Carside,R-NSGA-II_eps0.1,0,42,27.903292178415228,3.8527694280831133,11.524366797400209
Carside,R-NSGA-II_eps0.1,0,42,27.88791642386421,3.853139482209248,11.524483439182665
Carside,R-NSGA-II_eps0.1,0,42,27.90281618688735,3.8527913067978736,11.524316637937812
Carside,R-NSGA-II_eps0.1,0,42,27.903186408683997,3.8527897375627123,11.524308873947223
Carside,R-NSGA-II_eps0.1,0,42,27.857972387852815,3.856570848287404,11.524961323866602
Carside,R-NSGA-II_eps0.1,0,42,27.90292434438716,3.852791577292945,11.524309783834351
Carside,R-NSGA-II_eps0.1,0,42,27.903853629030905,3.8527088368376394,11.524345569005886
Carside,R-NSGA-II_eps0.1,0,42,28.169875011080524,3.8510711525934043,11.519518491221882
Carside,R-NSGA-II_eps0.1,0,42,27.78178432067451,3.8687560780894596,11.524693627547975
Carside,R-NSGA-II_eps0.1,0,42,27.90299560771108,3.852790935169072,11.524301536830112
Carside,R-NSGA-II_eps0.1,0,42,27.90300655096362,3.8527913067978736,11.524299643680237
Carside,R-NSGA-II_eps0.1,0,42,27.90101944399155,3.852789069569134,11.524343248661047
Carside,R-NSGA-II_eps0.1,0,42,27.903730854713242,3.852654788936517,11.524375411756935
Carside,R-NSGA-II_eps0.1,0,42,27.888776176301853,3.8531260575228057,11.524418993907076
Carside,R-NSGA-II_eps0.1,0,42,28.140108086662718,3.8428609344714957,11.537309018048383
Carside,R-NSGA-II_eps0.1,0,42,27.90452790937356,3.852732925523622,11.524263696705919
Carside,R-NSGA-II_eps0.1,0,42,27.903403949346075,3.852734832994964,11.52428411222563
Carside,R-NSGA-II_eps0.1,0,42,28.008785417895908,3.8541228649083,11.510562750086809
Carside,R-NSGA-II_eps0.1,0,42,27.903117514008628,3.852790224339108,11.524249057226278
Carside,R-NSGA-II_eps0.1,0,42,27.90537149126315,3.8525810526793567,11.5243531800165
Carside,R-NSGA-II_eps0.1,0,42,27.90334248400334,3.852790224339108,11.524230531330897
Carside,R-NSGA-II_eps0.1,0,42,27.865624939697145,3.8540465191942945,11.524700748151876
Carside,R-NSGA-II_eps0.1,0,42,27.90484708147729,3.8525986569399024,11.524297288379824
Carside,R-NSGA-II_eps0.1,0,42,28.39590241491345,3.8364175926900757,11.517017477264169
Carside,R-NSGA-II_eps0.1,0,42,27.724056292954607,3.8676205390976257,11.549875807437157
Carside,R-NSGA-II_eps0.1,0,42,27.90261433085251,3.8528009241304417,11.524143910383303
Carside,R-NSGA-II_eps0.1,0,42,27.904219274592894,3.8528008340746958,11.5241110584077
Carside,R-NSGA-II_eps0.1,0,42,28.000021466248487,3.84578930095409,11.55329647983654
Carside,R-NSGA-II_eps0.1,0,42,27.905243869817067,3.852118104714243,11.524588955432865
Carside,R-NSGA-II_eps0.1,0,42,27.905332295292023,3.8527032062144158,11.524109445720544
Carside,R-NSGA-II_eps0.1,0,42,28.201669159472626,3.849591159052173,11.500980234085704
Carside,R-NSGA-II_eps0.1,0,42,27.90580494222726,3.852278752035174,11.52439198243328
Carside,R-NSGA-II_eps0.1,0,42,27.625848890285504,3.887659922486923,11.523581846420301
Carside,R-NSGA-II_eps0.1,0,42,27.898540897218172,3.853204606243578,11.523792940911257
Carside,R-NSGA-II_eps0.1,0,42,27.905750293538453,3.852785552578715,11.523889055720442
Carside,R-NSGA-II_eps0.1,0,42,27.90583558725004,3.852784322588097,11.523882592403252
Carside,R-NSGA-II_eps0.1,0,42,27.906203690465784,3.852434728877566,11.524108218555806
Carside,R-NSGA-II_eps0.1,0,42,27.905999849698915,3.852760664134858,11.523883079968936
Carside,R-NSGA-II_eps0.1,0,42,27.587955982911847,3.8853663731258408,11.541352287172021
Carside,R-NSGA-II_eps0.1,0,42,27.917882925842154,3.8522735902920378,11.523996087418794
Carside,R-NSGA-II_eps0.1,0,42,27.897999711952323,3.8532200173564854,11.523727686507325
Carside,R-NSGA-II_eps0.1,0,42,27.827205143786617,3.8862765315616974,11.506474716939685
Carside,R-NSGA-II_eps0.1,0,42,27.780155071099077,3.852503084136212,11.560004445756842
Carside,R-NSGA-II_eps0.1,0,42,27.898132408441306,3.8532156761744583,11.523725712861523
Carside,R-NSGA-II_eps0.1,0,42,27.91906370913762,3.8522792739513414,11.523930834778305
Carside,R-NSGA-II_eps0.1,0,42,28.11233481693531,3.867049746806206,11.495063531428466
Carside,R-NSGA-II_eps0.1,0,42,27.900137534748094,3.853125935684678,11.523601821664533
Carside,R-NSGA-II_eps0.1,0,42,27.900224792519936,3.8531439143321586,11.523588082648391
Carside,R-NSGA-II_eps0.1,0,42,27.90036246631745,3.853125935684678,11.523583296703336
Carside,R-NSGA-II_eps0.1,0,42,28.67682682014805,3.8270075722877057,11.513231970071555
Carside,R-NSGA-II_eps0.1,0,42,27.9043919875367,3.8527921920025108,11.523684251903559
Carside,R-NSGA-II_eps0.1,0,42,27.98188438788069,3.8843142974923808,11.494794598700569
Carside,R-NSGA-II_eps0.1,0,42,27.901010220409788,3.853043187266568,11.52356878252617
Carside,R-NSGA-II_eps0.1,0,42,28.567827826587116,3.8397450551974077,11.496099166497894
Carside,R-NSGA-II_eps0.1,0,42,27.907906310704554,3.852503084136212,11.52355003295888
Carside,R-NSGA-II_eps0.1,0,42,27.531681704334982,3.8841675950864447,11.557508982941524
Carside,R-NSGA-II_eps0.1,0,42,27.906466971883837,3.852784968905772,11.523385148791943
Carside,R-NSGA-II_eps0.1,0,42,27.907999214311733,3.8527851087164895,11.523255009295642
Carside,R-NSGA-II_eps0.1,0,42,27.516385633961672,3.903313069843869,11.521235211716595
Carside,R-NSGA-II_eps0.1,0,42,27.89673705763215,3.8541143037152388,11.522660645428777
Carside,R-NSGA-II_eps0.1,0,42,27.89569013310278,3.8541243876831555,11.522635766247486
Carside,R-NSGA-II_eps0.1,0,42,27.895961986315747,3.854114807716706,11.52257524659623
Carside,R-NSGA-II_eps0.1,0,42,28.082175313495206,3.8413729250042903,11.571613145253124
Carside,R-NSGA-II_eps0.1,0,42,27.895710339682214,3.854150236199739,11.52257000767394
Carside,R-NSGA-II_eps0.1,0,42,27.71089451354981,3.8537694677705865,11.576815361754106
Carside,R-NSGA-II_eps0.1,0,42,28.464777647148537,3.845962505436076,11.480688487705567
Carside,R-NSGA-II_eps0.1,0,42,27.89315375932284,3.854359376431549,11.522509292020157
Carside,R-NSGA-II_eps0.1,0,42,27.89858034775699,3.8537648772291395,11.522539828808009
Carside,R-NSGA-II_eps0.1,0,42,27.864414524830366,3.904103003746188,11.491110209044585
Carside,R-NSGA-II_eps0.1,0,42,27.897318104171205,3.8537857063355183,11.522546283906816
Carside,R-NSGA-II_eps0.1,0,42,27.897612304248163,3.854137950960572,11.522452052193763
Carside,R-NSGA-II_eps0.1,0,42,28.073726162904382,3.892980883133819,11.479903146161792
Carside,R-NSGA-II_eps0.1,0,42,27.897612550022572,3.854137950960572,11.522452041046595
Carside,R-NSGA-II_eps0.1,0,42,27.89982388002496,3.8541149321986814,11.522409615870894
Carside,R-NSGA-II_eps0.1,0,42,27.673978256657282,3.8527839636578594,11.59099973346715
Carside,R-NSGA-II_eps0.1,0,42,30.43708854698077,3.7691161792477272,11.488852455271614
Carside,R-NSGA-II_eps0.1,0,42,27.895579429810564,3.8541513052433696,11.522453929769458
Carside,R-NSGA-II_eps0.1,0,42,27.900593470114543,3.8538551170783855,11.522444274460009
Carside,R-NSGA-II_eps0.1,0,42,27.900436102357002,3.8541143037152388,11.522354749022576
Carside,R-NSGA-II_eps0.1,0,42,27.900600363604124,3.854090645253913,11.52235523659271
Carside,R-NSGA-II_eps0.1,0,42,27.898067725768172,3.8541361880017266,11.522322797466206
Carside,R-NSGA-II_eps0.1,1,43,27.92839059491883,3.855246837522405,11.523916835259072
Carside,R-NSGA-II_eps0.1,1,43,27.930781022769803,3.8553071945030513,11.523465477816224
Carside,R-NSGA-II_eps0.1,1,43,27.930670392101153,3.8553099337378964,11.523456898359438
Carside,R-NSGA-II_eps0.1,1,43,27.930842424633756,3.8553071945030513,11.523448030028728
Carside,R-NSGA-II_eps0.1,1,43,27.918030208906973,3.8549261368982033,11.524989079794107
Carside,R-NSGA-II_eps0.1,1,43,27.92428266072633,3.856077276954788,11.52387195721809
Carside,R-NSGA-II_eps0.1,1,43,27.929344208650054,3.855310469514863,11.523408908751547
Carside,R-NSGA-II_eps0.1,1,43,27.929150061634868,3.8553145766447283,11.523403167572146
Carside,R-NSGA-II_eps0.1,1,43,27.915297783167293,3.8551004588435855,11.525084028965798
Carside,R-NSGA-II_eps0.1,1,43,27.915287891333413,3.855037045658907,11.525099728208488
Carside,R-NSGA-II_eps0.1,1,43,27.915161555565298,3.855037967979544,11.525112106712719
Carside,R-NSGA-II_eps0.1,1,43,27.915161555565323,3.855037967979544,11.525112104313827
Carside,R-NSGA-II_eps0.1,1,43,27.915161555565362,3.855037967979544,11.52511210008906
Carside,R-NSGA-II_eps0.1,1,43,27.91511609422239,3.8550395021617674,11.525112742747632
Carside,R-NSGA-II_eps0.1,1,43,27.915116094222476,3.8550395021617674,11.525112733225123
Carside,R-NSGA-II_eps0.1,1,43,27.91507224958326,3.855040129090131,11.525116054687661
Carside,R-NSGA-II_eps0.1,1,43,27.91477298361712,3.8550381445014383,11.525143201954707
Carside,R-NSGA-II_eps0.1,1,43,27.932918449000518,3.8540215754114566,11.524649422806043
Carside,R-NSGA-II_eps0.1,1,43,27.91466177418184,3.8550724185658334,11.525126370044585
Carside,R-NSGA-II_eps0.1,1,43,27.915518843533615,3.855037045658907,11.52495089948194
Carside,R-NSGA-II_eps0.1,1,43,27.934255345563322,3.85515939717931,11.523091706698414
Carside,R-NSGA-II_eps0.1,1,43,27.91387590324039,3.855049914553087,11.525213772122298
Carside,R-NSGA-II_eps0.1,1,43,27.93340732158868,3.853960618729641,11.524649422806043
Carside,R-NSGA-II_eps0.1,1,43,27.93410627898483,3.8539554002684726,11.524619914121065
Carside,R-NSGA-II_eps0.1,1,43,27.9233415535625,3.856162882245805,11.523730460282831
Carside,R-NSGA-II_eps0.1,1,43,27.92285742992054,3.856172608809303,11.523751157828496
Carside,R-NSGA-II_eps0.1,1,43,27.922771161618172,3.856183365455484,11.523751157851628
Carside,R-NSGA-II_eps0.1,1,43,27.922756840917643,3.856185151078991,11.523751157851628
Carside,R-NSGA-II_eps0.1,1,43,27.921902900550634,3.856224767111219,11.523800563396788
Carside,R-NSGA-II_eps0.1,1,43,27.921753823862385,3.8562240646498833,11.523814000529693
Carside,R-NSGA-II_eps0.1,1,43,27.921676989647796,3.8562266543522696,11.523815077567846
Carside,R-NSGA-II_eps0.1,1,43,27.92920108727235,3.854025844773051,11.524615955731486
Carside,R-NSGA-II_eps0.1,1,43,27.922239727942472,3.8562456285102336,11.523753913216066
Carside,R-NSGA-II_eps0.1,1,43,27.921530951825734,3.856244939440201,11.523815063578276
Carside,R-NSGA-II_eps0.1,1,43,27.921474107354808,3.8562456285102336,11.523819117176645
Carside,R-NSGA-II_eps0.1,1,43,27.921473987576064,3.8562456285102336,11.523819122562866
Carside,R-NSGA-II_eps0.1,1,43,27.913419658203267,3.8552170725759174,11.524875279685281
Carside,R-NSGA-II_eps0.1,1,43,27.913521303877623,3.8551874982483594,11.52487633865384
Carside,R-NSGA-II_eps0.1,1,43,27.913504254101007,3.8551694088310007,11.524890784624336
Carside,R-NSGA-II_eps0.1,1,43,27.913445948812473,3.8551885662249132,11.524882169450368
Carside,R-NSGA-II_eps0.1,1,43,27.912128477619717,3.8550382012589473,11.525357148568629
Carside,R-NSGA-II_eps0.1,1,43,27.92096084505037,3.8562424100237376,11.523858839498889
Carside,R-NSGA-II_eps0.1,1,43,27.930902743442342,3.853908653302398,11.524736807277762
Carside,R-NSGA-II_eps0.1,1,43,27.931385709005454,3.853898689177275,11.524709850733451
Carside,R-NSGA-II_eps0.1,1,43,27.931216202873287,3.853895772765892,11.524726313556158
Carside,R-NSGA-II_eps0.1,1,43,27.91751917099595,3.854448489212024,11.525040649041584
Carside,R-NSGA-II_eps0.1,1,43,28.020870261663834,3.86343505060668,11.510191869095525
Carside,R-NSGA-II_eps0.1,1,43,27.924479172191397,3.8561820103575717,11.523424640345688
Carside,R-NSGA-II_eps0.1,1,43,27.912169399307224,3.8551980920888638,11.524974106329271
Carside,R-NSGA-II_eps0.1,1,43,27.827276742809776,3.866276729168474,11.524797731444314
Carside,R-NSGA-II_eps0.1,1,43,27.91216286394859,3.855195498623511,11.524976773005196
Carside,R-NSGA-II_eps0.1,1,43,27.92427174818684,3.8562062887921615,11.523387156554598
Carside,R-NSGA-II_eps0.1,1,43,27.915439880615633,3.8543114379517704,11.525658067055499
Carside,R-NSGA-II_eps0.1,1,43,27.833292343468408,3.854309928484742,11.55120961861585
Carside,R-NSGA-II_eps0.1,1,43,27.924258668339796,3.853989645998837,11.524872325075059
Carside,R-NSGA-II_eps0.1,1,43,27.924228234344778,3.8539971978170677,11.524854530973139
Carside,R-NSGA-II_eps0.1,1,43,28.137476868157105,3.847378609603404,11.522951805296026
Carside,R-NSGA-II_eps0.1,1,43,27.909317547287262,3.855121748766204,11.525623628180908
Carside,R-NSGA-II_eps0.1,1,43,27.909100033847857,3.8551489729863126,11.525623558416601
Carside,R-NSGA-II_eps0.1,1,43,27.92292206928504,3.8540346561775176,11.524891069418143
Carside,R-NSGA-II_eps0.1,1,43,28.16922449198553,3.8559674394220966,11.502889414358183
Carside,R-NSGA-II_eps0.1,1,43,27.910917047344114,3.8551623775698123,11.525064646541328
Carside,R-NSGA-II_eps0.1,1,43,27.923907387196273,3.8539884391252563,11.524881498695486
Carside,R-NSGA-II_eps0.1,1,43,27.923797734148945,3.853988260417163,11.524892569606951
Carside,R-NSGA-II_eps0.1,1,43,27.908689881076242,3.8751727489833443,11.509773036375776
Carside,R-NSGA-II_eps0.1,1,43,27.923749161651674,3.853989645998837,11.524893756341793
Carside,R-NSGA-II_eps0.1,1,43,27.923206314428437,3.854024322142519,11.524863939289212
Carside,R-NSGA-II_eps0.1,1,43,27.91083838646273,3.8551650104021,11.525065818225144
Carside,R-NSGA-II_eps0.1,1,43,27.922935730434137,3.854030529903739,11.524875279684426
Carside,R-NSGA-II_eps0.1,1,43,27.922829012656187,3.854024400744893,11.524891274761941
Carside,R-NSGA-II_eps0.1,1,43,27.747860426922976,3.879112615809729,11.524330164558922
Carside,R-NSGA-II_eps0.1,1,43,27.922570787861137,3.854033450488586,11.524900234199077
Carside,R-NSGA-II_eps0.1,1,43,28.16905910832281,3.8701442547195333,11.493361432420858
Carside,R-NSGA-II_eps0.1,1,43,27.911037854708937,3.855230212639809,11.52491890992566
Carside,R-NSGA-II_eps0.1,1,43,27.927516222560254,3.8537983725249583,11.524956583314417
Carside,R-NSGA-II_eps0.1,1,43,27.908648899362916,3.855148916228804,11.525657669200802
Carside,R-NSGA-II_eps0.1,1,43,27.908714244957647,3.855113875517789,11.525675955239436
Carside,R-NSGA-II_eps0.1,1,43,27.727356855920963,3.8541934965743603,11.579147650753939
Carside,R-NSGA-II_eps0.1,1,43,27.920664697616456,3.854132976314936,11.524866500247466
Carside,R-NSGA-II_eps0.1,1,43,27.921260645240388,3.853990163115806,11.59056370663269
Carside,R-NSGA-II_eps0.1,1,43,27.922115794827867,3.854008006329612,11.524964240356738
Carside,R-NSGA-II_eps0.1,1,43,28.13229667683427,3.8466938714331658,11.58824454596505
Carside,R-NSGA-II_eps0.1,1,43,27.92111218288279,3.8540331129413588,11.525038990176526
Carside,R-NSGA-II_eps0.1,1,43,28.420269270119732,3.8480444833532363,11.487083094185085
Carside,R-NSGA-II_eps0.1,1,43,27.921363970669404,3.854024322142519,11.525021550936486
Carside,R-NSGA-II_eps0.1,1,43,28.455934013017494,3.8381443981091574,11.51516068658854
Carside,R-NSGA-II_eps0.1,1,43,27.91972264211655,3.8541506122176727,11.524924598016668
Carside,R-NSGA-II_eps0.1,1,43,28.354890150709018,3.868567811500638,11.478488895474928
Carside,R-NSGA-II_eps0.1,1,43,27.920783436956697,3.854030027063834,11.525064732420205
Carside,R-NSGA-II_eps0.1,1,43,27.920297527614828,3.8540544172886824,11.52507505401829
Carside,R-NSGA-II_eps0.1,1,43,27.90959192881355,3.8552786168100517,11.525122533423417
Carside,R-NSGA-II_eps0.1,1,43,27.92088345154031,3.8540191001953015,11.525072746331993
Carside,R-NSGA-II_eps0.1,1,43,27.9210274980703,3.853996960535383,11.52510594936032
Carside,R-NSGA-II_eps0.1,1,43,28.61184781567882,3.8314342346711134,11.515744131303116
Carside,R-NSGA-II_eps0.1,1,43,27.92089671452767,3.8540191001953015,11.525057460544254
Carside,R-NSGA-II_eps0.1,1,43,27.588116239596417,3.8552805013665585,11.615235798258867
Carside,R-NSGA-II_eps0.1,1,43,27.920393106813236,3.854055587575283,11.525033395682668
Carside,R-NSGA-II_eps0.1,1,43,27.707561012167588,3.8520497664015454,11.627679996476495
Carside,R-NSGA-II_eps0.1,1,43,27.92039515032387,3.8540555037517827,11.525033277471927
Carside,R-NSGA-II_eps0.1,1,43,27.44649409926025,3.9034941368539338,11.531961183702501
Carside,R-NSGA-II_eps0.1,2,44,27.938665636200735,3.855566379019974,11.525657852926043
Carside,R-NSGA-II_eps0.1,2,44,27.935486624717765,3.8552978430385725,11.526026101136221
Carside,R-NSGA-II_eps0.1,2,44,27.93556413940151,3.8552881977183344,11.526026499725576
Carside,R-NSGA-II_eps0.1,2,44,27.935472521963693,3.8552743882746117,11.526051843332251
Carside,R-NSGA-II_eps0.1,2,44,27.935293435717348,3.8552802667670125,11.526054324550328
Carside,R-NSGA-II_eps0.1,2,44,27.935263879712164,3.855280241428647,11.526054638798497
Carside,R-NSGA-II_eps0.1,2,44,27.935107011502062,3.855281244191632,11.526060838060072
Carside,R-NSGA-II_eps0.1,2,44,27.93544149025888,3.8552631364066237,11.526056565322193
Carside,R-NSGA-II_eps0.1,2,44,27.935374841442922,3.855263899944789,11.526058937392962
Carside,R-NSGA-II_eps0.1,2,44,27.93541164345656,3.8552620401514037,11.526058461676454
Carside,R-NSGA-II_eps0.1,2,44,27.93538313431408,3.8552629773005087,11.526059014374574
Carside,R-NSGA-II_eps0.1,2,44,27.93538245512724,3.8552629812284125,11.526059046253657
Carside,R-NSGA-II_eps0.1,2,44,27.935383134315497,3.8552629773005087,11.526058859308154
Carside,R-NSGA-II_eps0.1,2,44,27.935388190850077,3.8552623061852858,11.526058862743184
Carside,R-NSGA-II_eps0.1,2,44,27.935371777533256,3.8552628473522152,11.526059090342995
Carside,R-NSGA-II_eps0.1,2,44,27.934377508523436,3.8553028761609482,11.526076959615244
Carside,R-NSGA-II_eps0.1,2,44,27.93434795251825,3.855302850846484,11.52607727381152
Carside,R-NSGA-II_eps0.1,2,44,27.93432249668508,3.855302825292416,11.526081700206886
Carside,R-NSGA-II_eps0.1,2,44,27.935681616833413,3.855231796200393,11.526059968151834
Carside,R-NSGA-II_eps0.1,2,44,27.935626604995058,3.8552317453324285,11.526064708722998
Carside,R-NSGA-II_eps0.1,2,44,27.934399382997025,3.8552888396446074,11.52608164994773
Carside,R-NSGA-II_eps0.1,2,44,27.934825017596197,3.855262060470819,11.526087135877425
Carside,R-NSGA-II_eps0.1,2,44,27.9347176821649,3.855263384601858,11.52609146470193
Carside,R-NSGA-II_eps0.1,2,44,27.934725880433877,3.855261828047001,11.526091654186278
Carside,R-NSGA-II_eps0.1,2,44,27.934723292525348,3.855261865100287,11.526091856253768
Carside,R-NSGA-II_eps0.1,2,44,27.93591891605444,3.8552131824557483,11.526052744049792
Carside,R-NSGA-II_eps0.1,2,44,27.93319750393105,3.8553617398977575,11.526084839518749
Carside,R-NSGA-II_eps0.1,2,44,27.934505495973987,3.8552631772960178,11.526097557430829
Carside,R-NSGA-II_eps0.1,2,44,27.935059783882437,3.855233462525694,11.52608824637824
Carside,R-NSGA-II_eps0.1,2,44,27.93503628198613,3.8552310880546217,11.526090973917661
Carside,R-NSGA-II_eps0.1,2,44,27.934992241414196,3.8552318278822386,11.526094531077101
Carside,R-NSGA-II_eps0.1,2,44,27.934990201130592,3.8552317453324285,11.526094604187708
Carside,R-NSGA-II_eps0.1,2,44,28.046653666500774,3.851883151455932,11.53790694045409
Carside,R-NSGA-II_eps0.1,2,44,27.93524127629875,3.8552219626627013,11.526079056285582
Carside,R-NSGA-II_eps0.1,2,44,28.062122448707346,3.8536877467135793,11.514619218272697
Carside,R-NSGA-II_eps0.1,2,44,27.935913537946334,3.8551968161005736,11.526058852946482
Carside,R-NSGA-II_eps0.1,2,44,27.93501497651699,3.8552263929520376,11.526099311020538
Carside,R-NSGA-II_eps0.1,2,44,27.934805955048468,3.855237930462599,11.52609426645672
Carside,R-NSGA-II_eps0.1,2,44,27.85059053940677,3.8553057678027605,11.549506369214466
Carside,R-NSGA-II_eps0.1,2,44,27.934919420197105,3.8552316042834005,11.526095408859955
Carside,R-NSGA-II_eps0.1,2,44,27.93486509182525,3.8552344771220692,11.526094257060459
Carside,R-NSGA-II_eps0.1,2,44,27.934887369486688,3.8552317448557094,11.526098654380974
Carside,R-NSGA-II_eps0.1,2,44,27.935277407310338,3.8552173639938285,11.526079860050766
Carside,R-NSGA-II_eps0.1,2,44,27.935278105905134,3.855217363994774,11.526079640542573
Carside,R-NSGA-II_eps0.1,2,44,27.934851342785542,3.8552323026005837,11.526095665228256
Carside,R-NSGA-II_eps0.1,2,44,28.187471096093358,3.8552884567572696,11.505091220773206
Carside,R-NSGA-II_eps0.1,2,44,27.93482176150228,3.8552329584112868,11.526098238789324
Carside,R-NSGA-II_eps0.1,2,44,27.932837457906064,3.8553432028793533,11.52613778156544
Carside,R-NSGA-II_eps0.1,2,44,28.07488634009795,3.868187424377297,11.508559925776336
Carside,R-NSGA-II_eps0.1,2,44,27.93473625625534,3.8552295317192087,11.52609986196003
Carside,R-NSGA-II_eps0.1,2,44,27.93283753444731,3.855343193337592,11.526135997545747
Carside,R-NSGA-II_eps0.1,2,44,28.118160779026255,3.849265646257012,11.566532856775464
Carside,R-NSGA-II_eps0.1,2,44,27.805329757778118,3.871203929671155,11.526159931485948
Carside,R-NSGA-II_eps0.1,2,44,27.93279965607012,3.8553444990651156,11.526138288248134
Carside,R-NSGA-II_eps0.1,2,44,27.933854776471122,3.85528159345915,11.526085965186548
Carside,R-NSGA-II_eps0.1,2,44,27.932783242753295,3.85534504018767,11.526138515852036
Carside,R-NSGA-II_eps0.1,2,44,28.225085774971568,3.8460321511377953,11.521712252653552
Carside,R-NSGA-II_eps0.1,2,44,27.932783242754706,3.85534504018767,11.526138361487362
Carside,R-NSGA-II_eps0.1,2,44,27.933852736187518,3.8552815109554683,11.5260860381063
Carside,R-NSGA-II_eps0.1,2,44,28.182744348608814,3.8651198876629427,11.500489213493985
Carside,R-NSGA-II_eps0.1,2,44,27.9363565504161,3.8551476396675772,11.526054482154601
Carside,R-NSGA-II_eps0.1,2,44,27.93291488582324,3.855299537666696,11.526141530857672
Carside,R-NSGA-II_eps0.1,2,44,27.932797180377786,3.855305724651084,11.526147514720208
Carside,R-NSGA-II_eps0.1,2,44,27.80435591011072,3.871311849969693,11.550217220221398
Carside,R-NSGA-II_eps0.1,2,44,27.932797148547024,3.8553057251068363,11.526147485732835
Carside,R-NSGA-II_eps0.1,2,44,27.90245974142122,3.875376535083608,11.515551477961075
Carside,R-NSGA-II_eps0.1,2,44,27.932844536026472,3.8553020350738896,11.526146185443688
Carside,R-NSGA-II_eps0.1,2,44,27.932856559700028,3.8553001425245044,11.526146305645891
Carside,R-NSGA-II_eps0.1,2,44,27.932177045999307,3.85530512537767,11.52633180451042
Carside,R-NSGA-II_eps0.1,2,44,27.93284660627683,3.855300195193292,11.526146664258917
Carside,R-NSGA-II_eps0.1,2,44,28.309592090128525,3.855202224040216,11.494934380991417
Carside,R-NSGA-II_eps0.1,2,44,27.932834452306874,3.8553006699418564,11.52614787824059
Carside,R-NSGA-II_eps0.1,2,44,27.932835783991166,3.8553003565779806,11.526147868298967
Carside,R-NSGA-II_eps0.1,2,44,28.074199214345033,3.8744866526974597,11.500121956767035
Carside,R-NSGA-II_eps0.1,2,44,28.204843975845833,3.841798758646698,11.559765090359939
Carside,R-NSGA-II_eps0.1,2,44,27.932775844228747,3.855299084631651,11.52616516466663
Carside,R-NSGA-II_eps0.1,2,44,27.932130030826347,3.855306625999162,11.52633497716717
Carside,R-NSGA-II_eps0.1,2,44,27.932132064001987,3.8553059699749084,11.526335088654127
Carside,R-NSGA-II_eps0.1,2,44,28.28829267497995,3.8652261794162883,11.487778797562868
Carside,R-NSGA-II_eps0.1,2,44,27.932966166912642,3.855287930685632,11.526144570284384
Carside,R-NSGA-II_eps0.1,2,44,27.83904888327574,3.851811565249388,11.597416507205073
Carside,R-NSGA-II_eps0.1,2,44,27.932992096156116,3.855285833566325,11.526144517819386
Carside,R-NSGA-II_eps0.1,2,44,27.93272235124213,3.855298269755498,11.526166072647921
Carside,R-NSGA-II_eps0.1,2,44,27.73320207785448,3.8803540375962284,11.526104451405486
Carside,R-NSGA-II_eps0.1,2,44,27.932722351242166,3.855298269755498,11.526166068650117
Carside,R-NSGA-II_eps0.1,2,44,27.66453378935098,3.855239860715793,11.603058352648596
Carside,R-NSGA-II_eps0.1,2,44,28.439431770473107,3.848440317492672,11.486403793275066
Carside,R-NSGA-II_eps0.1,2,44,27.9323010823676,3.855288175554143,11.526332173290736
Carside,R-NSGA-II_eps0.1,2,44,28.160147042330255,3.8389714586682153,11.596096943916809
Carside,R-NSGA-II_eps0.1,2,44,27.933239990732048,3.8552631364066237,11.526155667852375
Carside,R-NSGA-II_eps0.1,2,44,27.615294510854334,3.8797202753390687,11.562247921386845
Carside,R-NSGA-II_eps0.1,2,44,27.932807764576715,3.8552886130334305,11.526167686745904
Carside,R-NSGA-II_eps0.1,2,44,27.93285608812834,3.855285911372738,11.526162326219593
Carside,R-NSGA-II_eps0.1,2,44,27.93285350021981,3.8552859484260233,11.526162528287085
Carside,R-NSGA-II_eps0.1,2,44,28.52952086247187,3.855174244340392,11.476409179881866
Carside,R-NSGA-II_eps0.1,2,44,27.93277272588765,3.85529015726973,11.526168275949075
Carside,R-NSGA-II_eps0.1,2,44,28.07540699940974,3.889237317071082,11.49375730079624
Carside,R-NSGA-II_eps0.1,2,44,27.933050894176013,3.855275191041616,11.526146839668478
Carside,R-NSGA-II_eps0.1,2,44,27.700808692574174,3.889482710389183,11.524767518187767
Carside,R-NSGA-II_eps0.1,2,44,27.93281110613102,3.8552867559704933,11.526165610360046
Carside,R-NSGA-II_eps0.1,3,45,27.93033676092704,3.8548299017284524,11.524223504114476
Carside,R-NSGA-II_eps0.1,3,45,27.93009183536217,3.8546919249693214,11.524234520115332
Carside,R-NSGA-II_eps0.1,3,45,27.929862410812877,3.8546881451014743,11.524246234594443
Carside,R-NSGA-II_eps0.1,3,45,27.93040388848763,3.8546536839353136,11.524234258339035
Carside,R-NSGA-II_eps0.1,3,45,27.93017446393833,3.854649904067466,11.524245972818145
Carside,R-NSGA-II_eps0.1,3,45,27.91459010317063,3.854698813729627,11.526738239569674
Carside,R-NSGA-II_eps0.1,3,45,27.926004272207546,3.854555074681998,11.524531803811774
Carside,R-NSGA-II_eps0.1,3,45,27.92560164392298,3.854581729560663,11.524537813813481
Carside,R-NSGA-II_eps0.1,3,45,27.926190067371707,3.8545400141738906,11.524516298734778
Carside,R-NSGA-II_eps0.1,3,45,27.922533289805955,3.854644489412418,11.524635195928456
Carside,R-NSGA-II_eps0.1,3,45,27.922840739723995,3.8546493592572193,11.524576290926579
Carside,R-NSGA-II_eps0.1,3,45,27.92284073853996,3.8546493594048545,11.524576290915753
Carside,R-NSGA-II_eps0.1,3,45,27.92279980253018,3.8546501456064237,11.52457613577579
Carside,R-NSGA-II_eps0.1,3,45,27.923006434903023,3.8546505757786367,11.524553106082937
Carside,R-NSGA-II_eps0.1,3,45,27.922957681905952,3.85465252285766,11.524556513067719
Carside,R-NSGA-II_eps0.1,3,45,27.922957855533905,3.854649795351287,11.524557534411628
Carside,R-NSGA-II_eps0.1,3,45,27.922907955204415,3.8546492538304307,11.524562011266177
Carside,R-NSGA-II_eps0.1,3,45,27.922900189302286,3.854649442496906,11.524562317424177
Carside,R-NSGA-II_eps0.1,3,45,27.922900054133198,3.854649444435995,11.524562327677843
Carside,R-NSGA-II_eps0.1,3,45,27.92289739389153,3.8546494538347256,11.52456252976037
Carside,R-NSGA-II_eps0.1,3,45,27.922887626235234,3.854649816584586,11.52456289667099
Carside,R-NSGA-II_eps0.1,3,45,27.922890010410512,3.854649626856434,11.52456259670868
Carside,R-NSGA-II_eps0.1,3,45,27.922890630974848,3.8546480870469164,11.524563779460273
Carside,R-NSGA-II_eps0.1,3,45,27.922889227544974,3.85464961789661,11.524562610449696
Carside,R-NSGA-II_eps0.1,3,45,27.92289331602484,3.85465245919229,11.524559738648316
Carside,R-NSGA-II_eps0.1,3,45,27.922878071752844,3.854649373788683,11.524563822018699
Carside,R-NSGA-II_eps0.1,3,45,27.922722415480905,3.8546438034536545,11.524584585954216
Carside,R-NSGA-II_eps0.1,3,45,27.922726675908034,3.854643863139671,11.52458399491939
Carside,R-NSGA-II_eps0.1,3,45,27.92289829575728,3.8546498088898957,11.524560335748873
Carside,R-NSGA-II_eps0.1,3,45,27.869824228948907,3.854695838877937,11.539484200358306
Carside,R-NSGA-II_eps0.1,3,45,27.922716657369545,3.8546450097986313,11.52458332211678
Carside,R-NSGA-II_eps0.1,3,45,28.038153629272117,3.8546492770617324,11.514795397423317
Carside,R-NSGA-II_eps0.1,3,45,27.922689696230577,3.8546488552644447,11.524582660107772
Carside,R-NSGA-II_eps0.1,3,45,27.922909219997834,3.8546500777355517,11.524558086117493
Carside,R-NSGA-II_eps0.1,3,45,27.92269486388004,3.854648959259814,11.524581913144273
Carside,R-NSGA-II_eps0.1,3,45,27.92267629926696,3.854649674753134,11.524583289170437
Carside,R-NSGA-II_eps0.1,3,45,27.898201366109348,3.866051665476406,11.518891253460946
Carside,R-NSGA-II_eps0.1,3,45,27.922709044195077,3.8546489657787513,11.52458030458813
Carside,R-NSGA-II_eps0.1,3,45,27.922720729123164,3.8546489732592693,11.524578860452493
Carside,R-NSGA-II_eps0.1,3,45,27.922716664194038,3.8546494745810667,11.524578860115621
Carside,R-NSGA-II_eps0.1,3,45,27.922748977260568,3.854647797576042,11.524576741108582
Carside,R-NSGA-II_eps0.1,3,45,27.92270162730912,3.8546453037747663,11.524583779074636
Carside,R-NSGA-II_eps0.1,3,45,27.922556639373138,3.8546974341680267,11.524556250099199
Carside,R-NSGA-II_eps0.1,3,45,27.92269391607945,3.854645312979206,11.524584407055546
Carside,R-NSGA-II_eps0.1,3,45,28.080168863774837,3.847327913458842,11.538576749607351
Carside,R-NSGA-II_eps0.1,3,45,27.922684515203922,3.8546505083911557,11.524580716749947
Carside,R-NSGA-II_eps0.1,3,45,27.922731041766422,3.854644827804756,11.524580475539189
Carside,R-NSGA-II_eps0.1,3,45,27.922680174565585,3.854649971443049,11.52458145028944
Carside,R-NSGA-II_eps0.1,3,45,27.781003138074702,3.864666349304177,11.54199968743415
Carside,R-NSGA-II_eps0.1,3,45,28.013368771861497,3.8703019679705792,11.506195150907704
Carside,R-NSGA-II_eps0.1,3,45,27.922727467746483,3.854644945263235,11.524580533105127
Carside,R-NSGA-II_eps0.1,3,45,27.777654295016163,3.87271994395983,11.524582566866794
Carside,R-NSGA-II_eps0.1,3,45,27.922724660394493,3.854645200310627,11.52458059892523
Carside,R-NSGA-II_eps0.1,3,45,27.81492360269628,3.854649312354,11.555195786356867
Carside,R-NSGA-II_eps0.1,3,45,27.922673876491817,3.8546500668706902,11.52458177817423
Carside,R-NSGA-II_eps0.1,3,45,27.92268125780064,3.854650575673005,11.524580330430414
Carside,R-NSGA-II_eps0.1,3,45,28.190728729286302,3.845626892179174,11.520820182794434
Carside,R-NSGA-II_eps0.1,3,45,27.922681245919627,3.854650573958894,11.52458033261016
Carside,R-NSGA-II_eps0.1,3,45,27.922687802685566,3.854649221657434,11.524580678430317
Carside,R-NSGA-II_eps0.1,3,45,28.192625463787763,3.854648959259814,11.501631475386272
Carside,R-NSGA-II_eps0.1,3,45,27.92260569587407,3.8546489646975797,11.524589749057164
Carside,R-NSGA-II_eps0.1,3,45,28.20248954020328,3.8447474054880657,11.54664309551041
Carside,R-NSGA-II_eps0.1,3,45,27.922690099513748,3.854649084236597,11.524579826668592
Carside,R-NSGA-II_eps0.1,3,45,27.974388018634762,3.847709597292213,11.565635182426679
Carside,R-NSGA-II_eps0.1,3,45,27.922731041780875,3.854644827804756,11.524578890895636
Carside,R-NSGA-II_eps0.1,3,45,27.92271179811936,3.8546452563590328,11.524580389408985
Carside,R-NSGA-II_eps0.1,3,45,27.922809556847756,3.8546524060576894,11.52456377440285
Carside,R-NSGA-II_eps0.1,3,45,27.92281037781031,3.854652455849055,11.524563549932523
Carside,R-NSGA-II_eps0.1,3,45,27.922810590639937,3.854652455934589,11.52456348925627
Carside,R-NSGA-II_eps0.1,3,45,27.750299887888065,3.85524300895406,11.568785212900117
Carside,R-NSGA-II_eps0.1,3,45,27.922810595508754,3.854652455849055,11.524563488072006
Carside,R-NSGA-II_eps0.1,3,45,27.669113113977396,3.87752402831002,11.544503863805865
Carside,R-NSGA-II_eps0.1,3,45,27.92273794243785,3.8546615633894046,11.524563440662261
Carside,R-NSGA-II_eps0.1,3,45,27.69859506833684,3.885143194913599,11.518765339798712
Carside,R-NSGA-II_eps0.1,3,45,27.92280527214985,3.854652635115117,11.524563654007885
Carside,R-NSGA-II_eps0.1,3,45,27.922802476739093,3.854652646452977,11.52456386634408
Carside,R-NSGA-II_eps0.1,3,45,28.303847460001016,3.8491859047994748,11.495663962642642
Carside,R-NSGA-II_eps0.1,3,45,27.922787319222977,3.854652841926478,11.524565001334384
Carside,R-NSGA-II_eps0.1,3,45,28.355980955943195,3.842978688094881,11.50842541648361
Carside,R-NSGA-II_eps0.1,3,45,27.922598169785076,3.8546521390895374,11.524585318232006
Carside,R-NSGA-II_eps0.1,3,45,27.92259386646669,3.8546521879631417,11.524585651245932
Carside,R-NSGA-II_eps0.1,3,45,27.922294452734835,3.8546923829639885,11.524584726633657
Carside,R-NSGA-II_eps0.1,3,45,27.92258888462832,3.854652262463795,11.524585673531716
Carside,R-NSGA-II_eps0.1,3,45,27.92258320525469,3.8546496094992073,11.524588328388875
Carside,R-NSGA-II_eps0.1,3,45,27.92261964297123,3.854647662885407,11.524585944002892
Carside,R-NSGA-II_eps0.1,3,45,28.439298119662453,3.837266150662914,11.517324301357045
Carside,R-NSGA-II_eps0.1,3,45,27.922569836553798,3.8546534406939528,11.524586433748695
Carside,R-NSGA-II_eps0.1,3,45,27.60143702557701,3.8694625839987746,11.581910291190802
Carside,R-NSGA-II_eps0.1,3,45,27.67951083918727,3.8546530394715357,11.593655778467172
Carside,R-NSGA-II_eps0.1,3,45,27.92258332282542,3.8546521974966264,11.524585807600895
Carside,R-NSGA-II_eps0.1,3,45,27.92257864687853,3.854652448020323,11.524586048744109
Carside,R-NSGA-II_eps0.1,3,45,27.796394822150866,3.904054276172146,11.501631475386272
Carside,R-NSGA-II_eps0.1,3,45,27.922578624769034,3.854652448020323,11.524586049741295
Carside,R-NSGA-II_eps0.1,3,45,27.922624638128248,3.85464762746224,11.52458499662708
Carside,R-NSGA-II_eps0.1,3,45,28.562657960585877,3.834257942892863,11.514267953892254
Carside,R-NSGA-II_eps0.1,3,45,27.708100020767525,3.8473533829565536,11.644364423685623
Carside,R-NSGA-II_eps0.1,3,45,27.922602857861953,3.854648972190825,11.524585859655026
Carside,R-NSGA-II_eps0.1,3,45,27.922559449816415,3.854652657366802,11.524587364829685
Carside,R-NSGA-II_eps0.1,3,45,27.26647309062353,3.9364975860875004,11.524562646099193
Carside,R-NSGA-II_eps0.1,3,45,27.922566291017517,3.854652658021461,11.524586560269203
Carside,R-NSGA-II_eps0.1,4,46,27.8785784411644,3.8539918443597667,11.527961266070605
Carside,R-NSGA-II_eps0.1,4,46,27.898654341840725,3.8538916435246993,11.5228801980031
Carside,R-NSGA-II_eps0.1,4,46,27.898842967973085,3.8538215326861343,11.52291418626961
Carside,R-NSGA-II_eps0.1,4,46,27.89885473659195,3.853818581403877,11.5229151924221
Carside,R-NSGA-II_eps0.1,4,46,27.89908678189128,3.8538082910874745,11.52290236206145
Carside,R-NSGA-II_eps0.1,4,46,27.89934615970077,3.853808830933733,11.522876617628208
Carside,R-NSGA-II_eps0.1,4,46,27.898583492593385,3.8539776047736445,11.522818385271975
Carside,R-NSGA-II_eps0.1,4,46,27.898614680232228,3.853977131952855,11.522816107068977
Carside,R-NSGA-II_eps0.1,4,46,27.898722829634142,3.8539775767521993,11.522805907349913
Carside,R-NSGA-II_eps0.1,4,46,27.8995189100643,3.8539663108945823,11.522748663900693
Carside,R-NSGA-II_eps0.1,4,46,27.899383161436123,3.85396468905056,11.52275877216916
Carside,R-NSGA-II_eps0.1,4,46,27.899466607073663,3.8539647265098345,11.52275158731571
Carside,R-NSGA-II_eps0.1,4,46,27.898467454219226,3.8539864370229675,11.52280901348001
Carside,R-NSGA-II_eps0.1,4,46,27.89840588917376,3.853991848758235,11.522810279310606
Carside,R-NSGA-II_eps0.1,4,46,27.898406597538784,3.8539882093722375,11.522810651832716
Carside,R-NSGA-II_eps0.1,4,46,27.898359570187207,3.8539933986683432,11.522810932583912
Carside,R-NSGA-II_eps0.1,4,46,27.89835960945496,3.8539933989070176,11.522810917948238
Carside,R-NSGA-II_eps0.1,4,46,27.898360974182534,3.853993236004806,11.522810757562436
Carside,R-NSGA-II_eps0.1,4,46,27.89867073753016,3.8539776511386976,11.52279347665674
Carside,R-NSGA-II_eps0.1,4,46,27.898218265835336,3.853992302125577,11.522818721221824
Carside,R-NSGA-II_eps0.1,4,46,27.89862019347576,3.853981291169848,11.52279296452221
Carside,R-NSGA-II_eps0.1,4,46,27.899149654286585,3.853972291016695,11.52275699590595
Carside,R-NSGA-II_eps0.1,4,46,27.899149875842337,3.853972291016695,11.522756794071011
Carside,R-NSGA-II_eps0.1,4,46,27.89875953051651,3.8539812631487047,11.522780486560892
Carside,R-NSGA-II_eps0.1,4,46,27.897401903244802,3.8540980364045994,11.522796273018667
Carside,R-NSGA-II_eps0.1,4,46,27.895227950412057,3.8541062480851886,11.522912286521311
Carside,R-NSGA-II_eps0.1,4,46,27.905410666518478,3.854051895850519,11.522192838479821
Carside,R-NSGA-II_eps0.1,4,46,27.905393386603603,3.8539100413011846,11.5222709017369
Carside,R-NSGA-II_eps0.1,4,46,27.90499303028502,3.8540773683307368,11.522197042413762
Carside,R-NSGA-II_eps0.1,4,46,27.906036620613946,3.8539731544040823,11.522192945436736
Carside,R-NSGA-II_eps0.1,4,46,27.905979008020463,3.85397289367386,11.522195699232814
Carside,R-NSGA-II_eps0.1,4,46,27.905002411261865,3.8540781726735682,11.522172550604164
Carside,R-NSGA-II_eps0.1,4,46,27.906316559779857,3.8540689033710414,11.522061632717515
Carside,R-NSGA-II_eps0.1,4,46,27.894137969607954,3.854129910815418,11.52286747187988
Carside,R-NSGA-II_eps0.1,4,46,27.88671079750351,3.853788950530481,11.52393141902958
Carside,R-NSGA-II_eps0.1,4,46,27.892885181774673,3.853981941921886,11.523067618700221
Carside,R-NSGA-II_eps0.1,4,46,27.89452959528296,3.8541293947696955,11.522820815510297
Carside,R-NSGA-II_eps0.1,4,46,27.89262794771575,3.853979048261878,11.523079699385793
Carside,R-NSGA-II_eps0.1,4,46,27.892627275389096,3.853979048261878,11.523079729613615
Carside,R-NSGA-II_eps0.1,4,46,27.89342862947143,3.854067748605202,11.522938003773614
Carside,R-NSGA-II_eps0.1,4,46,28.086773263100245,3.8459600091463395,11.537987302561525
Carside,R-NSGA-II_eps0.1,4,46,27.89341735170315,3.8540683855807987,11.52293793157526
Carside,R-NSGA-II_eps0.1,4,46,27.89341735171837,3.8540683855807987,11.522936256084131
Carside,R-NSGA-II_eps0.1,4,46,27.893255534489068,3.8540781526546364,11.522937848806375
Carside,R-NSGA-II_eps0.1,4,46,27.89312778165879,3.8540686980632337,11.522955307253643
Carside,R-NSGA-II_eps0.1,4,46,28.078628302227102,3.8512179786376826,11.5092891483025
Carside,R-NSGA-II_eps0.1,4,46,27.77734546561568,3.8694126208537725,11.522391528100014
Carside,R-NSGA-II_eps0.1,4,46,27.893115159702077,3.8540686980632337,11.522955894682834
Carside,R-NSGA-II_eps0.1,4,46,27.892420960250817,3.854071134830845,11.523018517296268
Carside,R-NSGA-II_eps0.1,4,46,27.89314296727523,3.854068681607614,11.52295127721861
Carside,R-NSGA-II_eps0.1,4,46,27.893245893108556,3.8540683855807987,11.522941527529197
Carside,R-NSGA-II_eps0.1,4,46,27.892774292141418,3.8540736857129265,11.522981091080334
Carside,R-NSGA-II_eps0.1,4,46,27.794378941964396,3.8538127459763722,11.553081870428986
Carside,R-NSGA-II_eps0.1,4,46,27.892766578961066,3.8540739438299694,11.522981199169209
Carside,R-NSGA-II_eps0.1,4,46,27.89276657893301,3.854073943830908,11.522981199169603
Carside,R-NSGA-II_eps0.1,4,46,27.892799204472208,3.85398621215398,11.52303490520889
Carside,R-NSGA-II_eps0.1,4,46,28.10437080420135,3.8659789013567165,11.496664476301126
Carside,R-NSGA-II_eps0.1,4,46,27.892645872643747,3.854058432533238,11.522994684105424
Carside,R-NSGA-II_eps0.1,4,46,27.891584701667682,3.853974955125157,11.52315281482377
Carside,R-NSGA-II_eps0.1,4,46,28.306027112543767,3.841263365079511,11.517111739346813
Carside,R-NSGA-II_eps0.1,4,46,27.89991955795354,3.8539815946048424,11.522446114844527
Carside,R-NSGA-II_eps0.1,4,46,27.89878915275603,3.854077369082586,11.52246982123617
Carside,R-NSGA-II_eps0.1,4,46,28.051250940818257,3.843615517788154,11.563813118454227
Carside,R-NSGA-II_eps0.1,4,46,27.891486076999637,3.8540880903091166,11.523080705827196
Carside,R-NSGA-II_eps0.1,4,46,27.8920961636505,3.8540833123615386,11.523023163448128
Carside,R-NSGA-II_eps0.1,4,46,28.27705027890765,3.8540718370967704,11.491251168802899
Carside,R-NSGA-II_eps0.1,4,46,27.898711499749055,3.8540769328663895,11.522473231672734
Carside,R-NSGA-II_eps0.1,4,46,27.898734749637946,3.8540737726660264,11.52247262879707
Carside,R-NSGA-II_eps0.1,4,46,27.890958747572217,3.8540536965719654,11.523152708462222
Carside,R-NSGA-II_eps0.1,4,46,27.892056929810668,3.854088755394681,11.523021603068646
Carside,R-NSGA-II_eps0.1,4,46,27.8908919472757,3.8540714544871837,11.523146229560233
Carside,R-NSGA-II_eps0.1,4,46,27.89109391892282,3.8540949338186166,11.523109222354185
Carside,R-NSGA-II_eps0.1,4,46,27.899830693034723,3.8540881453801337,11.522382949273002
Carside,R-NSGA-II_eps0.1,4,46,27.679412777888157,3.8540781526546364,11.58370165687283
Carside,R-NSGA-II_eps0.1,4,46,28.46755476803513,3.8539001005552733,11.47469654028972
Carside,R-NSGA-II_eps0.1,4,46,27.891759165294957,3.8540888314273793,11.523046732915233
Carside,R-NSGA-II_eps0.1,4,46,27.891680948709347,3.854088755394681,11.523054029122365
Carside,R-NSGA-II_eps0.1,4,46,27.892369348349764,3.8540742133094166,11.52299667331697
Carside,R-NSGA-II_eps0.1,4,46,27.629426313821075,3.8539014358532717,11.616276562500811
Carside,R-NSGA-II_eps0.1,4,46,27.892245326613203,3.854073917319036,11.523007783389303
Carside,R-NSGA-II_eps0.1,4,46,27.898806721340573,3.854071864868007,11.522462313297261
Carside,R-NSGA-II_eps0.1,4,46,27.76968686291351,3.853778537503929,11.675503421842173
Carside,R-NSGA-II_eps0.1,4,46,27.89190976600311,3.8540834883740356,11.523031545225127
Carside,R-NSGA-II_eps0.1,4,46,27.891717739931323,3.854077450641953,11.523052098270465
Carside,R-NSGA-II_eps0.1,4,46,29.470249274427058,3.801509246220418,11.500544988873141
Carside,R-NSGA-II_eps0.1,4,46,27.579433137684124,3.854073683100601,11.691873266263329
Carside,R-NSGA-II_eps0.1,4,46,27.900300047114644,3.854076827742979,11.52235062798205
Carside,R-NSGA-II_eps0.1,4,46,27.891688068026752,3.8540850250376826,11.523049601103146
Carside,R-NSGA-II_eps0.1,4,46,26.96040477961105,3.9714624630455773,11.521837126822415
Carside,R-NSGA-II_eps0.1,4,46,27.898330355957167,3.854076120405115,11.522487826046895
Carside,R-NSGA-II_eps0.1,4,46,27.89996753645224,3.854078832145257,11.522368188982783
Carside,R-NSGA-II_eps0.1,4,46,27.899405632883685,3.8539986865995117,11.522453321403672
Carside,R-NSGA-II_eps0.1,4,46,27.89030327547579,3.853972509040188,11.523260370842248
Carside,R-NSGA-II_eps0.1,4,46,27.89947930615316,3.8541477476716177,11.522363173091232
Carside,R-NSGA-II_eps0.1,4,46,27.900290326639432,3.854080806293351,11.522342409329065
Carside,R-NSGA-II_eps0.1,4,46,27.898517419159685,3.8540811227471146,11.522467639085168
Carside,R-NSGA-II_eps0.1,4,46,27.900185197810536,3.854080807435822,11.522348885844679
Carside,R-NSGA-II_eps0.1,4,46,27.90069964669506,3.854071635313227,11.522316518213616
Carside,R-NSGA-II_eps0.1,4,46,27.898817531665603,3.8540765751742225,11.522445423165365
Carside,R-NSGA-II_eps0.1,4,46,27.898817468891657,3.8540765772749155,11.522445424044992
Carside,R-NSGA-II_eps0.1,5,47,27.907895053307865,3.854084043762338,11.524619223308573
Carside,R-NSGA-II_eps0.1,5,47,27.90825594886264,3.854028825528554,11.524611744171416
Carside,R-NSGA-II_eps0.1,5,47,27.902034039140062,3.8542419791969347,11.524690795654326
Carside,R-NSGA-II_eps0.1,5,47,27.910640557988476,3.854764423577968,11.522865187840889
Carside,R-NSGA-II_eps0.1,5,47,27.907121990867285,3.855271233620623,11.522789908172498
Carside,R-NSGA-II_eps0.1,5,47,27.908111378941445,3.8548286079671663,11.522931338057349
Carside,R-NSGA-II_eps0.1,5,47,27.911800272240395,3.8548337409058635,11.522716073871402
Carside,R-NSGA-II_eps0.1,5,47,27.91146283607343,3.854843366082047,11.52272688205641
Carside,R-NSGA-II_eps0.1,5,47,27.911560855143538,3.8548098056534306,11.522744882409118
Carside,R-NSGA-II_eps0.1,5,47,27.911561337700995,3.854809798713859,11.522744845830315
Carside,R-NSGA-II_eps0.1,5,47,27.9082564542374,3.8548286079671663,11.522919069699395
Carside,R-NSGA-II_eps0.1,5,47,27.911411341870377,3.854811089821391,11.522750889002413
Carside,R-NSGA-II_eps0.1,5,47,27.90808468295355,3.8548343573032797,11.522921477209756
Carside,R-NSGA-II_eps0.1,5,47,27.910926747569178,3.8548396803495613,11.5227528419005
Carside,R-NSGA-II_eps0.1,5,47,27.911896752370474,3.8547686250043354,11.522752154786003
Carside,R-NSGA-II_eps0.1,5,47,27.910904529783842,3.8548291014474456,11.522760737231248
Carside,R-NSGA-II_eps0.1,5,47,27.91094899685565,3.8548286125374136,11.522756920299638
Carside,R-NSGA-II_eps0.1,5,47,27.910964105629382,3.8548308632636306,11.52275412644109
Carside,R-NSGA-II_eps0.1,5,47,27.9111674280483,3.8548286079671663,11.522739534631597
Carside,R-NSGA-II_eps0.1,5,47,27.913136209321365,3.8547009911723893,11.522731344549639
Carside,R-NSGA-II_eps0.1,5,47,27.904847970559445,3.855534965915365,11.52282566705119
Carside,R-NSGA-II_eps0.1,5,47,27.907704572225832,3.85487571891676,11.522865319284298
Carside,R-NSGA-II_eps0.1,5,47,27.907708136389378,3.854875915204635,11.522864534079098
Carside,R-NSGA-II_eps0.1,5,47,27.90770796697337,3.8548759208750423,11.522864536482416
Carside,R-NSGA-II_eps0.1,5,47,27.90811473173975,3.854916621872643,11.522807438170588
Carside,R-NSGA-II_eps0.1,5,47,27.90621027029983,3.854964872699035,11.522891466443479
Carside,R-NSGA-II_eps0.1,5,47,27.90794555535874,3.85495899350117,11.522779113772124
Carside,R-NSGA-II_eps0.1,5,47,27.908208453623196,3.854958499962867,11.522757911991212
Carside,R-NSGA-II_eps0.1,5,47,27.907203651245087,3.854950318750787,11.522823280916953
Carside,R-NSGA-II_eps0.1,5,47,27.905953193930294,3.8549783309752184,11.522884904686244
Carside,R-NSGA-II_eps0.1,5,47,27.90744960214518,3.854943461030754,11.522807468720975
Carside,R-NSGA-II_eps0.1,5,47,27.90711764965061,3.854957503176664,11.5228191286231
Carside,R-NSGA-II_eps0.1,5,47,27.90943234058317,3.8546881607009764,11.522876526189426
Carside,R-NSGA-II_eps0.1,5,47,27.90746440127597,3.8549750826696587,11.522786061915543
Carside,R-NSGA-II_eps0.1,5,47,27.907072030687523,3.8549649329457134,11.522815843315627
Carside,R-NSGA-II_eps0.1,5,47,27.90727840919604,3.854959888861825,11.522805839330266
Carside,R-NSGA-II_eps0.1,5,47,27.907285008804738,3.854949124991055,11.522810583447182
Carside,R-NSGA-II_eps0.1,5,47,27.907285008805946,3.854949124991055,11.522810450424586
Carside,R-NSGA-II_eps0.1,5,47,27.907309058983223,3.85493692221495,11.522816291446386
Carside,R-NSGA-II_eps0.1,5,47,27.907285797131255,3.854949008284701,11.522809670351467
Carside,R-NSGA-II_eps0.1,5,47,27.90728311798264,3.854949210366964,11.52280964319669
Carside,R-NSGA-II_eps0.1,5,47,27.90727783086134,3.854949210366964,11.522809881960564
Carside,R-NSGA-II_eps0.1,5,47,27.907290760719125,3.854949124991055,11.522809060804313
Carside,R-NSGA-II_eps0.1,5,47,27.843171987514594,3.853885368634288,11.542772737495696
Carside,R-NSGA-II_eps0.1,5,47,27.907289470472445,3.8549484182853524,11.522809265984996
Carside,R-NSGA-II_eps0.1,5,47,27.907220157148345,3.854957503176664,11.52280775878225
Carside,R-NSGA-II_eps0.1,5,47,27.907247051250984,3.8549502432961917,11.522810314399187
Carside,R-NSGA-II_eps0.1,5,47,28.069485782998903,3.8526387148427674,11.512395322866052
Carside,R-NSGA-II_eps0.1,5,47,27.907345832386742,3.854942160126077,11.522809128187658
Carside,R-NSGA-II_eps0.1,5,47,27.810143921375662,3.8674708868111476,11.522737718758382
Carside,R-NSGA-II_eps0.1,5,47,27.907331178805382,3.85494854444505,11.522805997080587
Carside,R-NSGA-II_eps0.1,5,47,27.90736863482877,3.8549386839626414,11.522809680836087
Carside,R-NSGA-II_eps0.1,5,47,27.907631281170016,3.854906515011052,11.522809634247402
Carside,R-NSGA-II_eps0.1,5,47,27.906670520224424,3.8549744522950555,11.522822134759714
Carside,R-NSGA-II_eps0.1,5,47,27.98818219229424,3.869324373444626,11.508780780145152
Carside,R-NSGA-II_eps0.1,5,47,27.907853895006248,3.8548781731686668,11.5228096703308
Carside,R-NSGA-II_eps0.1,5,47,27.9090997607466,3.8548188501740284,11.522774236946436
Carside,R-NSGA-II_eps0.1,5,47,28.1168235493779,3.8621170751420215,11.49994271752023
Carside,R-NSGA-II_eps0.1,5,47,27.908586758926667,3.8548014940002813,11.522811508681375
Carside,R-NSGA-II_eps0.1,5,47,27.905059520364606,3.854948545409744,11.522903192096354
Carside,R-NSGA-II_eps0.1,5,47,27.905074925273066,3.8549485128648775,11.522899286771
Carside,R-NSGA-II_eps0.1,5,47,27.913453948040054,3.854860019366142,11.52234258939394
Carside,R-NSGA-II_eps0.1,5,47,27.900016730920136,3.8551332258846203,11.522972937912073
Carside,R-NSGA-II_eps0.1,5,47,27.704821631062753,3.8709900206468957,11.54228598392867
Carside,R-NSGA-II_eps0.1,5,47,27.90009373150911,3.8552688127600963,11.522896896688474
Carside,R-NSGA-II_eps0.1,5,47,27.912713835166898,3.8542578792993885,11.522817845296874
Carside,R-NSGA-II_eps0.1,5,47,28.120261823580922,3.8427442418375013,11.55665842966659
Carside,R-NSGA-II_eps0.1,5,47,27.912813037841453,3.85425785613382,11.522809476341706
Carside,R-NSGA-II_eps0.1,5,47,27.80351261330413,3.853855907958545,11.568307969175736
Carside,R-NSGA-II_eps0.1,5,47,28.317980302273035,3.841195425529252,11.516984828103613
Carside,R-NSGA-II_eps0.1,5,47,27.912831919537886,3.854257854510167,11.522807708659563
Carside,R-NSGA-II_eps0.1,5,47,27.732812049742396,3.877411969215272,11.522058226194844
Carside,R-NSGA-II_eps0.1,5,47,27.91624744257603,3.8541470088184306,11.52277969105689
Carside,R-NSGA-II_eps0.1,5,47,28.28778108081914,3.837891024338528,11.546355611499624
Carside,R-NSGA-II_eps0.1,5,47,27.91632523685007,3.8541434237644117,11.522779232788926
Carside,R-NSGA-II_eps0.1,5,47,27.916482564424612,3.8541404440839644,11.522756725052808
Carside,R-NSGA-II_eps0.1,5,47,28.321697562010417,3.855243322296694,11.487080707013892
Carside,R-NSGA-II_eps0.1,5,47,27.897282090589037,3.855224562632186,11.523013172551275
Carside,R-NSGA-II_eps0.1,5,47,27.91757124936495,3.854105066425132,11.52273506427072
Carside,R-NSGA-II_eps0.1,5,47,27.910682658815496,3.853979271015557,11.523179546849477
Carside,R-NSGA-II_eps0.1,5,47,27.911329821813432,3.854139922968883,11.522856891387653
Carside,R-NSGA-II_eps0.1,5,47,27.905868419716086,3.854114908209862,11.52321764465325
Carside,R-NSGA-II_eps0.1,5,47,27.8849659102363,3.883932565798334,11.505768118794453
Carside,R-NSGA-II_eps0.1,5,47,27.905092782668223,3.854115490478912,11.523259530479844
Carside,R-NSGA-II_eps0.1,5,47,27.914847804375277,3.8540208150166646,11.522811508681375
Carside,R-NSGA-II_eps0.1,5,47,27.691942444562134,3.8548273107344446,11.585056529665763
Carside,R-NSGA-II_eps0.1,5,47,28.554454599987064,3.8324822729767565,11.512891655216343
Carside,R-NSGA-II_eps0.1,5,47,27.91538901925914,3.8539439297517433,11.522893987793168
Carside,R-NSGA-II_eps0.1,5,47,27.913220571605503,3.8539253491847703,11.523018795011655
Carside,R-NSGA-II_eps0.1,5,47,28.494074117519368,3.85485057799634,11.473425756310638
Carside,R-NSGA-II_eps0.1,5,47,27.60654429403555,3.8914371183944674,11.52321764465325
Carside,R-NSGA-II_eps0.1,5,47,27.917978348002233,3.8539100840037634,11.52279493114351
Carside,R-NSGA-II_eps0.1,5,47,27.918197008740314,3.8539101050441897,11.522777437032167
Carside,R-NSGA-II_eps0.1,5,47,27.918173250263045,3.8539100840037634,11.5227784493401
Carside,R-NSGA-II_eps0.1,5,47,27.64157020953713,3.8576323484525807,11.608507792294757
Carside,R-NSGA-II_eps0.1,5,47,27.911706956156166,3.8538135007599816,11.52324622104758
Carside,R-NSGA-II_eps0.1,5,47,28.762757700006127,3.8537825101507024,11.451289119244322
Carside,R-NSGA-II_eps0.1,5,47,27.915171476689164,3.8539660668249414,11.52280775878225
Carside,R-NSGA-II_eps0.1,5,47,28.93983935758866,3.8203351138149437,11.50817400633824
Carside,R-NSGA-II_eps0.1,5,47,27.498749574772656,3.8547019595101184,11.632972437726579
Carside,R-NSGA-II_eps0.1,6,48,27.926745906662354,3.854609718737398,11.524520475197079
Carside,R-NSGA-II_eps0.1,6,48,27.932533124134036,3.854611774579789,11.52414401888456
Carside,R-NSGA-II_eps0.1,6,48,27.92730969779596,3.8545267793088858,11.524520897483312
Carside,R-NSGA-II_eps0.1,6,48,27.927386501445913,3.8545248049519567,11.524514926841402
Carside,R-NSGA-II_eps0.1,6,48,27.927368462270394,3.8545250229110977,11.52451566927201
Carside,R-NSGA-II_eps0.1,6,48,27.9271011264303,3.8546085313773752,11.524391220617655
Carside,R-NSGA-II_eps0.1,6,48,27.927240755051407,3.85460804634083,11.524378534124438
Carside,R-NSGA-II_eps0.1,6,48,27.926873911714267,3.854608421451934,11.524402236378801
Carside,R-NSGA-II_eps0.1,6,48,27.926863123442693,3.854608501440984,11.524402667013849
Carside,R-NSGA-II_eps0.1,6,48,27.926811176390526,3.854609801199658,11.524404403777956
Carside,R-NSGA-II_eps0.1,6,48,27.926823756864806,3.8546091607373576,11.52440383892581
Carside,R-NSGA-II_eps0.1,6,48,27.9268227112294,3.854609195896432,11.524403853699607
Carside,R-NSGA-II_eps0.1,6,48,27.92742351515296,3.854592646421832,11.524376609479054
Carside,R-NSGA-II_eps0.1,6,48,27.927426498973126,3.8545925981660454,11.52437637568028
Carside,R-NSGA-II_eps0.1,6,48,27.92742765713369,3.8545924466963686,11.52437639177099
Carside,R-NSGA-II_eps0.1,6,48,27.927426498986378,3.8545925981660454,11.524374922507594
Carside,R-NSGA-II_eps0.1,6,48,27.92425956558061,3.8545810447564026,11.524655847902501
Carside,R-NSGA-II_eps0.1,6,48,27.927297347183764,3.8545808215844755,11.524392631961828
Carside,R-NSGA-II_eps0.1,6,48,27.92728429762045,3.854580797603508,11.524393361957744
Carside,R-NSGA-II_eps0.1,6,48,27.92728382580156,3.854580796426928,11.524393397405264
Carside,R-NSGA-II_eps0.1,6,48,27.92731171705648,3.854581048858604,11.524390542389638
Carside,R-NSGA-II_eps0.1,6,48,27.927297347191573,3.8545808215844755,11.524391775660956
Carside,R-NSGA-II_eps0.1,6,48,27.926391046403996,3.8546101626244416,11.52441864204349
Carside,R-NSGA-II_eps0.1,6,48,27.92185806427103,3.8550355279456827,11.524358910002295
Carside,R-NSGA-II_eps0.1,6,48,27.926452470263804,3.8546101231179346,11.5244121706723
Carside,R-NSGA-II_eps0.1,6,48,27.92408944327317,3.854581020897265,11.524660952556246
Carside,R-NSGA-II_eps0.1,6,48,27.924088276965367,3.854581048858604,11.524661014364465
Carside,R-NSGA-II_eps0.1,6,48,27.92408827696537,3.854581048858604,11.524661014006849
Carside,R-NSGA-II_eps0.1,6,48,27.96874351041786,3.8516052310502342,11.536671589824309
Carside,R-NSGA-II_eps0.1,6,48,27.92248729076743,3.8546141100050466,11.524774499261468
Carside,R-NSGA-II_eps0.1,6,48,27.927783376689877,3.8546134586297423,11.524300505484216
Carside,R-NSGA-II_eps0.1,6,48,27.927507686506704,3.854610825145091,11.5243232338023
Carside,R-NSGA-II_eps0.1,6,48,28.044088630182518,3.8546114616950407,11.51444870894613
Carside,R-NSGA-II_eps0.1,6,48,27.927524177415467,3.8546106716153785,11.524321784102547
Carside,R-NSGA-II_eps0.1,6,48,27.9261543426394,3.854635063419321,11.524392012434294
Carside,R-NSGA-II_eps0.1,6,48,27.833498259819912,3.8553696871528778,11.539878026365503
Carside,R-NSGA-II_eps0.1,6,48,27.92752418913711,3.854610668980707,11.524321621718567
Carside,R-NSGA-II_eps0.1,6,48,27.927177533850337,3.8546114900277026,11.524343896928714
Carside,R-NSGA-II_eps0.1,6,48,27.9271775615237,3.8546114897326174,11.52434389513633
Carside,R-NSGA-II_eps0.1,6,48,28.09201247210005,3.849071461017216,11.522007200254606
Carside,R-NSGA-II_eps0.1,6,48,27.84157141466993,3.8656591813068366,11.524097668550656
Carside,R-NSGA-II_eps0.1,6,48,27.927182582609223,3.8546115001692383,11.524342904164932
Carside,R-NSGA-II_eps0.1,6,48,27.927184163821316,3.8546114774485125,11.524342784266214
Carside,R-NSGA-II_eps0.1,6,48,27.92778029488581,3.854613491623373,11.524297306790622
Carside,R-NSGA-II_eps0.1,6,48,27.927190743500162,3.8546107843678445,11.524341914207255
Carside,R-NSGA-II_eps0.1,6,48,27.821754721869322,3.8546091955116473,11.554313271917641
Carside,R-NSGA-II_eps0.1,6,48,27.92723507996599,3.8546091955116473,11.524340350246456
Carside,R-NSGA-II_eps0.1,6,48,27.92729266051874,3.8546100975792537,11.52433445130027
Carside,R-NSGA-II_eps0.1,6,48,28.06750786746079,3.8651366660242252,11.505135608939643
Carside,R-NSGA-II_eps0.1,6,48,27.927143684556665,3.8546105306137974,11.524344458680567
Carside,R-NSGA-II_eps0.1,6,48,28.156397974722495,3.8511715589847166,11.507076451724759
Carside,R-NSGA-II_eps0.1,6,48,27.927186070951045,3.854611206149218,11.52433929516382
Carside,R-NSGA-II_eps0.1,6,48,27.92762034975095,3.854610444104969,11.52430919455581
Carside,R-NSGA-II_eps0.1,6,48,27.927203104115623,3.8546103565707237,11.52433907401084
Carside,R-NSGA-II_eps0.1,6,48,28.19452036926756,3.8457208907438107,11.521013977943134
Carside,R-NSGA-II_eps0.1,6,48,27.927211348847116,3.854611206149218,11.524337233868614
Carside,R-NSGA-II_eps0.1,6,48,27.927218407709745,3.8546108829455457,11.524337044790508
Carside,R-NSGA-II_eps0.1,6,48,27.78613158284784,3.872211153457181,11.52433435726833
Carside,R-NSGA-II_eps0.1,6,48,27.927964589099595,3.854610429924421,11.524284952762613
Carside,R-NSGA-II_eps0.1,6,48,27.927968375088966,3.8546103511118894,11.52428468896004
Carside,R-NSGA-II_eps0.1,6,48,27.988703983439947,3.8469037658530163,11.56661278998413
Carside,R-NSGA-II_eps0.1,6,48,27.92797591846088,3.8546103464812442,11.52428414752521
Carside,R-NSGA-II_eps0.1,6,48,27.70818736068109,3.8657287998640535,11.556626917641792
Carside,R-NSGA-II_eps0.1,6,48,27.92797021558706,3.8546103220836145,11.524284557452733
Carside,R-NSGA-II_eps0.1,6,48,27.92795136124449,3.8546108697073773,11.524285112181452
Carside,R-NSGA-II_eps0.1,6,48,28.269999744688242,3.852262777420489,11.503891957650584
Carside,R-NSGA-II_eps0.1,6,48,27.92795139096222,3.8546108710597413,11.524285092876838
Carside,R-NSGA-II_eps0.1,6,48,27.927533144937584,3.854595607303606,11.52433438647481
Carside,R-NSGA-II_eps0.1,6,48,27.82949973538637,3.8791291892908357,11.512727194548404
Carside,R-NSGA-II_eps0.1,6,48,27.92753476799556,3.8545955820350066,11.524334275915601
Carside,R-NSGA-II_eps0.1,6,48,27.927277350510323,3.8546102439085828,11.52433215333058
Carside,R-NSGA-II_eps0.1,6,48,27.92810846915978,3.8546082897892684,11.524276299368749
Carside,R-NSGA-II_eps0.1,6,48,28.203670775652704,3.8668659871379383,11.49224647838221
Carside,R-NSGA-II_eps0.1,6,48,27.92762213241954,3.854610444104969,11.524305376009648
Carside,R-NSGA-II_eps0.1,6,48,27.813370982037632,3.8531152520096086,11.576897995051525
Carside,R-NSGA-II_eps0.1,6,48,27.92732055127301,3.8546108817620297,11.524326150332223
Carside,R-NSGA-II_eps0.1,6,48,27.715090927078787,3.8809972374930592,11.524384415355179
Carside,R-NSGA-II_eps0.1,6,48,27.927812233768822,3.854610431247736,11.524291838600345
Carside,R-NSGA-II_eps0.1,6,48,27.92730652550897,3.854610356663696,11.524327089142362
Carside,R-NSGA-II_eps0.1,6,48,28.32958423441413,3.848826629343613,11.493870889445152
Carside,R-NSGA-II_eps0.1,6,48,28.162191169967063,3.8467232067324284,11.574993463674621
Carside,R-NSGA-II_eps0.1,6,48,27.927306553182333,3.854610356368608,11.524327087349961
Carside,R-NSGA-II_eps0.1,6,48,27.92688830763754,3.854610346475769,11.52435782452741
Carside,R-NSGA-II_eps0.1,6,48,28.397927720674087,3.838782797496592,11.517691233815341
Carside,R-NSGA-II_eps0.1,6,48,27.92688707387916,3.8546134508388956,11.524353700938125
Carside,R-NSGA-II_eps0.1,6,48,28.397667499577487,3.854610144211234,11.485632428175798
Carside,R-NSGA-II_eps0.1,6,48,27.926889851397636,3.854613413950578,11.524353542676693
Carside,R-NSGA-II_eps0.1,6,48,27.926888754283166,3.8546134508388956,11.52435355817812
Carside,R-NSGA-II_eps0.1,6,48,27.950948111086465,3.8883631599681516,11.49935736168879
Carside,R-NSGA-II_eps0.1,6,48,27.926974292384678,3.8546102951213728,11.52435137082325
Carside,R-NSGA-II_eps0.1,6,48,28.3295245216861,3.8697158913331653,11.479378620080864
Carside,R-NSGA-II_eps0.1,6,48,27.926973705402013,3.8546091893889924,11.524352373011098
Carside,R-NSGA-II_eps0.1,6,48,27.67169962231879,3.8901889259831792,11.516048258443533
Carside,R-NSGA-II_eps0.1,6,48,27.927050024610914,3.854610081371141,11.524345414071153
Carside,R-NSGA-II_eps0.1,6,48,27.926897051272956,3.8546133758116654,11.5243521793181
Carside,R-NSGA-II_eps0.1,6,48,27.617185899097432,3.8920812899638317,11.534916516844763
Carside,R-NSGA-II_eps0.1,6,48,27.658618144303254,3.854611065035755,11.59962362374437
Carside,R-NSGA-II_eps0.1,6,48,27.92698414689263,3.8546102975991956,11.524349720237868
Carside,R-NSGA-II_eps0.1,6,48,28.55956513804875,3.8326321735143973,11.521051085807132
Carside,R-NSGA-II_eps0.1,6,48,27.926863171474263,3.8546136272186793,11.524353958516164
Carside,R-NSGA-II_eps0.1,7,49,27.926180130199516,3.8543015480224163,11.524326924347458
Carside,R-NSGA-II_eps0.1,7,49,27.92300107680975,3.8546556027123655,11.524084742041637
Carside,R-NSGA-II_eps0.1,7,49,27.92218776240694,3.8546556027123655,11.524121541705277
Carside,R-NSGA-II_eps0.1,7,49,27.921979047849597,3.854689910503171,11.524099124549412
Carside,R-NSGA-II_eps0.1,7,49,27.92925675478719,3.8539066438563108,11.524711153901839
Carside,R-NSGA-II_eps0.1,7,49,27.928692468427435,3.8539066438563108,11.524737041626679
Carside,R-NSGA-II_eps0.1,7,49,27.917984546875893,3.854495110454673,11.52465434029192
Carside,R-NSGA-II_eps0.1,7,49,27.91772989534746,3.854490349125922,11.52467904487817
Carside,R-NSGA-II_eps0.1,7,49,27.91763557634017,3.8544903407639666,11.52468334796037
Carside,R-NSGA-II_eps0.1,7,49,27.923758339154517,3.854040085975156,11.524817433862212
Carside,R-NSGA-II_eps0.1,7,49,27.924095099084226,3.8540400100148946,11.524757434022671
Carside,R-NSGA-II_eps0.1,7,49,27.920479793221148,3.854157667468364,11.524915896939683
Carside,R-NSGA-II_eps0.1,7,49,27.92047611293188,3.854157870645811,11.524915724410029
Carside,R-NSGA-II_eps0.1,7,49,27.923930143503163,3.85403585216418,11.524775180766714
Carside,R-NSGA-II_eps0.1,7,49,27.92069195548718,3.8541576588341124,11.5248739305109
Carside,R-NSGA-II_eps0.1,7,49,27.920600622793614,3.8541576588341124,11.524881671935567
Carside,R-NSGA-II_eps0.1,7,49,27.92059565468559,3.8541577721615035,11.524881914603306
Carside,R-NSGA-II_eps0.1,7,49,27.92060535846575,3.8541572659561214,11.524881222574226
Carside,R-NSGA-II_eps0.1,7,49,27.926006032453994,3.8540902795814844,11.524434495746227
Carside,R-NSGA-II_eps0.1,7,49,27.92047177831867,3.8543015480224163,11.5245869255325
Carside,R-NSGA-II_eps0.1,7,49,27.920457404311854,3.8543015480224163,11.52458770753561
Carside,R-NSGA-II_eps0.1,7,49,27.9205471841949,3.8542983768665553,11.524577899751339
Carside,R-NSGA-II_eps0.1,7,49,27.92077732002479,3.854291428582439,11.524562343514651
Carside,R-NSGA-II_eps0.1,7,49,27.920422052560347,3.8541582300165835,11.524887163946781
Carside,R-NSGA-II_eps0.1,7,49,27.92034204929518,3.8541582300165835,11.524893603561665
Carside,R-NSGA-II_eps0.1,7,49,27.92002876672291,3.85431594950569,11.524593846215838
Carside,R-NSGA-II_eps0.1,7,49,27.920031836886217,3.8543156317918266,11.524593555789389
Carside,R-NSGA-II_eps0.1,7,49,27.920033064769832,3.8543156339751046,11.52459334670953
Carside,R-NSGA-II_eps0.1,7,49,27.920033073489755,3.8543156328878325,11.52459334670953
Carside,R-NSGA-II_eps0.1,7,49,28.04064431951289,3.8501231505979807,11.523177723362535
Carside,R-NSGA-II_eps0.1,7,49,27.92003306476985,3.8543156339751046,11.524593344938872
Carside,R-NSGA-II_eps0.1,7,49,27.972412316688093,3.8614510104538873,11.515038861522346
Carside,R-NSGA-II_eps0.1,7,49,27.920033502395043,3.8543155566276988,11.524593396854694
Carside,R-NSGA-II_eps0.1,7,49,27.91958357267464,3.8541756902806386,11.524950377947471
Carside,R-NSGA-II_eps0.1,7,49,27.8525205720124,3.8544076807920002,11.543659060819673
Carside,R-NSGA-II_eps0.1,7,49,27.839596368300384,3.864062182044868,11.524939417846198
Carside,R-NSGA-II_eps0.1,7,49,27.91958357267472,3.8541756902806386,11.52495036898799
Carside,R-NSGA-II_eps0.1,7,49,27.9196335081655,3.85417585966446,11.524942127768186
Carside,R-NSGA-II_eps0.1,7,49,28.051197579787857,3.8528485278230207,11.508434637431268
Carside,R-NSGA-II_eps0.1,7,49,27.919633113261604,3.854175722459258,11.524942404929854
Carside,R-NSGA-II_eps0.1,7,49,27.9196443649612,3.8541740626135517,11.524939355753768
Carside,R-NSGA-II_eps0.1,7,49,27.807375408601914,3.8614901522637686,11.54010001588738
Carside,R-NSGA-II_eps0.1,7,49,27.91966504024489,3.854173743723925,11.52493602008524
Carside,R-NSGA-II_eps0.1,7,49,27.926384910445936,3.854064927596488,11.52439887356105
Carside,R-NSGA-II_eps0.1,7,49,27.926119762422427,3.8540706268589657,11.524409345301054
Carside,R-NSGA-II_eps0.1,7,49,27.926056353575337,3.8540759590854785,11.524403561171491
Carside,R-NSGA-II_eps0.1,7,49,27.92007923434141,3.854186138422308,11.524816484641384
Carside,R-NSGA-II_eps0.1,7,49,27.920246382184406,3.8541838355393905,11.52479586479463
Carside,R-NSGA-II_eps0.1,7,49,27.919334879214755,3.8541852930378884,11.524919068129773
Carside,R-NSGA-II_eps0.1,7,49,28.1585809890049,3.8480260206292014,11.53606196433693
Carside,R-NSGA-II_eps0.1,7,49,27.919331998476824,3.854188685970716,11.524908403005792
Carside,R-NSGA-II_eps0.1,7,49,27.919331635191043,3.8541883668966017,11.524909157381742
Carside,R-NSGA-II_eps0.1,7,49,27.919328858045642,3.854188765303836,11.52490845521848
Carside,R-NSGA-II_eps0.1,7,49,27.92039189322566,3.8541757154482137,11.524788222910527
Carside,R-NSGA-II_eps0.1,7,49,27.906731029884952,3.871367193357041,11.514295382392696
Carside,R-NSGA-II_eps0.1,7,49,27.92039139659935,3.854175732107706,11.524786419218984
Carside,R-NSGA-II_eps0.1,7,49,27.91945950406763,3.85417748609136,11.524912316897531
Carside,R-NSGA-II_eps0.1,7,49,27.919461303271994,3.85417748609136,11.52491182806678
Carside,R-NSGA-II_eps0.1,7,49,27.919812965299847,3.8541724161774926,11.524872806699548
Carside,R-NSGA-II_eps0.1,7,49,28.09574296268506,3.865955117656342,11.501904980343088
Carside,R-NSGA-II_eps0.1,7,49,27.91980824018355,3.8541730490881885,11.524871606353535
Carside,R-NSGA-II_eps0.1,7,49,28.179711391891317,3.850416764028912,11.50519960932758
Carside,R-NSGA-II_eps0.1,7,49,27.961859093113482,3.8480491619414297,11.562071531836901
Carside,R-NSGA-II_eps0.1,7,49,27.919828812124102,3.8541724413429956,11.524869661313211
Carside,R-NSGA-II_eps0.1,7,49,27.765742494523536,3.873397687560339,11.524832407495545
Carside,R-NSGA-II_eps0.1,7,49,27.919318428076547,3.8541936754467043,11.524892851469062
Carside,R-NSGA-II_eps0.1,7,49,27.919992659865834,3.854131102270573,11.524946139635178
Carside,R-NSGA-II_eps0.1,7,49,27.92002427781957,3.854180138565307,11.524822436949425
Carside,R-NSGA-II_eps0.1,7,49,27.919140064537174,3.854191468608318,11.524922680717538
Carside,R-NSGA-II_eps0.1,7,49,28.23370711359727,3.8436305676842837,11.520398085975131
Carside,R-NSGA-II_eps0.1,7,49,27.91913694111041,3.854191468608318,11.524922819357847
Carside,R-NSGA-II_eps0.1,7,49,27.919436538349313,3.8541799844331237,11.524905683287177
Carside,R-NSGA-II_eps0.1,7,49,27.919391902112693,3.854180992958138,11.52490849629323
Carside,R-NSGA-II_eps0.1,7,49,27.724552031267446,3.8632961908464316,11.5586965641135
Carside,R-NSGA-II_eps0.1,7,49,27.919952507475674,3.854180138565307,11.52482935960383
Carside,R-NSGA-II_eps0.1,7,49,27.919878251414328,3.8541825093146587,11.524830458944148
Carside,R-NSGA-II_eps0.1,7,49,27.919874037218687,3.854182633323494,11.524830605569175
Carside,R-NSGA-II_eps0.1,7,49,27.919874037218843,3.854182633323494,11.524830588570437
Carside,R-NSGA-II_eps0.1,7,49,27.92751326445142,3.8782254822174718,11.507822056869113
Carside,R-NSGA-II_eps0.1,7,49,27.686515138513755,3.8746432468581116,11.544414993598215
Carside,R-NSGA-II_eps0.1,7,49,27.919241277738273,3.8541836435984025,11.524919462016681
Carside,R-NSGA-II_eps0.1,7,49,27.752925907152527,3.8542136180671487,11.573700593936366
Carside,R-NSGA-II_eps0.1,7,49,27.92018958948151,3.8541722674099415,11.524809137525605
Carside,R-NSGA-II_eps0.1,7,49,27.92038150084203,3.8541771841395707,11.52477129144869
Carside,R-NSGA-II_eps0.1,7,49,27.920149725229553,3.854172339664571,11.524812813920233
Carside,R-NSGA-II_eps0.1,7,49,27.924578830593685,3.854043637096794,11.524578109457558
Carside,R-NSGA-II_eps0.1,7,49,28.353517262630632,3.8472548071377384,11.499607995443814
Carside,R-NSGA-II_eps0.1,7,49,27.919407287724653,3.854199904539201,11.524842021878298
Carside,R-NSGA-II_eps0.1,7,49,27.927967262320305,3.8542066743153356,11.523987440795263
Carside,R-NSGA-II_eps0.1,7,49,28.378319278741373,3.838810222633593,11.518371748585396
Carside,R-NSGA-II_eps0.1,7,49,28.045477145526373,3.844889335157859,11.586174927970152
Carside,R-NSGA-II_eps0.1,7,49,27.92002463390776,3.8541681094835543,11.524826876225397
Carside,R-NSGA-II_eps0.1,7,49,28.261299023371564,3.842234201855083,11.573147229039243
Carside,R-NSGA-II_eps0.1,7,49,27.919017111904616,3.854181149645008,11.524926104222708
Carside,R-NSGA-II_eps0.1,7,49,27.6678070863925,3.8853995798695027,11.524881473062665
Carside,R-NSGA-II_eps0.1,7,49,27.921681143382553,3.8541761978820257,11.524562404773288
Carside,R-NSGA-II_eps0.1,7,49,27.921793946915724,3.8541760128104197,11.524549118765627
Carside,R-NSGA-II_eps0.1,7,49,28.3754545431444,3.8369848238137148,11.55012533511973
Carside,R-NSGA-II_eps0.1,7,49,27.918996954549286,3.854223956699291,11.524803718426858
Carside,R-NSGA-II_eps0.1,7,49,27.92145883752386,3.8541803364533584,11.524576565032127
Carside,R-NSGA-II_eps0.1,8,50,27.927405795610426,3.8540283419255768,11.526555368350472
Carside,R-NSGA-II_eps0.1,8,50,27.919349430738695,3.8542912849486037,11.526742281533581
Carside,R-NSGA-II_eps0.1,8,50,27.926537891397064,3.8542991679360084,11.524898096745405
Carside,R-NSGA-II_eps0.1,8,50,27.92654214506753,3.85429970652228,11.524874362451104
Carside,R-NSGA-II_eps0.1,8,50,27.9280524399247,3.854163181445194,11.52513387674174
Carside,R-NSGA-II_eps0.1,8,50,27.925178810568422,3.85429970652228,11.524936125346201
Carside,R-NSGA-II_eps0.1,8,50,27.92516138046877,3.854299710333434,11.524937690853562
Carside,R-NSGA-II_eps0.1,8,50,27.92791654136312,3.854163161446136,11.525146217817149
Carside,R-NSGA-II_eps0.1,8,50,27.927616853444047,3.8541628728566826,11.525170455340302
Carside,R-NSGA-II_eps0.1,8,50,27.93494657796435,3.854304218549951,11.524151106295745
Carside,R-NSGA-II_eps0.1,8,50,27.92805012756366,3.854163214815621,11.525099862411134
Carside,R-NSGA-II_eps0.1,8,50,27.926480884454794,3.8541494276942214,11.52524096717383
Carside,R-NSGA-II_eps0.1,8,50,27.920531183800154,3.8543472185621113,11.525300064251997
Carside,R-NSGA-II_eps0.1,8,50,27.92049253838942,3.8543488736042977,11.52529985491431
Carside,R-NSGA-II_eps0.1,8,50,27.917204296702973,3.8543067928201014,11.526779936696677
Carside,R-NSGA-II_eps0.1,8,50,27.91720412900422,3.854306795236099,11.526779949399586
Carside,R-NSGA-II_eps0.1,8,50,27.930884310840824,3.8541059769104953,11.524880242961942
Carside,R-NSGA-II_eps0.1,8,50,27.916564786475565,3.8543067928201014,11.52683424631298
Carside,R-NSGA-II_eps0.1,8,50,27.929463970698045,3.8540332073762222,11.525188825432783
Carside,R-NSGA-II_eps0.1,8,50,27.92145601201905,3.8543352726760434,11.524970860269072
Carside,R-NSGA-II_eps0.1,8,50,27.92981247032985,3.8540212585586566,11.525184669170912
Carside,R-NSGA-II_eps0.1,8,50,27.914286212215146,3.8546446099978096,11.525168954973656
Carside,R-NSGA-II_eps0.1,8,50,27.920604486440673,3.8551146546780375,11.523464057161625
Carside,R-NSGA-II_eps0.1,8,50,27.913895676063955,3.8545563836734518,11.525407827081027
Carside,R-NSGA-II_eps0.1,8,50,27.93713525792762,3.854676070986364,11.522928373288792
Carside,R-NSGA-II_eps0.1,8,50,27.926896878608787,3.8546967326054435,11.523278749520038
Carside,R-NSGA-II_eps0.1,8,50,27.927360301272138,3.8546866200623158,11.523252851899468
Carside,R-NSGA-II_eps0.1,8,50,27.926406470624713,3.8546971688886735,11.523298725809088
Carside,R-NSGA-II_eps0.1,8,50,27.926537984528633,3.854648862410388,11.52335408854912
Carside,R-NSGA-II_eps0.1,8,50,27.926508791036383,3.8546479590718827,11.523357072860765
Carside,R-NSGA-II_eps0.1,8,50,27.92655476388992,3.854648858610388,11.523352578194661
Carside,R-NSGA-II_eps0.1,8,50,27.92655541462852,3.854648858610388,11.523352522931393
Carside,R-NSGA-II_eps0.1,8,50,27.926435068651173,3.8546519385231073,11.523355612325481
Carside,R-NSGA-II_eps0.1,8,50,27.92651255232314,3.8546479569764958,11.523356034447476
Carside,R-NSGA-II_eps0.1,8,50,27.926444010401237,3.854650443053347,11.52335645877453
Carside,R-NSGA-II_eps0.1,8,50,27.926552005903282,3.8546473297473156,11.523353940272262
Carside,R-NSGA-II_eps0.1,8,50,27.926551530051086,3.8546473310173326,11.523353400677827
Carside,R-NSGA-II_eps0.1,8,50,27.926555767190038,3.8546473276519286,11.52335290185899
Carside,R-NSGA-II_eps0.1,8,50,27.925898931696555,3.854696039888503,11.523323910919252
Carside,R-NSGA-II_eps0.1,8,50,27.926573216307347,3.854647139527073,11.523351696276094
Carside,R-NSGA-II_eps0.1,8,50,27.92655553775772,3.8546467665742585,11.523353435056647
Carside,R-NSGA-II_eps0.1,8,50,28.052151408182837,3.8528605070514024,11.513680474118898
Carside,R-NSGA-II_eps0.1,8,50,27.926573741940203,3.854647140320682,11.52335160103289
Carside,R-NSGA-II_eps0.1,8,50,27.858837740144764,3.863085743960361,11.524296294449414
Carside,R-NSGA-II_eps0.1,8,50,27.92638406405196,3.854651889744173,11.52335679979592
Carside,R-NSGA-II_eps0.1,8,50,27.926558486314743,3.8546473316430374,11.523352046741518
Carside,R-NSGA-II_eps0.1,8,50,27.92645140306061,3.8546491683613255,11.523356177537028
Carside,R-NSGA-II_eps0.1,8,50,27.92669165412468,3.8546469816499105,11.523343187910786
Carside,R-NSGA-II_eps0.1,8,50,27.926580172571025,3.8546471401527773,11.52335033987637
Carside,R-NSGA-II_eps0.1,8,50,27.819805930550913,3.854648862410388,11.553682767666313
Carside,R-NSGA-II_eps0.1,8,50,27.926579696718832,3.8546471414227947,11.523349800281196
Carside,R-NSGA-II_eps0.1,8,50,27.926383560062884,3.8546504704041835,11.523357469972453
Carside,R-NSGA-II_eps0.1,8,50,27.926621018787653,3.8546457760394666,11.523348357611814
Carside,R-NSGA-II_eps0.1,8,50,28.1363373241897,3.8466706673296702,11.525044052675653
Carside,R-NSGA-II_eps0.1,8,50,27.92662453881274,3.854645666624513,11.523348293006134
Carside,R-NSGA-II_eps0.1,8,50,27.9266289585603,3.854646690456166,11.523345924498063
Carside,R-NSGA-II_eps0.1,8,50,27.92632455486619,3.8546477748704358,11.523361359672215
Carside,R-NSGA-II_eps0.1,8,50,27.92641666764586,3.8546457760394666,11.523357587072912
Carside,R-NSGA-II_eps0.1,8,50,28.142972098715706,3.8463101814331666,11.549877390573492
Carside,R-NSGA-II_eps0.1,8,50,27.921264429087362,3.8546552111681973,11.523766070279775
Carside,R-NSGA-II_eps0.1,8,50,27.923010777226693,3.854355258198931,11.524214812039222
Carside,R-NSGA-II_eps0.1,8,50,27.927443269021364,3.85465032416685,11.523267565397083
Carside,R-NSGA-II_eps0.1,8,50,27.927214641689492,3.8546479580385435,11.523284795004864
Carside,R-NSGA-II_eps0.1,8,50,28.214758598416115,3.8546940182992966,11.498723281343818
Carside,R-NSGA-II_eps0.1,8,50,27.92131875420029,3.8543621517073996,11.524380588363215
Carside,R-NSGA-II_eps0.1,8,50,27.92772581092683,3.8546471401527773,11.523252807386806
Carside,R-NSGA-II_eps0.1,8,50,27.927046127577093,3.8546599654620106,11.523275293719017
Carside,R-NSGA-II_eps0.1,8,50,27.927384263824695,3.8546476286228506,11.523271452546915
Carside,R-NSGA-II_eps0.1,8,50,28.100098767683324,3.8742107422177554,11.494271302288151
Carside,R-NSGA-II_eps0.1,8,50,28.325574736417025,3.848975374450356,11.493041973292097
Carside,R-NSGA-II_eps0.1,8,50,27.925418720733628,3.854645083322523,11.523402748434851
Carside,R-NSGA-II_eps0.1,8,50,27.926261598895923,3.8546558634900006,11.523319221754848
Carside,R-NSGA-II_eps0.1,8,50,27.923902086446326,3.8547027963378975,11.523410847100529
Carside,R-NSGA-II_eps0.1,8,50,28.362702018919617,3.838516248597011,11.517410833207197
Carside,R-NSGA-II_eps0.1,8,50,27.668874674981925,3.881238144764849,11.55887180877329
Carside,R-NSGA-II_eps0.1,8,50,27.923985178099198,3.8546972942981577,11.52341242193778
Carside,R-NSGA-II_eps0.1,8,50,27.69057235395703,3.88513812362183,11.524206988054644
Carside,R-NSGA-II_eps0.1,8,50,27.92389584385931,3.8547027963378975,11.523411134185594
Carside,R-NSGA-II_eps0.1,8,50,27.9239421902004,3.854698708193583,11.523413372293408
Carside,R-NSGA-II_eps0.1,8,50,27.923938067639217,3.85470131194657,11.52340936950391
Carside,R-NSGA-II_eps0.1,8,50,28.448084179742448,3.847207592477055,11.483739857006011
Carside,R-NSGA-II_eps0.1,8,50,27.923950765243795,3.854699216255043,11.52341146288239
Carside,R-NSGA-II_eps0.1,8,50,28.499774637921366,3.840746825451232,11.49692925228972
Carside,R-NSGA-II_eps0.1,8,50,28.49686180724028,3.854659891805674,11.474882218716425
Carside,R-NSGA-II_eps0.1,8,50,27.924040029042995,3.8546976893361187,11.523406709436003
Carside,R-NSGA-II_eps0.1,8,50,27.923939093309713,3.8546999287485177,11.523411280752637
Carside,R-NSGA-II_eps0.1,8,50,28.53571981803738,3.8358224616115635,11.516164053301889
Carside,R-NSGA-II_eps0.1,8,50,27.924018400605803,3.854698065852448,11.523407752159372
Carside,R-NSGA-II_eps0.1,8,50,27.92401735519461,3.8546980764593,11.52340778965315
Carside,R-NSGA-II_eps0.1,8,50,27.60598401325568,3.854647197178782,11.6144682097686
Carside,R-NSGA-II_eps0.1,8,50,28.589527204823572,3.8441376136502075,11.476265824817284
Carside,R-NSGA-II_eps0.1,8,50,27.924016445407428,3.8546980703100475,11.523407828639613
Carside,R-NSGA-II_eps0.1,8,50,27.924016427113752,3.8546980658171637,11.523407833706045
Carside,R-NSGA-II_eps0.1,8,50,27.924026197525503,3.854697049409735,11.52340849246197
Carside,R-NSGA-II_eps0.1,8,50,27.924026342693537,3.8546970301784502,11.523408493858675
Carside,R-NSGA-II_eps0.1,8,50,27.56858651893386,3.8969310642307153,11.531478689114609
Carside,R-NSGA-II_eps0.1,8,50,28.77752980671381,3.85469729474863,11.452209777527159
Carside,R-NSGA-II_eps0.1,8,50,27.924023358635544,3.8546971688886735,11.523408500340484
Carside,R-NSGA-II_eps0.1,8,50,27.92402334493704,3.8546971548333953,11.523408514332296
Carside,R-NSGA-II_eps0.1,8,50,27.510999086554417,3.9058464317754265,11.523644244923535
Carside,R-NSGA-II_eps0.1,9,51,27.91030708429155,3.854736627656655,11.524653996973727
Carside,R-NSGA-II_eps0.1,9,51,27.909371580320258,3.8547783730013427,11.524734384209307
Carside,R-NSGA-II_eps0.1,9,51,27.909371300200306,3.8547783730013427,11.524734396814122
Carside,R-NSGA-II_eps0.1,9,51,27.908964542527272,3.8547886339541635,11.52477081010622
Carside,R-NSGA-II_eps0.1,9,51,27.91146116143078,3.8547762092419178,11.524215016605897
Carside,R-NSGA-II_eps0.1,9,51,27.91156886544682,3.854775986153098,11.52418766078396
Carside,R-NSGA-II_eps0.1,9,51,27.90834340513436,3.854779114660459,11.524854220916865
Carside,R-NSGA-II_eps0.1,9,51,27.91102471624718,3.854781652190313,11.524244476652134
Carside,R-NSGA-II_eps0.1,9,51,27.910190718615432,3.854818197266225,11.524287648910633
Carside,R-NSGA-II_eps0.1,9,51,27.910630153599964,3.854769067183169,11.524276740993622
Carside,R-NSGA-II_eps0.1,9,51,27.910028893919065,3.8548131631239007,11.524307417239411
Carside,R-NSGA-II_eps0.1,9,51,27.909145764786135,3.8546759397901407,11.524754205935825
Carside,R-NSGA-II_eps0.1,9,51,27.9096936197283,3.8547955084187406,11.52438594076073
Carside,R-NSGA-II_eps0.1,9,51,27.909906368402716,3.85479163230869,11.524347223524709
Carside,R-NSGA-II_eps0.1,9,51,27.909702473382048,3.8547988728673803,11.52437796010934
Carside,R-NSGA-II_eps0.1,9,51,27.90967635226176,3.854796106872906,11.524386167248021
Carside,R-NSGA-II_eps0.1,9,51,27.90984068091053,3.8547957910878368,11.52435009244826
Carside,R-NSGA-II_eps0.1,9,51,27.909661667722112,3.8547957997189934,11.524387636892861
Carside,R-NSGA-II_eps0.1,9,51,27.909961958850726,3.8547989599783454,11.524309788996606
Carside,R-NSGA-II_eps0.1,9,51,27.90901900770235,3.854836541339571,11.524431874832082
Carside,R-NSGA-II_eps0.1,9,51,27.910487083330448,3.8546759397901407,11.52437362038539
Carside,R-NSGA-II_eps0.1,9,51,27.909604435653616,3.854743990300619,11.524431478315257
Carside,R-NSGA-II_eps0.1,9,51,27.90956020230903,3.854743990300619,11.524435168223519
Carside,R-NSGA-II_eps0.1,9,51,27.90878203736506,3.854846374408705,11.52443153456166
Carside,R-NSGA-II_eps0.1,9,51,27.90956348488314,3.8547409119926592,11.524434240081161
Carside,R-NSGA-II_eps0.1,9,51,27.908529060469267,3.854881077747277,11.524428706251616
Carside,R-NSGA-II_eps0.1,9,51,27.908727090518585,3.854846374408705,11.524436289826724
Carside,R-NSGA-II_eps0.1,9,51,27.90866522831495,3.854847288625278,11.524447978590818
Carside,R-NSGA-II_eps0.1,9,51,27.90755101008573,3.8547594902400224,11.524880216325897
Carside,R-NSGA-II_eps0.1,9,51,27.908741086624588,3.8548432961007464,11.52443429632601
Carside,R-NSGA-II_eps0.1,9,51,27.908624795547976,3.854851178821233,11.524439039978365
Carside,R-NSGA-II_eps0.1,9,51,27.90896202164779,3.8548053826311786,11.524435452909453
Carside,R-NSGA-II_eps0.1,9,51,27.900913914663484,3.8547720317124505,11.543991032979118
Carside,R-NSGA-II_eps0.1,9,51,27.908815418229494,3.8548157521683257,11.524448457016941
Carside,R-NSGA-II_eps0.1,9,51,28.001105484727752,3.8548212625556335,11.509350525460972
Carside,R-NSGA-II_eps0.1,9,51,27.90877271213267,3.85482153240999,11.524447972739313
Carside,R-NSGA-II_eps0.1,9,51,27.909722011164703,3.85474075049798,11.524375037462711
Carside,R-NSGA-II_eps0.1,9,51,27.909717700364236,3.85474075049798,11.524375452636058
Carside,R-NSGA-II_eps0.1,9,51,28.083713578085252,3.848586178315315,11.524670294887613
Carside,R-NSGA-II_eps0.1,9,51,27.9092065603216,3.8548057086921523,11.524367748803229
Carside,R-NSGA-II_eps0.1,9,51,27.905406616594465,3.854743990300619,11.525616249345939
Carside,R-NSGA-II_eps0.1,9,51,27.908790029017993,3.8548162100959362,11.524439998102379
Carside,R-NSGA-II_eps0.1,9,51,27.815074249184885,3.8664158859006825,11.52476489480483
Carside,R-NSGA-II_eps0.1,9,51,27.90912054792936,3.8548052211197468,11.52437625029075
Carside,R-NSGA-II_eps0.1,9,51,27.934026489283248,3.867473527594751,11.513798723224422
Carside,R-NSGA-II_eps0.1,9,51,27.908653454803336,3.85480552813697,11.524475105137434
Carside,R-NSGA-II_eps0.1,9,51,27.908638002387235,3.8548077401183423,11.524474455078046
Carside,R-NSGA-II_eps0.1,9,51,28.05189061099289,3.863122657022612,11.506887566760932
Carside,R-NSGA-II_eps0.1,9,51,27.908627905049347,3.8548077401183423,11.52447490934111
Carside,R-NSGA-II_eps0.1,9,51,27.911345844556976,3.8545186341265354,11.524435183572448
Carside,R-NSGA-II_eps0.1,9,51,28.16995907238462,3.8509242755649695,11.507354914757176
Carside,R-NSGA-II_eps0.1,9,51,27.908355424615074,3.854812518153834,11.524464025391374
Carside,R-NSGA-II_eps0.1,9,51,27.908355424623633,3.854812518153834,11.524463086268092
Carside,R-NSGA-II_eps0.1,9,51,27.908382380899067,3.8548168466760018,11.524448276126112
Carside,R-NSGA-II_eps0.1,9,51,27.765363032941508,3.8612637190583476,11.557578066389901
Carside,R-NSGA-II_eps0.1,9,51,27.908168454668598,3.8548183621520336,11.52448806143175
Carside,R-NSGA-II_eps0.1,9,51,27.90691341984354,3.854740643500463,11.524947343682747
Carside,R-NSGA-II_eps0.1,9,51,27.906612576852492,3.8548311840153993,11.52484622557448
Carside,R-NSGA-II_eps0.1,9,51,27.907906176436942,3.854868890452085,11.524448586110003
Carside,R-NSGA-II_eps0.1,9,51,27.908119148584,3.854800801377958,11.52450200262805
Carside,R-NSGA-II_eps0.1,9,51,28.246080686255503,3.843696613094115,11.517805960138592
Carside,R-NSGA-II_eps0.1,9,51,27.908153133293848,3.854800901955577,11.524490903450577
Carside,R-NSGA-II_eps0.1,9,51,27.90605577688363,3.854850293704008,11.524945034907093
Carside,R-NSGA-II_eps0.1,9,51,28.14906988765151,3.86753598939611,11.494836794108183
Carside,R-NSGA-II_eps0.1,9,51,27.902493307719986,3.8548549325378874,11.526460262008264
Carside,R-NSGA-II_eps0.1,9,51,27.76306349702213,3.8751893322383095,11.52289321457063
Carside,R-NSGA-II_eps0.1,9,51,27.909407441058306,3.854846729084923,11.524036215486127
Carside,R-NSGA-II_eps0.1,9,51,27.906829005362965,3.8548073152117617,11.524623604303773
Carside,R-NSGA-II_eps0.1,9,51,27.90733714384204,3.8548073502771008,11.524494562625716
Carside,R-NSGA-II_eps0.1,9,51,27.906275277019656,3.8548458739310325,11.524481164850775
Carside,R-NSGA-II_eps0.1,9,51,27.900793671764777,3.854781170002372,11.526654413954507
Carside,R-NSGA-II_eps0.1,9,51,27.76337528320733,3.8527874079310234,11.5775341179083
Carside,R-NSGA-II_eps0.1,9,51,28.19430143785592,3.841002697121212,11.561452769719939
Carside,R-NSGA-II_eps0.1,9,51,27.91548263007557,3.853772022166588,11.524942744602331
Carside,R-NSGA-II_eps0.1,9,51,27.91548263007967,3.853772022166588,11.524942294907172
Carside,R-NSGA-II_eps0.1,9,51,27.76140621844642,3.8612637190583476,11.57923693672532
Carside,R-NSGA-II_eps0.1,9,51,27.69882852208715,3.8764190884493446,11.5475738992717
Carside,R-NSGA-II_eps0.1,9,51,27.91500815781494,3.853708551784027,11.525372531347552
Carside,R-NSGA-II_eps0.1,9,51,28.31048676717528,3.8493517636080647,11.493413895020298
Carside,R-NSGA-II_eps0.1,9,51,27.91672583158166,3.853708551784027,11.524884458284927
Carside,R-NSGA-II_eps0.1,9,51,27.917103195122827,3.8537052309699384,11.524796553817968
Carside,R-NSGA-II_eps0.1,9,51,27.91602448733994,3.8537334890118733,11.524866757749756
Carside,R-NSGA-II_eps0.1,9,51,28.03816487795961,3.881890600012109,11.501814393771957
Carside,R-NSGA-II_eps0.1,9,51,27.916765752366523,3.8537161841813306,11.524784910189213
Carside,R-NSGA-II_eps0.1,9,51,27.916753497041295,3.8537157756306497,11.524786238633407
Carside,R-NSGA-II_eps0.1,9,51,27.690969257295993,3.8830600739399563,11.52405260331393
Carside,R-NSGA-II_eps0.1,9,51,27.916788342366143,3.8537157756306497,11.524776338979319
Carside,R-NSGA-II_eps0.1,9,51,28.121136645504304,3.8394483421398453,11.582905594130677
Carside,R-NSGA-II_eps0.1,9,51,28.392189845086428,3.8385461664196963,11.51761510967745
Carside,R-NSGA-II_eps0.1,9,51,27.917231106529243,3.8536718451794307,11.524884128985384
Carside,R-NSGA-II_eps0.1,9,51,27.87744549492035,3.886826541990923,11.504879748031804
Carside,R-NSGA-II_eps0.1,9,51,27.917230291368075,3.8536718451794307,11.524884165662844
Carside,R-NSGA-II_eps0.1,9,51,27.91676739949694,3.853713741834376,11.52478108317514
Carside,R-NSGA-II_eps0.1,9,51,27.987964980684836,3.841639658234002,11.595103012814153
Carside,R-NSGA-II_eps0.1,9,51,27.91659052907575,3.853719509470815,11.524784143927436
Carside,R-NSGA-II_eps0.1,9,51,27.66973082640574,3.853695282984246,11.595134453387445
Carside,R-NSGA-II_eps0.1,9,51,27.917311005089626,3.853666353984183,11.524878261997276
Carside,R-NSGA-II_eps0.1,9,51,27.916282281041205,3.8537277467965536,11.52480884954139
Carside,R-NSGA-II_eps0.1,9,51,28.388747452267943,3.868067178804501,11.473720995576201
Carside,R-NSGA-II_eps0.1,9,51,28.467106006024327,3.8468053937419353,11.482210929744701
Carside,R-NSGA-II_eps0.1,10,52,27.90795906192981,3.853734326034448,11.526349993982663
Carside,R-NSGA-II_eps0.1,10,52,27.940995561642,3.8535918988212017,11.522015151511972
Carside,R-NSGA-II_eps0.1,10,52,27.922408552347907,3.8537725550995554,11.522482628922393
Carside,R-NSGA-II_eps0.1,10,52,27.913761413289862,3.8539426024943078,11.523169618081564
Carside,R-NSGA-II_eps0.1,10,52,27.91731566557478,3.8537989960282557,11.52298148184122
Carside,R-NSGA-II_eps0.1,10,52,27.913842380895584,3.853927804013937,11.523171311108126
Carside,R-NSGA-II_eps0.1,10,52,27.913601644324302,3.853877239120385,11.523318999728417
Carside,R-NSGA-II_eps0.1,10,52,27.921057770854496,3.8536699182774736,11.522785917889639
Carside,R-NSGA-II_eps0.1,10,52,27.91603576769691,3.853993528986139,11.522608958062946
Carside,R-NSGA-II_eps0.1,10,52,27.91241912715958,3.853960980280451,11.523224413553468
Carside,R-NSGA-II_eps0.1,10,52,27.91167878505074,3.854014406120998,11.523198722729697
Carside,R-NSGA-II_eps0.1,10,52,27.91307750988487,3.854038583264729,11.522839838161229
Carside,R-NSGA-II_eps0.1,10,52,27.915478045915776,3.8537395246641957,11.523228458933264
Carside,R-NSGA-II_eps0.1,10,52,28.023278537368693,3.8537914639143565,11.514327832105012
Carside,R-NSGA-II_eps0.1,10,52,27.908195630493744,3.8541727938252723,11.523403334031084
Carside,R-NSGA-II_eps0.1,10,52,27.92180706703964,3.8637354269699875,11.519694521951724
Carside,R-NSGA-II_eps0.1,10,52,27.908015558902186,3.8541811413909506,11.523417813341432
Carside,R-NSGA-II_eps0.1,10,52,27.90791326403182,3.8541831701174663,11.52341846265241
Carside,R-NSGA-II_eps0.1,10,52,27.83554892464484,3.8553634233166023,11.54185218828395
Carside,R-NSGA-II_eps0.1,10,52,27.908215827756386,3.8541749714688702,11.523367700588265
Carside,R-NSGA-II_eps0.1,10,52,27.91476298596949,3.8538593808173025,11.522943984754544
Carside,R-NSGA-II_eps0.1,10,52,27.90809955669594,3.8541268298233966,11.523493496361493
Carside,R-NSGA-II_eps0.1,10,52,27.914895608056643,3.8538593808173025,11.522910168809192
Carside,R-NSGA-II_eps0.1,10,52,27.912738699562155,3.853754377347498,11.523584738488708
Carside,R-NSGA-II_eps0.1,10,52,27.91416672547166,3.8538593808173025,11.52299980694793
Carside,R-NSGA-II_eps0.1,10,52,27.90776665864632,3.854113625897663,11.52354762018241
Carside,R-NSGA-II_eps0.1,10,52,28.04724796992091,3.851671098784453,11.549559585413238
Carside,R-NSGA-II_eps0.1,10,52,27.913009102839084,3.8537233852671853,11.523583644411037
Carside,R-NSGA-II_eps0.1,10,52,27.90251594953333,3.855395102819108,11.522938040816179
Carside,R-NSGA-II_eps0.1,10,52,27.91294440698651,3.8537239709893623,11.523587983231728
Carside,R-NSGA-II_eps0.1,10,52,27.909121285543044,3.8540510685883964,11.523392775564734
Carside,R-NSGA-II_eps0.1,10,52,27.79809285709202,3.867115470358273,11.52407424704736
Carside,R-NSGA-II_eps0.1,10,52,27.908893230328992,3.853989619421957,11.523595224835717
Carside,R-NSGA-II_eps0.1,10,52,27.909507429250684,3.8539055524595445,11.523617726726904
Carside,R-NSGA-II_eps0.1,10,52,27.895080093724157,3.851671098784453,11.562746285823064
Carside,R-NSGA-II_eps0.1,10,52,27.909410964570405,3.8539108601826997,11.523618763732074
Carside,R-NSGA-II_eps0.1,10,52,28.073462965132528,3.8673695235828838,11.50046081338916
Carside,R-NSGA-II_eps0.1,10,52,27.90920211266826,3.8539225983202896,11.523601647287958
Carside,R-NSGA-II_eps0.1,10,52,27.761974845624476,3.861542991086769,11.559375079571314
Carside,R-NSGA-II_eps0.1,10,52,27.905752318748654,3.8536375602093726,11.526609935437595
Carside,R-NSGA-II_eps0.1,10,52,27.905620928832427,3.8536398303017094,11.526625203227217
Carside,R-NSGA-II_eps0.1,10,52,28.186274568289864,3.8502102368143594,11.502330253888712
Carside,R-NSGA-II_eps0.1,10,52,27.89936880595215,3.8553774970452226,11.523548576294708
Carside,R-NSGA-II_eps0.1,10,52,28.184033638961786,3.8439930888106084,11.520498949111968
Carside,R-NSGA-II_eps0.1,10,52,27.90548074759656,3.8536398303017094,11.52663149742836
Carside,R-NSGA-II_eps0.1,10,52,27.917686618847867,3.8537395246641957,11.522598612849784
Carside,R-NSGA-II_eps0.1,10,52,27.910457003682676,3.8539266985568226,11.523238125524955
Carside,R-NSGA-II_eps0.1,10,52,27.7415121738257,3.8539530546697605,11.570461155506278
Carside,R-NSGA-II_eps0.1,10,52,27.898400346979265,3.8553834981365664,11.52377558585296
Carside,R-NSGA-II_eps0.1,10,52,27.768052721654055,3.8757933553335016,11.520850273789119
Carside,R-NSGA-II_eps0.1,10,52,27.911276098958268,3.8537995396284748,11.523420765166488
Carside,R-NSGA-II_eps0.1,10,52,27.904899885343184,3.853669786483889,11.52648683024956
Carside,R-NSGA-II_eps0.1,10,52,27.904715722989565,3.8536657466019086,11.526571602311723
Carside,R-NSGA-II_eps0.1,10,52,27.909805482329755,3.8539249772924484,11.523293584434946
Carside,R-NSGA-II_eps0.1,10,52,27.852076645553403,3.8486328087535364,11.58210241224496
Carside,R-NSGA-II_eps0.1,10,52,28.20829039065507,3.8398983301692926,11.548467869328338
Carside,R-NSGA-II_eps0.1,10,52,27.904600320210058,3.8536696288995382,11.526573219295926
Carside,R-NSGA-II_eps0.1,10,52,27.98481490848922,3.877572051305867,11.501080283111275
Carside,R-NSGA-II_eps0.1,10,52,27.91082511538483,3.853796465241444,11.523440905287416
Carside,R-NSGA-II_eps0.1,10,52,27.65936020463996,3.868562247663061,11.561129724046623
Carside,R-NSGA-II_eps0.1,10,52,27.910509226719213,3.8538208381856793,11.523413148224765
Carside,R-NSGA-II_eps0.1,10,52,27.90633314274581,3.85406200048393,11.523646209066648
Carside,R-NSGA-II_eps0.1,10,52,28.10057555664565,3.8398897747611844,11.579105044167378
Carside,R-NSGA-II_eps0.1,10,52,27.9042270053755,3.853682017546425,11.526649029415776
Carside,R-NSGA-II_eps0.1,10,52,27.905113150213303,3.8542171841767203,11.523516831897611
Carside,R-NSGA-II_eps0.1,10,52,28.348465967477672,3.8387987527290064,11.520442672407736
Carside,R-NSGA-II_eps0.1,10,52,27.909052420170568,3.853838131585614,11.523641581007944
Carside,R-NSGA-II_eps0.1,10,52,27.901757592085332,3.853871247219405,11.526645861062548
Carside,R-NSGA-II_eps0.1,10,52,27.905526575036898,3.854052291871154,11.523799047224005
Carside,R-NSGA-II_eps0.1,10,52,28.23214719907603,3.8773071382573003,11.490352063663806
Carside,R-NSGA-II_eps0.1,10,52,27.90552377899823,3.854052331702393,11.523799258844527
Carside,R-NSGA-II_eps0.1,10,52,28.38233579602569,3.849949952437855,11.485873289222535
Carside,R-NSGA-II_eps0.1,10,52,27.901624069887006,3.853872238966046,11.526651493460776
Carside,R-NSGA-II_eps0.1,10,52,28.262410523791143,3.8372257506780594,11.571708140749323
Carside,R-NSGA-II_eps0.1,10,52,27.90163200450966,3.853871247219405,11.52665149432086
Carside,R-NSGA-II_eps0.1,10,52,27.66514924992,3.884043119078268,11.52433859912111
Carside,R-NSGA-II_eps0.1,10,52,28.121168274717355,3.883579182864378,11.485704401278184
Carside,R-NSGA-II_eps0.1,10,52,27.9017283303209,3.8538593808173025,11.526651472108021
Carside,R-NSGA-II_eps0.1,10,52,27.903480032677155,3.8537071466667876,11.526659495741283
Carside,R-NSGA-II_eps0.1,10,52,27.790180970964627,3.8881129338979483,11.509160576605998
Carside,R-NSGA-II_eps0.1,10,52,27.907972002058422,3.8538558149247004,11.523729040523403
Carside,R-NSGA-II_eps0.1,10,52,27.90469874851268,3.8540760640132548,11.52382075233463
Carside,R-NSGA-II_eps0.1,10,52,27.644668381012586,3.8540810146193882,11.603232396847105
Carside,R-NSGA-II_eps0.1,10,52,27.907930720978364,3.853862222424098,11.523623985652687
Carside,R-NSGA-II_eps0.1,10,52,27.63031219859748,3.884680529819707,11.552447068187217
Carside,R-NSGA-II_eps0.1,10,52,27.90486354364691,3.8540888617036466,11.523634953634177
Carside,R-NSGA-II_eps0.1,10,52,27.89813154313648,3.8554734594199407,11.523392895891952
Carside,R-NSGA-II_eps0.1,10,52,27.80718468243466,3.8485851223232466,11.615407561736934
Carside,R-NSGA-II_eps0.1,10,52,27.91450423289166,3.8533721497167472,11.523760979217466
Carside,R-NSGA-II_eps0.1,10,52,28.398382511823904,3.83404217445131,11.568039349447208
Carside,R-NSGA-II_eps0.1,10,52,28.45914218611857,3.8343078983445475,11.54983701629874
Carside,R-NSGA-II_eps0.1,10,52,27.898511507315003,3.854014406120998,11.526940025957732
Carside,R-NSGA-II_eps0.1,10,52,27.899669750694905,3.853885967233474,11.52670297572216
Carside,R-NSGA-II_eps0.1,10,52,27.900503406091303,3.8542115138563435,11.52423472955228
Carside,R-NSGA-II_eps0.1,10,52,28.379259087032615,3.873456529103055,11.469752659965048
Carside,R-NSGA-II_eps0.1,10,52,27.901552140510947,3.8537080486263933,11.526835895168428
Carside,R-NSGA-II_eps0.1,10,52,27.528326602515207,3.8682366010555738,11.598728985259356
Carside,R-NSGA-II_eps0.1,10,52,27.90021604267208,3.8538169417329766,11.526705264669864
Carside,R-NSGA-II_eps0.1,10,52,28.52317243102337,3.843466531753062,11.484389105264272
Carside,R-NSGA-II_eps0.1,10,52,27.91233703869232,3.8533826740804846,11.523791780851045
Carside,R-NSGA-II_eps0.1,11,53,27.93218131096267,3.855353996305619,11.521910999570919
Carside,R-NSGA-II_eps0.1,11,53,28.075184429034202,3.8507681557654556,11.524283264303813
Carside,R-NSGA-II_eps0.1,11,53,27.88045775934057,3.862198165346762,11.526243824371708
Carside,R-NSGA-II_eps0.1,11,53,27.86423723504814,3.855167189526872,11.54913478964857
Carside,R-NSGA-II_eps0.1,11,53,28.172566561341124,3.8553491394284207,11.506641678774724
Carside,R-NSGA-II_eps0.1,11,53,28.009195486429807,3.867187847293218,11.511460243979982
Carside,R-NSGA-II_eps0.1,11,53,27.78537584590429,3.8553507270658702,11.568887747974149
Carside,R-NSGA-II_eps0.1,11,53,27.827909240703924,3.8687748132775996,11.526232851325682
Carside,R-NSGA-II_eps0.1,11,53,28.158069691242115,3.8449469185784033,11.548203118184116
Carside,R-NSGA-II_eps0.1,11,53,27.95833723955642,3.855354003744184,11.519740900320596
Carside,R-NSGA-II_eps0.1,11,53,27.90993074518875,3.8553383901154894,11.533563465188447
Carside,R-NSGA-II_eps0.1,11,53,28.250121245848955,3.844946895008674,11.523045347306521
Carside,R-NSGA-II_eps0.1,11,53,27.961724882525186,3.8549221659337047,11.519741532004918
Carside,R-NSGA-II_eps0.1,11,53,27.91106750032914,3.853734148041715,11.52298317717613
Carside,R-NSGA-II_eps0.1,11,53,27.911169076863203,3.85373075935972,11.522981749189391
Carside,R-NSGA-II_eps0.1,11,53,27.91100355219425,3.85373075935972,11.52299570116781
Carside,R-NSGA-II_eps0.1,11,53,27.967555560671098,3.855438873371224,11.516947802907302
Carside,R-NSGA-II_eps0.1,11,53,27.96849461501515,3.855350659713369,11.516880760637909
Carside,R-NSGA-II_eps0.1,11,53,27.964657783346812,3.8554649142207245,11.516260250690296
Carside,R-NSGA-II_eps0.1,11,53,27.897762417819898,3.855352641668383,11.536958228250693
Carside,R-NSGA-II_eps0.1,11,53,28.135358359283458,3.8657971178236035,11.493451821670767
Carside,R-NSGA-II_eps0.1,11,53,27.89299589894891,3.855349579359616,11.538348534788833
Carside,R-NSGA-II_eps0.1,11,53,27.995596420857687,3.8528181994505504,11.520623979908478
Carside,R-NSGA-II_eps0.1,11,53,28.31421693039714,3.850137809560682,11.496556426279852
Carside,R-NSGA-II_eps0.1,11,53,27.99592257031605,3.852824889886357,11.520446071806916
Carside,R-NSGA-II_eps0.1,11,53,27.996037606753458,3.852825345887586,11.520440756337663
Carside,R-NSGA-II_eps0.1,11,53,28.04822268450565,3.8550412078333016,11.517181580941987
Carside,R-NSGA-II_eps0.1,11,53,27.742151186147023,3.8699020590937927,11.548394024143175
Carside,R-NSGA-II_eps0.1,11,53,28.048661867673424,3.855041225258864,11.51714157314823
Carside,R-NSGA-II_eps0.1,11,53,28.045928332806653,3.8537584171786263,11.517644434815612
Carside,R-NSGA-II_eps0.1,11,53,28.045928339401833,3.8537584169586823,11.51764443460956
Carside,R-NSGA-II_eps0.1,11,53,28.056360079548288,3.856254625361981,11.51598819773287
Carside,R-NSGA-II_eps0.1,11,53,28.325717749120386,3.861852162512802,11.487982635725047
Carside,R-NSGA-II_eps0.1,11,53,28.070695482679508,3.853824530832851,11.516655213333552
Carside,R-NSGA-II_eps0.1,11,53,27.901538549868338,3.8516595189036846,11.589039243494074
Carside,R-NSGA-II_eps0.1,11,53,28.07079705921357,3.853821144942051,11.516653747721907
Carside,R-NSGA-II_eps0.1,11,53,28.061418786314512,3.8545618830581825,11.512341713070864
Carside,R-NSGA-II_eps0.1,11,53,28.15790954194004,3.844947052839048,11.575368681058166
Carside,R-NSGA-II_eps0.1,11,53,27.92194817817081,3.8610667426048355,11.517010277481319
Carside,R-NSGA-II_eps0.1,11,53,28.081791030656007,3.853253730418153,11.514933312832792
Carside,R-NSGA-II_eps0.1,11,53,28.0819281340438,3.853237555820263,11.514932976523827
Carside,R-NSGA-II_eps0.1,11,53,28.41206549174235,3.841474663680694,11.531537101641252
Carside,R-NSGA-II_eps0.1,11,53,28.022341124924335,3.8756895033744767,11.500320446069445
Carside,R-NSGA-II_eps0.1,11,53,27.854484625544348,3.8553550305786892,11.549241460807004
Carside,R-NSGA-II_eps0.1,11,53,28.136403114247816,3.8487437045020383,11.594196662810967
Carside,R-NSGA-II_eps0.1,11,53,27.854484582585382,3.8553550305786892,11.549241462758873
Carside,R-NSGA-II_eps0.1,11,53,28.12568872391889,3.851427147396908,11.521338620355785
Carside,R-NSGA-II_eps0.1,11,53,27.754465207440774,3.853775247267111,11.6004278626075
Carside,R-NSGA-II_eps0.1,11,53,28.112889046635193,3.8528125812538834,11.512490798726063
Carside,R-NSGA-II_eps0.1,11,53,27.83557603690854,3.8611122214644062,11.541493097352898
Carside,R-NSGA-II_eps0.1,11,53,27.731554517479676,3.878079698223789,11.533561926246055
Carside,R-NSGA-II_eps0.1,11,53,27.894041829187707,3.8792534143425215,11.513812638105371
Carside,R-NSGA-II_eps0.1,11,53,27.83515762556241,3.8611122560856046,11.541611742955975
Carside,R-NSGA-II_eps0.1,11,53,27.626762592367445,3.86971107110429,11.581234101283663
Carside,R-NSGA-II_eps0.1,11,53,28.101046994308497,3.849709598307381,11.523945720517588
Carside,R-NSGA-II_eps0.1,11,53,28.125848971464904,3.8526257769693038,11.51146282777189
Carside,R-NSGA-II_eps0.1,11,53,27.835121506957233,3.8553275727983456,11.554899173538997
Carside,R-NSGA-II_eps0.1,11,53,27.974702901345466,3.850745654934262,11.552974380163835
Carside,R-NSGA-II_eps0.1,11,53,27.974699367792645,3.850745654934262,11.552975822708309
Carside,R-NSGA-II_eps0.1,11,53,27.858124752420764,3.8649192292507895,11.526398753750964
Carside,R-NSGA-II_eps0.1,11,53,27.89240463398186,3.864809514231086,11.516948038143823
Carside,R-NSGA-II_eps0.1,11,53,28.14669958496901,3.8502314869069596,11.512883448852257
Carside,R-NSGA-II_eps0.1,11,53,28.49445841865492,3.8369621027629552,11.518401656840595
Carside,R-NSGA-II_eps0.1,11,53,28.14841833464604,3.8485833042025375,11.521347237400043
Carside,R-NSGA-II_eps0.1,11,53,28.001613683482695,3.8478450089396308,11.616423158557971
Carside,R-NSGA-II_eps0.1,11,53,28.178933937528512,3.8518434966586717,11.50735716392599
Carside,R-NSGA-II_eps0.1,11,53,28.191048304084774,3.8522529184699237,11.506785651521085
Carside,R-NSGA-II_eps0.1,11,53,28.574166554939502,3.8470962472379258,11.475782202370029
Carside,R-NSGA-II_eps0.1,11,53,28.207827851342056,3.855503746449612,11.503654302029133
Carside,R-NSGA-II_eps0.1,11,53,28.003036379326637,3.8828675754765465,11.501079367070947
Carside,R-NSGA-II_eps0.1,11,53,28.197359526597833,3.851525433914008,11.506072371256506
Carside,R-NSGA-II_eps0.1,11,53,27.618757076313784,3.855137666845584,11.615118548018536
Carside,R-NSGA-II_eps0.1,11,53,28.2186559337395,3.8553489577931948,11.502777753861725
Carside,R-NSGA-II_eps0.1,11,53,28.0052618689043,3.867192257617563,11.511157458746544
Carside,R-NSGA-II_eps0.1,11,53,28.005427961211872,3.867192257617563,11.51114331540829
Carside,R-NSGA-II_eps0.1,11,53,27.842651014221076,3.8684574095699658,11.525117387665992
Carside,R-NSGA-II_eps0.1,11,53,28.704080684117013,3.8553463156655647,11.459071550875958
Carside,R-NSGA-II_eps0.1,11,53,28.113038066628974,3.8655775527528635,11.503015591036736
Carside,R-NSGA-II_eps0.1,11,53,28.67849301605794,3.8313237083068565,11.509733474469487
Carside,R-NSGA-II_eps0.1,11,53,27.724849681487303,3.8909059328053086,11.516217799828013
Carside,R-NSGA-II_eps0.1,11,53,27.82680702964771,3.86884249279363,11.52639251963394
Carside,R-NSGA-II_eps0.1,11,53,28.852497595889947,3.831002386731101,11.52648488877023
Carside,R-NSGA-II_eps0.1,11,53,27.61004842454482,3.8950655667839986,11.535283194827045
Carside,R-NSGA-II_eps0.1,11,53,28.161208056294562,3.8448961592766744,11.547954378860119
Carside,R-NSGA-II_eps0.1,11,53,27.484761840651007,3.855278239162526,11.655188339932703
Carside,R-NSGA-II_eps0.1,11,53,29.321386139632622,3.8385836735559424,11.440304666366778
Carside,R-NSGA-II_eps0.1,11,53,27.820205807128428,3.869640269128912,11.526404888671511
Carside,R-NSGA-II_eps0.1,11,53,27.819973884488956,3.869751546075971,11.526238046957939
Carside,R-NSGA-II_eps0.1,11,53,27.81995635691073,3.869751546075971,11.526238834725067
Carside,R-NSGA-II_eps0.1,11,53,27.820327751186802,3.8698762763253804,11.526195636602143
Carside,R-NSGA-II_eps0.1,11,53,28.25011671109311,3.8449469185784033,11.522434541684543
Carside,R-NSGA-II_eps0.1,11,53,28.29145658469618,3.8529814560161766,11.496548560848488
Carside,R-NSGA-II_eps0.1,11,53,28.291525805801992,3.8529814562433975,11.496545449705682
Carside,R-NSGA-II_eps0.1,11,53,28.25657672553922,3.8447901194722047,11.521727007320084
Carside,R-NSGA-II_eps0.1,11,53,27.963311705517434,3.8706486155407918,11.513798854086357
Carside,R-NSGA-II_eps0.1,11,53,27.76294575997554,3.8553475538742,11.575272157942411
Carside,R-NSGA-II_eps0.1,11,53,27.765057245324236,3.8550846511954404,11.575365435179446
Carside,R-NSGA-II_eps0.1,11,53,28.142643059081312,3.865694988223409,11.492887212920976
Carside,R-NSGA-II_eps0.1,11,53,28.269643141234734,3.844360134795386,11.521543818763185
Carside,R-NSGA-II_eps0.1,11,53,27.74697857391736,3.8554352254899222,11.579642031677142
Carside,R-NSGA-II_eps0.1,12,54,27.891519157054894,3.854370329277648,11.525187816714237
Carside,R-NSGA-II_eps0.1,12,54,27.89389695003557,3.8540722035684696,11.525188952970485
Carside,R-NSGA-II_eps0.1,12,54,27.877551099367572,3.856090977818848,11.524590147487384
Carside,R-NSGA-II_eps0.1,12,54,27.893995404188324,3.8561138961648425,11.522691295620723
Carside,R-NSGA-II_eps0.1,12,54,27.896612775158086,3.856075281490614,11.522507937135014
Carside,R-NSGA-II_eps0.1,12,54,27.896743697127054,3.8536852040945733,11.5240296940934
Carside,R-NSGA-II_eps0.1,12,54,27.883592745264533,3.8559731207443884,11.523140784619743
Carside,R-NSGA-II_eps0.1,12,54,27.89960062373236,3.854332717422322,11.522755886634034
Carside,R-NSGA-II_eps0.1,12,54,27.89086333037177,3.854392221343059,11.523198703774696
Carside,R-NSGA-II_eps0.1,12,54,27.91083330804895,3.8517846830283085,11.540586557899317
Carside,R-NSGA-II_eps0.1,12,54,27.900604464485475,3.8542187158917884,11.522744177887205
Carside,R-NSGA-II_eps0.1,12,54,28.049333554981484,3.848920743623901,11.520990743315153
Carside,R-NSGA-II_eps0.1,12,54,27.89680138123163,3.8540680937731713,11.523116512060247
Carside,R-NSGA-II_eps0.1,12,54,28.03261524377378,3.858373573548798,11.510666354859858
Carside,R-NSGA-II_eps0.1,12,54,27.90018885675008,3.853855767771827,11.523211705270416
Carside,R-NSGA-II_eps0.1,12,54,27.90031138737618,3.854147571449023,11.522783100773378
Carside,R-NSGA-II_eps0.1,12,54,27.79619834716585,3.867293293955002,11.522964621164272
Carside,R-NSGA-II_eps0.1,12,54,27.90054015856386,3.8541474246270004,11.522762959243433
Carside,R-NSGA-II_eps0.1,12,54,27.89456667737941,3.854066678333897,11.523147140828335
Carside,R-NSGA-II_eps0.1,12,54,27.899813978172567,3.853996469387361,11.522928116893823
Carside,R-NSGA-II_eps0.1,12,54,27.898545923471563,3.854193562109779,11.522757803143474
Carside,R-NSGA-II_eps0.1,12,54,27.900197373183904,3.853808083673922,11.5231437111977
Carside,R-NSGA-II_eps0.1,12,54,28.11374994972486,3.8475284884481553,11.549695221363347
Carside,R-NSGA-II_eps0.1,12,54,27.901500429469092,3.854068093672697,11.5227195212228
Carside,R-NSGA-II_eps0.1,12,54,27.897408904707742,3.853838044909221,11.523241241792435
Carside,R-NSGA-II_eps0.1,12,54,27.835181261617418,3.853541962455866,11.557620976684047
Carside,R-NSGA-II_eps0.1,12,54,28.216666997503438,3.8468812514442745,11.507230687638536
Carside,R-NSGA-II_eps0.1,12,54,27.902142815514765,3.854060087932917,11.522681913514745
Carside,R-NSGA-II_eps0.1,12,54,27.899376479019406,3.8538950954134052,11.52299337320021
Carside,R-NSGA-II_eps0.1,12,54,27.898050709229935,3.8537722606832916,11.523244054785376
Carside,R-NSGA-II_eps0.1,12,54,28.04117149171864,3.8683305404568165,11.500858704667092
Carside,R-NSGA-II_eps0.1,12,54,27.90034892040787,3.853693711884688,11.523225386407953
Carside,R-NSGA-II_eps0.1,12,54,27.89401250145079,3.8539620602358786,11.52314730887785
Carside,R-NSGA-II_eps0.1,12,54,28.276807155407152,3.8410099245041596,11.517433903326085
Carside,R-NSGA-II_eps0.1,12,54,27.903869200145824,3.8538582387093654,11.52274445543608
Carside,R-NSGA-II_eps0.1,12,54,27.805754330539855,3.8767498547005093,11.517971339047776
Carside,R-NSGA-II_eps0.1,12,54,27.74647433970597,3.876749587513748,11.534820090219178
Carside,R-NSGA-II_eps0.1,12,54,27.908539481952932,3.8539208119208075,11.522439625767113
Carside,R-NSGA-II_eps0.1,12,54,27.89391513844479,3.854081075636825,11.522916156757052
Carside,R-NSGA-II_eps0.1,12,54,28.25627580595878,3.8561951225319726,11.491182685936963
Carside,R-NSGA-II_eps0.1,12,54,27.90388582300296,3.8538438001185367,11.522679550680182
Carside,R-NSGA-II_eps0.1,12,54,27.901138649336385,3.853891507112253,11.522739757833122
Carside,R-NSGA-II_eps0.1,12,54,27.904308022825255,3.8538269081164005,11.52266589205046
Carside,R-NSGA-II_eps0.1,12,54,28.026860447288442,3.848373251756802,11.567852612733905
Carside,R-NSGA-II_eps0.1,12,54,27.91050128660902,3.8538786623005077,11.522332649114666
Carside,R-NSGA-II_eps0.1,12,54,28.2903170076954,3.839370828195551,11.552497423735506
Carside,R-NSGA-II_eps0.1,12,54,27.91073373823014,3.853876626851096,11.522311238900487
Carside,R-NSGA-II_eps0.1,12,54,27.91101680897397,3.8538691324769268,11.522295059544245
Carside,R-NSGA-II_eps0.1,12,54,27.74505208716696,3.8538674830727624,11.572093538345769
Carside,R-NSGA-II_eps0.1,12,54,28.350777398956556,3.8476435261792457,11.488776606889843
Carside,R-NSGA-II_eps0.1,12,54,27.91101847602645,3.8538689445161043,11.522295051218787
Carside,R-NSGA-II_eps0.1,12,54,27.902877016876378,3.8540620853417984,11.522380394754018
Carside,R-NSGA-II_eps0.1,12,54,27.911055311316826,3.853864176292447,11.522291288024316
Carside,R-NSGA-II_eps0.1,12,54,27.90451327626461,3.8537192929133246,11.522703141043252
Carside,R-NSGA-II_eps0.1,12,54,27.91498350718811,3.8538873786136008,11.522098557081968
Carside,R-NSGA-II_eps0.1,12,54,27.90744227734524,3.854055134329322,11.522137398572248
Carside,R-NSGA-II_eps0.1,12,54,27.59220938471964,3.874167617106638,11.56445426328171
Carside,R-NSGA-II_eps0.1,12,54,27.910529850876035,3.8539132015269257,11.522181862544072
Carside,R-NSGA-II_eps0.1,12,54,28.482251483080837,3.8397782375617004,11.495321166203514
Carside,R-NSGA-II_eps0.1,12,54,27.917046001309934,3.853869437237267,11.522024288695283
Carside,R-NSGA-II_eps0.1,12,54,27.912766021317232,3.853856655169894,11.522144616733208
Carside,R-NSGA-II_eps0.1,12,54,28.505653996553917,3.8336743502774056,11.5142611762571
Carside,R-NSGA-II_eps0.1,12,54,27.90814696021375,3.8540364900119024,11.522068875729087
Carside,R-NSGA-II_eps0.1,12,54,28.22263691251371,3.8728013087891826,11.48257919039915
Carside,R-NSGA-II_eps0.1,12,54,27.90245150657203,3.8535389693633686,11.522937541272334
Carside,R-NSGA-II_eps0.1,12,54,27.616885851435786,3.866388829939544,11.578435299738285
Carside,R-NSGA-II_eps0.1,12,54,27.87795103612917,3.854487841747758,11.523299231642648
Carside,R-NSGA-II_eps0.1,12,54,28.34763741304861,3.865589203688992,11.47760088123116
Carside,R-NSGA-II_eps0.1,12,54,27.91499999633774,3.853882550918794,11.521996393542622
Carside,R-NSGA-II_eps0.1,12,54,27.660009244310274,3.887533826769915,11.534818021971113
Carside,R-NSGA-II_eps0.1,12,54,27.914999996337748,3.853882550918794,11.52199639243781
Carside,R-NSGA-II_eps0.1,12,54,27.917706586825116,3.8863310059732044,11.499623740314135
Carside,R-NSGA-II_eps0.1,12,54,27.915182650483835,3.8538778602952113,11.52198739564501
Carside,R-NSGA-II_eps0.1,12,54,28.163362903916934,3.8377249637090762,11.579970985373283
Carside,R-NSGA-II_eps0.1,12,54,27.90736771891707,3.8533056004338015,11.523009852124062
Carside,R-NSGA-II_eps0.1,12,54,27.91923444373652,3.8538634200894215,11.521828065181353
Carside,R-NSGA-II_eps0.1,12,54,27.916578603636964,3.8535974972075224,11.52216129558347
Carside,R-NSGA-II_eps0.1,12,54,27.908575502066675,3.8539208119208075,11.522005192831898
Carside,R-NSGA-II_eps0.1,12,54,27.64237671348412,3.8562674486983073,11.591239463214233
Carside,R-NSGA-II_eps0.1,12,54,27.90066958218842,3.8535749008333124,11.522745694691299
Carside,R-NSGA-II_eps0.1,12,54,27.90082833360496,3.8532660210997065,11.52317215180926
Carside,R-NSGA-II_eps0.1,12,54,27.906883643016023,3.8533284965630163,11.522734866812335
Carside,R-NSGA-II_eps0.1,12,54,27.91910367367515,3.854086004411044,11.521400406936479
Carside,R-NSGA-II_eps0.1,12,54,28.3496905136789,3.878615735786478,11.473622283575061
Carside,R-NSGA-II_eps0.1,12,54,27.92175698345493,3.853866069533579,11.52139081446519
Carside,R-NSGA-II_eps0.1,12,54,28.72791713945869,3.834025035974731,11.497637326742218
Carside,R-NSGA-II_eps0.1,12,54,27.900921925719473,3.854068653027231,11.521683293381708
Carside,R-NSGA-II_eps0.1,12,54,27.907799935470788,3.852917267999682,11.523089311512372
Carside,R-NSGA-II_eps0.1,12,54,27.924865063024747,3.853716948079676,11.52112935028147
Carside,R-NSGA-II_eps0.1,12,54,27.9343954280372,3.8538036071032837,11.520189078248283
Carside,R-NSGA-II_eps0.1,12,54,28.004184519874364,3.844925093722215,11.605840868762968
Carside,R-NSGA-II_eps0.1,12,54,27.914575850924425,3.85418697094661,11.518813321105696
Carside,R-NSGA-II_eps0.1,12,54,27.813752564410816,3.849446923710127,11.61092718984985
Carside,R-NSGA-II_eps0.1,12,54,27.930497073582906,3.8538821413649265,11.518510361175501
Carside,R-NSGA-II_eps0.1,12,54,27.94634601375913,3.8529119573031516,11.519034586727658
Carside,R-NSGA-II_eps0.1,12,54,27.45194015998803,3.8775532058384834,11.59560757317309
Carside,R-NSGA-II_eps0.1,12,54,27.8608980310811,3.853895235452153,11.534717728602306
Carside,R-NSGA-II_eps0.1,12,54,29.11610791576094,3.8136214988101194,11.505461646782972
Carside,R-NSGA-II_eps0.1,12,54,29.59084565417965,3.806815299056466,11.459954143337013
Carside,R-NSGA-II_eps0.1,12,54,27.918865915369928,3.8560767265152025,11.516236620514643
Carside,R-NSGA-II_eps0.1,13,55,27.918526067820306,3.8536141613470103,11.525390044306326
Carside,R-NSGA-II_eps0.1,13,55,27.91585594837474,3.853767324218026,11.524888390141559
Carside,R-NSGA-II_eps0.1,13,55,27.915886251777213,3.85376732080814,11.524879828459481
Carside,R-NSGA-II_eps0.1,13,55,27.916503685998155,3.8537697026853373,11.524836099062036
Carside,R-NSGA-II_eps0.1,13,55,27.91559790320767,3.853800288003507,11.524841437074613
Carside,R-NSGA-II_eps0.1,13,55,27.916318689828096,3.853760574311164,11.524854633226006
Carside,R-NSGA-II_eps0.1,13,55,27.916324439667278,3.853760491341609,11.52485420478509
Carside,R-NSGA-II_eps0.1,13,55,27.916607803428047,3.853755630052406,11.52479181815611
Carside,R-NSGA-II_eps0.1,13,55,27.91082617546847,3.85392165411109,11.5248763732038
Carside,R-NSGA-II_eps0.1,13,55,27.91598041022531,3.853641078151806,11.524956062670388
Carside,R-NSGA-II_eps0.1,13,55,27.917385039329336,3.8536549783922314,11.524833083178326
Carside,R-NSGA-II_eps0.1,13,55,27.917413686163222,3.853655013728014,11.52482465653835
Carside,R-NSGA-II_eps0.1,13,55,27.917524164716934,3.853654983726404,11.524813514302197
Carside,R-NSGA-II_eps0.1,13,55,27.91246818128989,3.853827988873474,11.524859822979632
Carside,R-NSGA-II_eps0.1,13,55,27.917320514670095,3.8536464312752,11.52483515363027
Carside,R-NSGA-II_eps0.1,13,55,27.91738730313799,3.8536489101956892,11.524827302699062
Carside,R-NSGA-II_eps0.1,13,55,27.916958808154373,3.8536759205123143,11.524808553928006
Carside,R-NSGA-II_eps0.1,13,55,27.91748520629177,3.853645718212282,11.524824695870542
Carside,R-NSGA-II_eps0.1,13,55,27.917412164190182,3.853640875938728,11.524835474268102
Carside,R-NSGA-II_eps0.1,13,55,27.921551745368618,3.8535896213424694,11.524706088020082
Carside,R-NSGA-II_eps0.1,13,55,27.908242903014454,3.8540369846006137,11.524873496029887
Carside,R-NSGA-II_eps0.1,13,55,27.917418517547627,3.8536443666608764,11.524825429495605
Carside,R-NSGA-II_eps0.1,13,55,27.917537394960345,3.8536411389686522,11.524823758012046
Carside,R-NSGA-II_eps0.1,13,55,27.91753739496037,3.8536411389686522,11.524823755303572
Carside,R-NSGA-II_eps0.1,13,55,27.91749433828809,3.8536410529787593,11.524826155060932
Carside,R-NSGA-II_eps0.1,13,55,27.917455550330093,3.8536431039739276,11.524824933630446
Carside,R-NSGA-II_eps0.1,13,55,27.921394601868702,3.853590790467698,11.524707603209599
Carside,R-NSGA-II_eps0.1,13,55,27.917497043579804,3.85364117505679,11.524825576573
Carside,R-NSGA-II_eps0.1,13,55,27.917483986659636,3.853641899826544,11.52482499396832
Carside,R-NSGA-II_eps0.1,13,55,27.917561817750407,3.8536411446832157,11.524821804385343
Carside,R-NSGA-II_eps0.1,13,55,27.917606578662493,3.8536388184439523,11.524822788194811
Carside,R-NSGA-II_eps0.1,13,55,27.91763843446945,3.8536377499526084,11.5248223421245
Carside,R-NSGA-II_eps0.1,13,55,27.9177072923327,3.853641605672779,11.524812024671142
Carside,R-NSGA-II_eps0.1,13,55,27.920433484811287,3.853589728713403,11.524752768567541
Carside,R-NSGA-II_eps0.1,13,55,27.91889125828037,3.85360197253253,11.524810912930096
Carside,R-NSGA-II_eps0.1,13,55,27.811000828685152,3.867382407451314,11.524684078217179
Carside,R-NSGA-II_eps0.1,13,55,27.91763788743363,3.853637888827178,11.52482041253584
Carside,R-NSGA-II_eps0.1,13,55,27.917671475302726,3.8536375242454373,11.524818353918588
Carside,R-NSGA-II_eps0.1,13,55,27.854884572435093,3.8534634092284565,11.544634990822935
Carside,R-NSGA-II_eps0.1,13,55,27.92154287952201,3.853590918854182,11.524696135283449
Carside,R-NSGA-II_eps0.1,13,55,27.921530352050063,3.8535909793988163,11.52469659903258
Carside,R-NSGA-II_eps0.1,13,55,27.921530553448754,3.8535909764913283,11.524696583777597
Carside,R-NSGA-II_eps0.1,13,55,27.9215397182942,3.8535906061940297,11.524696475735478
Carside,R-NSGA-II_eps0.1,13,55,28.147302745370407,3.8448979777006276,11.52168854219869
Carside,R-NSGA-II_eps0.1,13,55,27.91733802489986,3.85366490720389,11.524791676815038
Carside,R-NSGA-II_eps0.1,13,55,27.92156351351336,3.853590611911065,11.524694702780351
Carside,R-NSGA-II_eps0.1,13,55,27.921564141084236,3.853590611911065,11.524694524817257
Carside,R-NSGA-II_eps0.1,13,55,27.921564141317855,3.8535906119110024,11.524694524797502
Carside,R-NSGA-II_eps0.1,13,55,27.921564342716565,3.8535906090035046,11.524694508636879
Carside,R-NSGA-II_eps0.1,13,55,27.91737342047322,3.8536643964363475,11.524789004233977
Carside,R-NSGA-II_eps0.1,13,55,27.920209195109013,3.853609056738666,11.524727490826539
Carside,R-NSGA-II_eps0.1,13,55,27.91776191476503,3.8536353800019274,11.524811355590293
Carside,R-NSGA-II_eps0.1,13,55,27.917769645279638,3.8536351404699944,11.524811206941907
Carside,R-NSGA-II_eps0.1,13,55,27.91785299746154,3.8536327603001843,11.524809144249907
Carside,R-NSGA-II_eps0.1,13,55,28.187835414999846,3.853609017200931,11.502042205603118
Carside,R-NSGA-II_eps0.1,13,55,27.920332188324867,3.853608374761115,11.524714992378987
Carside,R-NSGA-II_eps0.1,13,55,27.920318641227432,3.853609017200931,11.524714571796986
Carside,R-NSGA-II_eps0.1,13,55,27.920319693658435,3.8536089814067234,11.524714558608203
Carside,R-NSGA-II_eps0.1,13,55,27.92026960264342,3.853609017200931,11.524716791086714
Carside,R-NSGA-II_eps0.1,13,55,27.917869133598778,3.853633017999211,11.52480245402888
Carside,R-NSGA-II_eps0.1,13,55,28.217605535195847,3.840779382361059,11.543577196717848
Carside,R-NSGA-II_eps0.1,13,55,27.921484955960068,3.853591183605006,11.524687778804573
Carside,R-NSGA-II_eps0.1,13,55,27.92148738663671,3.853591183605006,11.524687088110053
Carside,R-NSGA-II_eps0.1,13,55,27.91785479702583,3.853633568128821,11.524800737115388
Carside,R-NSGA-II_eps0.1,13,55,27.918072861997786,3.8536297948796867,11.524794596827341
Carside,R-NSGA-II_eps0.1,13,55,27.917893088375596,3.8536321604873405,11.524800612294566
Carside,R-NSGA-II_eps0.1,13,55,27.918010489688026,3.8536325806810225,11.524792306726283
Carside,R-NSGA-II_eps0.1,13,55,27.918012743852383,3.8536325050691493,11.524792275685712
Carside,R-NSGA-II_eps0.1,13,55,28.062114546698844,3.878423622328305,11.503530222436483
Carside,R-NSGA-II_eps0.1,13,55,27.920301312175855,3.8536123774158044,11.524706280885447
Carside,R-NSGA-II_eps0.1,13,55,28.408834242756978,3.8374984152303036,11.515822995306602
Carside,R-NSGA-II_eps0.1,13,55,27.922248284396467,3.8535673321028607,11.524685615728362
Carside,R-NSGA-II_eps0.1,13,55,27.91763316442048,3.8537063290812563,11.524677937571823
Carside,R-NSGA-II_eps0.1,13,55,27.92161140605974,3.8535863007997304,11.52465468015751
Carside,R-NSGA-II_eps0.1,13,55,27.831267803072162,3.8536377499526084,11.572788422461722
Carside,R-NSGA-II_eps0.1,13,55,27.91348582216223,3.8538929748137796,11.524570696370528
Carside,R-NSGA-II_eps0.1,13,55,27.916881800828733,3.85397538116519,11.524272333034128
Carside,R-NSGA-II_eps0.1,13,55,28.36864696604812,3.8548640317793095,11.485702359117832
Carside,R-NSGA-II_eps0.1,13,55,27.91690500287301,3.85396753503128,11.52427129805905
Carside,R-NSGA-II_eps0.1,13,55,28.526873111489888,3.844015655536414,11.494160509580515
Carside,R-NSGA-II_eps0.1,13,55,27.91696959543343,3.853967454252122,11.524265985461602
Carside,R-NSGA-II_eps0.1,13,55,27.915821467124356,3.854003623813734,11.524274541966818
Carside,R-NSGA-II_eps0.1,13,55,27.927722893393607,3.8509980721351593,11.59534255357299
Carside,R-NSGA-II_eps0.1,13,55,27.91696830074185,3.85396753503128,11.524253311507465
Carside,R-NSGA-II_eps0.1,13,55,28.153624076036422,3.8434210085022715,11.592177167029092
Carside,R-NSGA-II_eps0.1,13,55,27.92081504930444,3.853926884964304,11.524127972327484
Carside,R-NSGA-II_eps0.1,13,55,28.75953209372923,3.825405070447708,11.513017983924797
Carside,R-NSGA-II_eps0.1,13,55,27.920913750029456,3.8536416643901577,11.524468346194912
Carside,R-NSGA-II_eps0.1,13,55,27.92096908657313,3.8536392551633107,11.524467358252448
Carside,R-NSGA-II_eps0.1,13,55,27.915877193159996,3.854011433934437,11.524234916614745
Carside,R-NSGA-II_eps0.1,13,55,27.66941406062321,3.853349731890438,11.599804960037508
Carside,R-NSGA-II_eps0.1,13,55,27.91895729068274,3.8536263877321892,11.524562657033965
Carside,R-NSGA-II_eps0.1,13,55,27.916207746203924,3.854003623813734,11.524222713231673
Carside,R-NSGA-II_eps0.1,13,55,27.92233620929326,3.8535930870752804,11.524449078202311
Carside,R-NSGA-II_eps0.1,13,55,28.679580536180072,3.842631530736968,11.467125469410696
Carside,R-NSGA-II_eps0.1,13,55,27.922436024409894,3.8535905985323216,11.524446966424641
Carside,R-NSGA-II_eps0.1,13,55,27.922438634028172,3.8535906649853966,11.524446703865312
Carside,R-NSGA-II_eps0.1,13,55,27.532400868391516,3.853768961274385,11.633976541472041
Carside,R-NSGA-II_eps0.1,13,55,27.457579170078684,3.853593565899952,11.656477619748536
Carside,R-NSGA-II_eps0.1,13,55,27.922533009790083,3.853589613989186,11.524443445973315
Carside,R-NSGA-II_eps0.1,14,56,27.923438744286596,3.8551322053517714,11.526093723306147
Carside,R-NSGA-II_eps0.1,14,56,27.924559193114778,3.855106815106546,11.525967319254335
Carside,R-NSGA-II_eps0.1,14,56,27.92446441030609,3.8551186334118683,11.525967319254335
Carside,R-NSGA-II_eps0.1,14,56,27.926786038040557,3.8551322053517714,11.52580895196353
Carside,R-NSGA-II_eps0.1,14,56,27.926027937705214,3.8551129330723555,11.525840505154596
Carside,R-NSGA-II_eps0.1,14,56,27.925939033966795,3.855130307271561,11.525836093093844
Carside,R-NSGA-II_eps0.1,14,56,27.92704060236,3.8551117217552378,11.525770099702475
Carside,R-NSGA-II_eps0.1,14,56,27.930797848922225,3.855112488271381,11.525433167434713
Carside,R-NSGA-II_eps0.1,14,56,27.93081745826453,3.8551124882689565,11.525431448325655
Carside,R-NSGA-II_eps0.1,14,56,27.93066290146282,3.855113829726179,11.525419239228793
Carside,R-NSGA-II_eps0.1,14,56,27.93113498517548,3.855130368957471,11.52539209961689
Carside,R-NSGA-II_eps0.1,14,56,27.931141459282344,3.855129557375881,11.525392102594177
Carside,R-NSGA-II_eps0.1,14,56,27.931137456472964,3.855130057804082,11.525392081132688
Carside,R-NSGA-II_eps0.1,14,56,27.931150794636494,3.855128321738188,11.525392138700212
Carside,R-NSGA-II_eps0.1,14,56,27.931140037033817,3.8551297880764612,11.525391977307429
Carside,R-NSGA-II_eps0.1,14,56,27.931155949174556,3.8551295862981427,11.525391566225004
Carside,R-NSGA-II_eps0.1,14,56,27.931248850810373,3.8551134440349415,11.525393016823466
Carside,R-NSGA-II_eps0.1,14,56,27.9311341747892,3.8551305172249055,11.525391869086121
Carside,R-NSGA-II_eps0.1,14,56,27.931134189504046,3.855130517657952,11.52539186513423
Carside,R-NSGA-II_eps0.1,14,56,27.931251898252206,3.8551135351105184,11.52539285199003
Carside,R-NSGA-II_eps0.1,14,56,27.93114357188846,3.855130570478537,11.525391479275182
Carside,R-NSGA-II_eps0.1,14,56,27.931273213365685,3.8551123766693016,11.5253923632395
Carside,R-NSGA-II_eps0.1,14,56,27.931270742408323,3.8551152589345996,11.52539156665306
Carside,R-NSGA-II_eps0.1,14,56,27.931253661623554,3.855116012393764,11.52539181911311
Carside,R-NSGA-II_eps0.1,14,56,27.931254378525075,3.8551158362405107,11.525391843380717
Carside,R-NSGA-II_eps0.1,14,56,27.931253522646255,3.8551160747829436,11.525391764802947
Carside,R-NSGA-II_eps0.1,14,56,27.9312551769618,3.855115859237986,11.525391760393093
Carside,R-NSGA-II_eps0.1,14,56,27.931272976061496,3.855113829726179,11.525391777027224
Carside,R-NSGA-II_eps0.1,14,56,27.931271826506222,3.855115171285476,11.525391445288133
Carside,R-NSGA-II_eps0.1,14,56,27.931259777112327,3.8551150477719696,11.525391820230064
Carside,R-NSGA-II_eps0.1,14,56,27.931266671049862,3.855115968856492,11.525391381299618
Carside,R-NSGA-II_eps0.1,14,56,27.931268142779018,3.8551158129699816,11.525391354415962
Carside,R-NSGA-II_eps0.1,14,56,27.93125064402963,3.8551164717099677,11.525391677502242
Carside,R-NSGA-II_eps0.1,14,56,27.93125065874448,3.8551164721430147,11.525391673550352
Carside,R-NSGA-II_eps0.1,14,56,27.931267479220573,3.855116012394451,11.525391290388507
Carside,R-NSGA-II_eps0.1,14,56,27.931282328629006,3.8551123766799433,11.525391808897938
Carside,R-NSGA-II_eps0.1,14,56,27.93127813067665,3.8551124158063876,11.525391912551786
Carside,R-NSGA-II_eps0.1,14,56,27.93127098930113,3.8551158354347863,11.5253912116704
Carside,R-NSGA-II_eps0.1,14,56,27.93128293180126,3.8551123766767867,11.525391778549764
Carside,R-NSGA-II_eps0.1,14,56,27.93128273047252,3.8551123766797333,11.525391774561008
Carside,R-NSGA-II_eps0.1,14,56,27.93128338884699,3.855112369625905,11.525391753650139
Carside,R-NSGA-II_eps0.1,14,56,28.050452502564646,3.8534093759121326,11.51635737939804
Carside,R-NSGA-II_eps0.1,14,56,27.93128322781137,3.8551123766799433,11.525391752084424
Carside,R-NSGA-II_eps0.1,14,56,27.931282328629294,3.8551123766799433,11.525391777426826
Carside,R-NSGA-II_eps0.1,14,56,27.931270457219632,3.8551158812400854,11.52539119518723
Carside,R-NSGA-II_eps0.1,14,56,27.93128417327356,3.8551123562895797,11.525391725755238
Carside,R-NSGA-II_eps0.1,14,56,27.931283333644775,3.8551123766765767,11.525391744212836
Carside,R-NSGA-II_eps0.1,14,56,27.93128333364478,3.8551123766765767,11.525391743459238
Carside,R-NSGA-II_eps0.1,14,56,27.931270624846533,3.8551158811856054,11.52539118182557
Carside,R-NSGA-II_eps0.1,14,56,27.871016972965837,3.855129285078549,11.542756756364055
Carside,R-NSGA-II_eps0.1,14,56,27.93128321369537,3.8551123766852236,11.525391739256474
Carside,R-NSGA-II_eps0.1,14,56,28.08208500280338,3.847279095978829,11.543972944192703
Carside,R-NSGA-II_eps0.1,14,56,27.93129510391018,3.8551123758614394,11.525391401378345
Carside,R-NSGA-II_eps0.1,14,56,27.931283167192564,3.8551123771233557,11.525391739098165
Carside,R-NSGA-II_eps0.1,14,56,27.75882374543934,3.8702063835815186,11.539986917200416
Carside,R-NSGA-II_eps0.1,14,56,27.756181159456425,3.876319381283936,11.525862091390099
Carside,R-NSGA-II_eps0.1,14,56,27.931283227459858,3.855112376684979,11.525391735312311
Carside,R-NSGA-II_eps0.1,14,56,27.93126804093795,3.855116012393764,11.52539118562968
Carside,R-NSGA-II_eps0.1,14,56,27.93128333358831,3.8551123766773903,11.525391702549157
Carside,R-NSGA-II_eps0.1,14,56,27.931269930613308,3.855115968856492,11.525391097205809
Carside,R-NSGA-II_eps0.1,14,56,27.93126617094482,3.855116014432133,11.525391189907271
Carside,R-NSGA-II_eps0.1,14,56,27.931288662030816,3.8551135351105184,11.525391196263739
Carside,R-NSGA-II_eps0.1,14,56,28.278660487005034,3.8433728920436083,11.520527367021845
Carside,R-NSGA-II_eps0.1,14,56,27.931283295390763,3.855112429352085,11.525391627512171
Carside,R-NSGA-II_eps0.1,14,56,27.931274156426724,3.8551150477719696,11.52539118674645
Carside,R-NSGA-II_eps0.1,14,56,27.931298939405064,3.8551123758742185,11.525391177187476
Carside,R-NSGA-II_eps0.1,14,56,28.204376233819733,3.851219756987532,11.504725883373558
Carside,R-NSGA-II_eps0.1,14,56,27.931281095949984,3.855112415828171,11.525391658729287
Carside,R-NSGA-II_eps0.1,14,56,27.931268598905262,3.8551161775253995,11.525391026443984
Carside,R-NSGA-II_eps0.1,14,56,27.93126863866761,3.855116012394451,11.525391017556192
Carside,R-NSGA-II_eps0.1,14,56,27.85178904720874,3.8861856321360873,11.51089114005544
Carside,R-NSGA-II_eps0.1,14,56,27.931272124331453,3.855115812970162,11.525390944619247
Carside,R-NSGA-II_eps0.1,14,56,27.847695587246708,3.8551128528054055,11.559634092624705
Carside,R-NSGA-II_eps0.1,14,56,27.931288214223738,3.855112601545299,11.525391303892166
Carside,R-NSGA-II_eps0.1,14,56,27.931269136218155,3.8551160144539165,11.525390936084772
Carside,R-NSGA-II_eps0.1,14,56,28.21779754671349,3.8625595043892584,11.495801254165437
Carside,R-NSGA-II_eps0.1,14,56,27.93129997908427,3.855112371011466,11.525391001999596
Carside,R-NSGA-II_eps0.1,14,56,27.931289570798114,3.855112457803176,11.525391256583543
Carside,R-NSGA-II_eps0.1,14,56,27.61419128767312,3.8938889887972623,11.52725829258985
Carside,R-NSGA-II_eps0.1,14,56,27.931193367984786,3.8551300615006148,11.525389422899417
Carside,R-NSGA-II_eps0.1,14,56,27.63867596302011,3.875064487624728,11.56306828143704
Carside,R-NSGA-II_eps0.1,14,56,27.931345759793263,3.8551114067392547,11.52538953097616
Carside,R-NSGA-II_eps0.1,14,56,28.154286828209994,3.8793607861606594,11.489460156121432
Carside,R-NSGA-II_eps0.1,14,56,27.931345724311225,3.8551114079392046,11.525389531473772
Carside,R-NSGA-II_eps0.1,14,56,28.563732366983228,3.833723876752176,11.516522479712712
Carside,R-NSGA-II_eps0.1,14,56,28.372094324383017,3.8551123786736823,11.486983898780977
Carside,R-NSGA-II_eps0.1,14,56,27.93134586667402,3.855111972008043,11.525389060523576
Carside,R-NSGA-II_eps0.1,14,56,27.931657634639492,3.855111555269798,11.525375182706753
Carside,R-NSGA-II_eps0.1,14,56,27.74363264791649,3.8551158591967973,11.577467460465844
Carside,R-NSGA-II_eps0.1,14,56,27.931655572714043,3.855111555269798,11.525375226856163
Carside,R-NSGA-II_eps0.1,14,56,27.402495573268958,3.91872930585896,11.537176176650899
Carside,R-NSGA-II_eps0.1,14,56,27.93167408067836,3.8551117217552378,11.525374370948132
Carside,R-NSGA-II_eps0.1,14,56,27.93170269853404,3.8551123786631414,11.525373028577835
Carside,R-NSGA-II_eps0.1,14,56,27.679058920145476,3.8551305172249055,11.597020893197408
Carside,R-NSGA-II_eps0.1,14,56,27.361997094166835,3.9262505082322043,11.525334482245935
Carside,R-NSGA-II_eps0.1,14,56,27.931704196031077,3.8551123786630406,11.525372960988214
Carside,R-NSGA-II_eps0.1,14,56,27.931708386234842,3.855112378535596,11.525372602617324
Carside,R-NSGA-II_eps0.1,14,56,29.125424198271265,3.810664644024989,11.54599271743426
Carside,R-NSGA-II_eps0.1,14,56,27.931717002939532,3.8551114293054995,11.525372567474536
Carside,R-NSGA-II_eps0.1,14,56,27.183821717790448,3.9483073112579072,11.525392183304163
Carside,R-NSGA-II_eps0.1,15,57,27.87856648958466,3.8542630151192645,11.526322875556456
Carside,R-NSGA-II_eps0.1,15,57,27.89633446835606,3.854500840579353,11.52228011109926
Carside,R-NSGA-II_eps0.1,15,57,27.891386933089315,3.8542409051336333,11.522826499122523
Carside,R-NSGA-II_eps0.1,15,57,27.89682328301403,3.852644958577715,11.527673708851282
Carside,R-NSGA-II_eps0.1,15,57,27.888980482340504,3.8543213630134643,11.522860238472894
Carside,R-NSGA-II_eps0.1,15,57,27.883600774286784,3.854500840579353,11.523357234738347
Carside,R-NSGA-II_eps0.1,15,57,27.91175632966322,3.8525595857306905,11.523390551350202
Carside,R-NSGA-II_eps0.1,15,57,27.9099499589629,3.8525572717199625,11.523487810891222
Carside,R-NSGA-II_eps0.1,15,57,27.904415555146315,3.8526491183615827,11.523693021187968
Carside,R-NSGA-II_eps0.1,15,57,27.906875030605516,3.8525572851171694,11.523686002480112
Carside,R-NSGA-II_eps0.1,15,57,27.907307829843077,3.852547614395521,11.523662602655207
Carside,R-NSGA-II_eps0.1,15,57,27.88838154985743,3.85325121217292,11.524169853851367
Carside,R-NSGA-II_eps0.1,15,57,27.888164120319672,3.85325121217292,11.52418823036837
Carside,R-NSGA-II_eps0.1,15,57,27.906884231845186,3.8526591761718456,11.523093845383414
Carside,R-NSGA-II_eps0.1,15,57,27.906884231845194,3.8526591761718456,11.523093844533767
Carside,R-NSGA-II_eps0.1,15,57,27.905965727988242,3.8526571665088243,11.523153828067302
Carside,R-NSGA-II_eps0.1,15,57,27.906475002353563,3.852652689765971,11.523103211707761
Carside,R-NSGA-II_eps0.1,15,57,27.897727114523576,3.852917725172782,11.523401640198593
Carside,R-NSGA-II_eps0.1,15,57,27.897270718796307,3.8529973112303706,11.523218067292138
Carside,R-NSGA-II_eps0.1,15,57,27.907284085115837,3.8528168804568015,11.522499843169113
Carside,R-NSGA-II_eps0.1,15,57,27.90758987712228,3.8528168804568015,11.52246152276754
Carside,R-NSGA-II_eps0.1,15,57,27.88478980768314,3.8531287554351303,11.52480630076898
Carside,R-NSGA-II_eps0.1,15,57,27.906940326369654,3.8526653861130877,11.522804872933206
Carside,R-NSGA-II_eps0.1,15,57,27.906942413469896,3.8526653162968865,11.522804843689007
Carside,R-NSGA-II_eps0.1,15,57,27.907579096621305,3.8526583315315506,11.522764918066384
Carside,R-NSGA-II_eps0.1,15,57,27.907572123768855,3.8526583273224686,11.522765233446366
Carside,R-NSGA-II_eps0.1,15,57,27.900227831475174,3.852918950403156,11.522860238472894
Carside,R-NSGA-II_eps0.1,15,57,27.904628659941235,3.8527774605482223,11.522734002302004
Carside,R-NSGA-II_eps0.1,15,57,27.907639615656578,3.852656582068601,11.522734104314484
Carside,R-NSGA-II_eps0.1,15,57,27.90664502739424,3.8526674547657924,11.522788035470091
Carside,R-NSGA-II_eps0.1,15,57,27.889320893702592,3.852921730630117,11.524351169632174
Carside,R-NSGA-II_eps0.1,15,57,27.905344665534084,3.8527751911063617,11.52265032916042
Carside,R-NSGA-II_eps0.1,15,57,27.905260477544243,3.852778518360048,11.522645072459621
Carside,R-NSGA-II_eps0.1,15,57,28.008435227484163,3.8526514117981643,11.5129873145615
Carside,R-NSGA-II_eps0.1,15,57,27.905048865677784,3.852771442633868,11.522667903923773
Carside,R-NSGA-II_eps0.1,15,57,27.904857364932596,3.8527439472979963,11.522740864343985
Carside,R-NSGA-II_eps0.1,15,57,27.910714280155805,3.8527896452788974,11.52217097305575
Carside,R-NSGA-II_eps0.1,15,57,27.905270443846693,3.852748582665719,11.522663860920046
Carside,R-NSGA-II_eps0.1,15,57,27.914302051607176,3.863467828787348,11.516014361819774
Carside,R-NSGA-II_eps0.1,15,57,27.89929201922884,3.853198518076575,11.522339534738233
Carside,R-NSGA-II_eps0.1,15,57,27.905776355233993,3.852745659845275,11.522621865809448
Carside,R-NSGA-II_eps0.1,15,57,27.912316568853118,3.852748842806428,11.522136792481824
Carside,R-NSGA-II_eps0.1,15,57,27.820769773070847,3.852651034275047,11.547553719029398
Carside,R-NSGA-II_eps0.1,15,57,27.905550133607417,3.8527424016439413,11.522645072459621
Carside,R-NSGA-II_eps0.1,15,57,27.925270245517023,3.8525398820422985,11.521911625835223
Carside,R-NSGA-II_eps0.1,15,57,27.90413502950612,3.853011343167457,11.522234000999038
Carside,R-NSGA-II_eps0.1,15,57,27.904052517398462,3.853011343167457,11.522240572087012
Carside,R-NSGA-II_eps0.1,15,57,27.90532713928129,3.852741231999096,11.522663423481848
Carside,R-NSGA-II_eps0.1,15,57,27.910057851221648,3.852640590493927,11.522491715290805
Carside,R-NSGA-II_eps0.1,15,57,28.20709765417759,3.8446546709199367,11.540599571711073
Carside,R-NSGA-II_eps0.1,15,57,28.025415127434677,3.848607437334183,11.561711799441554
Carside,R-NSGA-II_eps0.1,15,57,27.905583703293395,3.8527681869655264,11.52255628585673
Carside,R-NSGA-II_eps0.1,15,57,27.905241699730457,3.852778787006114,11.522563016424332
Carside,R-NSGA-II_eps0.1,15,57,27.905260478302228,3.852778518360048,11.522561592100551
Carside,R-NSGA-II_eps0.1,15,57,27.895490759657783,3.8530460373948814,11.522980703734316
Carside,R-NSGA-II_eps0.1,15,57,28.23066660827566,3.842124083149436,11.517598182084047
Carside,R-NSGA-II_eps0.1,15,57,27.908435591696193,3.8526510351386865,11.522570004920073
Carside,R-NSGA-II_eps0.1,15,57,27.91287665213169,3.8527738987006903,11.522008636513977
Carside,R-NSGA-II_eps0.1,15,57,28.14415746510694,3.865556807407612,11.494802596222943
Carside,R-NSGA-II_eps0.1,15,57,27.88224963710224,3.85325121217292,11.52468810541996
Carside,R-NSGA-II_eps0.1,15,57,27.677663062880313,3.870097946746658,11.55466728506033
Carside,R-NSGA-II_eps0.1,15,57,27.896540326542844,3.853043281207654,11.522850034179626
Carside,R-NSGA-II_eps0.1,15,57,27.76243245512093,3.879383888292304,11.524969220407698
Carside,R-NSGA-II_eps0.1,15,57,27.926152231928032,3.852507334868058,11.521898355542536
Carside,R-NSGA-II_eps0.1,15,57,27.887006981901088,3.8529855104684105,11.52442679338125
Carside,R-NSGA-II_eps0.1,15,57,27.91491122434806,3.8526626069153087,11.52208533971041
Carside,R-NSGA-II_eps0.1,15,57,27.91226204587199,3.8794389222009245,11.50613007144516
Carside,R-NSGA-II_eps0.1,15,57,28.272062941694575,3.852472781988574,11.489698101653802
Carside,R-NSGA-II_eps0.1,15,57,27.915227776868768,3.852655043844308,11.522079040393715
Carside,R-NSGA-II_eps0.1,15,57,27.915128653886143,3.8526626069153087,11.522066963140936
Carside,R-NSGA-II_eps0.1,15,57,27.898291243153313,3.8532426298884297,11.522280964104391
Carside,R-NSGA-II_eps0.1,15,57,27.756636879079633,3.8527255805755045,11.577112463644916
Carside,R-NSGA-II_eps0.1,15,57,27.91549092549533,3.852655043844308,11.522057259418274
Carside,R-NSGA-II_eps0.1,15,57,28.409255449900304,3.8414543354590815,11.536555144489553
Carside,R-NSGA-II_eps0.1,15,57,27.91558946387884,3.8526536330624777,11.522049778004419
Carside,R-NSGA-II_eps0.1,15,57,27.9155885526317,3.8526536288533957,11.522049820542366
Carside,R-NSGA-II_eps0.1,15,57,28.32982743898676,3.865556807407612,11.486546272042009
Carside,R-NSGA-II_eps0.1,15,57,27.915631835975436,3.8526535156788255,11.522047617258222
Carside,R-NSGA-II_eps0.1,15,57,28.25446903398688,3.8360716976203455,11.567775266126132
Carside,R-NSGA-II_eps0.1,15,57,28.517170676274233,3.8405625799494034,11.50497839728902
Carside,R-NSGA-II_eps0.1,15,57,27.915847393014953,3.852645442217009,11.522050601301583
Carside,R-NSGA-II_eps0.1,15,57,27.915856719057768,3.85264554873648,11.522046528878573
Carside,R-NSGA-II_eps0.1,15,57,27.91568294553114,3.8526505595380254,11.52204514131116
Carside,R-NSGA-II_eps0.1,15,57,27.61136609206561,3.8898489644788676,11.523731655780553
Carside,R-NSGA-II_eps0.1,15,57,27.913236447556937,3.8525517125007895,11.522390403727584
Carside,R-NSGA-II_eps0.1,15,57,27.562800272561482,3.8662245184927477,11.58911746004479
Carside,R-NSGA-II_eps0.1,15,57,27.91331895966207,3.8525517125007895,11.522384104373772
Carside,R-NSGA-II_eps0.1,15,57,27.914607200678333,3.8526538796422147,11.52209418115331
Carside,R-NSGA-II_eps0.1,15,57,27.525399880549642,3.8817080611806416,11.569655662718482
Carside,R-NSGA-II_eps0.1,15,57,28.53131663634967,3.8280007151017803,11.550076523415267
Carside,R-NSGA-II_eps0.1,15,57,27.897923841646307,3.8532426298884297,11.522298966376928
Carside,R-NSGA-II_eps0.1,15,57,27.906018136065835,3.852741751877247,11.522505932757197
Carside,R-NSGA-II_eps0.1,15,57,28.395683225843005,3.8768170066206085,11.466345219862069
Carside,R-NSGA-II_eps0.1,15,57,27.89704416099056,3.8532560149693382,11.522349573301282
Carside,R-NSGA-II_eps0.1,15,57,27.559286112315128,3.908439868902684,11.514363198437502
Carside,R-NSGA-II_eps0.1,15,57,27.525872749243735,3.852740162085924,11.633789357191727
Carside,R-NSGA-II_eps0.1,15,57,27.915603992198164,3.8526610613621495,11.52199125811877
Carside,R-NSGA-II_eps0.1,15,57,27.915488620312868,3.85274715823163,11.521833553481455
Carside,R-NSGA-II_eps0.1,15,57,28.917014734780928,3.826221696233097,11.49362667087495
Carside,R-NSGA-II_eps0.1,15,57,27.91552261149863,3.8527470423495354,11.521831813122343
Carside,R-NSGA-II_eps0.1,16,58,27.927016605092046,3.8543281029603174,11.521494781286412
Carside,R-NSGA-II_eps0.1,16,58,27.927059178348653,3.8543274946264634,11.521491543415772
Carside,R-NSGA-II_eps0.1,16,58,27.90071942102315,3.8552402668439387,11.52277953804969
Carside,R-NSGA-II_eps0.1,16,58,27.89152995935657,3.855167852600057,11.525307013332478
Carside,R-NSGA-II_eps0.1,16,58,27.899621842780654,3.855222021973975,11.522863103221766
Carside,R-NSGA-II_eps0.1,16,58,27.89902615628117,3.855284950799001,11.522864787441122
Carside,R-NSGA-II_eps0.1,16,58,27.89785713048907,3.8553838391904764,11.522670402141841
Carside,R-NSGA-II_eps0.1,16,58,27.897839412056584,3.855384442529928,11.522671225856731
Carside,R-NSGA-II_eps0.1,16,58,27.8909534645331,3.8552337731615136,11.524266266532976
Carside,R-NSGA-II_eps0.1,16,58,27.89664752500338,3.8557092057990374,11.522596349917313
Carside,R-NSGA-II_eps0.1,16,58,27.90579420776104,3.8540271698591826,11.523764310580916
Carside,R-NSGA-II_eps0.1,16,58,27.907847224192103,3.8541736313496138,11.522844743161594
Carside,R-NSGA-II_eps0.1,16,58,27.908523898340583,3.8540864948737537,11.523017890655009
Carside,R-NSGA-II_eps0.1,16,58,27.950192049766457,3.8541219537198206,11.520995638074975
Carside,R-NSGA-II_eps0.1,16,58,27.907976804995037,3.8541747268013706,11.522804928450942
Carside,R-NSGA-II_eps0.1,16,58,27.907522722908187,3.8541199593971305,11.523040002340164
Carside,R-NSGA-II_eps0.1,16,58,27.908475977503407,3.8541335753255574,11.522851336439372
Carside,R-NSGA-II_eps0.1,16,58,27.90736165909151,3.8541448138084626,11.522968088923811
Carside,R-NSGA-II_eps0.1,16,58,27.908539328037296,3.8541261146365704,11.522851104295531
Carside,R-NSGA-II_eps0.1,16,58,27.90885311032393,3.8541092416441023,11.522857465608315
Carside,R-NSGA-II_eps0.1,16,58,27.908887014950633,3.85410923528819,11.522847877966424
Carside,R-NSGA-II_eps0.1,16,58,27.90888683223403,3.854109237904257,11.522847891817918
Carside,R-NSGA-II_eps0.1,16,58,27.908846598795062,3.85410941476976,11.52285067923933
Carside,R-NSGA-II_eps0.1,16,58,27.908882060334836,3.854103689446623,11.52286189238475
Carside,R-NSGA-II_eps0.1,16,58,27.908202901299674,3.854132149783871,11.522868083717109
Carside,R-NSGA-II_eps0.1,16,58,27.90843990181576,3.854122033931439,11.522865090973749
Carside,R-NSGA-II_eps0.1,16,58,27.924314272691536,3.8514826549911207,11.539664866633562
Carside,R-NSGA-II_eps0.1,16,58,27.908164284128166,3.854134536220439,11.522865132782936
Carside,R-NSGA-II_eps0.1,16,58,27.908160748330378,3.854134586876193,11.522865400752682
Carside,R-NSGA-II_eps0.1,16,58,27.99095405602608,3.859534338808795,11.514035805953934
Carside,R-NSGA-II_eps0.1,16,58,27.908444889926354,3.854123916234833,11.522854604433387
Carside,R-NSGA-II_eps0.1,16,58,27.908388894083636,3.8541247302669186,11.52285877508301
Carside,R-NSGA-II_eps0.1,16,58,27.854915985116612,3.860843702132303,11.52277928521372
Carside,R-NSGA-II_eps0.1,16,58,27.908215391376984,3.8541301914773856,11.522864665126633
Carside,R-NSGA-II_eps0.1,16,58,27.908315712377185,3.854123916234833,11.522865146229895
Carside,R-NSGA-II_eps0.1,16,58,27.908298043307063,3.854134536220439,11.522827124135436
Carside,R-NSGA-II_eps0.1,16,58,27.90831328850338,3.8541186983085187,11.522867851030824
Carside,R-NSGA-II_eps0.1,16,58,27.90799186984369,3.854131434574468,11.522872055690323
Carside,R-NSGA-II_eps0.1,16,58,28.034919989593845,3.849786718133241,11.52183805535609
Carside,R-NSGA-II_eps0.1,16,58,27.908247839443696,3.8541187256303955,11.522870785263787
Carside,R-NSGA-II_eps0.1,16,58,27.908243885582923,3.854118687239665,11.52287097704562
Carside,R-NSGA-II_eps0.1,16,58,27.816561266840992,3.8557519540747545,11.54547924504865
Carside,R-NSGA-II_eps0.1,16,58,27.908417592226385,3.8541112130117403,11.522865146229895
Carside,R-NSGA-II_eps0.1,16,58,28.073555699294673,3.8544188764991434,11.508818677840342
Carside,R-NSGA-II_eps0.1,16,58,27.900129992527816,3.854322439167022,11.523624765329778
Carside,R-NSGA-II_eps0.1,16,58,27.899239557092805,3.854334440650068,11.523779139524162
Carside,R-NSGA-II_eps0.1,16,58,27.899339409865647,3.8543287111295363,11.523775714357901
Carside,R-NSGA-II_eps0.1,16,58,27.899263112801417,3.8543345207884676,11.523768282624232
Carside,R-NSGA-II_eps0.1,16,58,27.900158942538717,3.8543168869695426,11.523629192106213
Carside,R-NSGA-II_eps0.1,16,58,27.899287743624573,3.8543287103673953,11.523778524687707
Carside,R-NSGA-II_eps0.1,16,58,28.05771608927649,3.8487702196308753,11.542989253839803
Carside,R-NSGA-II_eps0.1,16,58,27.899367091564308,3.8543282156547636,11.523760473567425
Carside,R-NSGA-II_eps0.1,16,58,27.89936379574835,3.8543282627651374,11.523760723257713
Carside,R-NSGA-II_eps0.1,16,58,27.909292542286938,3.8541083446581275,11.522737478154134
Carside,R-NSGA-II_eps0.1,16,58,27.79588572448867,3.8652765376143714,11.54679655355317
Carside,R-NSGA-II_eps0.1,16,58,27.899501940731156,3.8543287085758444,11.523727071420302
Carside,R-NSGA-II_eps0.1,16,58,27.893820867992197,3.85544886165128,11.522940873573525
Carside,R-NSGA-II_eps0.1,16,58,28.162702283120666,3.8468098045910293,11.51625560535317
Carside,R-NSGA-II_eps0.1,16,58,27.796818071056652,3.867729280965229,11.523539096322075
Carside,R-NSGA-II_eps0.1,16,58,27.90700052773351,3.854123916234833,11.522976732227356
Carside,R-NSGA-II_eps0.1,16,58,27.905361984634123,3.854226284190279,11.522906258360798
Carside,R-NSGA-II_eps0.1,16,58,27.90524540964867,3.85423019884255,11.522907890210584
Carside,R-NSGA-II_eps0.1,16,58,28.122988108463378,3.8625479701294565,11.498819493008611
Carside,R-NSGA-II_eps0.1,16,58,27.903839443573673,3.854210370895647,11.523195302669144
Carside,R-NSGA-II_eps0.1,16,58,27.760308173860732,3.854126228859576,11.564924497546418
Carside,R-NSGA-II_eps0.1,16,58,27.90887929120815,3.854137954992497,11.52262546576597
Carside,R-NSGA-II_eps0.1,16,58,27.901040837247898,3.8543264767087355,11.52329871195837
Carside,R-NSGA-II_eps0.1,16,58,27.909406566337285,3.8541249270300635,11.52257652123323
Carside,R-NSGA-II_eps0.1,16,58,27.932282619618647,3.8733636505923976,11.516516787763674
Carside,R-NSGA-II_eps0.1,16,58,27.900993408384213,3.8543280704194736,11.523299374345687
Carside,R-NSGA-II_eps0.1,16,58,28.249300421742596,3.848891578466786,11.498315965630358
Carside,R-NSGA-II_eps0.1,16,58,27.889502662020877,3.8554760242549797,11.523872858278073
Carside,R-NSGA-II_eps0.1,16,58,27.909499765202817,3.8541177845983645,11.522568982931706
Carside,R-NSGA-II_eps0.1,16,58,27.893172819825402,3.8554702046658798,11.522948615324982
Carside,R-NSGA-II_eps0.1,16,58,27.905957671348624,3.854163354893196,11.522904576507083
Carside,R-NSGA-II_eps0.1,16,58,28.26959438171059,3.8544992907809257,11.487938213857957
Carside,R-NSGA-II_eps0.1,16,58,27.653971723194516,3.86692935864779,11.565967876208495
Carside,R-NSGA-II_eps0.1,16,58,27.9050457387865,3.854118727425027,11.523178390022318
Carside,R-NSGA-II_eps0.1,16,58,28.281584201492628,3.8416853921170904,11.552938660198567
Carside,R-NSGA-II_eps0.1,16,58,27.90525993589305,3.8541187256303955,11.523126933727546
Carside,R-NSGA-II_eps0.1,16,58,27.909310896856276,3.8541400064426306,11.522475513367455
Carside,R-NSGA-II_eps0.1,16,58,27.694577387105415,3.8531702331436417,11.585798284228193
Carside,R-NSGA-II_eps0.1,16,58,27.91230556133556,3.854090983092161,11.52225289715142
Carside,R-NSGA-II_eps0.1,16,58,28.341704988982332,3.8407919613396686,11.516729440874986
Carside,R-NSGA-II_eps0.1,16,58,27.912348134592175,3.854090373531039,11.5222496717116
Carside,R-NSGA-II_eps0.1,16,58,28.370447747548038,3.847521333861729,11.487824305496273
Carside,R-NSGA-II_eps0.1,16,58,27.9025878117873,3.8543215517041585,11.522941395495664
Carside,R-NSGA-II_eps0.1,16,58,27.894230668215027,3.8548651314824776,11.523309807245738
Carside,R-NSGA-II_eps0.1,16,58,28.040827275260906,3.845988430269766,11.595593338892286
Carside,R-NSGA-II_eps0.1,16,58,27.902519704481264,3.8543215517041585,11.522944455838363
Carside,R-NSGA-II_eps0.1,16,58,27.689708586062093,3.8809791795874315,11.54371939496258
Carside,R-NSGA-II_eps0.1,16,58,28.422419781555906,3.8657224270499926,11.474956277703297
Carside,R-NSGA-II_eps0.1,16,58,27.909094869221544,3.8540297185014514,11.522820491024582
Carside,R-NSGA-II_eps0.1,16,58,27.743252030331043,3.8842937767178203,11.519270142356556
Carside,R-NSGA-II_eps0.1,16,58,27.909182853014944,3.854030515494102,11.522800891410753
Carside,R-NSGA-II_eps0.1,16,58,28.44750798070811,3.835371014269817,11.53312643518138
Carside,R-NSGA-II_eps0.1,16,58,27.904671419447325,3.8541211933091217,11.523185356886222
Carside,R-NSGA-II_eps0.1,16,58,27.975877837694707,3.8858613934057358,11.496181185867755
Carside,R-NSGA-II_eps0.1,16,58,27.911450896602407,3.8541266726489716,11.522229558875594
Carside,R-NSGA-II_eps0.1,16,58,28.496043856179934,3.8352518170645205,11.514022882221061
Carside,R-NSGA-II_eps0.1,17,59,27.90420908102906,3.85477491621002,11.523483418325963
Carside,R-NSGA-II_eps0.1,17,59,27.903642380644786,3.854787294760453,11.523534447529155
Carside,R-NSGA-II_eps0.1,17,59,27.903642253513528,3.854787299043884,11.523534449310509
Carside,R-NSGA-II_eps0.1,17,59,27.90397848899697,3.85474433712978,11.52353245667948
Carside,R-NSGA-II_eps0.1,17,59,27.90570005381941,3.8547441817041666,11.523319930314784
Carside,R-NSGA-II_eps0.1,17,59,27.914407091043003,3.8540717171543695,11.5232987940059
Carside,R-NSGA-II_eps0.1,17,59,27.90594562929319,3.8545580662689343,11.523481776904383
Carside,R-NSGA-II_eps0.1,17,59,27.905945629293466,3.8545580662689343,11.523481746535886
Carside,R-NSGA-II_eps0.1,17,59,27.90392780476344,3.8547836869544323,11.523478999451509
Carside,R-NSGA-II_eps0.1,17,59,27.915913989684597,3.854182159454073,11.522997997816644
Carside,R-NSGA-II_eps0.1,17,59,27.914659255604224,3.8542059542386573,11.523061245869467
Carside,R-NSGA-II_eps0.1,17,59,27.906787889936652,3.8547276713335967,11.52319435218178
Carside,R-NSGA-II_eps0.1,17,59,27.91608139270029,3.854182159454073,11.522981357918246
Carside,R-NSGA-II_eps0.1,17,59,27.90262847784773,3.8547959326051275,11.52362314099026
Carside,R-NSGA-II_eps0.1,17,59,27.903007210342835,3.854794415601056,11.523572449454397
Carside,R-NSGA-II_eps0.1,17,59,27.902979418734965,3.8547953519760068,11.523572839539197
Carside,R-NSGA-II_eps0.1,17,59,27.902560083383463,3.8547959326051275,11.523626205477726
Carside,R-NSGA-II_eps0.1,17,59,27.90576522469058,3.8547768354700733,11.523245764822645
Carside,R-NSGA-II_eps0.1,17,59,27.905278982389603,3.854810358611211,11.523260465969091
Carside,R-NSGA-II_eps0.1,17,59,27.903091161192965,3.8547850674146455,11.523547314766937
Carside,R-NSGA-II_eps0.1,17,59,27.91334589826399,3.854242715671371,11.523086963011076
Carside,R-NSGA-II_eps0.1,17,59,27.90588345261341,3.8547378868481457,11.523247392550417
Carside,R-NSGA-II_eps0.1,17,59,27.905305387928152,3.8548144424907527,11.52323986688263
Carside,R-NSGA-II_eps0.1,17,59,27.91572106426456,3.8541313642489357,11.52303828663819
Carside,R-NSGA-II_eps0.1,17,59,27.908347673516577,3.85442843012189,11.523305724075977
Carside,R-NSGA-II_eps0.1,17,59,27.915309256824372,3.8541452378209775,11.523044083050191
Carside,R-NSGA-II_eps0.1,17,59,27.90484001501649,3.85482760632481,11.523267308376681
Carside,R-NSGA-II_eps0.1,17,59,27.914865421994392,3.8541452378209775,11.52307334606446
Carside,R-NSGA-II_eps0.1,17,59,27.904590711057587,3.8548148270944376,11.523302827102523
Carside,R-NSGA-II_eps0.1,17,59,27.91477994927958,3.854148136156061,11.523074398856895
Carside,R-NSGA-II_eps0.1,17,59,27.91362049874278,3.8541451887144156,11.5231742660905
Carside,R-NSGA-II_eps0.1,17,59,27.9153632988025,3.8541452378209775,11.523028703673651
Carside,R-NSGA-II_eps0.1,17,59,27.906279986942096,3.8545998445138485,11.52330566902328
Carside,R-NSGA-II_eps0.1,17,59,27.901639604895294,3.8549697796979774,11.523531101674031
Carside,R-NSGA-II_eps0.1,17,59,27.91241470166714,3.8542575176848475,11.523104281908838
Carside,R-NSGA-II_eps0.1,17,59,27.913848673964427,3.854113563460833,11.523179642707277
Carside,R-NSGA-II_eps0.1,17,59,27.91448598095103,3.854127695560577,11.523098605579747
Carside,R-NSGA-II_eps0.1,17,59,27.907401276982306,3.85442843012189,11.523358806228563
Carside,R-NSGA-II_eps0.1,17,59,27.905958136300907,3.8543602593985935,11.523612546720019
Carside,R-NSGA-II_eps0.1,17,59,27.90983027112807,3.854356223008581,11.52318694552584
Carside,R-NSGA-II_eps0.1,17,59,27.91045095615988,3.8543421367158035,11.523144519338942
Carside,R-NSGA-II_eps0.1,17,59,27.903530357097168,3.854792965078118,11.52340054259318
Carside,R-NSGA-II_eps0.1,17,59,28.047346291048722,3.854729487375925,11.511244357845978
Carside,R-NSGA-II_eps0.1,17,59,27.903495849867607,3.8547931365872046,11.523402484398789
Carside,R-NSGA-II_eps0.1,17,59,27.901736641138214,3.8547953519760068,11.523629643803593
Carside,R-NSGA-II_eps0.1,17,59,27.98731804611008,3.8645309835913504,11.510055902369729
Carside,R-NSGA-II_eps0.1,17,59,27.909841731110607,3.8543768082230536,11.523155126895338
Carside,R-NSGA-II_eps0.1,17,59,27.80401424617452,3.8541799617881343,11.552980303652888
Carside,R-NSGA-II_eps0.1,17,59,27.903337334241375,3.854795762389069,11.52341732919077
Carside,R-NSGA-II_eps0.1,17,59,27.90332539017836,3.8547959326051275,11.52341824714302
Carside,R-NSGA-II_eps0.1,17,59,28.201156103822893,3.8443957401027657,11.523874166638105
Carside,R-NSGA-II_eps0.1,17,59,27.9020624533343,3.85480784317054,11.523560414597204
Carside,R-NSGA-II_eps0.1,17,59,27.908926692326645,3.8543587848228458,11.523247234656797
Carside,R-NSGA-II_eps0.1,17,59,27.908805986301264,3.854337671754525,11.5232875997221
Carside,R-NSGA-II_eps0.1,17,59,27.912231938529782,3.8541813711166832,11.523166095924605
Carside,R-NSGA-II_eps0.1,17,59,27.785807943045544,3.8706539136901092,11.544822567499104
Carside,R-NSGA-II_eps0.1,17,59,28.19610712065939,3.850581048427226,11.501472800129292
Carside,R-NSGA-II_eps0.1,17,59,27.9122436640872,3.8541826745336647,11.523159245101827
Carside,R-NSGA-II_eps0.1,17,59,27.908000508663847,3.8543665313081776,11.523313912700768
Carside,R-NSGA-II_eps0.1,17,59,27.912516984622943,3.8541532271189123,11.523162368844206
Carside,R-NSGA-II_eps0.1,17,59,27.75975503356049,3.8726432558742006,11.52342992086472
Carside,R-NSGA-II_eps0.1,17,59,28.085650969341724,3.844696766991583,11.559399309939845
Carside,R-NSGA-II_eps0.1,17,59,27.91663139727718,3.8540420959544637,11.522978438195059
Carside,R-NSGA-II_eps0.1,17,59,27.905602213982316,3.8547945083597464,11.523089002764372
Carside,R-NSGA-II_eps0.1,17,59,27.904395679256353,3.8546622734143816,11.523333150813084
Carside,R-NSGA-II_eps0.1,17,59,27.91085048103618,3.854151171237648,11.523272059377703
Carside,R-NSGA-II_eps0.1,17,59,27.90261606202421,3.854880622383483,11.523331374519039
Carside,R-NSGA-II_eps0.1,17,59,28.22035122474563,3.840679592850709,11.544697692781398
Carside,R-NSGA-II_eps0.1,17,59,27.91021241929607,3.854251313558753,11.523182469350317
Carside,R-NSGA-II_eps0.1,17,59,27.90836575295384,3.8542868071748613,11.523318898302822
Carside,R-NSGA-II_eps0.1,17,59,27.908052844807795,3.8542613963135044,11.523387821832515
Carside,R-NSGA-II_eps0.1,17,59,27.91032469524818,3.8541812173570245,11.523260465969091
Carside,R-NSGA-II_eps0.1,17,59,27.91020619892234,3.854181355936124,11.52327006644699
Carside,R-NSGA-II_eps0.1,17,59,27.90785854662524,3.8542681041729905,11.523386789590504
Carside,R-NSGA-II_eps0.1,17,59,27.712147407251297,3.854794415601056,11.578053665477693
Carside,R-NSGA-II_eps0.1,17,59,27.91022643612831,3.854179931080154,11.523269899660747
Carside,R-NSGA-II_eps0.1,17,59,27.910221483495725,3.85418012855427,11.523269721388724
Carside,R-NSGA-II_eps0.1,17,59,27.788767975104125,3.884485230579516,11.50593693297155
Carside,R-NSGA-II_eps0.1,17,59,27.910278680282033,3.854173478412062,11.523272426677684
Carside,R-NSGA-II_eps0.1,17,59,27.659034215252085,3.8849919862555007,11.52362624525321
Carside,R-NSGA-II_eps0.1,17,59,27.8203407357331,3.8513425743429237,11.591698391301044
Carside,R-NSGA-II_eps0.1,17,59,27.910298003381506,3.8541719587227488,11.523272117632938
Carside,R-NSGA-II_eps0.1,17,59,27.91029068537563,3.8541719815176,11.5232724247189
Carside,R-NSGA-II_eps0.1,17,59,28.51549414703119,3.8419214479963864,11.500252849608025
Carside,R-NSGA-II_eps0.1,17,59,27.90965287644725,3.854260724518177,11.52320400702762
Carside,R-NSGA-II_eps0.1,17,59,28.471397941164653,3.8481063012996928,11.476789586044424
Carside,R-NSGA-II_eps0.1,17,59,27.909767258346452,3.8541721002980873,11.523317906973217
Carside,R-NSGA-II_eps0.1,17,59,27.909473893680598,3.854174274179771,11.523344555430356
Carside,R-NSGA-II_eps0.1,17,59,27.91033645607647,3.8541826745336647,11.523244679257559
Carside,R-NSGA-II_eps0.1,17,59,27.910336669437843,3.854182647929982,11.523244697368874
Carside,R-NSGA-II_eps0.1,17,59,27.60365695223258,3.8548193052689523,11.608237344405556
Carside,R-NSGA-II_eps0.1,17,59,27.910336053823666,3.8541826745336647,11.523244697282916
Carside,R-NSGA-II_eps0.1,17,59,27.910275234553307,3.854182159454073,11.523250863462637
Carside,R-NSGA-II_eps0.1,17,59,27.909755118680035,3.85419349198376,11.523284269121042
Carside,R-NSGA-II_eps0.1,17,59,27.90974742272965,3.85419349198376,11.523284613984607
Carside,R-NSGA-II_eps0.1,17,59,28.639848553920018,3.8440236477730285,11.464878941578204
Carside,R-NSGA-II_eps0.1,17,59,27.910134367817243,3.854172342156093,11.523276330751763
Carside,R-NSGA-II_eps0.1,17,59,27.9091720514316,3.8541998384239977,11.523327436271465
Carside,R-NSGA-II_eps0.1,17,59,27.51416900657783,3.9043818408830084,11.522696917185947
Carside,R-NSGA-II_eps0.1,17,59,27.473065284858954,3.85419349198376,11.647371031142033
Carside,R-NSGA-II_eps0.1,18,60,27.92302678960204,3.8548254291147916,11.523668863934304
Carside,R-NSGA-II_eps0.1,18,60,27.930040732570493,3.8546649212606003,11.523274916605795
Carside,R-NSGA-II_eps0.1,18,60,27.92566816561785,3.8546809568699296,11.523673586918733
Carside,R-NSGA-II_eps0.1,18,60,27.925505058872062,3.8546811376104344,11.523680657769818
Carside,R-NSGA-II_eps0.1,18,60,27.92597508356723,3.8546549787245517,11.523656997794834
Carside,R-NSGA-II_eps0.1,18,60,27.92611080743784,3.8546509156857844,11.523653646194214
Carside,R-NSGA-II_eps0.1,18,60,27.926413701858632,3.8546417408828564,11.523638656394764
Carside,R-NSGA-II_eps0.1,18,60,27.925947700692063,3.8546510964381113,11.523660715760087
Carside,R-NSGA-II_eps0.1,18,60,27.925600206726063,3.85465497073577,11.523673879378087
Carside,R-NSGA-II_eps0.1,18,60,27.923783367557057,3.854720881250118,11.5236850639359
Carside,R-NSGA-II_eps0.1,18,60,27.92598245121097,3.8546429592368354,11.523667285424462
Carside,R-NSGA-II_eps0.1,18,60,27.927381862601607,3.8546091996044827,11.523625052881403
Carside,R-NSGA-II_eps0.1,18,60,27.925696072383857,3.8546500962426946,11.523676161518058
Carside,R-NSGA-II_eps0.1,18,60,27.92604946694952,3.8546418029193013,11.523655601046748
Carside,R-NSGA-II_eps0.1,18,60,27.926178716421937,3.8546357814782675,11.523659607104737
Carside,R-NSGA-II_eps0.1,18,60,27.926029974032673,3.8546417524635257,11.523655781941457
Carside,R-NSGA-II_eps0.1,18,60,27.926027131440698,3.8546417440925547,11.523656031442803
Carside,R-NSGA-II_eps0.1,18,60,27.9260271314407,3.8546417440925547,11.523656030892745
Carside,R-NSGA-II_eps0.1,18,60,27.926018493737406,3.8546417440925547,11.523656765577574
Carside,R-NSGA-II_eps0.1,18,60,27.926018513876063,3.8546417440925547,11.523656759569167
Carside,R-NSGA-II_eps0.1,18,60,27.92618266188065,3.854634533162673,11.52366235163463
Carside,R-NSGA-II_eps0.1,18,60,27.92377242780093,3.8547163904482615,11.523688632786698
Carside,R-NSGA-II_eps0.1,18,60,27.923737001948005,3.8547171520092216,11.523691106559792
Carside,R-NSGA-II_eps0.1,18,60,27.926037553580002,3.8546407798232023,11.523655837698978
Carside,R-NSGA-II_eps0.1,18,60,27.926037573718656,3.8546407798232023,11.523655831979926
Carside,R-NSGA-II_eps0.1,18,60,27.92375958949409,3.8547163904482615,11.523689780565087
Carside,R-NSGA-II_eps0.1,18,60,27.923759589494093,3.8547163904482615,11.523689780161714
Carside,R-NSGA-II_eps0.1,18,60,27.92615013862067,3.8546341976387684,11.52366347807154
Carside,R-NSGA-II_eps0.1,18,60,27.92354143546524,3.8547165838253368,11.523717819938078
Carside,R-NSGA-II_eps0.1,18,60,27.926194804998897,3.854634533162673,11.523655498834259
Carside,R-NSGA-II_eps0.1,18,60,27.926080895391845,3.8546383736824867,11.523655257230258
Carside,R-NSGA-II_eps0.1,18,60,27.926196193090476,3.8546345231227046,11.523655156446162
Carside,R-NSGA-II_eps0.1,18,60,27.926113983002878,3.8546417524635257,11.523631899631166
Carside,R-NSGA-II_eps0.1,18,60,27.92702605334478,3.8546095351283873,11.523641482211572
Carside,R-NSGA-II_eps0.1,18,60,27.925423304388744,3.8546509156857844,11.523684487612286
Carside,R-NSGA-II_eps0.1,18,60,27.926971416193883,3.8546101926951244,11.5236415073641
Carside,R-NSGA-II_eps0.1,18,60,27.926993530086012,3.8546091996044827,11.52364247527737
Carside,R-NSGA-II_eps0.1,18,60,27.926987988725024,3.8546062363156994,11.523644820084904
Carside,R-NSGA-II_eps0.1,18,60,27.92566500753301,3.8546322808020665,11.523704382743215
Carside,R-NSGA-II_eps0.1,18,60,27.926189068975603,3.8546139589739243,11.523705041812676
Carside,R-NSGA-II_eps0.1,18,60,27.925738696105228,3.854634714830968,11.52367729076496
Carside,R-NSGA-II_eps0.1,18,60,27.925275298260768,3.85463367447671,11.523698031127735
Carside,R-NSGA-II_eps0.1,18,60,27.925193533991507,3.854479243565939,11.524377878121928
Carside,R-NSGA-II_eps0.1,18,60,27.925241852240013,3.8544774650593334,11.524374006427724
Carside,R-NSGA-II_eps0.1,18,60,27.925376506939102,3.854476324488147,11.5243437777251
Carside,R-NSGA-II_eps0.1,18,60,28.01700420408706,3.8533038988700463,11.51732069017483
Carside,R-NSGA-II_eps0.1,18,60,27.858237502471848,3.8543220492647254,11.545117062296379
Carside,R-NSGA-II_eps0.1,18,60,27.925256189577127,3.854473260773536,11.524376899902286
Carside,R-NSGA-II_eps0.1,18,60,27.925178473152585,3.854474249777708,11.524380821408261
Carside,R-NSGA-II_eps0.1,18,60,27.925172931791597,3.8544712772956835,11.524383140431269
Carside,R-NSGA-II_eps0.1,18,60,28.117865748934726,3.853266529134769,11.508833688878205
Carside,R-NSGA-II_eps0.1,18,60,27.92485888069786,3.854480259839625,11.52437164010759
Carside,R-NSGA-II_eps0.1,18,60,27.924152964559916,3.85448660815795,11.524421490432735
Carside,R-NSGA-II_eps0.1,18,60,27.924153817887767,3.854486635377379,11.524421029218594
Carside,R-NSGA-II_eps0.1,18,60,27.93609343769319,3.8670268521445537,11.516111573704334
Carside,R-NSGA-II_eps0.1,18,60,27.924402213027864,3.854471052907725,11.524417975870625
Carside,R-NSGA-II_eps0.1,18,60,27.919433668525134,3.854826169523895,11.52375429915038
Carside,R-NSGA-II_eps0.1,18,60,27.749097087158358,3.8657575966033995,11.543574350226312
Carside,R-NSGA-II_eps0.1,18,60,27.930328183238124,3.8544029488658964,11.52392411668045
Carside,R-NSGA-II_eps0.1,18,60,27.923276000699325,3.85447753010507,11.524540690647424
Carside,R-NSGA-II_eps0.1,18,60,28.157070772737562,3.862635596960318,11.498801437768646
Carside,R-NSGA-II_eps0.1,18,60,27.925101726073216,3.8544437260884945,11.524396924829574
Carside,R-NSGA-II_eps0.1,18,60,28.220779863413235,3.8533306600436648,11.499765807469146
Carside,R-NSGA-II_eps0.1,18,60,27.92102390294221,3.8545417114917453,11.524606297504231
Carside,R-NSGA-II_eps0.1,18,60,27.75094772519162,3.854827670375792,11.57059492132877
Carside,R-NSGA-II_eps0.1,18,60,28.004154828412233,3.8457903113951546,11.5678069943027
Carside,R-NSGA-II_eps0.1,18,60,27.92093533259968,3.8545177059333873,11.52473341844405
Carside,R-NSGA-II_eps0.1,18,60,27.80256395552724,3.8697063353932837,11.524402279730996
Carside,R-NSGA-II_eps0.1,18,60,27.922476491551013,3.854477517099434,11.524574423211146
Carside,R-NSGA-II_eps0.1,18,60,27.923472899530527,3.8544633627564635,11.5244552836168
Carside,R-NSGA-II_eps0.1,18,60,28.195038728453653,3.8453203174134325,11.520655838251951
Carside,R-NSGA-II_eps0.1,18,60,27.922248139839667,3.8544807875634053,11.524591765361606
Carside,R-NSGA-II_eps0.1,18,60,27.921488817990937,3.854493330131222,11.524683820350422
Carside,R-NSGA-II_eps0.1,18,60,27.92440978063474,3.8544323106738836,11.524439828711765
Carside,R-NSGA-II_eps0.1,18,60,28.159449703981725,3.84319901005731,11.545514069647373
Carside,R-NSGA-II_eps0.1,18,60,27.92441434090668,3.854431848334063,11.524441023180357
Carside,R-NSGA-II_eps0.1,18,60,27.92438405846267,3.8544323106738836,11.524440956129396
Carside,R-NSGA-II_eps0.1,18,60,27.71124226793207,3.870807531658662,11.549430041972697
Carside,R-NSGA-II_eps0.1,18,60,27.92154580687423,3.8544908407151706,11.524645186756047
Carside,R-NSGA-II_eps0.1,18,60,27.929095925043566,3.8543681237343,11.524079221631467
Carside,R-NSGA-II_eps0.1,18,60,27.697894109094484,3.8681406392746207,11.56752014780572
Carside,R-NSGA-II_eps0.1,18,60,27.92461041731563,3.8544220181344686,11.524430520283987
Carside,R-NSGA-II_eps0.1,18,60,27.924700862514687,3.8544185667090427,11.52442971144151
Carside,R-NSGA-II_eps0.1,18,60,28.306168133268372,3.8546036664578125,11.484737417689665
Carside,R-NSGA-II_eps0.1,18,60,27.924039521634743,3.854433619126432,11.524453815550409
Carside,R-NSGA-II_eps0.1,18,60,27.707018103207435,3.854304053596077,11.58886080429237
Carside,R-NSGA-II_eps0.1,18,60,28.32183938499082,3.8418795426068466,11.512515860500308
Carside,R-NSGA-II_eps0.1,18,60,27.924054109100666,3.854433030512687,11.524453306797339
Carside,R-NSGA-II_eps0.1,18,60,27.924601347448977,3.8544185667090427,11.524434138784367
Carside,R-NSGA-II_eps0.1,18,60,27.924187394554497,3.8544271419542318,11.524455198558336
Carside,R-NSGA-II_eps0.1,18,60,27.924263466788965,3.8544243038573662,11.52445574708959
Carside,R-NSGA-II_eps0.1,18,60,27.924399496200753,3.8544219256323786,11.524442730393766
Carside,R-NSGA-II_eps0.1,18,60,28.37496756631284,3.847155511480636,11.490758048328143
Carside,R-NSGA-II_eps0.1,18,60,27.924466091777848,3.8544187531704197,11.524449307561277
Carside,R-NSGA-II_eps0.1,18,60,27.924509451480052,3.8544187531704197,11.5244413568252
Carside,R-NSGA-II_eps0.1,18,60,28.35828454087992,3.840239817532976,11.53966456929627
Carside,R-NSGA-II_eps0.1,18,60,27.92451660044528,3.8544187531704197,11.524439919042642
Carside,R-NSGA-II_eps0.1,18,60,27.924393789383274,3.8544220181344686,11.524442578913867
Carside,R-NSGA-II_eps0.1,18,60,27.924514118073937,3.8544187531704197,11.524440030785652
Carside,R-NSGA-II_eps0.1,18,60,28.406441751811695,3.838511893386843,11.526370698330119
Carside,R-NSGA-II_eps0.1,19,61,27.91213018388918,3.854447232551426,11.52311813357349
Carside,R-NSGA-II_eps0.1,19,61,27.91732982617103,3.853843417469365,11.52311092576759
Carside,R-NSGA-II_eps0.1,19,61,27.917329966760516,3.853843399939504,11.523110925772961
Carside,R-NSGA-II_eps0.1,19,61,27.917559374290743,3.8538265074586597,11.52310842642617
Carside,R-NSGA-II_eps0.1,19,61,27.91724388810352,3.853844406148684,11.523116616586993
Carside,R-NSGA-II_eps0.1,19,61,27.917244453296384,3.853844406935322,11.523116454190614
Carside,R-NSGA-II_eps0.1,19,61,27.91748921722688,3.853813067754746,11.523132243968355
Carside,R-NSGA-II_eps0.1,19,61,27.916813763422127,3.853821706916179,11.523177325359047
Carside,R-NSGA-II_eps0.1,19,61,27.91455791371853,3.8539378116399137,11.523307012725416
Carside,R-NSGA-II_eps0.1,19,61,27.91578733043811,3.853867335071435,11.523236215406206
Carside,R-NSGA-II_eps0.1,19,61,27.91688794956794,3.8538312875013663,11.523134536434691
Carside,R-NSGA-II_eps0.1,19,61,27.916886117753638,3.8538312875013663,11.523134619307681
Carside,R-NSGA-II_eps0.1,19,61,27.916814833824517,3.8538350877676564,11.52313640571148
Carside,R-NSGA-II_eps0.1,19,61,27.916775822019254,3.8538118374749826,11.523185381584751
Carside,R-NSGA-II_eps0.1,19,61,27.916663435432024,3.8538432566080583,11.523140732165249
Carside,R-NSGA-II_eps0.1,19,61,27.91614420746849,3.8538442460232236,11.523217046731919
Carside,R-NSGA-II_eps0.1,19,61,27.916630129156054,3.8538432566080583,11.523144315987652
Carside,R-NSGA-II_eps0.1,19,61,27.916876842522775,3.8538265074586597,11.523139071727856
Carside,R-NSGA-II_eps0.1,19,61,27.916577504331062,3.8538442452889266,11.52314642238192
Carside,R-NSGA-II_eps0.1,19,61,27.916512193334,3.853846973655086,11.52314793032788
Carside,R-NSGA-II_eps0.1,19,61,27.916638407727334,3.8538351038636094,11.52315133194057
Carside,R-NSGA-II_eps0.1,19,61,27.909639542051675,3.854442452581645,11.523332346478497
Carside,R-NSGA-II_eps0.1,19,61,27.909532314858506,3.854447232551426,11.52333820003887
Carside,R-NSGA-II_eps0.1,19,61,27.90953208890492,3.8544472317943215,11.523338200496365
Carside,R-NSGA-II_eps0.1,19,61,27.915311021681248,3.8538319446321885,11.523303487423863
Carside,R-NSGA-II_eps0.1,19,61,27.915261415546066,3.8538311268294216,11.523312735834942
Carside,R-NSGA-II_eps0.1,19,61,27.915261556135555,3.8538311092995605,11.523312735840314
Carside,R-NSGA-II_eps0.1,19,61,27.915327994642816,3.8538293735162896,11.523302962703918
Carside,R-NSGA-II_eps0.1,19,61,27.915225074076755,3.8538437435308737,11.523288944492577
Carside,R-NSGA-II_eps0.1,19,61,27.909002501752227,3.8545154507384143,11.523337712684638
Carside,R-NSGA-II_eps0.1,19,61,27.9151006100669,3.853830840180925,11.523320266992656
Carside,R-NSGA-II_eps0.1,19,61,27.9149732324536,3.853828644576968,11.523324167711365
Carside,R-NSGA-II_eps0.1,19,61,27.908412210450628,3.854589053079986,11.523337712708262
Carside,R-NSGA-II_eps0.1,19,61,27.914026426738,3.853890184692871,11.523336064199647
Carside,R-NSGA-II_eps0.1,19,61,27.914784655470225,3.853824707785217,11.523327965983514
Carside,R-NSGA-II_eps0.1,19,61,27.91477498851046,3.853823411380704,11.523329869938943
Carside,R-NSGA-II_eps0.1,19,61,27.93857270302215,3.8511596156880255,11.538699066737196
Carside,R-NSGA-II_eps0.1,19,61,27.877962547323868,3.8619061546785955,11.515796619053333
Carside,R-NSGA-II_eps0.1,19,61,27.914931100159997,3.853809103833804,11.523330088284082
Carside,R-NSGA-II_eps0.1,19,61,27.91455958514772,3.853835413986566,11.523333828237856
Carside,R-NSGA-II_eps0.1,19,61,27.91457384052504,3.85383345104758,11.523334628068227
Carside,R-NSGA-II_eps0.1,19,61,27.91457487810928,3.853833344135484,11.523334008986504
Carside,R-NSGA-II_eps0.1,19,61,28.0574850043132,3.849500486543013,11.52366389955277
Carside,R-NSGA-II_eps0.1,19,61,27.83936347263734,3.853833200347768,11.5451236484856
Carside,R-NSGA-II_eps0.1,19,61,27.914563640369504,3.8538335978216582,11.523335401424813
Carside,R-NSGA-II_eps0.1,19,61,27.914594684593403,3.853832172282237,11.523332677134082
Carside,R-NSGA-II_eps0.1,19,61,27.914564354091322,3.8538335264404364,11.523334708690342
Carside,R-NSGA-II_eps0.1,19,61,27.91456364037909,3.8538335978216582,11.523334346982775
Carside,R-NSGA-II_eps0.1,19,61,28.09110514487385,3.856488947709267,11.506606460365251
Carside,R-NSGA-II_eps0.1,19,61,27.91387063265071,3.8538241713197716,11.523470335699933
Carside,R-NSGA-II_eps0.1,19,61,27.914639735167324,3.853824010774994,11.52333546859087
Carside,R-NSGA-II_eps0.1,19,61,28.109141448605985,3.8470574738907612,11.544570092200498
Carside,R-NSGA-II_eps0.1,19,61,27.9144730881897,3.8538331269850374,11.523336474310463
Carside,R-NSGA-II_eps0.1,19,61,27.8852159769965,3.8503735633364036,11.561548403288718
Carside,R-NSGA-II_eps0.1,19,61,27.914419736989043,3.8538351038636094,11.523340305042993
Carside,R-NSGA-II_eps0.1,19,61,27.780756252559385,3.8704997451040133,11.52334705142988
Carside,R-NSGA-II_eps0.1,19,61,27.914394487005797,3.853835491956287,11.52334220422755
Carside,R-NSGA-II_eps0.1,19,61,27.914426914928875,3.8538330150221287,11.52334042339833
Carside,R-NSGA-II_eps0.1,19,61,27.914427120620495,3.8538330150221287,11.523339995732496
Carside,R-NSGA-II_eps0.1,19,61,27.78223265118078,3.8538351038636094,11.56083884442208
Carside,R-NSGA-II_eps0.1,19,61,27.914426860926913,3.8538330482464676,11.523339641596479
Carside,R-NSGA-II_eps0.1,19,61,28.18791317228112,3.8538628827970305,11.50015941126614
Carside,R-NSGA-II_eps0.1,19,61,27.914411534192386,3.853833139864515,11.52334095005221
Carside,R-NSGA-II_eps0.1,19,61,27.914549182987518,3.853823539938374,11.523336541476919
Carside,R-NSGA-II_eps0.1,19,61,28.061872064182378,3.8438061937743204,11.562134173410245
Carside,R-NSGA-II_eps0.1,19,61,28.211960702263358,3.8440134206061582,11.524274319353161
Carside,R-NSGA-II_eps0.1,19,61,27.914409407206083,3.853833139864515,11.523341046278977
Carside,R-NSGA-II_eps0.1,19,61,28.01162719045384,3.874425761403006,11.500417903444058
Carside,R-NSGA-II_eps0.1,19,61,27.914215894391734,3.853821706916179,11.52339737402811
Carside,R-NSGA-II_eps0.1,19,61,27.9143214933504,3.8538398148668005,11.523339804031739
Carside,R-NSGA-II_eps0.1,19,61,27.914510730405674,3.8538246239859784,11.523337838042568
Carside,R-NSGA-II_eps0.1,19,61,27.914179094621566,3.853845540198333,11.52334839700902
Carside,R-NSGA-II_eps0.1,19,61,27.913812200306854,3.853845820048902,11.52341001828583
Carside,R-NSGA-II_eps0.1,19,61,27.914281552602404,3.8538330482464676,11.523351711166693
Carside,R-NSGA-II_eps0.1,19,61,27.914184986783976,3.8538241713197716,11.523381876950957
Carside,R-NSGA-II_eps0.1,19,61,27.914077748763145,3.853846904632424,11.523352967651952
Carside,R-NSGA-II_eps0.1,19,61,27.78568115687733,3.8698971451568127,11.56002516605422
Carside,R-NSGA-II_eps0.1,19,61,27.91358568956339,3.853874798609093,11.523382696961509
Carside,R-NSGA-II_eps0.1,19,61,27.91409024571081,3.8538468792093368,11.52334931573631
Carside,R-NSGA-II_eps0.1,19,61,27.72125776760599,3.877951068230355,11.523332902559094
Carside,R-NSGA-II_eps0.1,19,61,27.913984183247596,3.8538303703917505,11.523388588680536
Carside,R-NSGA-II_eps0.1,19,61,27.691485744969235,3.875066947065828,11.54572229849754
Carside,R-NSGA-II_eps0.1,19,61,27.914013147746253,3.8538303703917505,11.523380362949766
Carside,R-NSGA-II_eps0.1,19,61,27.91387308301192,3.8538494978018316,11.52336140178072
Carside,R-NSGA-II_eps0.1,19,61,27.913868339462105,3.8538496114206593,11.523361350277192
Carside,R-NSGA-II_eps0.1,19,61,27.72025958926616,3.853831730989153,11.579001461111345
Carside,R-NSGA-II_eps0.1,19,61,27.91388483630271,3.8538494723787187,11.523357783505098
Carside,R-NSGA-II_eps0.1,19,61,28.331952495516255,3.8439577164321586,11.513189889108888
Carside,R-NSGA-II_eps0.1,19,61,27.91382256352785,3.8538432566080583,11.523381255330104
Carside,R-NSGA-II_eps0.1,19,61,27.913910882908034,3.853846632336937,11.523357554762118
Carside,R-NSGA-II_eps0.1,19,61,27.913255583329192,3.853966644199987,11.523219359982676
Carside,R-NSGA-II_eps0.1,19,61,27.91190922406097,3.8540318002307172,11.5231802242374
Carside,R-NSGA-II_eps0.1,19,61,27.910062594903447,3.8542238680975878,11.523203669863019
Carside,R-NSGA-II_eps0.1,19,61,28.34167387272151,3.8476977535300256,11.490975531554433
Carside,R-NSGA-II_eps0.1,19,61,27.910029021804583,3.85422678291479,11.52320120693981
Carside,R-NSGA-II_eps0.1,19,61,27.658113290209453,3.877184703087372,11.5658393549229
Carside,R-NSGA-II_eps0.1,19,61,27.909992065120928,3.85422678291479,11.5232028784141
Carside,R-NSGA-II_eps0.1,19,61,27.911710728437253,3.8540343374270827,11.523188436803437
Carside,R-NSGA-II_eps0.1,19,61,27.662350680317548,3.8538210243454474,11.595006684926037
Carside,R-NSGA-II_eps0.1,19,61,28.36714361148983,3.863487067730659,11.47704299073991
Carside,R-NSGA-II_eps0.1,20,62,27.920286870050504,3.8546247845885895,11.526368273253137
Carside,R-NSGA-II_eps0.1,20,62,27.911177766177538,3.8547565043355188,11.5278059456592
Carside,R-NSGA-II_eps0.1,20,62,27.92386207116834,3.854466152439791,11.525217837024906
Carside,R-NSGA-II_eps0.1,20,62,27.924613500441556,3.8545263043366447,11.525074272823858
Carside,R-NSGA-II_eps0.1,20,62,27.92468047451759,3.8545262979667347,11.525067388177582
Carside,R-NSGA-II_eps0.1,20,62,27.921955073338488,3.8545263917084984,11.525190345357853
Carside,R-NSGA-II_eps0.1,20,62,27.927297582559156,3.854489116357924,11.524967483664598
Carside,R-NSGA-II_eps0.1,20,62,27.92111660686013,3.854635013427686,11.525110305059691
Carside,R-NSGA-II_eps0.1,20,62,27.92769694087075,3.8544661546149435,11.52494973176452
Carside,R-NSGA-II_eps0.1,20,62,27.925678722391808,3.854594198931623,11.524868196752406
Carside,R-NSGA-II_eps0.1,20,62,27.927565341623886,3.85452005398266,11.524847575042568
Carside,R-NSGA-II_eps0.1,20,62,27.92073983393494,3.8547684425868183,11.524922235808752
Carside,R-NSGA-II_eps0.1,20,62,27.926549332085287,3.8546064407410854,11.524769071098799
Carside,R-NSGA-II_eps0.1,20,62,27.925866761774163,3.8546249782833337,11.524776915004175
Carside,R-NSGA-II_eps0.1,20,62,27.925364379416795,3.8546511110445767,11.524774722111632
Carside,R-NSGA-II_eps0.1,20,62,27.92580333769442,3.8546353271555334,11.524768534252047
Carside,R-NSGA-II_eps0.1,20,62,27.922320587316282,3.854754230870768,11.524824913877367
Carside,R-NSGA-II_eps0.1,20,62,27.926631268601312,3.8545948082611816,11.524769382493728
Carside,R-NSGA-II_eps0.1,20,62,27.92663266499404,3.8545948082611816,11.524769263478651
Carside,R-NSGA-II_eps0.1,20,62,27.926632687211537,3.8545948054909203,11.524769263585782
Carside,R-NSGA-II_eps0.1,20,62,27.92664725473594,3.854594230934271,11.524769070710832
Carside,R-NSGA-II_eps0.1,20,62,27.926643212219158,3.8545946863688814,11.524768660943167
Carside,R-NSGA-II_eps0.1,20,62,27.92695767657656,3.8546063940488433,11.524748628522348
Carside,R-NSGA-II_eps0.1,20,62,27.927001987052254,3.8546057801900737,11.524747166994482
Carside,R-NSGA-II_eps0.1,20,62,27.92692067107103,3.854584725970077,11.524766050536218
Carside,R-NSGA-II_eps0.1,20,62,27.926676403786068,3.854594198931623,11.524766821220254
Carside,R-NSGA-II_eps0.1,20,62,27.927362510625116,3.8545821735366954,11.524753042197553
Carside,R-NSGA-II_eps0.1,20,62,27.92665374538334,3.8545943532082436,11.524767102064075
Carside,R-NSGA-II_eps0.1,20,62,27.92664970286656,3.8545948086428523,11.524766692295128
Carside,R-NSGA-II_eps0.1,20,62,27.926754309198845,3.85455236426338,11.524796773444198
Carside,R-NSGA-II_eps0.1,20,62,27.92729026318885,3.8545749484524507,11.524758640661553
Carside,R-NSGA-II_eps0.1,20,62,27.926933108889067,3.854598150122115,11.524752464446959
Carside,R-NSGA-II_eps0.1,20,62,27.925499869609155,3.854639349012874,11.524771095705729
Carside,R-NSGA-II_eps0.1,20,62,28.03099589835515,3.8534479836181195,11.513296757471686
Carside,R-NSGA-II_eps0.1,20,62,27.925492024860088,3.8546396135918934,11.524771024838047
Carside,R-NSGA-II_eps0.1,20,62,27.889060902609355,3.8552107912758324,11.544651000153028
Carside,R-NSGA-II_eps0.1,20,62,27.927314079828502,3.8545749484524507,11.524756398097946
Carside,R-NSGA-II_eps0.1,20,62,27.927315476221235,3.8545749484524507,11.524756279082869
Carside,R-NSGA-II_eps0.1,20,62,27.92219974268927,3.8547684735507204,11.52481449964695
Carside,R-NSGA-II_eps0.1,20,62,28.119197203000734,3.846756219356596,11.53634385684526
Carside,R-NSGA-II_eps0.1,20,62,27.801964617387835,3.8695142599340495,11.524854278434066
Carside,R-NSGA-II_eps0.1,20,62,27.922199875184727,3.8547684730494156,11.524814463223153
Carside,R-NSGA-II_eps0.1,20,62,27.922189809681225,3.8547684735663736,11.524814912239687
Carside,R-NSGA-II_eps0.1,20,62,27.922189903480348,3.854768473244742,11.524814904459376
Carside,R-NSGA-II_eps0.1,20,62,27.92220770003342,3.8547672287054535,11.524814891176918
Carside,R-NSGA-II_eps0.1,20,62,27.92682451356692,3.8545811520650353,11.52476654104256
Carside,R-NSGA-II_eps0.1,20,62,27.9218759114252,3.8547552388150743,11.524836373573908
Carside,R-NSGA-II_eps0.1,20,62,27.9218759098777,3.8547552388151103,11.524836373630539
Carside,R-NSGA-II_eps0.1,20,62,28.165045843707944,3.8517709779330027,11.498437378737705
Carside,R-NSGA-II_eps0.1,20,62,28.322795645602934,3.841241728058775,11.519166206735939
Carside,R-NSGA-II_eps0.1,20,62,27.921581359943254,3.8547772535136193,11.5248346200351
Carside,R-NSGA-II_eps0.1,20,62,27.921582944624344,3.8547771671749667,11.524834341707017
Carside,R-NSGA-II_eps0.1,20,62,27.92160522361785,3.8547565691590946,11.524846333521687
Carside,R-NSGA-II_eps0.1,20,62,27.859409635499844,3.8531036455190155,11.560982993363343
Carside,R-NSGA-II_eps0.1,20,62,27.921613874265457,3.8547675782817503,11.524837980099718
Carside,R-NSGA-II_eps0.1,20,62,27.92227467416243,3.8547672225058967,11.524808003610872
Carside,R-NSGA-II_eps0.1,20,62,28.052439631066477,3.8742525250675452,11.500683412520342
Carside,R-NSGA-II_eps0.1,20,62,28.29217392771544,3.8391446088145393,11.544931200704847
Carside,R-NSGA-II_eps0.1,20,62,27.921476040854568,3.8547332184126253,11.524867669495043
Carside,R-NSGA-II_eps0.1,20,62,27.922343963784368,3.854753876560138,11.52481173850175
Carside,R-NSGA-II_eps0.1,20,62,27.928557626461934,3.8544693113585273,11.524796665165894
Carside,R-NSGA-II_eps0.1,20,62,27.693755950136705,3.8831575342202687,11.52484282610023
Carside,R-NSGA-II_eps0.1,20,62,27.92161564197691,3.854777928311638,11.524825845779741
Carside,R-NSGA-II_eps0.1,20,62,27.921623016398026,3.854777022061252,11.524826052697549
Carside,R-NSGA-II_eps0.1,20,62,27.921619334605893,3.854777695508587,11.52482567830823
Carside,R-NSGA-II_eps0.1,20,62,27.921618913916298,3.854777691577425,11.524825698727454
Carside,R-NSGA-II_eps0.1,20,62,27.921633813696342,3.854777137624231,11.524825346390557
Carside,R-NSGA-II_eps0.1,20,62,27.921638126010908,3.8547771375807423,11.524825141990714
Carside,R-NSGA-II_eps0.1,20,62,27.92163088077458,3.8547771375807423,11.524825467653866
Carside,R-NSGA-II_eps0.1,20,62,27.94177410495526,3.8466782432319513,11.57373661537946
Carside,R-NSGA-II_eps0.1,20,62,27.921634032824286,3.854777137624231,11.52482529199682
Carside,R-NSGA-II_eps0.1,20,62,27.929100707075435,3.854490425969653,11.524760375080136
Carside,R-NSGA-II_eps0.1,20,62,27.674801865337635,3.884864758846544,11.551770092037621
Carside,R-NSGA-II_eps0.1,20,62,27.921624407123737,3.8547774833768935,11.524825142889142
Carside,R-NSGA-II_eps0.1,20,62,27.745475278027865,3.8547771375807423,11.574883101816685
Carside,R-NSGA-II_eps0.1,20,62,27.929097156950405,3.854489079540133,11.524761508385978
Carside,R-NSGA-II_eps0.1,20,62,28.393946971509248,3.8476431636671204,11.489724552100785
Carside,R-NSGA-II_eps0.1,20,62,27.921665621711703,3.8547800002068535,11.524821183304221
Carside,R-NSGA-II_eps0.1,20,62,27.928817364893227,3.8545430157256404,11.524724605508712
Carside,R-NSGA-II_eps0.1,20,62,27.92915622325308,3.8544901577586983,11.524757989118044
Carside,R-NSGA-II_eps0.1,20,62,27.637029598433365,3.870665456806525,11.568620440020704
Carside,R-NSGA-II_eps0.1,20,62,27.921145021450275,3.8547804505895495,11.524844383898136
Carside,R-NSGA-II_eps0.1,20,62,28.54018447608764,3.8344400087666433,11.505254376087535
Carside,R-NSGA-II_eps0.1,20,62,27.92920896567909,3.854488569361378,11.524757192772167
Carside,R-NSGA-II_eps0.1,20,62,28.09894207837655,3.8414730809428894,11.581040186913587
Carside,R-NSGA-II_eps0.1,20,62,27.929181824559723,3.8544895494909426,11.524757065346556
Carside,R-NSGA-II_eps0.1,20,62,27.922859240394942,3.8547675782765247,11.524774705365061
Carside,R-NSGA-II_eps0.1,20,62,27.92877638352479,3.8545456778426037,11.524722337323109
Carside,R-NSGA-II_eps0.1,20,62,28.633357165573408,3.8355403143807507,11.492072727903372
Carside,R-NSGA-II_eps0.1,20,62,27.92287259613139,3.854767578250659,11.52477358912516
Carside,R-NSGA-II_eps0.1,20,62,27.516629586461093,3.8815915495126054,11.579852546550509
Carside,R-NSGA-II_eps0.1,20,62,27.9228727041083,3.8547675782765247,11.524773558065693
Carside,R-NSGA-II_eps0.1,20,62,27.92167777185955,3.8547673592407796,11.524826719781045
Carside,R-NSGA-II_eps0.1,20,62,27.9295968744973,3.846155001826267,11.595273148810609
Carside,R-NSGA-II_eps0.1,20,62,28.543939079828338,3.8547920595975893,11.471783321113495
Carside,R-NSGA-II_eps0.1,20,62,27.929279747210373,3.854477339684128,11.524757065102824
Carside,R-NSGA-II_eps0.1,20,62,27.521013856298534,3.9043651756480697,11.525073964749264
Carside,R-NSGA-II_eps0.1,20,62,27.928191863048188,3.8546249782833337,11.52467130317213
Carside,R-NSGA-II_eps0.1,20,62,27.928377385524584,3.854581936330041,11.524695754483435
Carside,R-NSGA-II_eps0.1,20,62,27.929205324131164,3.854470170862861,11.524761326364777
Carside,R-NSGA-II_eps0.2,0,42,27.929429605478873,3.855300374425166,11.525732534305408
Carside,R-NSGA-II_eps0.2,0,42,27.929127265534714,3.8553002678492634,11.525751402196526
Carside,R-NSGA-II_eps0.2,0,42,27.929431171087387,3.855280747448909,11.525708417376864
Carside,R-NSGA-II_eps0.2,0,42,27.926447902223913,3.8553899801270126,11.525768213827781
Carside,R-NSGA-II_eps0.2,0,42,27.928234919573597,3.8553222678195898,11.525676317596492
Carside,R-NSGA-II_eps0.2,0,42,27.932431938350746,3.855195695157321,11.525642481347614
Carside,R-NSGA-II_eps0.2,0,42,27.93196510394291,3.855210775754985,11.52560086277991
Carside,R-NSGA-II_eps0.2,0,42,27.932431938676686,3.855195695157321,11.525606839618522
Carside,R-NSGA-II_eps0.2,0,42,27.934404397997245,3.8551193680544897,11.525702714101673
Carside,R-NSGA-II_eps0.2,0,42,27.92663904032575,3.8553217565423723,11.525764990418903
Carside,R-NSGA-II_eps0.2,0,42,27.934365831633095,3.8551667421693683,11.525554642812605
Carside,R-NSGA-II_eps0.2,0,42,27.932021170746335,3.8551973557853625,11.525593523814766
Carside,R-NSGA-II_eps0.2,0,42,27.933117392749175,3.85515543465345,11.52563481477452
Carside,R-NSGA-II_eps0.2,0,42,27.933460107150978,3.8551639217768128,11.525592818352356
Carside,R-NSGA-II_eps0.2,0,42,27.933649522157197,3.855157418174618,11.525590187301097
Carside,R-NSGA-II_eps0.2,0,42,27.934073179661105,3.8551280926635902,11.525643232320792
Carside,R-NSGA-II_eps0.2,0,42,27.93341634349661,3.8551770042794145,11.52554715603383
Carside,R-NSGA-II_eps0.2,0,42,27.933883809782724,3.855143569258653,11.525598359260268
Carside,R-NSGA-II_eps0.2,0,42,27.933882875993195,3.8551434063827816,11.525598503219099
Carside,R-NSGA-II_eps0.2,0,42,27.93391666065978,3.855143405146852,11.525587966932012
Carside,R-NSGA-II_eps0.2,0,42,27.93453648778698,3.8551454633491464,11.525552926172562
Carside,R-NSGA-II_eps0.2,0,42,27.93265379316969,3.8551618751310928,11.525602289977
Carside,R-NSGA-II_eps0.2,0,42,27.93212211502875,3.8551433833090973,11.52567418364195
Carside,R-NSGA-II_eps0.2,0,42,27.934533849506753,3.8551286402769405,11.525577659864682
Carside,R-NSGA-II_eps0.2,0,42,27.93419104203939,3.8551864171246413,11.525450568568186
Carside,R-NSGA-II_eps0.2,0,42,27.934164291595728,3.8551274752798115,11.525591552710516
Carside,R-NSGA-II_eps0.2,0,42,27.937099472251575,3.855126891874571,11.525482191372678
Carside,R-NSGA-II_eps0.2,0,42,27.93445588034204,3.855124527195171,11.525584330243774
Carside,R-NSGA-II_eps0.2,0,42,27.93449134873587,3.8551245168351134,11.525581389306724
Carside,R-NSGA-II_eps0.2,0,42,27.93440093092196,3.85512479705167,11.525579513658156
Carside,R-NSGA-II_eps0.2,0,42,27.937678894192207,3.855081292926411,11.525581064197153
Carside,R-NSGA-II_eps0.2,0,42,27.934398877487965,3.855119532498172,11.52559012745175
Carside,R-NSGA-II_eps0.2,0,42,27.933628930557923,3.8551982523966872,11.525434247560899
Carside,R-NSGA-II_eps0.2,0,42,27.93439830210406,3.8551195359408634,11.525588544775458
Carside,R-NSGA-II_eps0.2,0,42,27.933925933057555,3.8551329801579794,11.525571983986907
Carside,R-NSGA-II_eps0.2,0,42,27.9340062605275,3.8551321282443918,11.525565511724157
Carside,R-NSGA-II_eps0.2,0,42,27.926840630917233,3.8552352245069965,11.525809055988887
Carside,R-NSGA-II_eps0.2,0,42,27.928931329050258,3.8551667421693683,11.525797591324825
Carside,R-NSGA-II_eps0.2,0,42,27.934552759612764,3.8551240616046045,11.52555403733519
Carside,R-NSGA-II_eps0.2,0,42,27.934195175398294,3.855185986966768,11.525419821647292
Carside,R-NSGA-II_eps0.2,0,42,27.93435335462752,3.8551788179874333,11.525420012747851
Carside,R-NSGA-II_eps0.2,0,42,27.93441719482524,3.8551764318982644,11.525420931300072
Carside,R-NSGA-II_eps0.2,0,42,27.928667156532754,3.8551637760813833,11.5258056045349
Carside,R-NSGA-II_eps0.2,0,42,27.934880433636295,3.8551738058098244,11.525402306299197
Carside,R-NSGA-II_eps0.2,0,42,27.937397964154034,3.8551182128854125,11.525449824338445
Carside,R-NSGA-II_eps0.2,0,42,27.93739855155415,3.855118139643502,11.525449824338445
Carside,R-NSGA-II_eps0.2,0,42,27.928932550046763,3.85511836302056,11.525917084581817
Carside,R-NSGA-II_eps0.2,0,42,27.928928263346446,3.855118394760159,11.525916773984246
Carside,R-NSGA-II_eps0.2,0,42,27.928932550056544,3.85511836302056,11.525916015259144
Carside,R-NSGA-II_eps0.2,0,42,27.9271172393294,3.8552037652643074,11.525828176546554
Carside,R-NSGA-II_eps0.2,0,42,27.927022999133953,3.855212485327402,11.52580945277618
Carside,R-NSGA-II_eps0.2,0,42,27.925877299618147,3.855244507873651,11.525845601150188
Carside,R-NSGA-II_eps0.2,0,42,27.92929508627321,3.855142353975375,11.525796960664515
Carside,R-NSGA-II_eps0.2,0,42,27.927206496918355,3.855204285343982,11.525806536484549
Carside,R-NSGA-II_eps0.2,0,42,27.927548218206738,3.855194798854676,11.525797816573927
Carside,R-NSGA-II_eps0.2,0,42,27.927161745739657,3.8552042318235307,11.52580838590799
Carside,R-NSGA-II_eps0.2,0,42,27.92755574666838,3.855193720240151,11.525797932388855
Carside,R-NSGA-II_eps0.2,0,42,27.927582697943606,3.855194090453731,11.525791122234349
Carside,R-NSGA-II_eps0.2,0,42,27.927459716791574,3.8551962119491026,11.525796553368977
Carside,R-NSGA-II_eps0.2,0,42,27.92745792071985,3.855195887251875,11.525796912905573
Carside,R-NSGA-II_eps0.2,0,42,29.1326787269371,3.8552726558971546,11.425767208232578
Carside,R-NSGA-II_eps0.2,0,42,27.934695624170136,3.8551061769707724,11.525554327475156
Carside,R-NSGA-II_eps0.2,0,42,27.923503382364874,3.8553575137571814,11.525847047471126
Carside,R-NSGA-II_eps0.2,0,42,27.923502288118115,3.8553575137571814,11.525847138315369
Carside,R-NSGA-II_eps0.2,0,42,27.663197381311285,3.8498289476832124,11.676454708620986
Carside,R-NSGA-II_eps0.2,0,42,27.923165879186662,3.8551971604844466,11.526380088257039
Carside,R-NSGA-II_eps0.2,0,42,27.923528137904942,3.8553493835286687,11.525853213781687
Carside,R-NSGA-II_eps0.2,0,42,27.408010019445037,3.920690532862754,11.52704967119056
Carside,R-NSGA-II_eps0.2,0,42,27.922959858363054,3.8553167556318955,11.525996431891146
Carside,R-NSGA-II_eps0.2,0,42,27.922844178512726,3.8553206341553157,11.526002780115334
Carside,R-NSGA-II_eps0.2,0,42,28.325628890602754,3.8131580779866194,11.800027481622115
Carside,R-NSGA-II_eps0.2,0,42,26.775278895170477,3.855580697546367,11.858902284699244
Carside,R-NSGA-II_eps0.2,0,42,27.922910854259662,3.8553175005499694,11.525999419907215
Carside,R-NSGA-II_eps0.2,0,42,30.780656506961687,3.7705304926826484,11.473922649454352
Carside,R-NSGA-II_eps0.2,0,42,27.92964376998687,3.8550949887348724,11.525879666019947
Carside,R-NSGA-II_eps0.2,0,42,27.92282459790599,3.8553206341553157,11.526004405166098
Carside,R-NSGA-II_eps0.2,0,42,27.92293645186611,3.8553155192825463,11.525998162812753
Carside,R-NSGA-II_eps0.2,0,42,29.893315910886347,3.7660385649513466,11.806445848165488
Carside,R-NSGA-II_eps0.2,0,42,27.922866714109432,3.855320440917269,11.525995917344101
Carside,R-NSGA-II_eps0.2,0,42,27.92284712123773,3.855319543516299,11.526000486387327
Carside,R-NSGA-II_eps0.2,0,42,31.993720893010906,3.7215099317989484,11.468919629331413
Carside,R-NSGA-II_eps0.2,0,42,27.92590798428748,3.8551605093109234,11.526045242198471
Carside,R-NSGA-II_eps0.2,0,42,27.922765020569123,3.8553218014377593,11.52600390977607
Carside,R-NSGA-II_eps0.2,0,42,26.337683460575732,3.851008874691011,12.083412931283487
Carside,R-NSGA-II_eps0.2,0,42,32.21057658808516,3.7040418264176393,11.815807822717645
Carside,R-NSGA-II_eps0.2,0,42,27.92278628535449,3.85532158712362,11.525999694014182
Carside,R-NSGA-II_eps0.2,0,42,27.92278628535453,3.85532158712362,11.52599968958015
Carside,R-NSGA-II_eps0.2,0,42,29.80967575855336,3.7260324301060495,12.094153009740605
Carside,R-NSGA-II_eps0.2,0,42,27.92278571576335,3.85532158712362,11.525999736867547
Carside,R-NSGA-II_eps0.2,0,42,27.922762207778295,3.8553238699842582,11.525997393756574
Carside,R-NSGA-II_eps0.2,0,42,33.956014167603726,3.657756005981043,11.436013962213355
Carside,R-NSGA-II_eps0.2,0,42,27.922649664116264,3.85532158712362,11.526019775214916
Carside,R-NSGA-II_eps0.2,0,42,27.922697693119236,3.8553240137042812,11.526005443673125
Carside,R-NSGA-II_eps0.2,0,42,27.929444806572732,3.8551309850805393,11.525768656962327
Carside,R-NSGA-II_eps0.2,0,42,27.929767229947046,3.8550717465343904,11.525937904122188
Carside,R-NSGA-II_eps0.2,0,42,27.927510087293772,3.8551666254747534,11.525826976329132
Carside,R-NSGA-II_eps0.2,0,42,27.927452026666792,3.8551663496360504,11.525830473029455
Carside,R-NSGA-II_eps0.2,0,42,27.925941116112273,3.8551589621690834,11.526024844790886
Carside,R-NSGA-II_eps0.2,0,42,27.926442819805803,3.855194168747514,11.525843975830686
Carside,R-NSGA-II_eps0.2,0,42,27.926052910126035,3.8551651019799538,11.525971352189707
Carside,R-NSGA-II_eps0.2,1,43,27.89978428411167,3.8548681847754844,11.525807086557737
Carside,R-NSGA-II_eps0.2,1,43,27.899637140037946,3.8548711264154303,11.52578930871284
Carside,R-NSGA-II_eps0.2,1,43,27.89959735055322,3.8548713919737083,11.525774472096787
Carside,R-NSGA-II_eps0.2,1,43,27.899536635186973,3.8548716950028434,11.525778905258907
Carside,R-NSGA-II_eps0.2,1,43,27.898732226783512,3.8548898560676075,11.525856126867279
Carside,R-NSGA-II_eps0.2,1,43,27.898851700666714,3.8548839469150407,11.525829229465216
Carside,R-NSGA-II_eps0.2,1,43,27.898094159824247,3.8548823121455253,11.52587702116401
Carside,R-NSGA-II_eps0.2,1,43,27.89788016881951,3.8548714727523765,11.5259659245392
Carside,R-NSGA-II_eps0.2,1,43,27.898742884457224,3.8547704562614844,11.525952551178019
Carside,R-NSGA-II_eps0.2,1,43,27.90001014071364,3.8547704562614844,11.525592451058252
Carside,R-NSGA-II_eps0.2,1,43,27.90008790780561,3.854765808976995,11.525596258266587
Carside,R-NSGA-II_eps0.2,1,43,27.9003836523806,3.8547048575836658,11.525699584705645
Carside,R-NSGA-II_eps0.2,1,43,27.900099469378524,3.8547083879187602,11.525700004585044
Carside,R-NSGA-II_eps0.2,1,43,27.895777955235754,3.8553428251974013,11.524580656389713
Carside,R-NSGA-II_eps0.2,1,43,27.914688915856107,3.8543415350563373,11.525549521174884
Carside,R-NSGA-II_eps0.2,1,43,27.886563252473756,3.8557957427073135,11.52646744866782
Carside,R-NSGA-II_eps0.2,1,43,27.91410607306341,3.8543415350563373,11.525579431994467
Carside,R-NSGA-II_eps0.2,1,43,27.886264164753854,3.855799215647924,11.52647470357159
Carside,R-NSGA-II_eps0.2,1,43,27.886233241498207,3.855800237474898,11.526475140555428
Carside,R-NSGA-II_eps0.2,1,43,27.886189690365924,3.855805227542909,11.526474701574015
Carside,R-NSGA-II_eps0.2,1,43,27.89987983115213,3.854663108757999,11.525752973924662
Carside,R-NSGA-II_eps0.2,1,43,27.896905528913184,3.8557231704573325,11.524197510292812
Carside,R-NSGA-II_eps0.2,1,43,27.916200909276878,3.8549347750517153,11.523374915823926
Carside,R-NSGA-II_eps0.2,1,43,27.897095888006653,3.855723106130831,11.524143943976588
Carside,R-NSGA-II_eps0.2,1,43,27.91625843935071,3.8549276017258016,11.523374915823926
Carside,R-NSGA-II_eps0.2,1,43,27.89920410660262,3.854621373348671,11.526025897594502
Carside,R-NSGA-II_eps0.2,1,43,27.886737511142634,3.8552526749046234,11.526576401931411
Carside,R-NSGA-II_eps0.2,1,43,27.89982197736188,3.8546224570559056,11.525769131657212
Carside,R-NSGA-II_eps0.2,1,43,27.885468914967976,3.855370342387589,11.526658266185922
Carside,R-NSGA-II_eps0.2,1,43,27.902318645191848,3.855111489440168,11.523959668638987
Carside,R-NSGA-II_eps0.2,1,43,27.88531259421918,3.8553700398324873,11.526705159033053
Carside,R-NSGA-II_eps0.2,1,43,27.896967187393756,3.854633347518165,11.526447761006457
Carside,R-NSGA-II_eps0.2,1,43,27.903294269090132,3.8544292524266033,11.52652129765615
Carside,R-NSGA-II_eps0.2,1,43,27.885859840505606,3.8552626630502584,11.526730904974475
Carside,R-NSGA-II_eps0.2,1,43,27.885858644505017,3.85526266385605,11.526730957821435
Carside,R-NSGA-II_eps0.2,1,43,27.905322623155833,3.8548729136797837,11.52408889419181
Carside,R-NSGA-II_eps0.2,1,43,27.88568421573779,3.8552758307469253,11.526721320567688
Carside,R-NSGA-II_eps0.2,1,43,27.88574925979772,3.8552676584237524,11.526721492615986
Carside,R-NSGA-II_eps0.2,1,43,27.885749149858484,3.8552676584237524,11.526721524485328
Carside,R-NSGA-II_eps0.2,1,43,27.90283649322348,3.8544292524266033,11.526651378010879
Carside,R-NSGA-II_eps0.2,1,43,27.88574783117558,3.855243220483408,11.52673608788777
Carside,R-NSGA-II_eps0.2,1,43,27.893448014831133,3.8552623381399433,11.524641133276061
Carside,R-NSGA-II_eps0.2,1,43,27.888180574577568,3.8553796913651186,11.525353380954488
Carside,R-NSGA-II_eps0.2,1,43,27.891047256557076,3.8549786344465664,11.525601231665402
Carside,R-NSGA-II_eps0.2,1,43,27.89129991704669,3.8548707577842354,11.526011827324929
Carside,R-NSGA-II_eps0.2,1,43,27.904606448885296,3.8548307827569865,11.524114977379465
Carside,R-NSGA-II_eps0.2,1,43,27.90885188933339,3.854783342138274,11.523872566692994
Carside,R-NSGA-II_eps0.2,1,43,27.884650658193326,3.8552644868747326,11.526799062199924
Carside,R-NSGA-II_eps0.2,1,43,27.886727575127942,3.8550698982986984,11.526733104055547
Carside,R-NSGA-II_eps0.2,1,43,27.904804663453056,3.854891975388356,11.523941752274423
Carside,R-NSGA-II_eps0.2,1,43,27.88686603412412,3.855052634084711,11.526733103459055
Carside,R-NSGA-II_eps0.2,1,43,27.88689404991398,3.8550481573954,11.526733761969536
Carside,R-NSGA-II_eps0.2,1,43,27.887579935832846,3.8549812993816968,11.52672305126871
Carside,R-NSGA-II_eps0.2,1,43,27.88348903138217,3.8553776373951103,11.526801621586658
Carside,R-NSGA-II_eps0.2,1,43,27.88265795505833,3.8555531825148024,11.526756561812906
Carside,R-NSGA-II_eps0.2,1,43,27.887290972284756,3.8549812993816968,11.526747177100432
Carside,R-NSGA-II_eps0.2,1,43,27.887713773578835,3.8549812993816968,11.526399243625356
Carside,R-NSGA-II_eps0.2,1,43,27.887386468914478,3.8549726727889753,11.526734822946981
Carside,R-NSGA-II_eps0.2,1,43,27.887018421537647,3.8550237889046954,11.526402734287293
Carside,R-NSGA-II_eps0.2,1,43,27.887189937428836,3.855104440870673,11.525896353850078
Carside,R-NSGA-II_eps0.2,1,43,27.886957706171398,3.855024091933831,11.526407167463974
Carside,R-NSGA-II_eps0.2,1,43,29.175006853860914,3.8303717076740913,11.470396728179004
Carside,R-NSGA-II_eps0.2,1,43,27.88542947102986,3.855100103825187,11.526753275974404
Carside,R-NSGA-II_eps0.2,1,43,27.1825446602643,3.854986149484262,11.73106738278879
Carside,R-NSGA-II_eps0.2,1,43,27.91169157587849,3.8547428122032974,11.523653382002516
Carside,R-NSGA-II_eps0.2,1,43,27.147448498738118,3.9473250962193096,11.526721524485328
Carside,R-NSGA-II_eps0.2,1,43,27.88953717228277,3.855173166475582,11.525080634893325
Carside,R-NSGA-II_eps0.2,1,43,27.889648863684055,3.8551731664755855,11.52504889696612
Carside,R-NSGA-II_eps0.2,1,43,30.664358424094264,3.859184752039495,11.30602464321004
Carside,R-NSGA-II_eps0.2,1,43,27.882754904129374,3.855377637394958,11.526851603000189
Carside,R-NSGA-II_eps0.2,1,43,27.021049696092547,3.8420453373450405,11.898939016749317
Carside,R-NSGA-II_eps0.2,1,43,27.890596651014967,3.8555092897554983,11.524512083185666
Carside,R-NSGA-II_eps0.2,1,43,27.89050496240617,3.8555253919510273,11.524510404400896
Carside,R-NSGA-II_eps0.2,1,43,31.744634428250116,3.7234038322161633,11.505819738151295
Carside,R-NSGA-II_eps0.2,1,43,27.890488831548566,3.8555274032799076,11.52451040240987
Carside,R-NSGA-II_eps0.2,1,43,31.00185974369514,3.7351116358606715,11.826791954832956
Carside,R-NSGA-II_eps0.2,1,43,27.890735385066478,3.8555419946855647,11.524469753101096
Carside,R-NSGA-II_eps0.2,1,43,33.89593486684497,3.755179910971896,11.382445037083635
Carside,R-NSGA-II_eps0.2,1,43,27.88938987360667,3.855176113224203,11.525062858483192
Carside,R-NSGA-II_eps0.2,1,43,35.1766565935393,3.710882390184439,11.22608516980413
Carside,R-NSGA-II_eps0.2,1,43,27.883082442892498,3.855305917168716,11.526818549155898
Carside,R-NSGA-II_eps0.2,1,43,27.88298221403712,3.855318414532228,11.526818549556605
Carside,R-NSGA-II_eps0.2,1,43,27.89577028563637,3.854898257766001,11.524687129539796
Carside,R-NSGA-II_eps0.2,1,43,27.89440370100025,3.854891748389482,11.524893296945255
Carside,R-NSGA-II_eps0.2,1,43,27.88420005950168,3.855152636868154,11.52685028708326
Carside,R-NSGA-II_eps0.2,1,43,27.888668745933597,3.8552585833084394,11.524970526216869
Carside,R-NSGA-II_eps0.2,1,43,27.905605225044035,3.8548971816452053,11.523670257203056
Carside,R-NSGA-II_eps0.2,1,43,27.908765903115995,3.854933762757102,11.5233819626649
Carside,R-NSGA-II_eps0.2,1,43,27.88360075453448,3.855176113224203,11.526918465768716
Carside,R-NSGA-II_eps0.2,1,43,27.88287962685176,3.8552585833084394,11.526826138512426
Carside,R-NSGA-II_eps0.2,1,43,27.8877276504481,3.85486967326218,11.52676617606845
Carside,R-NSGA-II_eps0.2,1,43,27.881384291468002,3.8555092897554983,11.526923129465004
Carside,R-NSGA-II_eps0.2,1,43,27.88601313440291,3.854972831910978,11.52677829333831
Carside,R-NSGA-II_eps0.2,1,43,27.88890509323713,3.854889974134932,11.525896571865395
Carside,R-NSGA-II_eps0.2,1,43,27.88569119129988,3.854978022171975,11.526947983569574
Carside,R-NSGA-II_eps0.2,1,43,27.889788990104513,3.8555484583540993,11.524452104635532
Carside,R-NSGA-II_eps0.2,1,43,27.886029172612616,3.856319921415816,11.52645760142359
Carside,R-NSGA-II_eps0.2,1,43,27.882921180498503,3.8551866289225347,11.526939031144662
Carside,R-NSGA-II_eps0.2,1,43,27.891000936874878,3.854675630554462,11.526679598068824
Carside,R-NSGA-II_eps0.2,1,43,27.8829023890419,3.8551560805044356,11.527001040082887
Carside,R-NSGA-II_eps0.2,2,44,27.93562596953451,3.855070082618513,11.52585971752861
Carside,R-NSGA-II_eps0.2,2,44,27.934577070784854,3.8550974578731974,11.525680887942238
Carside,R-NSGA-II_eps0.2,2,44,27.92518084451317,3.8552349088081543,11.526395761642554
Carside,R-NSGA-II_eps0.2,2,44,27.924955041352387,3.8552349088081543,11.526409861192906
Carside,R-NSGA-II_eps0.2,2,44,27.9249550413524,3.8552349088081543,11.526409859692933
Carside,R-NSGA-II_eps0.2,2,44,27.93229294375786,3.855206649652168,11.525548386906983
Carside,R-NSGA-II_eps0.2,2,44,27.925870989131617,3.8554013533892237,11.525947133401372
Carside,R-NSGA-II_eps0.2,2,44,27.92693707365109,3.8552087418101615,11.526003106594228
Carside,R-NSGA-II_eps0.2,2,44,27.92693849629552,3.855208349855211,11.526003028894234
Carside,R-NSGA-II_eps0.2,2,44,27.92400306804845,3.855266578861641,11.526424790057344
Carside,R-NSGA-II_eps0.2,2,44,27.926675868717496,3.855222491168814,11.526008966143719
Carside,R-NSGA-II_eps0.2,2,44,27.926836868143212,3.8552068014699206,11.52600767929847
Carside,R-NSGA-II_eps0.2,2,44,27.926681795958473,3.8552168733239376,11.526011539215498
Carside,R-NSGA-II_eps0.2,2,44,27.926781004126433,3.8552075594066264,11.526011232493435
Carside,R-NSGA-II_eps0.2,2,44,27.927211175552266,3.855218609814386,11.52593656673686
Carside,R-NSGA-II_eps0.2,2,44,27.927042250387828,3.8552208763542355,11.525951507282137
Carside,R-NSGA-II_eps0.2,2,44,27.925482707000178,3.8554143904553837,11.525952656636516
Carside,R-NSGA-II_eps0.2,2,44,27.925408941914867,3.8554143904553837,11.52595765553254
Carside,R-NSGA-II_eps0.2,2,44,27.926383311735748,3.8552334834425985,11.525994883893958
Carside,R-NSGA-II_eps0.2,2,44,27.926613826152664,3.8552350541873346,11.52595971125264
Carside,R-NSGA-II_eps0.2,2,44,27.926182123705424,3.855239557940359,11.52600769836878
Carside,R-NSGA-II_eps0.2,2,44,27.926666142885267,3.8552372619430453,11.525944765002944
Carside,R-NSGA-II_eps0.2,2,44,27.926676901102578,3.8552372619430453,11.525941707983096
Carside,R-NSGA-II_eps0.2,2,44,27.92613771229736,3.8552355369941846,11.526014230772137
Carside,R-NSGA-II_eps0.2,2,44,27.926469334562746,3.855233608778596,11.52596943843757
Carside,R-NSGA-II_eps0.2,2,44,27.926365876881754,3.855255526757142,11.525946207934862
Carside,R-NSGA-II_eps0.2,2,44,27.926065316358006,3.8552515275398758,11.525988003930603
Carside,R-NSGA-II_eps0.2,2,44,27.9260571552067,3.8552515422863447,11.525988690704008
Carside,R-NSGA-II_eps0.2,2,44,27.926061917265567,3.8552515071769617,11.525988004175353
Carside,R-NSGA-II_eps0.2,2,44,27.926036783544774,3.8552515422863447,11.525989605530626
Carside,R-NSGA-II_eps0.2,2,44,27.926035732901045,3.8552515422863447,11.525989652711697
Carside,R-NSGA-II_eps0.2,2,44,27.926556048248038,3.8550432782299566,11.526292277117966
Carside,R-NSGA-II_eps0.2,2,44,27.925947367733844,3.8552530088210255,11.525998452422652
Carside,R-NSGA-II_eps0.2,2,44,27.925950436475446,3.8552529973946603,11.525997774874114
Carside,R-NSGA-II_eps0.2,2,44,27.92595275344845,3.8552529418007704,11.525996891840563
Carside,R-NSGA-II_eps0.2,2,44,27.92594531791105,3.8552530451307874,11.525997464255882
Carside,R-NSGA-II_eps0.2,2,44,27.926587482083363,3.8550432782299566,11.526283389755307
Carside,R-NSGA-II_eps0.2,2,44,27.925948034991055,3.855253101221802,11.525996958297116
Carside,R-NSGA-II_eps0.2,2,44,27.925948034991105,3.855253101221802,11.52599695284269
Carside,R-NSGA-II_eps0.2,2,44,27.92593837047889,3.85525313358746,11.52599816993211
Carside,R-NSGA-II_eps0.2,2,44,27.925940102139627,3.8552537497846933,11.525996925253676
Carside,R-NSGA-II_eps0.2,2,44,27.925940277735567,3.855253212019818,11.525997539297393
Carside,R-NSGA-II_eps0.2,2,44,27.925951567423134,3.85525312901101,11.525995685078149
Carside,R-NSGA-II_eps0.2,2,44,27.926287503567302,3.8552495618155147,11.525952226317413
Carside,R-NSGA-II_eps0.2,2,44,27.92629230850951,3.8552489626955393,11.525952226317413
Carside,R-NSGA-II_eps0.2,2,44,27.926289921752947,3.8552489735192332,11.525952386967155
Carside,R-NSGA-II_eps0.2,2,44,27.92630417053768,3.85524881485637,11.525950623947853
Carside,R-NSGA-II_eps0.2,2,44,27.92629623768626,3.855249463419262,11.525950590903651
Carside,R-NSGA-II_eps0.2,2,44,27.926272801001566,3.855249230731656,11.525953710916095
Carside,R-NSGA-II_eps0.2,2,44,27.926289304672252,3.8552470952430467,11.525953797572349
Carside,R-NSGA-II_eps0.2,2,44,27.92610200645222,3.855257272793198,11.52596308376165
Carside,R-NSGA-II_eps0.2,2,44,27.92619907417864,3.8552544621100284,11.52595324133953
Carside,R-NSGA-II_eps0.2,2,44,27.926144233508897,3.8552515422863447,11.525963945871478
Carside,R-NSGA-II_eps0.2,2,44,27.926143008318117,3.8552515422863447,11.5259640504616
Carside,R-NSGA-II_eps0.2,2,44,27.92614020346954,3.8552515236811624,11.525964308188424
Carside,R-NSGA-II_eps0.2,2,44,27.926139225023068,3.8552515422863447,11.525964373427861
Carside,R-NSGA-II_eps0.2,2,44,27.926138646003057,3.855251549698926,11.52596441787286
Carside,R-NSGA-II_eps0.2,2,44,27.926138356552947,3.8552515496771136,11.525964441450977
Carside,R-NSGA-II_eps0.2,2,44,27.926138240621487,3.8552515496771136,11.525964452493486
Carside,R-NSGA-II_eps0.2,2,44,27.92613625924649,3.85525156052262,11.525964578521268
Carside,R-NSGA-II_eps0.2,2,44,27.92604240492284,3.855259425712005,11.52596743184094
Carside,R-NSGA-II_eps0.2,2,44,27.926186464177682,3.8552544722570983,11.525954106087609
Carside,R-NSGA-II_eps0.2,2,44,27.926143070293293,3.8552456191086493,11.525970646597507
Carside,R-NSGA-II_eps0.2,2,44,28.294850129306703,3.849731380701756,11.498463897262182
Carside,R-NSGA-II_eps0.2,2,44,27.92613132173052,3.855251756647168,11.525964340435078
Carside,R-NSGA-II_eps0.2,2,44,27.926213346730073,3.8552510936746427,11.525954124375254
Carside,R-NSGA-II_eps0.2,2,44,27.750628939992502,3.878750321311196,11.525737865971733
Carside,R-NSGA-II_eps0.2,2,44,27.76560851672262,3.855251480158667,11.571574638901076
Carside,R-NSGA-II_eps0.2,2,44,27.926211116202843,3.8552512305432876,11.525954132297214
Carside,R-NSGA-II_eps0.2,2,44,27.92611484515662,3.8552514868392134,11.525965678128781
Carside,R-NSGA-II_eps0.2,2,44,27.926114425445242,3.855251480158667,11.525965683146207
Carside,R-NSGA-II_eps0.2,2,44,27.926110503646136,3.8552515361742974,11.52596598022658
Carside,R-NSGA-II_eps0.2,2,44,27.926141225591245,3.8552518994315754,11.525960869341183
Carside,R-NSGA-II_eps0.2,2,44,27.926041826907113,3.8552530088210255,11.525971624807037
Carside,R-NSGA-II_eps0.2,2,44,27.926058161834142,3.8552522837800542,11.525969945800856
Carside,R-NSGA-II_eps0.2,2,44,28.65161716548962,3.8444655824324854,11.472150831259803
Carside,R-NSGA-II_eps0.2,2,44,27.92602745442398,3.855253143808609,11.525972832785119
Carside,R-NSGA-II_eps0.2,2,44,27.926035474486092,3.855253144179458,11.525971609728181
Carside,R-NSGA-II_eps0.2,2,44,27.611304116120657,3.85156427284996,11.629363157402013
Carside,R-NSGA-II_eps0.2,2,44,27.9260354744861,3.855253144179458,11.525971608996386
Carside,R-NSGA-II_eps0.2,2,44,27.926034057818104,3.855253226553425,11.525971507387311
Carside,R-NSGA-II_eps0.2,2,44,27.92605575070824,3.8552538471768,11.525967635624083
Carside,R-NSGA-II_eps0.2,2,44,27.456506454713484,3.913078635960607,11.526464171453396
Carside,R-NSGA-II_eps0.2,2,44,28.951628154850457,3.8205348254864537,11.51118456374422
Carside,R-NSGA-II_eps0.2,2,44,27.926069867794002,3.8552515496771136,11.525967506029584
Carside,R-NSGA-II_eps0.2,2,44,27.925690379791842,3.8552511716224718,11.52601911228233
Carside,R-NSGA-II_eps0.2,2,44,27.92570206567779,3.85526127982531,11.526002110670742
Carside,R-NSGA-II_eps0.2,2,44,28.912759612538455,3.8139164767519182,11.572751554301819
Carside,R-NSGA-II_eps0.2,2,44,27.926805940722968,3.8552421105386507,11.525877438910179
Carside,R-NSGA-II_eps0.2,2,44,27.31650170201926,3.8883205853828264,11.629363476548967
Carside,R-NSGA-II_eps0.2,2,44,27.925674990915116,3.8552534007701826,11.526010697844482
Carside,R-NSGA-II_eps0.2,2,44,27.41092080214836,3.8552336973610455,11.672520213128063
Carside,R-NSGA-II_eps0.2,2,44,29.516679280388864,3.8009813205178014,11.504539062520756
Carside,R-NSGA-II_eps0.2,2,44,27.92582340560291,3.8552541754986414,11.525982528810022
Carside,R-NSGA-II_eps0.2,2,44,27.94004029463009,3.854781623937688,11.525770352347589
Carside,R-NSGA-II_eps0.2,2,44,27.92888514022226,3.8548492766379003,11.526353058429663
Carside,R-NSGA-II_eps0.2,2,44,27.928599581960263,3.854858791484454,11.526337941376934
Carside,R-NSGA-II_eps0.2,2,44,27.928245878169932,3.8548527499817653,11.52639672080429
Carside,R-NSGA-II_eps0.2,2,44,27.928346163046,3.8548552122085504,11.526365109149005
Carside,R-NSGA-II_eps0.2,2,44,27.928345969249772,3.8548552122085504,11.526365117896013
Carside,R-NSGA-II_eps0.2,3,45,27.932887075916838,3.8549769226737762,11.52590031235053
Carside,R-NSGA-II_eps0.2,3,45,27.929508669512163,3.8549433191074622,11.526123642312882
Carside,R-NSGA-II_eps0.2,3,45,27.9296715316721,3.8549283413060933,11.526119713310033
Carside,R-NSGA-II_eps0.2,3,45,27.929615724291978,3.8549291300415045,11.526123947393142
Carside,R-NSGA-II_eps0.2,3,45,27.92953756895271,3.854954791005906,11.526066180571942
Carside,R-NSGA-II_eps0.2,3,45,27.93010347365168,3.854933135661656,11.525997614522872
Carside,R-NSGA-II_eps0.2,3,45,27.929723329055026,3.8549523738658547,11.526022937319542
Carside,R-NSGA-II_eps0.2,3,45,27.929705952060633,3.854951998013628,11.52602373328492
Carside,R-NSGA-II_eps0.2,3,45,27.933186594369502,3.854771324325155,11.525905236011468
Carside,R-NSGA-II_eps0.2,3,45,27.929742628265092,3.8549018907854933,11.526109372907424
Carside,R-NSGA-II_eps0.2,3,45,27.929699794049842,3.8549023624220067,11.526112603668636
Carside,R-NSGA-II_eps0.2,3,45,27.932714784465272,3.854771324325155,11.525939694753031
Carside,R-NSGA-II_eps0.2,3,45,27.92953133252672,3.8549670760606483,11.52599879435337
Carside,R-NSGA-II_eps0.2,3,45,27.933649697541476,3.8547223844910867,11.525927345044316
Carside,R-NSGA-II_eps0.2,3,45,27.929359335972826,3.8549018907854933,11.526136140744306
Carside,R-NSGA-II_eps0.2,3,45,27.928835701453124,3.85494418653991,11.526120271963006
Carside,R-NSGA-II_eps0.2,3,45,27.932112649769877,3.854774308016194,11.525948918378552
Carside,R-NSGA-II_eps0.2,3,45,27.932113939235222,3.854774308016194,11.525948551877995
Carside,R-NSGA-II_eps0.2,3,45,27.928328663483107,3.854963599274518,11.526160376251955
Carside,R-NSGA-II_eps0.2,3,45,27.928432182910555,3.854959112331747,11.526142433624482
Carside,R-NSGA-II_eps0.2,3,45,27.93127690760447,3.8547544122556663,11.526096580701253
Carside,R-NSGA-II_eps0.2,3,45,27.92850811527124,3.854963599274518,11.52610938388515
Carside,R-NSGA-II_eps0.2,3,45,27.928374624925613,3.8549765813706527,11.526110309205816
Carside,R-NSGA-II_eps0.2,3,45,27.92838064478092,3.854975855666942,11.526110305367634
Carside,R-NSGA-II_eps0.2,3,45,27.93280346748047,3.854728476651238,11.52594611131877
Carside,R-NSGA-II_eps0.2,3,45,27.928374624951072,3.8549765813706527,11.526107523878334
Carside,R-NSGA-II_eps0.2,3,45,27.928245362330863,3.8549606356037645,11.526164853534503
Carside,R-NSGA-II_eps0.2,3,45,27.935991727569625,3.8546222238244487,11.525879849372835
Carside,R-NSGA-II_eps0.2,3,45,27.932328965652253,3.854726885334792,11.526000140315338
Carside,R-NSGA-II_eps0.2,3,45,27.9329327158455,3.8547198469873303,11.52594078420853
Carside,R-NSGA-II_eps0.2,3,45,27.931952191443003,3.8547517903622963,11.525989011470742
Carside,R-NSGA-II_eps0.2,3,45,27.928160190456236,3.854963600131986,11.526165584258646
Carside,R-NSGA-II_eps0.2,3,45,27.92815866040509,3.8549636636899405,11.526165580628698
Carside,R-NSGA-II_eps0.2,3,45,27.928194736562162,3.854958453022304,11.526165489515684
Carside,R-NSGA-II_eps0.2,3,45,27.93222504605892,3.8547240667596374,11.526003147307954
Carside,R-NSGA-II_eps0.2,3,45,27.92804636077296,3.854958453022304,11.526176720919775
Carside,R-NSGA-II_eps0.2,3,45,27.93518501592571,3.8545919553093486,11.525995056464218
Carside,R-NSGA-II_eps0.2,3,45,27.92808546151276,3.85498032891913,11.526116835960908
Carside,R-NSGA-II_eps0.2,3,45,27.927661490594232,3.85498032891913,11.526205320498299
Carside,R-NSGA-II_eps0.2,3,45,27.928573737597645,3.8549636636899405,11.52604763356075
Carside,R-NSGA-II_eps0.2,3,45,27.927687903808874,3.8549799863051577,11.52619783089331
Carside,R-NSGA-II_eps0.2,3,45,27.9276776262734,3.8549803233383053,11.526197984341284
Carside,R-NSGA-II_eps0.2,3,45,27.927676681796065,3.85498032891913,11.526198081112149
Carside,R-NSGA-II_eps0.2,3,45,27.927827055535882,3.854965632335729,11.52619311635252
Carside,R-NSGA-II_eps0.2,3,45,27.927810053476207,3.854972940819094,11.526177719463433
Carside,R-NSGA-II_eps0.2,3,45,27.927762910431213,3.854965632335729,11.526198591222157
Carside,R-NSGA-II_eps0.2,3,45,27.931538417810888,3.854771167337645,11.525949874568646
Carside,R-NSGA-II_eps0.2,3,45,27.931481405616637,3.854769440552518,11.525960818847423
Carside,R-NSGA-II_eps0.2,3,45,27.93147124263531,3.8547707914822333,11.525952922659872
Carside,R-NSGA-II_eps0.2,3,45,27.93109189350563,3.854770604757052,11.526003115785617
Carside,R-NSGA-II_eps0.2,3,45,27.93108943212855,3.854770604757052,11.52600322713181
Carside,R-NSGA-II_eps0.2,3,45,27.93089143577337,3.854770553691572,11.526021163835509
Carside,R-NSGA-II_eps0.2,3,45,27.93089781503305,3.8547698233500083,11.526021330547765
Carside,R-NSGA-II_eps0.2,3,45,27.93089826621305,3.8547698233500083,11.526021205192187
Carside,R-NSGA-II_eps0.2,3,45,27.930897455628674,3.854769827987845,11.526021159993673
Carside,R-NSGA-II_eps0.2,3,45,27.93089790680868,3.854769827987845,11.526021034638072
Carside,R-NSGA-II_eps0.2,3,45,27.930900056555593,3.8547698233500083,11.526020531007234
Carside,R-NSGA-II_eps0.2,3,45,27.93088224642443,3.854769827987845,11.526022371274975
Carside,R-NSGA-II_eps0.2,3,45,28.24657753866471,3.854770604757052,11.49907594942248
Carside,R-NSGA-II_eps0.2,3,45,27.796154127732827,3.851949118669197,11.570814989431215
Carside,R-NSGA-II_eps0.2,3,45,27.930861893017585,3.85476998883859,11.526023391702195
Carside,R-NSGA-II_eps0.2,3,45,27.93573906195613,3.8545819167672692,11.52592237462062
Carside,R-NSGA-II_eps0.2,3,45,27.935445652102892,3.854580751355622,11.525949866593834
Carside,R-NSGA-II_eps0.2,3,45,27.724753627937776,3.8808914186701338,11.525965399920608
Carside,R-NSGA-II_eps0.2,3,45,27.930612193645544,3.8547519986630765,11.526100406983282
Carside,R-NSGA-II_eps0.2,3,45,27.930846667431293,3.8547658364816897,11.526026504760868
Carside,R-NSGA-II_eps0.2,3,45,27.934261098615515,3.8546035728400025,11.525986765613062
Carside,R-NSGA-II_eps0.2,3,45,27.929559686139164,3.8547573057225755,11.526257804785706
Carside,R-NSGA-II_eps0.2,3,45,27.929804893573326,3.854757603157332,11.526191626133457
Carside,R-NSGA-II_eps0.2,3,45,28.592193688569445,3.835256095368984,11.502371642838785
Carside,R-NSGA-II_eps0.2,3,45,27.929794834904868,3.854757305703767,11.526193128459765
Carside,R-NSGA-II_eps0.2,3,45,27.934562960056038,3.854601155614862,11.525932821788341
Carside,R-NSGA-II_eps0.2,3,45,27.93036332568093,3.8547358965991743,11.526132052451196
Carside,R-NSGA-II_eps0.2,3,45,27.92975655731618,3.8547589282321657,11.526180571532018
Carside,R-NSGA-II_eps0.2,3,45,27.929760125242574,3.8547584833535606,11.526180573666888
Carside,R-NSGA-II_eps0.2,3,45,27.506303541483597,3.8850625112795343,11.589186442147591
Carside,R-NSGA-II_eps0.2,3,45,27.929191769402877,3.8547696195168872,11.526264920985732
Carside,R-NSGA-II_eps0.2,3,45,27.930019519168265,3.8547627103724924,11.526117312368571
Carside,R-NSGA-II_eps0.2,3,45,28.626403638464264,3.8548562954741032,11.466218904687949
Carside,R-NSGA-II_eps0.2,3,45,27.93001342077675,3.8547627103724924,11.526117588277346
Carside,R-NSGA-II_eps0.2,3,45,27.929308645768863,3.854781724237385,11.526196314082938
Carside,R-NSGA-II_eps0.2,3,45,27.93037799801365,3.8547710208863983,11.526027778844043
Carside,R-NSGA-II_eps0.2,3,45,28.687188213490177,3.823727080002596,11.560312598240724
Carside,R-NSGA-II_eps0.2,3,45,27.929412967259157,3.8547779163168037,11.526181361868163
Carside,R-NSGA-II_eps0.2,3,45,27.92943195848451,3.8547713300195006,11.526191269271795
Carside,R-NSGA-II_eps0.2,3,45,27.45878114614619,3.913557134241498,11.526144429745983
Carside,R-NSGA-II_eps0.2,3,45,27.929221943843107,3.8547847520446283,11.526197041200216
Carside,R-NSGA-II_eps0.2,3,45,27.56286830874814,3.854703087221986,11.630981953456114
Carside,R-NSGA-II_eps0.2,3,45,28.48330519726197,3.8923020222846576,11.451629378484366
Carside,R-NSGA-II_eps0.2,3,45,27.929409948145157,3.8547713640748835,11.52619305289499
Carside,R-NSGA-II_eps0.2,3,45,27.929399392284616,3.854771361527504,11.526193959185113
Carside,R-NSGA-II_eps0.2,3,45,27.92951095470568,3.8547656984307035,11.526181361868163
Carside,R-NSGA-II_eps0.2,3,45,29.083883378737603,3.815971363787053,11.50923189467101
Carside,R-NSGA-II_eps0.2,3,45,27.415098694183495,3.854846976722227,11.673468277671546
Carside,R-NSGA-II_eps0.2,3,45,27.93042574218152,3.8547715620759018,11.525997445112298
Carside,R-NSGA-II_eps0.2,3,45,27.930431672723795,3.854770822606547,11.525997658024913
Carside,R-NSGA-II_eps0.2,3,45,28.029223543974744,3.9416386903867884,11.458734403862977
Carside,R-NSGA-II_eps0.2,3,45,27.15067716561463,3.9495913173431423,11.525863011452351
Carside,R-NSGA-II_eps0.2,3,45,27.932339647389036,3.8545913343763027,11.526181275133556
Carside,R-NSGA-II_eps0.2,3,45,27.929856335605127,3.8547502502310436,11.52612740894699
Carside,R-NSGA-II_eps0.2,4,46,27.913378574688824,3.8549663513888413,11.524892026094012
Carside,R-NSGA-II_eps0.2,4,46,27.91349273581903,3.854979366797107,11.524742178007648
Carside,R-NSGA-II_eps0.2,4,46,27.913493137759644,3.8549793166798234,11.524742178007648
Carside,R-NSGA-II_eps0.2,4,46,27.91458593721144,3.8549280122414067,11.524740898781381
Carside,R-NSGA-II_eps0.2,4,46,27.918047294871958,3.8548697124404057,11.524238610769647
Carside,R-NSGA-II_eps0.2,4,46,27.921365877368924,3.854832964255029,11.523823819760203
Carside,R-NSGA-II_eps0.2,4,46,27.911887342488935,3.8550052038689584,11.524817893172532
Carside,R-NSGA-II_eps0.2,4,46,27.91188604948559,3.8550052038689584,11.5248180034677
Carside,R-NSGA-II_eps0.2,4,46,27.918436394891334,3.854827311128185,11.524239066247532
Carside,R-NSGA-II_eps0.2,4,46,27.911666779155958,3.8550052038689584,11.524880638789199
Carside,R-NSGA-II_eps0.2,4,46,27.913486723318552,3.854979901484109,11.524471997699841
Carside,R-NSGA-II_eps0.2,4,46,27.91348741947874,3.854979901484109,11.524438506146744
Carside,R-NSGA-II_eps0.2,4,46,27.91343245599931,3.854979925867587,11.524450763770464
Carside,R-NSGA-II_eps0.2,4,46,27.913495022609187,3.8549835718257315,11.524414982936289
Carside,R-NSGA-II_eps0.2,4,46,27.91647029627211,3.8550024986724973,11.523696840878237
Carside,R-NSGA-II_eps0.2,4,46,27.912340633264375,3.855023475614867,11.524489894947495
Carside,R-NSGA-II_eps0.2,4,46,27.913232716016996,3.8549800075393064,11.52447102280355
Carside,R-NSGA-II_eps0.2,4,46,27.913221844739073,3.8549803746167663,11.52447117512627
Carside,R-NSGA-II_eps0.2,4,46,27.913417003755487,3.8549803746167663,11.524415750860884
Carside,R-NSGA-II_eps0.2,4,46,27.917735966038393,3.8549840610138153,11.52352184518892
Carside,R-NSGA-II_eps0.2,4,46,27.917708688422998,3.8549841387781547,11.52352404947447
Carside,R-NSGA-II_eps0.2,4,46,27.91212060591187,3.85502611194479,11.524508605199706
Carside,R-NSGA-II_eps0.2,4,46,27.91766999557216,3.8549835294020727,11.523527833672059
Carside,R-NSGA-II_eps0.2,4,46,27.917668669465037,3.8549835544774536,11.523527929888804
Carside,R-NSGA-II_eps0.2,4,46,27.9176570672041,3.8549836360879617,11.523528975693065
Carside,R-NSGA-II_eps0.2,4,46,27.91206150835354,3.855025855910878,11.52451770982449
Carside,R-NSGA-II_eps0.2,4,46,27.917149749497337,3.855003031004378,11.523531849099221
Carside,R-NSGA-II_eps0.2,4,46,27.91190420025528,3.855036976345341,11.524499683213985
Carside,R-NSGA-II_eps0.2,4,46,27.91197580033836,3.855028664080963,11.5245174763727
Carside,R-NSGA-II_eps0.2,4,46,27.911854507754406,3.855032859575008,11.524519083924453
Carside,R-NSGA-II_eps0.2,4,46,27.91678349630351,3.8549972300449546,11.52359418995007
Carside,R-NSGA-II_eps0.2,4,46,27.919408169136446,3.8548953064980993,11.523588408439633
Carside,R-NSGA-II_eps0.2,4,46,27.919408241629455,3.854895297459489,11.523588040601783
Carside,R-NSGA-II_eps0.2,4,46,27.919097723784446,3.8549055589855548,11.523582629088782
Carside,R-NSGA-II_eps0.2,4,46,27.91380088493954,3.854937009985336,11.524463216216805
Carside,R-NSGA-II_eps0.2,4,46,27.913776576922693,3.854937009985336,11.524464640003002
Carside,R-NSGA-II_eps0.2,4,46,27.912674336188722,3.8549838729019243,11.524489173371204
Carside,R-NSGA-II_eps0.2,4,46,27.916024963185606,3.8549759845389873,11.523775724918773
Carside,R-NSGA-II_eps0.2,4,46,27.90995395993177,3.854979366797107,11.525446309361453
Carside,R-NSGA-II_eps0.2,4,46,27.913769714157347,3.8549379061648863,11.524431642648604
Carside,R-NSGA-II_eps0.2,4,46,27.915139761817375,3.8549741975220817,11.523941795390297
Carside,R-NSGA-II_eps0.2,4,46,27.917988020242113,3.8549788726354635,11.523416887290004
Carside,R-NSGA-II_eps0.2,4,46,27.91729540858723,3.854930504987613,11.523719499411968
Carside,R-NSGA-II_eps0.2,4,46,27.917458550727467,3.8549652458255608,11.523530063197889
Carside,R-NSGA-II_eps0.2,4,46,27.9161873224172,3.8549462441024014,11.523803234865554
Carside,R-NSGA-II_eps0.2,4,46,27.91645766496795,3.854931534958313,11.523817585288196
Carside,R-NSGA-II_eps0.2,4,46,27.91140777544617,3.85500959282961,11.52459590060861
Carside,R-NSGA-II_eps0.2,4,46,27.917566718251432,3.854997584202316,11.523352607411942
Carside,R-NSGA-II_eps0.2,4,46,27.917563295614606,3.854997584202316,11.523352760912069
Carside,R-NSGA-II_eps0.2,4,46,27.921208032852338,3.854946505761601,11.523003634777085
Carside,R-NSGA-II_eps0.2,4,46,27.92070718651571,3.8549485941419417,11.523057110280497
Carside,R-NSGA-II_eps0.2,4,46,27.920894021519267,3.85495251711994,11.523016654528735
Carside,R-NSGA-II_eps0.2,4,46,27.920953665734054,3.8549365348692506,11.523066801822196
Carside,R-NSGA-II_eps0.2,4,46,27.922626830719096,3.8548629401440495,11.523088288837187
Carside,R-NSGA-II_eps0.2,4,46,27.920384081009765,3.8549278374708957,11.52310314940213
Carside,R-NSGA-II_eps0.2,4,46,27.91260204131283,3.8551152448656407,11.52368861285267
Carside,R-NSGA-II_eps0.2,4,46,27.923655655093224,3.8548465565076193,11.522997381759684
Carside,R-NSGA-II_eps0.2,4,46,27.915289558054127,3.8549285121300167,11.523870800888353
Carside,R-NSGA-II_eps0.2,4,46,27.912309189584942,3.855118382928565,11.52372252760566
Carside,R-NSGA-II_eps0.2,4,46,28.722239431934305,3.827453097030471,11.513764975380468
Carside,R-NSGA-II_eps0.2,4,46,27.91265180649341,3.854984676317605,11.524175678526378
Carside,R-NSGA-II_eps0.2,4,46,27.356312687628154,3.855369503218049,11.678652535356989
Carside,R-NSGA-II_eps0.2,4,46,27.91356161493637,3.8549527007552804,11.524045156892745
Carside,R-NSGA-II_eps0.2,4,46,27.913939839508217,3.854938604083006,11.524005836599079
Carside,R-NSGA-II_eps0.2,4,46,27.545846230055094,3.903297973416718,11.51877887282351
Carside,R-NSGA-II_eps0.2,4,46,27.917342101700516,3.855024455988257,11.523066756866712
Carside,R-NSGA-II_eps0.2,4,46,27.913561615252448,3.8549527007552804,11.524010492600091
Carside,R-NSGA-II_eps0.2,4,46,27.919277053937236,3.855013066626698,11.522802160805902
Carside,R-NSGA-II_eps0.2,4,46,27.91880518028305,3.8550079567430418,11.522877528458569
Carside,R-NSGA-II_eps0.2,4,46,27.91879055616547,3.8550081653505464,11.52287863540817
Carside,R-NSGA-II_eps0.2,4,46,27.920643041976728,3.8549832731633766,11.522687196511502
Carside,R-NSGA-II_eps0.2,4,46,26.926881502052183,3.8992164388115556,11.739870596286268
Carside,R-NSGA-II_eps0.2,4,46,29.685641172835755,3.7949201773021684,11.500567013544686
Carside,R-NSGA-II_eps0.2,4,46,27.916992398817765,3.855093818857878,11.52281249517545
Carside,R-NSGA-II_eps0.2,4,46,27.918098362340263,3.854922828138095,11.523210054683119
Carside,R-NSGA-II_eps0.2,4,46,27.229146220944777,3.849791592624122,11.914049701951058
Carside,R-NSGA-II_eps0.2,4,46,27.101829258612483,3.956011157374979,11.524815149405757
Carside,R-NSGA-II_eps0.2,4,46,27.917489233433685,3.855028205518594,11.522920757044899
Carside,R-NSGA-II_eps0.2,4,46,27.91966065510722,3.8549753782736773,11.522779063530526
Carside,R-NSGA-II_eps0.2,4,46,27.92052854686903,3.8549652369889724,11.522701212557823
Carside,R-NSGA-II_eps0.2,4,46,31.039465192072413,3.856717538730683,11.258081672902456
Carside,R-NSGA-II_eps0.2,4,46,27.922243749469466,3.854869399599698,11.522808943053247
Carside,R-NSGA-II_eps0.2,4,46,28.317874272822536,3.786086906437778,12.018988493737094
Carside,R-NSGA-II_eps0.2,4,46,25.939259144851082,3.895020385782252,12.005916734989132
Carside,R-NSGA-II_eps0.2,4,46,27.916857020492383,3.8550965375625905,11.522743897584117
Carside,R-NSGA-II_eps0.2,4,46,27.917989376463844,3.8549788726354635,11.522933804520441
Carside,R-NSGA-II_eps0.2,4,46,30.795353600971023,3.9271602576846005,11.248249924990525
Carside,R-NSGA-II_eps0.2,4,46,26.407504279682183,3.942393392293086,11.939912930710857
Carside,R-NSGA-II_eps0.2,4,46,27.915299468787175,3.855115803113476,11.522890457870197
Carside,R-NSGA-II_eps0.2,4,46,27.915262560696718,3.8551174544250695,11.522891086866936
Carside,R-NSGA-II_eps0.2,4,46,27.915245747944883,3.8551174544250695,11.5228918398899
Carside,R-NSGA-II_eps0.2,4,46,27.915307592207053,3.855117435273389,11.522881248542227
Carside,R-NSGA-II_eps0.2,4,46,27.91528356209663,3.855118101985243,11.522881823914117
Carside,R-NSGA-II_eps0.2,4,46,27.91571746631268,3.855109519272865,11.522827462161555
Carside,R-NSGA-II_eps0.2,4,46,27.915412482131895,3.8551192274023247,11.522831256534758
Carside,R-NSGA-II_eps0.2,4,46,27.915243901967493,3.855124434690679,11.52284086819738
Carside,R-NSGA-II_eps0.2,4,46,27.915274700349656,3.8551243146409773,11.52283484273055
Carside,R-NSGA-II_eps0.2,4,46,27.915271955104124,3.8551242516002326,11.5228349855174
Carside,R-NSGA-II_eps0.2,4,46,27.912562595082182,3.855115803113476,11.52330461628473
Carside,R-NSGA-II_eps0.2,4,46,27.914832756700868,3.8551259318227697,11.522895144078522
Carside,R-NSGA-II_eps0.2,5,47,27.897420454717917,3.8543308351820498,11.523796733659747
Carside,R-NSGA-II_eps0.2,5,47,27.89806050122511,3.8543187075545298,11.523681972229062
Carside,R-NSGA-II_eps0.2,5,47,27.898066931420825,3.8543187030473876,11.523680210528706
Carside,R-NSGA-II_eps0.2,5,47,27.897459133395138,3.8543298458868698,11.523727000743218
Carside,R-NSGA-II_eps0.2,5,47,27.896475673591596,3.8543642096223945,11.523722090037456
Carside,R-NSGA-II_eps0.2,5,47,27.896443884382613,3.8543642096223945,11.523723680324146
Carside,R-NSGA-II_eps0.2,5,47,27.899230554544634,3.8543252222476005,11.52310696296605
Carside,R-NSGA-II_eps0.2,5,47,27.908128121493036,3.8538454577493373,11.522829154050179
Carside,R-NSGA-II_eps0.2,5,47,27.90872948932059,3.853834313687215,11.52278438315555
Carside,R-NSGA-II_eps0.2,5,47,27.911145894280022,3.854348203393547,11.521619588993424
Carside,R-NSGA-II_eps0.2,5,47,27.909244083316196,3.854303499130811,11.521746831390637
Carside,R-NSGA-II_eps0.2,5,47,27.898571524742565,3.853625006040171,11.524895111289315
Carside,R-NSGA-II_eps0.2,5,47,27.898571524499573,3.853625006040171,11.524895111300268
Carside,R-NSGA-II_eps0.2,5,47,27.898919270629435,3.8536360289327134,11.524714844508598
Carside,R-NSGA-II_eps0.2,5,47,27.903394212400435,3.853648898306417,11.523681302521007
Carside,R-NSGA-II_eps0.2,5,47,27.890029964371358,3.8543193914472074,11.524359006202484
Carside,R-NSGA-II_eps0.2,5,47,27.890018935842928,3.854319478086633,11.524360881111317
Carside,R-NSGA-II_eps0.2,5,47,27.90819736247998,3.8543629210572026,11.521514205047453
Carside,R-NSGA-II_eps0.2,5,47,27.901325666295776,3.854397576912826,11.5220886653599
Carside,R-NSGA-II_eps0.2,5,47,27.900308371922904,3.854417675393145,11.522176155321443
Carside,R-NSGA-II_eps0.2,5,47,27.90092830962479,3.8544103559741307,11.522094678567633
Carside,R-NSGA-II_eps0.2,5,47,27.901020788542255,3.854315296240581,11.522212426318397
Carside,R-NSGA-II_eps0.2,5,47,27.899961593274885,3.854368035102462,11.522246496134567
Carside,R-NSGA-II_eps0.2,5,47,27.900206888168952,3.854337449748971,11.522246496118381
Carside,R-NSGA-II_eps0.2,5,47,27.903383395328465,3.854387030377012,11.521791363984025
Carside,R-NSGA-II_eps0.2,5,47,27.899922343484864,3.854470392542859,11.52205810043369
Carside,R-NSGA-II_eps0.2,5,47,27.896417670434932,3.854607450158253,11.522067245220022
Carside,R-NSGA-II_eps0.2,5,47,27.896417670457716,3.854607450158253,11.522064736197883
Carside,R-NSGA-II_eps0.2,5,47,27.896621525468877,3.8545852467944814,11.522042166173405
Carside,R-NSGA-II_eps0.2,5,47,27.90273538675576,3.853118364864065,11.525028686809772
Carside,R-NSGA-II_eps0.2,5,47,27.90914834044414,3.8536336620614158,11.521873014600455
Carside,R-NSGA-II_eps0.2,5,47,27.882352216288112,3.8548447051496577,11.52390136030376
Carside,R-NSGA-II_eps0.2,5,47,27.951668980250467,3.8543186994923135,11.519642373709823
Carside,R-NSGA-II_eps0.2,5,47,27.881328367505134,3.8548582337765867,11.523959728267496
Carside,R-NSGA-II_eps0.2,5,47,27.901494300612168,3.853930123401378,11.521853350529305
Carside,R-NSGA-II_eps0.2,5,47,27.87700566443552,3.854650683199338,11.5256147646177
Carside,R-NSGA-II_eps0.2,5,47,27.876994635907085,3.8546507696072605,11.525616639577171
Carside,R-NSGA-II_eps0.2,5,47,27.906493696805377,3.852790923048038,11.524601039047557
Carside,R-NSGA-II_eps0.2,5,47,27.88645200848641,3.8549018702665863,11.522312034601846
Carside,R-NSGA-II_eps0.2,5,47,27.891454200058455,3.8532352241702896,11.525013468277514
Carside,R-NSGA-II_eps0.2,5,47,27.911801863164587,3.8540685221611097,11.520122928300506
Carside,R-NSGA-II_eps0.2,5,47,27.879800581721504,3.8548724434379102,11.523082060094566
Carside,R-NSGA-II_eps0.2,5,47,27.912028006037435,3.8540406980615676,11.520122847058495
Carside,R-NSGA-II_eps0.2,5,47,27.87940238805182,3.8548852221502283,11.523088119850101
Carside,R-NSGA-II_eps0.2,5,47,27.907848151977703,3.852480862966068,11.525028686809772
Carside,R-NSGA-II_eps0.2,5,47,27.90836370895711,3.8524165790534264,11.52502868377075
Carside,R-NSGA-II_eps0.2,5,47,27.88416374200819,3.8534571233384063,11.525119047813657
Carside,R-NSGA-II_eps0.2,5,47,27.880668089842253,3.8537731819784597,11.524598923783946
Carside,R-NSGA-II_eps0.2,5,47,27.885947753713236,3.854916829914525,11.521156498813752
Carside,R-NSGA-II_eps0.2,5,47,27.912260712192868,3.8526767827527024,11.522046771741334
Carside,R-NSGA-II_eps0.2,5,47,27.477242297329482,3.9021271292392687,11.533364557674602
Carside,R-NSGA-II_eps0.2,5,47,28.803523417480147,3.8515913286778978,11.451763981654464
Carside,R-NSGA-II_eps0.2,5,47,27.918441165040612,3.852478897172404,11.522034463359518
Carside,R-NSGA-II_eps0.2,5,47,27.870449846703576,3.857098366995249,11.52496751517025
Carside,R-NSGA-II_eps0.2,5,47,27.914933739752957,3.8544046529494653,11.518439077112374
Carside,R-NSGA-II_eps0.2,5,47,27.563085679379572,3.8501224427364753,11.652520156509409
Carside,R-NSGA-II_eps0.2,5,47,27.92544078022494,3.852244251310292,11.521442734643191
Carside,R-NSGA-II_eps0.2,5,47,27.9539050536739,3.8535966180378796,11.518261775674521
Carside,R-NSGA-II_eps0.2,5,47,27.882679331103116,3.857371315032442,11.520951783937171
Carside,R-NSGA-II_eps0.2,5,47,27.882019210946826,3.8573806503782126,11.521037721634706
Carside,R-NSGA-II_eps0.2,5,47,27.922354200816578,3.854332231523169,11.516546244620713
Carside,R-NSGA-II_eps0.2,5,47,27.965350562418557,3.8534675241907514,11.517296611374771
Carside,R-NSGA-II_eps0.2,5,47,27.905944802925735,3.8549081169052073,11.516688162292576
Carside,R-NSGA-II_eps0.2,5,47,26.91045498606475,3.8894508001739383,11.723997002681608
Carside,R-NSGA-II_eps0.2,5,47,27.969877169973568,3.852501578455537,11.51821181857634
Carside,R-NSGA-II_eps0.2,5,47,27.852164020599343,3.8545958990558,11.533963829936098
Carside,R-NSGA-II_eps0.2,5,47,27.112176954159438,3.952640651474748,11.523024355023201
Carside,R-NSGA-II_eps0.2,5,47,29.961594027015604,3.8035661245069097,11.539419450757137
Carside,R-NSGA-II_eps0.2,5,47,27.97255935348014,3.8523463163159883,11.516615207586216
Carside,R-NSGA-II_eps0.2,5,47,27.981443108168243,3.8523741400467473,11.515843894325638
Carside,R-NSGA-II_eps0.2,5,47,28.004416282758548,3.8509788713123037,11.520556859672112
Carside,R-NSGA-II_eps0.2,5,47,28.121253127220573,3.8141908847623065,11.929077989998644
Carside,R-NSGA-II_eps0.2,5,47,28.004416284758193,3.8509788713123037,11.520556859557637
Carside,R-NSGA-II_eps0.2,5,47,27.08009110395279,3.8447434331146364,11.982436499116378
Carside,R-NSGA-II_eps0.2,5,47,27.967889383243033,3.854910937365243,11.512702179834221
Carside,R-NSGA-II_eps0.2,5,47,30.97680860264964,3.7214618861581483,11.722794294379089
Carside,R-NSGA-II_eps0.2,5,47,28.000899722942666,3.8543191269157457,11.513751199432976
Carside,R-NSGA-II_eps0.2,5,47,28.019336280108217,3.853360845017963,11.514876382488495
Carside,R-NSGA-II_eps0.2,5,47,28.01251192218353,3.8544077340940466,11.512660275541556
Carside,R-NSGA-II_eps0.2,5,47,25.82749335403027,3.8993033602279277,12.007926103720562
Carside,R-NSGA-II_eps0.2,5,47,28.025290134279718,3.849898424519551,11.523109805516384
Carside,R-NSGA-II_eps0.2,5,47,28.02719753779594,3.8524055752832282,11.514790783466346
Carside,R-NSGA-II_eps0.2,5,47,27.837113101112678,3.860730421790178,11.523281409509705
Carside,R-NSGA-II_eps0.2,5,47,28.034312750848315,3.852480862966068,11.514325128248512
Carside,R-NSGA-II_eps0.2,5,47,27.913757776427804,3.862309057049727,11.515879377510885
Carside,R-NSGA-II_eps0.2,5,47,28.055663341415233,3.854315216171142,11.511775740393908
Carside,R-NSGA-II_eps0.2,5,47,28.046612085888338,3.8506762773888377,11.512311943693806
Carside,R-NSGA-II_eps0.2,5,47,28.04227434702787,3.857512283340023,11.507347970102648
Carside,R-NSGA-II_eps0.2,5,47,28.061607181440223,3.8524019237042713,11.5089695151161
Carside,R-NSGA-II_eps0.2,5,47,27.815117835324372,3.854360773732197,11.546883766128841
Carside,R-NSGA-II_eps0.2,5,47,27.816885502783308,3.854235741639682,11.549160229348429
Carside,R-NSGA-II_eps0.2,5,47,28.103866994640892,3.852385948982665,11.508195285736992
Carside,R-NSGA-II_eps0.2,5,47,28.096998767891847,3.847035038557757,11.519424472951577
Carside,R-NSGA-II_eps0.2,5,47,28.087668366160663,3.854376709575561,11.503875965312393
Carside,R-NSGA-II_eps0.2,5,47,28.09325161747886,3.8543561192726923,11.502336367780046
Carside,R-NSGA-II_eps0.2,5,47,27.89615674999995,3.868054089129546,11.51466130694496
Carside,R-NSGA-II_eps0.2,5,47,28.13788531443572,3.846510711796469,11.518725496957163
Carside,R-NSGA-II_eps0.2,5,47,27.788770581333996,3.854310503041677,11.554705259798215
Carside,R-NSGA-II_eps0.2,5,47,27.78106591274462,3.8538103110011677,11.55910705922401
Carside,R-NSGA-II_eps0.2,5,47,27.776827912689583,3.8543012308845683,11.558981571897815
Carside,R-NSGA-II_eps0.2,6,48,27.889288928900257,3.854735217048957,11.524399527810422
Carside,R-NSGA-II_eps0.2,6,48,27.884538452553265,3.8547357791861367,11.524612587195598
Carside,R-NSGA-II_eps0.2,6,48,27.899608045248037,3.8544163029293528,11.52263761559999
Carside,R-NSGA-II_eps0.2,6,48,27.880570760390075,3.8544629923331444,11.526327337396044
Carside,R-NSGA-II_eps0.2,6,48,27.88170939461446,3.8551585050420663,11.523838733021323
Carside,R-NSGA-II_eps0.2,6,48,27.889290455810517,3.854326631373104,11.523867209355828
Carside,R-NSGA-II_eps0.2,6,48,27.879777124515726,3.85538537956841,11.523848241919122
Carside,R-NSGA-II_eps0.2,6,48,27.88689893185974,3.8548317953293916,11.522834320805064
Carside,R-NSGA-II_eps0.2,6,48,27.877019884889304,3.8559452448565024,11.523958568961309
Carside,R-NSGA-II_eps0.2,6,48,27.876498947128105,3.855937534822913,11.523983734174706
Carside,R-NSGA-II_eps0.2,6,48,27.903647721745507,3.853632907432652,11.523438806348482
Carside,R-NSGA-II_eps0.2,6,48,27.872912022320268,3.854812191092499,11.526457483826865
Carside,R-NSGA-II_eps0.2,6,48,27.87582381202971,3.854391643066294,11.526339059583364
Carside,R-NSGA-II_eps0.2,6,48,27.882148546312933,3.854832354062803,11.52304697239597
Carside,R-NSGA-II_eps0.2,6,48,27.888708919142825,3.8550487793259247,11.521912141474653
Carside,R-NSGA-II_eps0.2,6,48,27.90011726865984,3.853627407776219,11.523514753885422
Carside,R-NSGA-II_eps0.2,6,48,27.870683014049245,3.8548431874725635,11.526206133823013
Carside,R-NSGA-II_eps0.2,6,48,27.88982856974905,3.853465304243612,11.52596625013414
Carside,R-NSGA-II_eps0.2,6,48,27.873671564740345,3.8545387453918383,11.524902553281745
Carside,R-NSGA-II_eps0.2,6,48,27.896903241073243,3.853364668798833,11.524549546372533
Carside,R-NSGA-II_eps0.2,6,48,27.883926623764467,3.853650927177934,11.526314579670075
Carside,R-NSGA-II_eps0.2,6,48,27.867807172838535,3.854808593068397,11.52659183535648
Carside,R-NSGA-II_eps0.2,6,48,27.901438785570566,3.854395336321807,11.520908900621324
Carside,R-NSGA-II_eps0.2,6,48,27.90103705079275,3.8544088039230684,11.520914539776411
Carside,R-NSGA-II_eps0.2,6,48,27.897061666424772,3.853698510750653,11.522684836940345
Carside,R-NSGA-II_eps0.2,6,48,27.894147649334414,3.8534793569416563,11.523838265368669
Carside,R-NSGA-II_eps0.2,6,48,27.898760749770254,3.853142635046627,11.524943580071174
Carside,R-NSGA-II_eps0.2,6,48,27.889963949270644,3.853684569087575,11.52357361914621
Carside,R-NSGA-II_eps0.2,6,48,27.898532676983915,3.8531084045435913,11.525184287258623
Carside,R-NSGA-II_eps0.2,6,48,27.894298248563956,3.854981522332381,11.520630529394158
Carside,R-NSGA-II_eps0.2,6,48,27.89160761230066,3.8532746724873923,11.525590169112522
Carside,R-NSGA-II_eps0.2,6,48,27.88448542885123,3.853491425160392,11.5262805790276
Carside,R-NSGA-II_eps0.2,6,48,27.890045532516247,3.8533164993929114,11.525635599645476
Carside,R-NSGA-II_eps0.2,6,48,27.90207711912899,3.85298203426896,11.525413751100722
Carside,R-NSGA-II_eps0.2,6,48,27.897641983669402,3.8532765579087895,11.524021723274963
Carside,R-NSGA-II_eps0.2,6,48,27.865090348942893,3.8548916745550215,11.525862634690025
Carside,R-NSGA-II_eps0.2,6,48,27.899507481355588,3.853082777743806,11.524866066562005
Carside,R-NSGA-II_eps0.2,6,48,27.88458363614815,3.8535474279660313,11.525195656741623
Carside,R-NSGA-II_eps0.2,6,48,27.904871142491015,3.852963994478439,11.524703932168617
Carside,R-NSGA-II_eps0.2,6,48,27.90527287725972,3.852950522737398,11.524698298864127
Carside,R-NSGA-II_eps0.2,6,48,27.87857128017279,3.853684569087575,11.526956167262579
Carside,R-NSGA-II_eps0.2,6,48,27.91493420992694,3.8527113473073076,11.525221446350669
Carside,R-NSGA-II_eps0.2,6,48,27.904006028791006,3.8529166750580046,11.525133819534947
Carside,R-NSGA-II_eps0.2,6,48,27.88239179494871,3.8535000265882613,11.526354303076115
Carside,R-NSGA-II_eps0.2,6,48,27.899417843734877,3.852999076180341,11.525212944138481
Carside,R-NSGA-II_eps0.2,6,48,27.89260506959748,3.854658485032557,11.52080101675579
Carside,R-NSGA-II_eps0.2,6,48,27.898256613571103,3.852962748726911,11.52584352742663
Carside,R-NSGA-II_eps0.2,6,48,27.89588421903178,3.853053495438875,11.525326637784492
Carside,R-NSGA-II_eps0.2,6,48,27.90212374143814,3.8528320184016347,11.526051134682685
Carside,R-NSGA-II_eps0.2,6,48,27.902608326830375,3.8528336157941094,11.525508480449872
Carside,R-NSGA-II_eps0.2,6,48,27.91447789315344,3.8530458145807853,11.522662439603108
Carside,R-NSGA-II_eps0.2,6,48,27.535969941248954,3.898227307270126,11.52602109835601
Carside,R-NSGA-II_eps0.2,6,48,27.862907894315825,3.8550776610164927,11.529000229719442
Carside,R-NSGA-II_eps0.2,6,48,27.904334857774607,3.8529930630268083,11.523860772975283
Carside,R-NSGA-II_eps0.2,6,48,27.89397465137415,3.853053495438875,11.525408326405346
Carside,R-NSGA-II_eps0.2,6,48,28.882683656504383,3.8229532890335687,11.503170398643457
Carside,R-NSGA-II_eps0.2,6,48,27.91588349928122,3.8526917399981406,11.52445547110114
Carside,R-NSGA-II_eps0.2,6,48,27.895227098691826,3.8529913064592916,11.525600413160616
Carside,R-NSGA-II_eps0.2,6,48,27.89242325489702,3.853082777743806,11.525347701154757
Carside,R-NSGA-II_eps0.2,6,48,27.893599768384824,3.8529925076639695,11.525635082598543
Carside,R-NSGA-II_eps0.2,6,48,27.887675666863917,3.8531488680768513,11.525990343988974
Carside,R-NSGA-II_eps0.2,6,48,29.774749726196752,3.852563515443061,11.358566131065098
Carside,R-NSGA-II_eps0.2,6,48,27.86309889422704,3.855044989273569,11.529551520867297
Carside,R-NSGA-II_eps0.2,6,48,27.89273499663589,3.8529828716720735,11.525950909848756
Carside,R-NSGA-II_eps0.2,6,48,27.89144974387041,3.853005288844325,11.526126351624178
Carside,R-NSGA-II_eps0.2,6,48,26.980558641631394,3.8549338135461504,11.784915189956276
Carside,R-NSGA-II_eps0.2,6,48,27.90033151052461,3.8529828716720735,11.523887926791339
Carside,R-NSGA-II_eps0.2,6,48,27.885696786100297,3.8531560061582826,11.526362689481857
Carside,R-NSGA-II_eps0.2,6,48,27.85735951120605,3.855479850116342,11.525996383990556
Carside,R-NSGA-II_eps0.2,6,48,30.768659022426736,3.768323622557541,11.479170978945428
Carside,R-NSGA-II_eps0.2,6,48,27.90269770539305,3.852675955609024,11.52555476282928
Carside,R-NSGA-II_eps0.2,6,48,26.92545526651739,3.906912138434763,11.874667721760629
Carside,R-NSGA-II_eps0.2,6,48,27.885857185842728,3.8530857879794813,11.526316575380303
Carside,R-NSGA-II_eps0.2,6,48,27.043287960655377,3.852171271709558,11.933991127325045
Carside,R-NSGA-II_eps0.2,6,48,27.87023006284407,3.8537131912786977,11.527031208265909
Carside,R-NSGA-II_eps0.2,6,48,32.57530658452362,3.727153009534752,11.448401601698178
Carside,R-NSGA-II_eps0.2,6,48,27.873327343857035,3.8536445878827794,11.528852043478336
Carside,R-NSGA-II_eps0.2,6,48,27.871440118724642,3.8536627815753346,11.529117280588384
Carside,R-NSGA-II_eps0.2,6,48,31.92163169779482,3.688324445240905,11.710071791202607
Carside,R-NSGA-II_eps0.2,6,48,27.87144354622042,3.853662734807906,11.529121910047188
Carside,R-NSGA-II_eps0.2,6,48,27.901987036533356,3.8525195067630187,11.526125644238084
Carside,R-NSGA-II_eps0.2,6,48,27.905319582867175,3.852794447498911,11.522839908830981
Carside,R-NSGA-II_eps0.2,6,48,27.90626960915724,3.852781031373682,11.522807755620324
Carside,R-NSGA-II_eps0.2,6,48,27.853507272717632,3.8551891563183465,11.528625771088471
Carside,R-NSGA-II_eps0.2,6,48,27.91556680151832,3.8528226835261914,11.521872904186393
Carside,R-NSGA-II_eps0.2,6,48,27.850575276749947,3.855479850116342,11.52656885415771
Carside,R-NSGA-II_eps0.2,6,48,27.901144272923617,3.8545226173197724,11.518869313533441
Carside,R-NSGA-II_eps0.2,6,48,27.868058878775052,3.8576984100438194,11.524796801931029
Carside,R-NSGA-II_eps0.2,6,48,27.88422050447021,3.8528631445516663,11.52899494242358
Carside,R-NSGA-II_eps0.2,6,48,27.942037471299127,3.8521528074513673,11.523902575177967
Carside,R-NSGA-II_eps0.2,6,48,27.90316884806913,3.8545251294735037,11.51869438904787
Carside,R-NSGA-II_eps0.2,6,48,27.877787883930814,3.852999076180341,11.528022110137577
Carside,R-NSGA-II_eps0.2,6,48,27.916763762751355,3.8525848965779774,11.522225260376644
Carside,R-NSGA-II_eps0.2,6,48,27.95313745759052,3.8521528074513673,11.523404807107825
Carside,R-NSGA-II_eps0.2,6,48,27.861343634299907,3.8577048468731747,11.52583885568521
Carside,R-NSGA-II_eps0.2,6,48,27.954364999974626,3.85201943283814,11.523389974530236
Carside,R-NSGA-II_eps0.2,6,48,27.862756212414222,3.8579073483557873,11.525625566034591
Carside,R-NSGA-II_eps0.2,6,48,27.862751878312633,3.8579074239367457,11.525625692049987
Carside,R-NSGA-II_eps0.2,6,48,27.941102607173377,3.851878193083284,11.524222876237724
Carside,R-NSGA-II_eps0.2,6,48,27.93688157878142,3.8528328609593285,11.519871717267884
Carside,R-NSGA-II_eps0.2,7,49,27.91272221604002,3.8547088148387103,11.526729959450607
Carside,R-NSGA-II_eps0.2,7,49,27.9128137764915,3.854699604975552,11.52672973137342
Carside,R-NSGA-II_eps0.2,7,49,27.91276763704648,3.854695657262535,11.526732104879347
Carside,R-NSGA-II_eps0.2,7,49,27.912557731187764,3.8546955189948284,11.526741755909967
Carside,R-NSGA-II_eps0.2,7,49,27.911334505454985,3.854724640165216,11.526759490539648
Carside,R-NSGA-II_eps0.2,7,49,27.911356890725887,3.8547157504262275,11.526762028256602
Carside,R-NSGA-II_eps0.2,7,49,27.92671200998512,3.854324729522632,11.525726427046036
Carside,R-NSGA-II_eps0.2,7,49,27.926733675374845,3.8543249047481134,11.525724362449251
Carside,R-NSGA-II_eps0.2,7,49,27.911376024132316,3.8548509577780092,11.52617553390236
Carside,R-NSGA-II_eps0.2,7,49,27.914417593014768,3.8544992115722194,11.526729795804183
Carside,R-NSGA-II_eps0.2,7,49,27.911182325941493,3.854731570497108,11.526449090253926
Carside,R-NSGA-II_eps0.2,7,49,27.91253565372201,3.8545687270775972,11.526762070870369
Carside,R-NSGA-II_eps0.2,7,49,27.910841667293713,3.8547431162255585,11.526453783942408
Carside,R-NSGA-II_eps0.2,7,49,27.910408529328507,3.854699604975552,11.526838194289564
Carside,R-NSGA-II_eps0.2,7,49,27.912503957235693,3.8545670619800916,11.526768321112275
Carside,R-NSGA-II_eps0.2,7,49,27.910392006220356,3.854699604975552,11.526839594703297
Carside,R-NSGA-II_eps0.2,7,49,27.921765763993502,3.854800392587931,11.525191537703865
Carside,R-NSGA-II_eps0.2,7,49,27.91274863679884,3.8545421705842418,11.52676205719162
Carside,R-NSGA-II_eps0.2,7,49,27.912742490392286,3.8545421705842418,11.526762682806151
Carside,R-NSGA-II_eps0.2,7,49,27.9127385514419,3.8545421705842418,11.526762909098395
Carside,R-NSGA-II_eps0.2,7,49,27.912743725460654,3.854541637448542,11.526762850711954
Carside,R-NSGA-II_eps0.2,7,49,27.92605353710603,3.854796094299432,11.524974857184276
Carside,R-NSGA-II_eps0.2,7,49,27.92613249912376,3.854793707488083,11.524969731007555
Carside,R-NSGA-II_eps0.2,7,49,27.928096025840006,3.854803970624088,11.524877403260161
Carside,R-NSGA-II_eps0.2,7,49,27.923755351619164,3.8547080598154815,11.52514350039262
Carside,R-NSGA-II_eps0.2,7,49,27.92227457783962,3.8547577537763753,11.525164531522863
Carside,R-NSGA-II_eps0.2,7,49,27.923078860950156,3.8547643311992577,11.525108653644033
Carside,R-NSGA-II_eps0.2,7,49,27.923078085721514,3.8547643572226047,11.525108664632565
Carside,R-NSGA-II_eps0.2,7,49,27.923024886217814,3.854764331298126,11.525111087162955
Carside,R-NSGA-II_eps0.2,7,49,27.923062200136933,3.8547596786897578,11.525111086640901
Carside,R-NSGA-II_eps0.2,7,49,27.923187687567218,3.854763067446946,11.525099917693186
Carside,R-NSGA-II_eps0.2,7,49,27.918864859318163,3.8548059048057777,11.525296791131044
Carside,R-NSGA-II_eps0.2,7,49,27.91898467047418,3.854805957421199,11.525286616299315
Carside,R-NSGA-II_eps0.2,7,49,27.918855747556027,3.854797496844784,11.52530401782455
Carside,R-NSGA-II_eps0.2,7,49,27.91895007323221,3.854805010508706,11.525289220082872
Carside,R-NSGA-II_eps0.2,7,49,27.91895007050926,3.854805010600117,11.5252892199894
Carside,R-NSGA-II_eps0.2,7,49,27.918916085765723,3.8548051799635923,11.52529123369027
Carside,R-NSGA-II_eps0.2,7,49,27.9189183190402,3.854805161337613,11.52529105720175
Carside,R-NSGA-II_eps0.2,7,49,27.919046882628443,3.8547948260808096,11.525293494520191
Carside,R-NSGA-II_eps0.2,7,49,27.919046882628464,3.8547948260808096,11.525293492238209
Carside,R-NSGA-II_eps0.2,7,49,27.923411005021162,3.854758774729389,11.525081813722494
Carside,R-NSGA-II_eps0.2,7,49,27.923411916876173,3.8547587492881084,11.52508175922009
Carside,R-NSGA-II_eps0.2,7,49,27.919212055898964,3.854798102062724,11.525278451567615
Carside,R-NSGA-II_eps0.2,7,49,27.919210563676003,3.8547981469535606,11.525278460030613
Carside,R-NSGA-II_eps0.2,7,49,27.919111740398534,3.854793898049553,11.52528855464406
Carside,R-NSGA-II_eps0.2,7,49,27.90753955918409,3.8548918914730854,11.526728224815033
Carside,R-NSGA-II_eps0.2,7,49,27.92344518106935,3.854758185451015,11.525079291277159
Carside,R-NSGA-II_eps0.2,7,49,27.918985572065562,3.854777377654124,11.525315371765473
Carside,R-NSGA-II_eps0.2,7,49,27.918961769264307,3.854798534420872,11.525292896882599
Carside,R-NSGA-II_eps0.2,7,49,27.511014553238773,3.905451448152971,11.525360942280823
Carside,R-NSGA-II_eps0.2,7,49,27.91924991986718,3.8547968124641177,11.525275172464982
Carside,R-NSGA-II_eps0.2,7,49,27.909713187649448,3.854731570497108,11.526573699892284
Carside,R-NSGA-II_eps0.2,7,49,27.64098119571064,3.854524321262265,11.60591363243238
Carside,R-NSGA-II_eps0.2,7,49,27.919356974785025,3.8547776762730135,11.525286467360186
Carside,R-NSGA-II_eps0.2,7,49,28.738801347713096,3.8471854796655056,11.461978655025632
Carside,R-NSGA-II_eps0.2,7,49,27.917721613050976,3.854845618205552,11.525323843514489
Carside,R-NSGA-II_eps0.2,7,49,27.918639388128586,3.854804780332131,11.525303346077806
Carside,R-NSGA-II_eps0.2,7,49,27.923607982418755,3.854756921535103,11.525068121260045
Carside,R-NSGA-II_eps0.2,7,49,27.918578458392723,3.854804780332131,11.525306062926536
Carside,R-NSGA-II_eps0.2,7,49,27.0189263995471,3.940629004158327,11.58596233176306
Carside,R-NSGA-II_eps0.2,7,49,27.918550192076186,3.8548055328476996,11.52530687274885
Carside,R-NSGA-II_eps0.2,7,49,29.531506619551635,3.800293894406221,11.610836770096615
Carside,R-NSGA-II_eps0.2,7,49,27.918550189353237,3.8548055329391104,11.525306872655367
Carside,R-NSGA-II_eps0.2,7,49,27.92320482505261,3.8547577537763753,11.525085629178157
Carside,R-NSGA-II_eps0.2,7,49,29.983936506229053,3.7889916198132743,11.476340038190894
Carside,R-NSGA-II_eps0.2,7,49,27.9186710846149,3.8548064454374096,11.525297097455812
Carside,R-NSGA-II_eps0.2,7,49,27.2347117962677,3.8533919669592938,11.730988325351756
Carside,R-NSGA-II_eps0.2,7,49,27.91812940386359,3.854846115081759,11.525291614744644
Carside,R-NSGA-II_eps0.2,7,49,26.725819479241864,3.939751527051665,11.670154947610758
Carside,R-NSGA-II_eps0.2,7,49,27.918517536153466,3.8548066819461786,11.525307179437984
Carside,R-NSGA-II_eps0.2,7,49,27.918564004923113,3.854863325353437,11.525244150250462
Carside,R-NSGA-II_eps0.2,7,49,27.922522077264553,3.8547577470402117,11.52511910099383
Carside,R-NSGA-II_eps0.2,7,49,27.91871739638428,3.8547986430642194,11.525300371548859
Carside,R-NSGA-II_eps0.2,7,49,27.918076070051956,3.8548493217675603,11.525289387938733
Carside,R-NSGA-II_eps0.2,7,49,27.917945518257582,3.8548471843712675,11.525299604476977
Carside,R-NSGA-II_eps0.2,7,49,27.91799773630004,3.85484643118819,11.525295647515595
Carside,R-NSGA-II_eps0.2,7,49,29.510432412775458,3.7876276328146514,11.709367703809162
Carside,R-NSGA-II_eps0.2,7,49,30.93119081711826,3.8443998941572666,11.35253379093985
Carside,R-NSGA-II_eps0.2,7,49,27.91800285029035,3.8548463935724646,11.525295252414267
Carside,R-NSGA-II_eps0.2,7,49,27.91800276919489,3.8548463584039383,11.525295283535964
Carside,R-NSGA-II_eps0.2,7,49,27.917348044698784,3.854837545099492,11.525351194614807
Carside,R-NSGA-II_eps0.2,7,49,29.522153066071397,3.9908288790086215,11.331095110111676
Carside,R-NSGA-II_eps0.2,7,49,27.917367638727818,3.8548440431363806,11.525341524156678
Carside,R-NSGA-II_eps0.2,7,49,31.891237861985623,3.7861240796765174,11.390256296137967
Carside,R-NSGA-II_eps0.2,7,49,32.12283527758496,3.735442188230346,11.462868830877941
Carside,R-NSGA-II_eps0.2,7,49,27.917372935324998,3.854849850252863,11.525334533396734
Carside,R-NSGA-II_eps0.2,7,49,27.917433317084797,3.8548433721338626,11.525336372106171
Carside,R-NSGA-II_eps0.2,7,49,27.91746121641675,3.85484298378833,11.525334512295798
Carside,R-NSGA-II_eps0.2,7,49,27.9174910194653,3.8548422967221327,11.5253330764961
Carside,R-NSGA-II_eps0.2,7,49,27.91774620369795,3.8548571776241265,11.525298375668294
Carside,R-NSGA-II_eps0.2,7,49,27.917787551602096,3.854845618205552,11.52530510674783
Carside,R-NSGA-II_eps0.2,7,49,27.9181288262612,3.854798534420872,11.525330682619218
Carside,R-NSGA-II_eps0.2,7,49,27.91849778481349,3.8548466483937602,11.525250883337716
Carside,R-NSGA-II_eps0.2,7,49,27.918985548899954,3.8548000712293025,11.525263511017974
Carside,R-NSGA-II_eps0.2,7,49,27.91506889618248,3.854744120121259,11.525633958377572
Carside,R-NSGA-II_eps0.2,7,49,27.92399360174092,3.8547439755480988,11.525024357426028
Carside,R-NSGA-II_eps0.2,7,49,27.908076658164006,3.8548405102812744,11.526336332129631
Carside,R-NSGA-II_eps0.2,7,49,27.914280262460178,3.854858359131965,11.525450679531907
Carside,R-NSGA-II_eps0.2,7,49,27.916282995108553,3.854740699729578,11.52535496864202
Carside,R-NSGA-II_eps0.2,7,49,27.92555210198569,3.854515858574019,11.525075593723722
Carside,R-NSGA-II_eps0.2,8,50,27.889988372349855,3.853315734010387,11.526251064343914
Carside,R-NSGA-II_eps0.2,8,50,27.909855851681023,3.8526379678248293,11.525565245906776
Carside,R-NSGA-II_eps0.2,8,50,27.9548858995622,3.8523361988215066,11.525340141097466
Carside,R-NSGA-II_eps0.2,8,50,27.95488589956288,3.8523361988215066,11.525340066627617
Carside,R-NSGA-II_eps0.2,8,50,27.955191630346732,3.852332195629012,11.525337341973781
Carside,R-NSGA-II_eps0.2,8,50,27.955006974584368,3.8523361988215066,11.525304063898698
Carside,R-NSGA-II_eps0.2,8,50,27.885183373162608,3.8549898184217484,11.52374356107323
Carside,R-NSGA-II_eps0.2,8,50,27.870566294032226,3.8549852952803985,11.525020578023137
Carside,R-NSGA-II_eps0.2,8,50,27.890456451066385,3.8549002859371715,11.523348128800603
Carside,R-NSGA-II_eps0.2,8,50,27.933355818056267,3.852047704792109,11.52610944041572
Carside,R-NSGA-II_eps0.2,8,50,27.893752575094396,3.8536067100986027,11.524065818335067
Carside,R-NSGA-II_eps0.2,8,50,27.96066935508108,3.8522534924696337,11.52491271568574
Carside,R-NSGA-II_eps0.2,8,50,27.963681126190004,3.852248167015717,11.524959396379614
Carside,R-NSGA-II_eps0.2,8,50,27.961603503137816,3.8522521145874635,11.524836747976874
Carside,R-NSGA-II_eps0.2,8,50,27.96757970212473,3.8522106588470875,11.52507606031028
Carside,R-NSGA-II_eps0.2,8,50,27.875841131835806,3.854189299888944,11.524349639505914
Carside,R-NSGA-II_eps0.2,8,50,27.970470000504733,3.8522713295183184,11.524486703723083
Carside,R-NSGA-II_eps0.2,8,50,27.87253339990602,3.8537270170376337,11.524495816473443
Carside,R-NSGA-II_eps0.2,8,50,27.973738243155417,3.8521615274418926,11.52444117518179
Carside,R-NSGA-II_eps0.2,8,50,27.92226586506851,3.852869114141936,11.522889570758537
Carside,R-NSGA-II_eps0.2,8,50,27.972743069652573,3.851924454318526,11.524829455354691
Carside,R-NSGA-II_eps0.2,8,50,27.973193559595686,3.8519299820260557,11.524757433127089
Carside,R-NSGA-II_eps0.2,8,50,27.97326584143722,3.851927557311551,11.524756421456935
Carside,R-NSGA-II_eps0.2,8,50,27.960747596893274,3.852419867372908,11.522953455472155
Carside,R-NSGA-II_eps0.2,8,50,27.961464995158607,3.8523164615245395,11.522960007965157
Carside,R-NSGA-II_eps0.2,8,50,27.870375804062196,3.8587484844524997,11.525662792827983
Carside,R-NSGA-II_eps0.2,8,50,27.9614785394815,3.8511128284313854,11.525689909724488
Carside,R-NSGA-II_eps0.2,8,50,27.888609016204935,3.855190624563268,11.521516872418545
Carside,R-NSGA-II_eps0.2,8,50,27.890759821763062,3.8551350331588496,11.521355313887083
Carside,R-NSGA-II_eps0.2,8,50,27.86407104207127,3.8589557242482067,11.525705026089856
Carside,R-NSGA-II_eps0.2,8,50,27.95546522374434,3.852656164020697,11.5216174416151
Carside,R-NSGA-II_eps0.2,8,50,27.864692822289108,3.859065791755284,11.525637161864037
Carside,R-NSGA-II_eps0.2,8,50,27.858936853637417,3.854975876331278,11.531650047589174
Carside,R-NSGA-II_eps0.2,8,50,27.85900232180274,3.854975751367891,11.531717023853723
Carside,R-NSGA-II_eps0.2,8,50,27.97267240239682,3.85078026387183,11.525289576554052
Carside,R-NSGA-II_eps0.2,8,50,27.869237900751322,3.85475348169351,11.532681235272245
Carside,R-NSGA-II_eps0.2,8,50,27.868533103612023,3.8548431560839407,11.532680001933018
Carside,R-NSGA-II_eps0.2,8,50,27.976035682924035,3.8507076985950155,11.524959396379614
Carside,R-NSGA-II_eps0.2,8,50,27.953524645881014,3.8511931454485917,11.531440437637526
Carside,R-NSGA-II_eps0.2,8,50,27.98232689983917,3.8509501829206756,11.523977631484854
Carside,R-NSGA-II_eps0.2,8,50,27.980120388811986,3.8506565058591034,11.524768593591293
Carside,R-NSGA-II_eps0.2,8,50,27.982861007077293,3.850711289948804,11.524492235932978
Carside,R-NSGA-II_eps0.2,8,50,27.854071130942938,3.859530515002893,11.525632418431478
Carside,R-NSGA-II_eps0.2,8,50,27.987112405158797,3.85093982349136,11.523579079367028
Carside,R-NSGA-II_eps0.2,8,50,27.48668135822607,3.905906473707474,11.525552930211768
Carside,R-NSGA-II_eps0.2,8,50,28.68232951525793,3.854362609722376,11.459964051205382
Carside,R-NSGA-II_eps0.2,8,50,27.98721153003029,3.8509269079769,11.52357929416638
Carside,R-NSGA-II_eps0.2,8,50,27.987181165698665,3.851854218214879,11.521686876697846
Carside,R-NSGA-II_eps0.2,8,50,27.643279693301277,3.8521010765684083,11.614408380449351
Carside,R-NSGA-II_eps0.2,8,50,27.851559860483285,3.8595702398824003,11.525682045606263
Carside,R-NSGA-II_eps0.2,8,50,27.85334189957069,3.859570227205543,11.525175852447305
Carside,R-NSGA-II_eps0.2,8,50,27.851568093806677,3.85963440787839,11.52564798994526
Carside,R-NSGA-II_eps0.2,8,50,29.153590737792143,3.810103353642547,11.518509807338383
Carside,R-NSGA-II_eps0.2,8,50,27.98791240119932,3.8507985324638097,11.523376328042552
Carside,R-NSGA-II_eps0.2,8,50,27.990762418801953,3.8504461579605245,11.52429497955575
Carside,R-NSGA-II_eps0.2,8,50,27.87229923172512,3.8544145550307314,11.53382970046122
Carside,R-NSGA-II_eps0.2,8,50,27.99092376519938,3.8504259953111677,11.524295010295798
Carside,R-NSGA-II_eps0.2,8,50,27.869687622582056,3.8547401920810063,11.533829685320235
Carside,R-NSGA-II_eps0.2,8,50,27.142535665920946,3.9116927598095304,11.65844320931476
Carside,R-NSGA-II_eps0.2,8,50,28.00382873059627,3.8512470011938924,11.522827100231527
Carside,R-NSGA-II_eps0.2,8,50,27.410232925067934,3.8534019147961502,11.700772648837706
Carside,R-NSGA-II_eps0.2,8,50,29.33772413884944,3.948824760708977,11.436294316541055
Carside,R-NSGA-II_eps0.2,8,50,27.923498663714387,3.8524256610126155,11.534080705978408
Carside,R-NSGA-II_eps0.2,8,50,29.124151095376213,3.8060819107844166,11.677171929945008
Carside,R-NSGA-II_eps0.2,8,50,27.97312530558095,3.852286473428571,11.520012230603365
Carside,R-NSGA-II_eps0.2,8,50,27.8662523743266,3.854425785322557,11.534197070648185
Carside,R-NSGA-II_eps0.2,8,50,29.865413168920895,3.85262207491589,11.359862651941459
Carside,R-NSGA-II_eps0.2,8,50,31.064021742158673,3.7917401343626196,11.467473655470275
Carside,R-NSGA-II_eps0.2,8,50,27.89124958371083,3.853706868297297,11.519354741532362
Carside,R-NSGA-II_eps0.2,8,50,27.895276949820598,3.854182081022557,11.518933871155173
Carside,R-NSGA-II_eps0.2,8,50,29.51657044719627,3.9545738017526113,11.320144839310107
Carside,R-NSGA-II_eps0.2,8,50,27.874702054610673,3.8533722092272855,11.534197070648185
Carside,R-NSGA-II_eps0.2,8,50,27.879603422307135,3.852810351416474,11.534161824500242
Carside,R-NSGA-II_eps0.2,8,50,32.68051844359618,3.7535596903979114,11.449600299568317
Carside,R-NSGA-II_eps0.2,8,50,27.854699398323028,3.854520149727031,11.534051896509162
Carside,R-NSGA-II_eps0.2,8,50,32.648100513074745,3.7518369797580347,11.65021574323658
Carside,R-NSGA-II_eps0.2,8,50,33.18847870460438,3.6902229994991345,11.449600299568317
Carside,R-NSGA-II_eps0.2,8,50,27.834859867335847,3.8601264381207967,11.526318140706564
Carside,R-NSGA-II_eps0.2,8,50,27.866110353081385,3.853660608945543,11.534463364447259
Carside,R-NSGA-II_eps0.2,8,50,27.854483007000212,3.8551789444203655,11.53461031942051
Carside,R-NSGA-II_eps0.2,8,50,27.884265948579586,3.8555298935614095,11.518285041497426
Carside,R-NSGA-II_eps0.2,8,50,27.87811510933951,3.85939197826162,11.520164214740873
Carside,R-NSGA-II_eps0.2,8,50,27.893096854955434,3.8552786546181923,11.518079828508935
Carside,R-NSGA-II_eps0.2,8,50,27.89338857481957,3.855281274107077,11.518000626331697
Carside,R-NSGA-II_eps0.2,8,50,27.853748133452342,3.8547932835697165,11.534838301544267
Carside,R-NSGA-II_eps0.2,8,50,27.9401453117447,3.853063971099397,11.51798932175624
Carside,R-NSGA-II_eps0.2,8,50,27.94040352944884,3.853063971099397,11.51794176200055
Carside,R-NSGA-II_eps0.2,8,50,27.8685192271771,3.8596843957526805,11.520433535712364
Carside,R-NSGA-II_eps0.2,8,50,27.944715931192537,3.852926264927223,11.517970998805731
Carside,R-NSGA-II_eps0.2,8,50,27.914247032814117,3.8532310946992756,11.517865098312932
Carside,R-NSGA-II_eps0.2,8,50,28.002724150789508,3.851943786529621,11.518730448424694
Carside,R-NSGA-II_eps0.2,8,50,28.006325401650106,3.850081697882706,11.520714921561964
Carside,R-NSGA-II_eps0.2,8,50,28.02984419088964,3.8511606427236567,11.52003918884878
Carside,R-NSGA-II_eps0.2,8,50,27.860684770907966,3.8616256084183886,11.520609614556365
Carside,R-NSGA-II_eps0.2,8,50,27.948256420124814,3.8515392247624516,11.537401111518456
Carside,R-NSGA-II_eps0.2,8,50,27.823860287708566,3.8554751410861656,11.536407465611095
Carside,R-NSGA-II_eps0.2,8,50,27.933161672186092,3.854425785322557,11.515184340633969
Carside,R-NSGA-II_eps0.2,8,50,27.93321838922638,3.854024070439513,11.515229956286028
Carside,R-NSGA-II_eps0.2,8,50,28.06028504651985,3.8490115848208135,11.523465431136056
Carside,R-NSGA-II_eps0.2,8,50,28.0650724250997,3.851871484404557,11.518943843585866
Carside,R-NSGA-II_eps0.2,9,51,27.889128059709094,3.8552046379733693,11.524748449415206
Carside,R-NSGA-II_eps0.2,9,51,27.886603152942307,3.8551159317551287,11.52490509083269
Carside,R-NSGA-II_eps0.2,9,51,27.885523413206897,3.8550931748889807,11.525045091696075
Carside,R-NSGA-II_eps0.2,9,51,27.88409591683481,3.855386151341849,11.52480136034905
Carside,R-NSGA-II_eps0.2,9,51,27.88019367129542,3.8557323918694553,11.525080227614948
Carside,R-NSGA-II_eps0.2,9,51,27.88553328301916,3.855015342960915,11.525123677846807
Carside,R-NSGA-II_eps0.2,9,51,27.885119638456572,3.8550682504914966,11.525054591755723
Carside,R-NSGA-II_eps0.2,9,51,27.87754066654409,3.8553245068888824,11.525580414047006
Carside,R-NSGA-II_eps0.2,9,51,27.882379212868702,3.8551826816431043,11.525118507325107
Carside,R-NSGA-II_eps0.2,9,51,27.87957451553914,3.8557569754989593,11.525090011653361
Carside,R-NSGA-II_eps0.2,9,51,27.87685480960238,3.855326476733313,11.525638620803747
Carside,R-NSGA-II_eps0.2,9,51,27.87688053105127,3.855323415608197,11.525638566804677
Carside,R-NSGA-II_eps0.2,9,51,27.876798082298066,3.8553232670593425,11.525645799537108
Carside,R-NSGA-II_eps0.2,9,51,27.876702037723238,3.855329794663021,11.52564783049965
Carside,R-NSGA-II_eps0.2,9,51,27.87776151617088,3.855235985385109,11.525615862028948
Carside,R-NSGA-II_eps0.2,9,51,27.876625461590468,3.855331832080349,11.525649320017095
Carside,R-NSGA-II_eps0.2,9,51,27.876759983473836,3.8553133171326466,11.525648312407778
Carside,R-NSGA-II_eps0.2,9,51,27.88109147719424,3.8558026353964574,11.524903207706956
Carside,R-NSGA-II_eps0.2,9,51,27.876539682358676,3.8553530733849684,11.52559622894454
Carside,R-NSGA-II_eps0.2,9,51,27.879581267073355,3.8557696932221757,11.525047272202237
Carside,R-NSGA-II_eps0.2,9,51,27.876284379651825,3.855319683442167,11.525668541243082
Carside,R-NSGA-II_eps0.2,9,51,27.876219915989182,3.85570823058367,11.525448185747795
Carside,R-NSGA-II_eps0.2,9,51,27.88024209492068,3.8554765341072716,11.52497573100575
Carside,R-NSGA-II_eps0.2,9,51,27.87600503301715,3.855349902980351,11.525656252247227
Carside,R-NSGA-II_eps0.2,9,51,27.875862213793567,3.85535205426736,11.525667092348666
Carside,R-NSGA-II_eps0.2,9,51,27.88254305125447,3.8551937330452497,11.524984791581389
Carside,R-NSGA-II_eps0.2,9,51,27.88274979928689,3.8551773352608296,11.524985567900519
Carside,R-NSGA-II_eps0.2,9,51,27.88259595060951,3.85518261667494,11.524987706883588
Carside,R-NSGA-II_eps0.2,9,51,27.88559977582574,3.8549570723888373,11.525063973810834
Carside,R-NSGA-II_eps0.2,9,51,27.885553838398078,3.854957286919301,11.52506818264077
Carside,R-NSGA-II_eps0.2,9,51,27.885618469553002,3.8549563536215734,11.525061329640312
Carside,R-NSGA-II_eps0.2,9,51,27.877950123633624,3.855508293820099,11.525185711217436
Carside,R-NSGA-II_eps0.2,9,51,27.882147478158558,3.8552001919925,11.524989477995792
Carside,R-NSGA-II_eps0.2,9,51,27.87480164401916,3.855559779301327,11.525604777796783
Carside,R-NSGA-II_eps0.2,9,51,27.881680722086422,3.8552001919925,11.525020921584911
Carside,R-NSGA-II_eps0.2,9,51,27.875149644695625,3.8553950378082296,11.52565291051404
Carside,R-NSGA-II_eps0.2,9,51,27.879115946365907,3.8558151006938846,11.525027082874262
Carside,R-NSGA-II_eps0.2,9,51,27.8798685365472,3.85520260052573,11.525214417560937
Carside,R-NSGA-II_eps0.2,9,51,27.877910593507508,3.8557973431333115,11.525150392149124
Carside,R-NSGA-II_eps0.2,9,51,27.88399118407276,3.8548447767632914,11.52550126587328
Carside,R-NSGA-II_eps0.2,9,51,27.8797200122131,3.855016781626383,11.525599896743195
Carside,R-NSGA-II_eps0.2,9,51,27.879737297372873,3.855015342960915,11.5255995151624
Carside,R-NSGA-II_eps0.2,9,51,27.885002623904256,3.8547841743126217,11.525526040061802
Carside,R-NSGA-II_eps0.2,9,51,27.88562298919353,3.8548937948538726,11.525123144644576
Carside,R-NSGA-II_eps0.2,9,51,27.87552521816955,3.8557859106673047,11.525424926226215
Carside,R-NSGA-II_eps0.2,9,51,27.88003360255941,3.854994449145306,11.525568541647614
Carside,R-NSGA-II_eps0.2,9,51,27.875170520327597,3.855306898831365,11.52567159675013
Carside,R-NSGA-II_eps0.2,9,51,27.877956860210837,3.855170620446315,11.525457189165945
Carside,R-NSGA-II_eps0.2,9,51,27.879214390081405,3.8551796761601453,11.525265062429131
Carside,R-NSGA-II_eps0.2,9,51,27.883460248720674,3.854838705509895,11.525521155029717
Carside,R-NSGA-II_eps0.2,9,51,27.88345852104583,3.8548387301645914,11.525521287122555
Carside,R-NSGA-II_eps0.2,9,51,27.883381944913058,3.85484076758319,11.525522778407424
Carside,R-NSGA-II_eps0.2,9,51,27.87922289335986,3.8551909802808693,11.525233418751139
Carside,R-NSGA-II_eps0.2,9,51,27.87923634370424,3.8551893031805724,11.525233418751139
Carside,R-NSGA-II_eps0.2,9,51,27.878061132260928,3.8550940444994253,11.52557699469748
Carside,R-NSGA-II_eps0.2,9,51,27.87888654588701,3.8550134685324418,11.525647653225843
Carside,R-NSGA-II_eps0.2,9,51,27.878884853145475,3.855016383838512,11.525637479100812
Carside,R-NSGA-II_eps0.2,9,51,27.878820552874235,3.855012124610952,11.525656904457055
Carside,R-NSGA-II_eps0.2,9,51,27.56611578446926,3.894728554029588,11.548999275526434
Carside,R-NSGA-II_eps0.2,9,51,27.87769952574998,3.855062904826186,11.525697914661936
Carside,R-NSGA-II_eps0.2,9,51,27.881954994164197,3.8552349194322866,11.524836705256693
Carside,R-NSGA-II_eps0.2,9,51,28.916955333940646,3.820756911670374,11.510636638395063
Carside,R-NSGA-II_eps0.2,9,51,27.881148143774094,3.8549122946757635,11.525557056182423
Carside,R-NSGA-II_eps0.2,9,51,27.329144404285984,3.852450831984624,11.70171708898317
Carside,R-NSGA-II_eps0.2,9,51,29.971653230396097,3.8627787806952933,11.364125936955176
Carside,R-NSGA-II_eps0.2,9,51,27.88114697261472,3.8549122946757635,11.52555710869543
Carside,R-NSGA-II_eps0.2,9,51,27.878379305428155,3.855016383838512,11.525679912917465
Carside,R-NSGA-II_eps0.2,9,51,27.879842896143423,3.855202650733096,11.52509134418382
Carside,R-NSGA-II_eps0.2,9,51,30.05328551297809,3.7878778728002116,11.570769994988567
Carside,R-NSGA-II_eps0.2,9,51,27.884776323992778,3.854891927955782,11.525139492797846
Carside,R-NSGA-II_eps0.2,9,51,27.884785872051424,3.854891927955782,11.525138423860234
Carside,R-NSGA-II_eps0.2,9,51,27.877695107185243,3.8550731128218394,11.52563158822527
Carside,R-NSGA-II_eps0.2,9,51,30.266267948155093,3.8983400375900925,11.297308726623392
Carside,R-NSGA-II_eps0.2,9,51,31.114530933941793,3.7600658992673868,11.479624625371645
Carside,R-NSGA-II_eps0.2,9,51,27.877578781448168,3.8550731128218394,11.525637094961011
Carside,R-NSGA-II_eps0.2,9,51,27.87727027062184,3.8550920717479564,11.525625342789162
Carside,R-NSGA-II_eps0.2,9,51,31.19548925075585,3.8584028045767633,11.245025586901082
Carside,R-NSGA-II_eps0.2,9,51,27.876962377323174,3.8551035424505304,11.525631437931317
Carside,R-NSGA-II_eps0.2,9,51,34.00791409043453,3.8037814636123133,11.349053870039883
Carside,R-NSGA-II_eps0.2,9,51,27.88382375936858,3.8547819361705713,11.525536116663059
Carside,R-NSGA-II_eps0.2,9,51,32.45872561070138,3.7129308431016925,11.453708593730262
Carside,R-NSGA-II_eps0.2,9,51,27.88352299877494,3.8548979732813162,11.525214820587085
Carside,R-NSGA-II_eps0.2,9,51,27.872362072791667,3.855462099117906,11.52581496754031
Carside,R-NSGA-II_eps0.2,9,51,34.99777063300409,3.748991162690574,11.281373728789722
Carside,R-NSGA-II_eps0.2,9,51,27.877699593527492,3.855010740125057,11.525682889472696
Carside,R-NSGA-II_eps0.2,9,51,27.872832297885758,3.8553890769930996,11.525764143516813
Carside,R-NSGA-II_eps0.2,9,51,27.87794081493469,3.855020764642309,11.525600102993339
Carside,R-NSGA-II_eps0.2,9,51,35.57105703768407,3.709222864700196,11.22493139223544
Carside,R-NSGA-II_eps0.2,9,51,27.88202025638104,3.8549656212164805,11.525159439392421
Carside,R-NSGA-II_eps0.2,9,51,27.872646798931466,3.85550656375729,11.525656714617192
Carside,R-NSGA-II_eps0.2,9,51,27.874606744734294,3.855215495041876,11.525683358915003
Carside,R-NSGA-II_eps0.2,9,51,27.889256579031816,3.8547682568957176,11.524883391586009
Carside,R-NSGA-II_eps0.2,9,51,27.883831512200025,3.854867412856461,11.525172803369536
Carside,R-NSGA-II_eps0.2,9,51,27.880592082277467,3.8548520399690775,11.525643499356049
Carside,R-NSGA-II_eps0.2,9,51,27.876541788690535,3.8558643553321206,11.5250871537812
Carside,R-NSGA-II_eps0.2,9,51,27.87982700354725,3.8548937948538726,11.525598991743848
Carside,R-NSGA-II_eps0.2,9,51,27.882263778209783,3.8548949766430756,11.525244026969037
Carside,R-NSGA-II_eps0.2,9,51,27.87289950101323,3.855278708375574,11.525797062504598
Carside,R-NSGA-II_eps0.2,9,51,27.87300148539279,3.855278708375574,11.525768082023925
Carside,R-NSGA-II_eps0.2,9,51,27.87265712711407,3.8553099475124846,11.525776181908444
Carside,R-NSGA-II_eps0.2,10,52,27.900404803503825,3.855563454291598,11.522227059151279
Carside,R-NSGA-II_eps0.2,10,52,27.897106105352535,3.8553008597376635,11.52269718209789
Carside,R-NSGA-II_eps0.2,10,52,27.897079742229383,3.8553408420451456,11.522656770803625
Carside,R-NSGA-II_eps0.2,10,52,27.896776675994797,3.8553119092372294,11.52270179789262
Carside,R-NSGA-II_eps0.2,10,52,27.923803262456524,3.8532693922100587,11.52297349297465
Carside,R-NSGA-II_eps0.2,10,52,27.924608141842832,3.853277068046816,11.522898767167987
Carside,R-NSGA-II_eps0.2,10,52,27.925128495866254,3.8532693922100587,11.522860678674736
Carside,R-NSGA-II_eps0.2,10,52,27.9067969194398,3.8542537224601023,11.52232290497385
Carside,R-NSGA-II_eps0.2,10,52,27.90627836121293,3.854263536813376,11.52236063835808
Carside,R-NSGA-II_eps0.2,10,52,27.906305663110707,3.854267381872607,11.522352084355475
Carside,R-NSGA-II_eps0.2,10,52,27.906305173593406,3.854267381872607,11.522352093477151
Carside,R-NSGA-II_eps0.2,10,52,27.90628091441202,3.8542682131508847,11.5223520479684
Carside,R-NSGA-II_eps0.2,10,52,27.907513784329364,3.8542249428905815,11.52227743159512
Carside,R-NSGA-II_eps0.2,10,52,27.919576987748044,3.8538614656599015,11.521841664211816
Carside,R-NSGA-II_eps0.2,10,52,27.922845425669056,3.8534623524145957,11.522410692722474
Carside,R-NSGA-II_eps0.2,10,52,27.92276711469593,3.853450190809798,11.522425364757328
Carside,R-NSGA-II_eps0.2,10,52,27.913438718076872,3.8538468234030723,11.52229104634285
Carside,R-NSGA-II_eps0.2,10,52,27.90474428499448,3.85431831707168,11.52237533305931
Carside,R-NSGA-II_eps0.2,10,52,27.907075531896893,3.8539773216189075,11.52264522716596
Carside,R-NSGA-II_eps0.2,10,52,27.89274933191472,3.8553357477743906,11.523129868178408
Carside,R-NSGA-II_eps0.2,10,52,27.907656139632646,3.8540983839468033,11.52235285629892
Carside,R-NSGA-II_eps0.2,10,52,27.907142595128715,3.8541030425764538,11.522393236895496
Carside,R-NSGA-II_eps0.2,10,52,27.904113796241425,3.8542930169872847,11.522426363615693
Carside,R-NSGA-II_eps0.2,10,52,27.891655444076598,3.85531152474234,11.523206117156123
Carside,R-NSGA-II_eps0.2,10,52,27.891875558220935,3.8553058148718526,11.523137725860877
Carside,R-NSGA-II_eps0.2,10,52,27.91958358675411,3.85406859238498,11.521354601457787
Carside,R-NSGA-II_eps0.2,10,52,27.89159835911875,3.8553163649016944,11.523131528168285
Carside,R-NSGA-II_eps0.2,10,52,27.885430205343795,3.855358831061065,11.524519799702766
Carside,R-NSGA-II_eps0.2,10,52,27.895963942139783,3.8544156479307077,11.523210278356082
Carside,R-NSGA-II_eps0.2,10,52,27.890972684572308,3.8553335607179418,11.523199906282837
Carside,R-NSGA-II_eps0.2,10,52,27.89071223290027,3.855313622901957,11.523210353076236
Carside,R-NSGA-II_eps0.2,10,52,27.904328753607302,3.8539534885016784,11.52274459357807
Carside,R-NSGA-II_eps0.2,10,52,27.897891730861826,3.8541746479578185,11.52324489298585
Carside,R-NSGA-II_eps0.2,10,52,27.89786470157519,3.854170808587051,11.523253436854265
Carside,R-NSGA-II_eps0.2,10,52,27.8979847447869,3.854170808587051,11.523224250543176
Carside,R-NSGA-II_eps0.2,10,52,27.89744157070582,3.8542122259664864,11.523228588146091
Carside,R-NSGA-II_eps0.2,10,52,27.925497074223752,3.8532434744377095,11.522447993416831
Carside,R-NSGA-II_eps0.2,10,52,27.890322699343326,3.8553563704259153,11.523224416283655
Carside,R-NSGA-II_eps0.2,10,52,27.890362283433596,3.8553526824360507,11.523208154868808
Carside,R-NSGA-II_eps0.2,10,52,27.890031738144618,3.8553412848944415,11.523272998984954
Carside,R-NSGA-II_eps0.2,10,52,27.897062287107367,3.854212555501619,11.52325761677511
Carside,R-NSGA-II_eps0.2,10,52,27.890336114616968,3.85543046022213,11.52318410055259
Carside,R-NSGA-II_eps0.2,10,52,27.903764421108416,3.8539117940568475,11.522845659744142
Carside,R-NSGA-II_eps0.2,10,52,27.903736768587358,3.853912986179313,11.52284636517846
Carside,R-NSGA-II_eps0.2,10,52,27.903739672406214,3.8539126241075397,11.52284600940665
Carside,R-NSGA-II_eps0.2,10,52,27.92062273694754,3.853936311376112,11.521347018978133
Carside,R-NSGA-II_eps0.2,10,52,27.897033566079685,3.854201622097456,11.523264450992858
Carside,R-NSGA-II_eps0.2,10,52,27.897062673617942,3.854197707859324,11.523264674461842
Carside,R-NSGA-II_eps0.2,10,52,27.904097061812358,3.853752534368862,11.523118453174817
Carside,R-NSGA-II_eps0.2,10,52,27.903476749512087,3.853760298031252,11.523183662817525
Carside,R-NSGA-II_eps0.2,10,52,27.92031967071057,3.8539073638617785,11.521392010853413
Carside,R-NSGA-II_eps0.2,10,52,27.90426897641757,3.8537428741842388,11.523110475345574
Carside,R-NSGA-II_eps0.2,10,52,27.904149892770757,3.8537428741842388,11.523120567738511
Carside,R-NSGA-II_eps0.2,10,52,27.90355366392086,3.8537501330700525,11.52318369911988
Carside,R-NSGA-II_eps0.2,10,52,27.889881568153758,3.8553592654401814,11.523248574645592
Carside,R-NSGA-II_eps0.2,10,52,27.89550119775477,3.8557279397682453,11.522291132903453
Carside,R-NSGA-II_eps0.2,10,52,27.889855613923803,3.855359720628642,11.523249307501581
Carside,R-NSGA-II_eps0.2,10,52,27.89483376288839,3.8544218575096836,11.523232072447477
Carside,R-NSGA-II_eps0.2,10,52,28.39528308636229,3.854432595400741,11.48081653769425
Carside,R-NSGA-II_eps0.2,10,52,27.632450256187283,3.8540586078122803,11.599571588277954
Carside,R-NSGA-II_eps0.2,10,52,27.901439936866606,3.853590030121487,11.523937929907646
Carside,R-NSGA-II_eps0.2,10,52,27.894718763935767,3.854407116382306,11.523249110869452
Carside,R-NSGA-II_eps0.2,10,52,27.90289611908411,3.8537637837265084,11.523205988743662
Carside,R-NSGA-II_eps0.2,10,52,28.711404119568115,3.8261883198477795,11.512857689921809
Carside,R-NSGA-II_eps0.2,10,52,27.904401462053393,3.8538148942497528,11.522861446193094
Carside,R-NSGA-II_eps0.2,10,52,27.55656139953308,3.9077457351788794,11.521039187991265
Carside,R-NSGA-II_eps0.2,10,52,27.901604681345948,3.8539880247386766,11.52287672258765
Carside,R-NSGA-II_eps0.2,10,52,27.891799026203653,3.8547450740101468,11.523273403819761
Carside,R-NSGA-II_eps0.2,10,52,28.88795901405896,3.8443805872578216,11.443397647268544
Carside,R-NSGA-II_eps0.2,10,52,27.90163200808947,3.8539880247386766,11.5228689575519
Carside,R-NSGA-II_eps0.2,10,52,27.889827178304564,3.855440047517105,11.52315360523821
Carside,R-NSGA-II_eps0.2,10,52,27.458976094981487,3.8805848311267876,11.649131963577574
Carside,R-NSGA-II_eps0.2,10,52,28.194325462738227,3.844000693271733,11.68746390848072
Carside,R-NSGA-II_eps0.2,10,52,27.89393313612152,3.854414236273821,11.523325725835814
Carside,R-NSGA-II_eps0.2,10,52,27.89488656480256,3.855745606280748,11.522309091642292
Carside,R-NSGA-II_eps0.2,10,52,27.894886564806345,3.855745606280748,11.522308675584494
Carside,R-NSGA-II_eps0.2,10,52,27.894890067418043,3.855745606280748,11.522307741808351
Carside,R-NSGA-II_eps0.2,10,52,28.56275364423731,3.8126397321467604,11.667383317354501
Carside,R-NSGA-II_eps0.2,10,52,27.891838752012294,3.854741385864332,11.523257136340195
Carside,R-NSGA-II_eps0.2,10,52,27.900895953436294,3.8538790311272013,11.523180073243005
Carside,R-NSGA-II_eps0.2,10,52,27.900895953440077,3.8538790311272013,11.523179657051825
Carside,R-NSGA-II_eps0.2,10,52,27.100589333164272,3.9223178726253556,11.610078953978999
Carside,R-NSGA-II_eps0.2,10,52,27.892774382022388,3.854548533150967,11.523308982848318
Carside,R-NSGA-II_eps0.2,10,52,27.21997260375062,3.940008767843954,11.52057780460078
Carside,R-NSGA-II_eps0.2,10,52,27.892774365886442,3.8545485333809446,11.523308983173859
Carside,R-NSGA-II_eps0.2,10,52,27.892880275380968,3.8545484677853588,11.52328059610128
Carside,R-NSGA-II_eps0.2,10,52,27.75479317428595,3.9453676595571703,11.473289048515094
Carside,R-NSGA-II_eps0.2,10,52,27.901558655248216,3.8536921621545024,11.523488961779613
Carside,R-NSGA-II_eps0.2,10,52,29.494028967251552,3.8005907823367213,11.500987048920347
Carside,R-NSGA-II_eps0.2,10,52,27.900549030587058,3.85385266001667,11.523244054591304
Carside,R-NSGA-II_eps0.2,10,52,27.572135801201533,3.8351525083530977,11.77466141234381
Carside,R-NSGA-II_eps0.2,10,52,30.131653551734985,3.839941039046512,11.427383732397509
Carside,R-NSGA-II_eps0.2,10,52,27.900343440927404,3.8538664093041324,11.523242966279778
Carside,R-NSGA-II_eps0.2,10,52,27.900669042642495,3.853711963277784,11.523569319317385
Carside,R-NSGA-II_eps0.2,10,52,30.075693337615643,3.782745881028002,11.484565952651268
Carside,R-NSGA-II_eps0.2,10,52,27.90036428367823,3.8538591418720145,11.523253470250715
Carside,R-NSGA-II_eps0.2,10,52,27.90036426862947,3.8538591418720145,11.523253470798554
Carside,R-NSGA-II_eps0.2,10,52,27.89229104275295,3.8545573970191347,11.523347411315875
Carside,R-NSGA-II_eps0.2,10,52,27.89266373428487,3.854552206380642,11.523267278641963
Carside,R-NSGA-II_eps0.2,10,52,27.893936955989385,3.854376372445528,11.523296962098227
Carside,R-NSGA-II_eps0.2,11,53,27.915830173244164,3.855072206312588,11.525383701150455
Carside,R-NSGA-II_eps0.2,11,53,27.915630377580918,3.855115942967279,11.525323650637674
Carside,R-NSGA-II_eps0.2,11,53,27.914676524045795,3.855093171921847,11.525474524900087
Carside,R-NSGA-II_eps0.2,11,53,27.915071819951734,3.855101957862452,11.525390667203723
Carside,R-NSGA-II_eps0.2,11,53,27.914944708137565,3.855101957862452,11.525396432903708
Carside,R-NSGA-II_eps0.2,11,53,27.914945636133982,3.855101957862452,11.525396169206754
Carside,R-NSGA-II_eps0.2,11,53,27.914808054609374,3.855116057603874,11.525393269576572
Carside,R-NSGA-II_eps0.2,11,53,27.91429198920226,3.8550845689904536,11.52550928926672
Carside,R-NSGA-II_eps0.2,11,53,27.913988994443887,3.8550593177213397,11.525557870002437
Carside,R-NSGA-II_eps0.2,11,53,27.91373673399552,3.8551208543466484,11.52549123280632
Carside,R-NSGA-II_eps0.2,11,53,27.913737661991934,3.8551208543466484,11.52549096910938
Carside,R-NSGA-II_eps0.2,11,53,27.912563634489473,3.8550748104663968,11.525627750716929
Carside,R-NSGA-II_eps0.2,11,53,27.922240780590947,3.8547017637847447,11.525160116232465
Carside,R-NSGA-II_eps0.2,11,53,27.921441304608603,3.8546732269243598,11.525295840844542
Carside,R-NSGA-II_eps0.2,11,53,27.92162049828409,3.854701756193678,11.525207873280623
Carside,R-NSGA-II_eps0.2,11,53,27.92162067992756,3.8547017590680546,11.525207671412584
Carside,R-NSGA-II_eps0.2,11,53,27.921620091590675,3.8547017668106833,11.525207582569465
Carside,R-NSGA-II_eps0.2,11,53,27.921636476509796,3.8546733825236266,11.525268308215583
Carside,R-NSGA-II_eps0.2,11,53,27.92288874882104,3.8546769473324707,11.525149818725804
Carside,R-NSGA-II_eps0.2,11,53,27.92238739649377,3.8546742598146553,11.525198036057752
Carside,R-NSGA-II_eps0.2,11,53,27.92143205908726,3.8546770743134253,11.525274979335087
Carside,R-NSGA-II_eps0.2,11,53,27.921515304902556,3.8546771199492627,11.525266158255764
Carside,R-NSGA-II_eps0.2,11,53,27.921598457257225,3.854673542288897,11.5252666826804
Carside,R-NSGA-II_eps0.2,11,53,27.92148716001058,3.854677248415588,11.525268412867774
Carside,R-NSGA-II_eps0.2,11,53,27.921496702777002,3.8546771197864924,11.525267738889005
Carside,R-NSGA-II_eps0.2,11,53,27.92148279626666,3.8546775876596935,11.525267934507582
Carside,R-NSGA-II_eps0.2,11,53,27.921499699107507,3.85467698073452,11.525267702489328
Carside,R-NSGA-II_eps0.2,11,53,27.920868637053264,3.854700701315514,11.525272834583998
Carside,R-NSGA-II_eps0.2,11,53,27.921397741533085,3.854677525036638,11.525275600560075
Carside,R-NSGA-II_eps0.2,11,53,27.921438113549424,3.8546772102958693,11.525272172971864
Carside,R-NSGA-II_eps0.2,11,53,27.9214064631137,3.854677225149314,11.525275060478034
Carside,R-NSGA-II_eps0.2,11,53,27.9214064687072,3.85467722445187,11.525275060478034
Carside,R-NSGA-II_eps0.2,11,53,27.921406803626674,3.854677175779584,11.525275075822268
Carside,R-NSGA-II_eps0.2,11,53,27.921406869839316,3.8546771744353974,11.525275060478034
Carside,R-NSGA-II_eps0.2,11,53,27.92140663020287,3.8546772117656642,11.52527496271552
Carside,R-NSGA-II_eps0.2,11,53,27.92140113375686,3.8546771586003405,11.525275558259992
Carside,R-NSGA-II_eps0.2,11,53,27.921294130174083,3.854677587321591,11.525283974915403
Carside,R-NSGA-II_eps0.2,11,53,27.921460607109495,3.8546735876460967,11.525276082396541
Carside,R-NSGA-II_eps0.2,11,53,27.921478270449104,3.8546735876611358,11.525271063195401
Carside,R-NSGA-II_eps0.2,11,53,27.92138554047642,3.85467339870972,11.525279284864965
Carside,R-NSGA-II_eps0.2,11,53,27.921168446625526,3.854677223133778,11.525289540970581
Carside,R-NSGA-II_eps0.2,11,53,27.91736129578843,3.854781705160702,11.525460846265895
Carside,R-NSGA-II_eps0.2,11,53,27.921494108707748,3.8547224853887267,11.525126133000171
Carside,R-NSGA-II_eps0.2,11,53,27.926072456179163,3.8546764688537962,11.524879018120988
Carside,R-NSGA-II_eps0.2,11,53,27.926225924801756,3.854677430330919,11.52486394224593
Carside,R-NSGA-II_eps0.2,11,53,27.92165640633842,3.8547199736842113,11.525098716749588
Carside,R-NSGA-II_eps0.2,11,53,27.926937449925685,3.854700853500464,11.524756804051997
Carside,R-NSGA-II_eps0.2,11,53,27.923086948679877,3.8547025694098775,11.525002067225047
Carside,R-NSGA-II_eps0.2,11,53,27.919508754620487,3.854703530997394,11.52531001424981
Carside,R-NSGA-II_eps0.2,11,53,27.91958906298491,3.8547021091731217,11.52530200000967
Carside,R-NSGA-II_eps0.2,11,53,27.919589062985033,3.8547021091731217,11.525301986786634
Carside,R-NSGA-II_eps0.2,11,53,27.919952753052645,3.8546744355118503,11.525328927109815
Carside,R-NSGA-II_eps0.2,11,53,27.923260291485402,3.854728470558008,11.52491823201079
Carside,R-NSGA-II_eps0.2,11,53,27.920074614516473,3.8546761961665545,11.525301168187067
Carside,R-NSGA-II_eps0.2,11,53,27.923769139239578,3.854672899201979,11.524984673574448
Carside,R-NSGA-II_eps0.2,11,53,27.919584444682734,3.8547051625720488,11.52527883756514
Carside,R-NSGA-II_eps0.2,11,53,27.919993012506403,3.8546761451603775,11.525303774064964
Carside,R-NSGA-II_eps0.2,11,53,27.919858285670326,3.8546786731766916,11.525311071196807
Carside,R-NSGA-II_eps0.2,11,53,27.91985855257826,3.8546786398841166,11.525311071166954
Carside,R-NSGA-II_eps0.2,11,53,27.919200710178345,3.8546733777592412,11.525394091211648
Carside,R-NSGA-II_eps0.2,11,53,27.9193589654399,3.8546993910256653,11.525312902900714
Carside,R-NSGA-II_eps0.2,11,53,27.919358240189847,3.854699415418846,11.52531291312784
Carside,R-NSGA-II_eps0.2,11,53,27.91903174050867,3.8546772954812805,11.52540117453271
Carside,R-NSGA-II_eps0.2,11,53,27.91911410636431,3.8546732198245106,11.525401914299454
Carside,R-NSGA-II_eps0.2,11,53,27.919114351684325,3.8546732198245106,11.525401844496262
Carside,R-NSGA-II_eps0.2,11,53,27.919112168124087,3.8546732196969566,11.525402022837294
Carside,R-NSGA-II_eps0.2,11,53,27.919104991873233,3.8546732198245106,11.525402641136505
Carside,R-NSGA-II_eps0.2,11,53,27.918485726586383,3.8547016203568485,11.525402521458359
Carside,R-NSGA-II_eps0.2,11,53,27.91848500133636,3.8547016447495683,11.525402528281766
Carside,R-NSGA-II_eps0.2,11,53,27.91914129079764,3.854701795802205,11.525328309593814
Carside,R-NSGA-II_eps0.2,11,53,27.91907233435756,3.854684825417718,11.525376608472317
Carside,R-NSGA-II_eps0.2,11,53,27.919071708742752,3.854684825417718,11.525376637240152
Carside,R-NSGA-II_eps0.2,11,53,27.919123333130095,3.8547022464057514,11.525328711837819
Carside,R-NSGA-II_eps0.2,11,53,27.919081462663797,3.8546844748164775,11.525376068406242
Carside,R-NSGA-II_eps0.2,11,53,27.91927524277375,3.8546770822066665,11.52537124271161
Carside,R-NSGA-II_eps0.2,11,53,27.918356050400256,3.8547284710293095,11.525349635889224
Carside,R-NSGA-II_eps0.2,11,53,27.91915159361693,3.8546788552775455,11.52537844369084
Carside,R-NSGA-II_eps0.2,11,53,27.91909247582857,3.8547057799047324,11.525319002952322
Carside,R-NSGA-II_eps0.2,11,53,27.919224252714855,3.85467903954854,11.525368107819325
Carside,R-NSGA-II_eps0.2,11,53,27.919391310772873,3.8546736288716468,11.52536309799502
Carside,R-NSGA-II_eps0.2,11,53,28.625251463790878,3.8445776628393413,11.471913830340396
Carside,R-NSGA-II_eps0.2,11,53,27.919251587497143,3.854678667895037,11.52536590896868
Carside,R-NSGA-II_eps0.2,11,53,27.613068565993597,3.855329228926356,11.607180320303533
Carside,R-NSGA-II_eps0.2,11,53,27.919385125314367,3.8546738369108224,11.525363185654372
Carside,R-NSGA-II_eps0.2,11,53,27.30676714307268,3.9308807025844974,11.525478678830211
Carside,R-NSGA-II_eps0.2,11,53,27.919251854405076,3.8546786346024615,11.525365908938827
Carside,R-NSGA-II_eps0.2,11,53,27.919251929024924,3.8546786194530998,11.52536592225956
Carside,R-NSGA-II_eps0.2,11,53,29.276810675982745,3.8546789475057777,11.41059464818477
Carside,R-NSGA-II_eps0.2,11,53,27.919367050401792,3.8546742132151457,11.525364049373941
Carside,R-NSGA-II_eps0.2,11,53,27.919369461736533,3.854674214515854,11.525363739380328
Carside,R-NSGA-II_eps0.2,11,53,27.3909433734793,3.85217752401601,11.709707635674533
Carside,R-NSGA-II_eps0.2,11,53,27.91936961414278,3.8546742123465503,11.525363727521622
Carside,R-NSGA-II_eps0.2,11,53,27.91935934101198,3.8546745956245347,11.525363875861835
Carside,R-NSGA-II_eps0.2,11,53,27.919362337342484,3.8546744565726296,11.525363839537397
Carside,R-NSGA-II_eps0.2,11,53,26.89998108906613,3.9458467865901166,11.608105077630682
Carside,R-NSGA-II_eps0.2,11,53,27.91936975917864,3.8546738369108224,11.525364491466433
Carside,R-NSGA-II_eps0.2,11,53,27.919285211368617,3.854673837426372,11.525373510025544
Carside,R-NSGA-II_eps0.2,11,53,27.465562167411434,3.8445193450168604,11.83443563155674
Carside,R-NSGA-II_eps0.2,11,53,31.44819206587694,3.74179194527717,11.578440030692091
Carside,R-NSGA-II_eps0.2,11,53,27.919280742302234,3.854673457659615,11.525374943804096
Carside,R-NSGA-II_eps0.2,12,54,27.906721335774396,3.8557062043925274,11.524300386069813
Carside,R-NSGA-II_eps0.2,12,54,27.906797938704567,3.855721497138174,11.524281979373246
Carside,R-NSGA-II_eps0.2,12,54,27.906535496467082,3.8557235220269743,11.52430686859255
Carside,R-NSGA-II_eps0.2,12,54,27.90686500157098,3.8557235220269743,11.524216646268169
Carside,R-NSGA-II_eps0.2,12,54,27.906484783260566,3.8557235220269743,11.524309146772898
Carside,R-NSGA-II_eps0.2,12,54,27.906459351502946,3.8557235220269743,11.524310289239217
Carside,R-NSGA-II_eps0.2,12,54,27.906431359673608,3.855724401597035,11.524314717235754
Carside,R-NSGA-II_eps0.2,12,54,27.90636218221408,3.855729541398507,11.524307780899804
Carside,R-NSGA-II_eps0.2,12,54,27.906290173176313,3.8557249887108336,11.524323143036469
Carside,R-NSGA-II_eps0.2,12,54,27.918398575296642,3.8550101382852495,11.523712528727279
Carside,R-NSGA-II_eps0.2,12,54,27.91440273959526,3.8550657983735506,11.523956716264635
Carside,R-NSGA-II_eps0.2,12,54,27.914333502334465,3.8550657983735506,11.523962606367135
Carside,R-NSGA-II_eps0.2,12,54,27.913916500417578,3.855074526194761,11.523988546564146
Carside,R-NSGA-II_eps0.2,12,54,27.914151485417225,3.855066708885149,11.523974799772155
Carside,R-NSGA-II_eps0.2,12,54,27.927510065169148,3.854951249424155,11.522877137664134
Carside,R-NSGA-II_eps0.2,12,54,27.927415811736385,3.8549444436886104,11.522919425006224
Carside,R-NSGA-II_eps0.2,12,54,27.927415607330616,3.854944383694348,11.522919612133308
Carside,R-NSGA-II_eps0.2,12,54,27.92692881125032,3.854944383694348,11.522955803212735
Carside,R-NSGA-II_eps0.2,12,54,27.924382056623834,3.854944600928604,11.52317885512754
Carside,R-NSGA-II_eps0.2,12,54,27.914314489138835,3.855011326127152,11.524083608221702
Carside,R-NSGA-II_eps0.2,12,54,27.914033817832237,3.8550136627842613,11.524104092467143
Carside,R-NSGA-II_eps0.2,12,54,27.911365726489784,3.8550670452188753,11.524195252127669
Carside,R-NSGA-II_eps0.2,12,54,27.911313655063385,3.855067046131472,11.524197523454006
Carside,R-NSGA-II_eps0.2,12,54,27.921163645324857,3.855016098013258,11.522871271973633
Carside,R-NSGA-II_eps0.2,12,54,27.913931917458196,3.854982303305284,11.524136369001978
Carside,R-NSGA-II_eps0.2,12,54,27.91103778382007,3.8550581344747705,11.524214452536249
Carside,R-NSGA-II_eps0.2,12,54,27.91202050033456,3.855010469055808,11.524323148448495
Carside,R-NSGA-II_eps0.2,12,54,27.911278206686738,3.8550447927980684,11.524211891140332
Carside,R-NSGA-II_eps0.2,12,54,27.914172340324864,3.8549689613112483,11.52413380650945
Carside,R-NSGA-II_eps0.2,12,54,27.91237771260572,3.85499633661497,11.524306308851475
Carside,R-NSGA-II_eps0.2,12,54,27.910302480217297,3.855068687779366,11.52425256167113
Carside,R-NSGA-II_eps0.2,12,54,27.910425774647987,3.8550645628689293,11.524250791934666
Carside,R-NSGA-II_eps0.2,12,54,27.909488974702125,3.8550869198565443,11.52432920883981
Carside,R-NSGA-II_eps0.2,12,54,27.909556089836922,3.8550843842533973,11.524328435874512
Carside,R-NSGA-II_eps0.2,12,54,27.908597955891924,3.8550919303875495,11.524527598134544
Carside,R-NSGA-II_eps0.2,12,54,27.90859011470026,3.8550919476856813,11.524528253406764
Carside,R-NSGA-II_eps0.2,12,54,27.91080795590124,3.8550543449157426,11.524222395545639
Carside,R-NSGA-II_eps0.2,12,54,27.908326907714716,3.855101053080085,11.524535316285567
Carside,R-NSGA-II_eps0.2,12,54,27.910356351847504,3.8550646345985466,11.52425741779372
Carside,R-NSGA-II_eps0.2,12,54,27.908330943621728,3.8550992860617512,11.524542086968967
Carside,R-NSGA-II_eps0.2,12,54,27.910694503135574,3.855051617651954,11.524261732971322
Carside,R-NSGA-II_eps0.2,12,54,27.908697217618478,3.855112881857581,11.524340411375245
Carside,R-NSGA-II_eps0.2,12,54,27.9130655891323,3.854987455299318,11.524185553577686
Carside,R-NSGA-II_eps0.2,12,54,27.908281984492202,3.8550983769516014,11.524546318672158
Carside,R-NSGA-II_eps0.2,12,54,27.93008186050092,3.854894957562114,11.522692693324549
Carside,R-NSGA-II_eps0.2,12,54,27.90823912477071,3.8550992860617512,11.524549524419463
Carside,R-NSGA-II_eps0.2,12,54,27.908236972996704,3.8550993586836277,11.524549554415454
Carside,R-NSGA-II_eps0.2,12,54,27.908239124771292,3.8550992860617512,11.524549460186805
Carside,R-NSGA-II_eps0.2,12,54,27.908265009716004,3.8550978011890873,11.524548329442545
Carside,R-NSGA-II_eps0.2,12,54,27.908536993262214,3.8551145744336246,11.524356780483455
Carside,R-NSGA-II_eps0.2,12,54,27.912065201094816,3.8549999809027837,11.52429917594095
Carside,R-NSGA-II_eps0.2,12,54,27.90830716525489,3.855095133308836,11.524550316002527
Carside,R-NSGA-II_eps0.2,12,54,27.90830501348089,3.855095205930863,11.524550345998517
Carside,R-NSGA-II_eps0.2,12,54,27.90833590428001,3.855093943088347,11.524550574154043
Carside,R-NSGA-II_eps0.2,12,54,27.908319133132608,3.855094379668756,11.524551176056587
Carside,R-NSGA-II_eps0.2,12,54,27.908287856446155,3.8550954563306523,11.524551643380772
Carside,R-NSGA-II_eps0.2,12,54,27.90828785644643,3.8550954563306523,11.524551613003199
Carside,R-NSGA-II_eps0.2,12,54,27.908297360469128,3.855095161604617,11.524550726707222
Carside,R-NSGA-II_eps0.2,12,54,27.90829608041607,3.855095204704386,11.52455077562933
Carside,R-NSGA-II_eps0.2,12,54,27.90829608041635,3.855095204704386,11.524550744644625
Carside,R-NSGA-II_eps0.2,12,54,27.908250194238647,3.855096701044715,11.524552154612094
Carside,R-NSGA-II_eps0.2,12,54,27.908250197004413,3.8550967006998564,11.524552154612094
Carside,R-NSGA-II_eps0.2,12,54,27.908250197004804,3.8550967006998564,11.52455211152711
Carside,R-NSGA-II_eps0.2,12,54,27.90815878949508,3.8551000302006666,11.524553299682944
Carside,R-NSGA-II_eps0.2,12,54,27.908181201481835,3.8550992860617512,11.524552126444046
Carside,R-NSGA-II_eps0.2,12,54,27.90804064577211,3.8551043605907784,11.524555018279795
Carside,R-NSGA-II_eps0.2,12,54,27.908105901555302,3.8551000992608877,11.524566128349367
Carside,R-NSGA-II_eps0.2,12,54,27.908299927642883,3.855094038175878,11.524551540993317
Carside,R-NSGA-II_eps0.2,12,54,27.908260302769794,3.8550950811687614,11.524553317670975
Carside,R-NSGA-II_eps0.2,12,54,27.73244253516535,3.8772152710147396,11.52429773424905
Carside,R-NSGA-II_eps0.2,12,54,27.910569224948006,3.855053319647803,11.524243560838183
Carside,R-NSGA-II_eps0.2,12,54,28.484929853103615,3.8357089776879802,11.51626984999082
Carside,R-NSGA-II_eps0.2,12,54,27.908256535046778,3.85509394310936,11.524558163160624
Carside,R-NSGA-II_eps0.2,12,54,27.908245913963995,3.8550940631033317,11.524558932496841
Carside,R-NSGA-II_eps0.2,12,54,27.908235280949285,3.8550945956486102,11.524553704329431
Carside,R-NSGA-II_eps0.2,12,54,27.908219141447507,3.855095205930863,11.524553750985266
Carside,R-NSGA-II_eps0.2,12,54,29.076387406339503,3.8567741947145406,11.419105753248461
Carside,R-NSGA-II_eps0.2,12,54,27.374129834929796,3.8543491588626217,11.723833003462033
Carside,R-NSGA-II_eps0.2,12,54,27.913040166221872,3.8549831920970026,11.524190334676073
Carside,R-NSGA-II_eps0.2,12,54,27.90794122592457,3.8551042653918826,11.524564165025222
Carside,R-NSGA-II_eps0.2,12,54,27.908220205093386,3.855093798082589,11.524558948445037
Carside,R-NSGA-II_eps0.2,12,54,27.908200507795343,3.8550939429767843,11.524560687693032
Carside,R-NSGA-II_eps0.2,12,54,27.55827566380354,3.900652514429353,11.523874691548468
Carside,R-NSGA-II_eps0.2,12,54,27.908190273311895,3.8550940631033317,11.52456143205692
Carside,R-NSGA-II_eps0.2,12,54,27.099523391371044,3.847571843184536,11.857432115041401
Carside,R-NSGA-II_eps0.2,12,54,27.90807149299789,3.855100375899341,11.524546549100958
Carside,R-NSGA-II_eps0.2,12,54,30.40453821120872,3.8551789933113163,11.379507355349793
Carside,R-NSGA-II_eps0.2,12,54,27.90817745982787,3.85509394310936,11.52456166641235
Carside,R-NSGA-II_eps0.2,12,54,27.913039203659494,3.8549814895271455,11.52419101938056
Carside,R-NSGA-II_eps0.2,12,54,27.91296897320913,3.854982208633124,11.524196755660842
Carside,R-NSGA-II_eps0.2,12,54,27.384112089369857,3.929603429794169,11.513440936543358
Carside,R-NSGA-II_eps0.2,12,54,27.91277772398439,3.8549852169823002,11.524215223896237
Carside,R-NSGA-II_eps0.2,12,54,31.121170085413876,3.829602432514331,11.376289301548933
Carside,R-NSGA-II_eps0.2,12,54,27.91370349902887,3.854963318405496,11.524186199026934
Carside,R-NSGA-II_eps0.2,12,54,30.770652364197772,3.894736945701621,11.251936250109143
Carside,R-NSGA-II_eps0.2,12,54,27.912616974948122,3.8549842362396247,11.524258289816082
Carside,R-NSGA-II_eps0.2,12,54,27.907098685486936,3.855173814263394,11.524333568423229
Carside,R-NSGA-II_eps0.2,12,54,27.908114425161365,3.8550946278784535,11.524565509027777
Carside,R-NSGA-II_eps0.2,12,54,27.906981348858363,3.855178086654489,11.524339153161892
Carside,R-NSGA-II_eps0.2,12,54,27.909717558947634,3.8551015067689205,11.524097494067783
Carside,R-NSGA-II_eps0.2,13,55,27.92605267443986,3.854691907123626,11.525293159328719
Carside,R-NSGA-II_eps0.2,13,55,27.924752044368592,3.854696570395885,11.525417540466059
Carside,R-NSGA-II_eps0.2,13,55,27.92092494919927,3.854880296189381,11.52555245686193
Carside,R-NSGA-II_eps0.2,13,55,27.926686178502415,3.854645928458342,11.525298400889945
Carside,R-NSGA-II_eps0.2,13,55,27.920755985854946,3.8548702180587138,11.525598735117214
Carside,R-NSGA-II_eps0.2,13,55,27.93207119725142,3.8544904553338566,11.52522074727203
Carside,R-NSGA-II_eps0.2,13,55,27.925336136053676,3.854649481978933,11.52542239400048
Carside,R-NSGA-II_eps0.2,13,55,27.92038929774271,3.8548878108186098,11.525593113656866
Carside,R-NSGA-II_eps0.2,13,55,27.92467107578004,3.854712247085916,11.525345134012401
Carside,R-NSGA-II_eps0.2,13,55,27.92334540401773,3.854700416942185,11.525554634288337
Carside,R-NSGA-II_eps0.2,13,55,27.924649260024967,3.854718693520399,11.525325962129287
Carside,R-NSGA-II_eps0.2,13,55,27.924642850156975,3.854718895087192,11.525326066897442
Carside,R-NSGA-II_eps0.2,13,55,27.925332703860164,3.8547111580519626,11.52525805422906
Carside,R-NSGA-II_eps0.2,13,55,27.923183644126418,3.85470148844467,11.52556188746335
Carside,R-NSGA-II_eps0.2,13,55,27.92437922825016,3.854598667562759,11.52566081474371
Carside,R-NSGA-II_eps0.2,13,55,27.919879399227522,3.8548519327748276,11.525705290944606
Carside,R-NSGA-II_eps0.2,13,55,27.920043843295584,3.8548455773914787,11.525685231615876
Carside,R-NSGA-II_eps0.2,13,55,27.919621064871386,3.8548700236399416,11.525708633369721
Carside,R-NSGA-II_eps0.2,13,55,27.919726882934633,3.8548637733325513,11.525692239691502
Carside,R-NSGA-II_eps0.2,13,55,27.921905694884018,3.8547244992358105,11.525644290251023
Carside,R-NSGA-II_eps0.2,13,55,27.921727408934775,3.8547329833061053,11.525624487194332
Carside,R-NSGA-II_eps0.2,13,55,27.92239391632162,3.854711434261517,11.525564108296287
Carside,R-NSGA-II_eps0.2,13,55,27.92269780314649,3.854713963642653,11.525508617929031
Carside,R-NSGA-II_eps0.2,13,55,27.921997555916725,3.8547224772649034,11.525585410281318
Carside,R-NSGA-II_eps0.2,13,55,27.927154604569406,3.854665759148554,11.525041005296956
Carside,R-NSGA-II_eps0.2,13,55,27.920872062816716,3.854714306493821,11.525757558574494
Carside,R-NSGA-II_eps0.2,13,55,27.921192004284524,3.8547144020499724,11.525690421425312
Carside,R-NSGA-II_eps0.2,13,55,27.921258272455816,3.854714624889029,11.525672484255756
Carside,R-NSGA-II_eps0.2,13,55,27.92125552646946,3.8547146574721567,11.525672649807975
Carside,R-NSGA-II_eps0.2,13,55,27.920933456401645,3.8547185925601757,11.525720464516112
Carside,R-NSGA-II_eps0.2,13,55,27.920812830022566,3.8547203987021192,11.525729348362622
Carside,R-NSGA-II_eps0.2,13,55,27.92105390348145,3.8547185925601757,11.525686289369649
Carside,R-NSGA-II_eps0.2,13,55,27.92109835127906,3.8547158943669624,11.525685264548116
Carside,R-NSGA-II_eps0.2,13,55,27.921108564738926,3.8547146208682266,11.525685264548116
Carside,R-NSGA-II_eps0.2,13,55,27.92135948213648,3.854697666491527,11.525687524900448
Carside,R-NSGA-II_eps0.2,13,55,27.921074958839117,3.854715762008697,11.525685727375222
Carside,R-NSGA-II_eps0.2,13,55,27.92104387387289,3.8547149909316056,11.52568804178432
Carside,R-NSGA-II_eps0.2,13,55,27.92104684178119,3.8547146208682266,11.52568804178432
Carside,R-NSGA-II_eps0.2,13,55,27.92077908179167,3.854727921138278,11.525695434471423
Carside,R-NSGA-II_eps0.2,13,55,27.920909186876436,3.854720940608104,11.525690741032577
Carside,R-NSGA-II_eps0.2,13,55,27.920894325488298,3.8547264614270746,11.52567499052689
Carside,R-NSGA-II_eps0.2,13,55,27.92098965731602,3.8547120971028384,11.525692043029235
Carside,R-NSGA-II_eps0.2,13,55,27.921119289709203,3.8548282723876706,11.525376962320934
Carside,R-NSGA-II_eps0.2,13,55,27.920957848860574,3.854711229877439,11.525693154527811
Carside,R-NSGA-II_eps0.2,13,55,27.919581152401257,3.85474874030509,11.525861562429858
Carside,R-NSGA-II_eps0.2,13,55,27.917526281403557,3.8549326506502575,11.525822683542533
Carside,R-NSGA-II_eps0.2,13,55,27.91670214630272,3.854996428741355,11.525874230091997
Carside,R-NSGA-II_eps0.2,13,55,27.920400070834564,3.8547338610177038,11.52569738666785
Carside,R-NSGA-II_eps0.2,13,55,27.92443198446984,3.8555723815732015,11.524330893557968
Carside,R-NSGA-II_eps0.2,13,55,27.91715287359467,3.854934119660835,11.525836471272868
Carside,R-NSGA-II_eps0.2,13,55,27.9171332984285,3.8549343412162975,11.525838793839174
Carside,R-NSGA-II_eps0.2,13,55,27.93295476235949,3.8546618278668414,11.524567865633614
Carside,R-NSGA-II_eps0.2,13,55,27.924198187128557,3.855580519702328,11.524335456273906
Carside,R-NSGA-II_eps0.2,13,55,27.925164346548968,3.854965428677387,11.52463759646644
Carside,R-NSGA-II_eps0.2,13,55,27.925164346548982,3.854965428677387,11.524637595198342
Carside,R-NSGA-II_eps0.2,13,55,27.933262087306442,3.8546649535895847,11.52453802316673
Carside,R-NSGA-II_eps0.2,13,55,27.924801108739153,3.8549845996690157,11.524635615568545
Carside,R-NSGA-II_eps0.2,13,55,27.922910368698627,3.8549378691235154,11.524879760480864
Carside,R-NSGA-II_eps0.2,13,55,27.92494614707527,3.8549614569872426,11.52464884778919
Carside,R-NSGA-II_eps0.2,13,55,27.925003293698573,3.8549732539915005,11.524626107469842
Carside,R-NSGA-II_eps0.2,13,55,27.924771484797514,3.854967118788311,11.52465370003722
Carside,R-NSGA-II_eps0.2,13,55,27.92612467277219,3.8549732539915005,11.524530424482473
Carside,R-NSGA-II_eps0.2,13,55,27.93321766285053,3.8546571047506424,11.524539318650337
Carside,R-NSGA-II_eps0.2,13,55,27.93321766285071,3.8546571047506424,11.524539299409142
Carside,R-NSGA-II_eps0.2,13,55,27.93330916598,3.8546592035909066,11.524530181652349
Carside,R-NSGA-II_eps0.2,13,55,27.933227876310593,3.8546558312519066,11.524539296981002
Carside,R-NSGA-II_eps0.2,13,55,27.933336934654545,3.854652634983957,11.52453807794673
Carside,R-NSGA-II_eps0.2,13,55,27.92498658980499,3.8549982892659536,11.524590364356571
Carside,R-NSGA-II_eps0.2,13,55,27.924495646243837,3.8549966347754747,11.52463492699928
Carside,R-NSGA-II_eps0.2,13,55,27.924616272622924,3.8549948286335525,11.524626039187826
Carside,R-NSGA-II_eps0.2,13,55,27.639357944534197,3.889397947232634,11.525955530651355
Carside,R-NSGA-II_eps0.2,13,55,27.924969128266767,3.8549988757472775,11.524590555179834
Carside,R-NSGA-II_eps0.2,13,55,27.92496933864118,3.8549988735678795,11.524590536598964
Carside,R-NSGA-II_eps0.2,13,55,27.92497115954764,3.854998846680408,11.5245904012383
Carside,R-NSGA-II_eps0.2,13,55,28.503791831116093,3.8549178606830794,11.475283985891512
Carside,R-NSGA-II_eps0.2,13,55,27.92497136992205,3.8549988445010106,11.524590382657427
Carside,R-NSGA-II_eps0.2,13,55,27.92497136946462,3.8549988445165364,11.524590128944492
Carside,R-NSGA-II_eps0.2,13,55,27.65296754230494,3.8538534452810964,11.60578036780338
Carside,R-NSGA-II_eps0.2,13,55,27.924723756723616,3.85499811880753,11.524611996086833
Carside,R-NSGA-II_eps0.2,13,55,27.924847605610598,3.8555822658444874,11.524255749767086
Carside,R-NSGA-II_eps0.2,13,55,28.666941858992512,3.8297551048307468,11.597447034035085
Carside,R-NSGA-II_eps0.2,13,55,27.925141552878713,3.855578059365345,11.524233546210912
Carside,R-NSGA-II_eps0.2,13,55,27.925142655226207,3.855578059365345,11.52423335396967
Carside,R-NSGA-II_eps0.2,13,55,29.0496439748401,3.8169349384709133,11.509082815786485
Carside,R-NSGA-II_eps0.2,13,55,27.926249108790042,3.854975835828624,11.52450797222626
Carside,R-NSGA-II_eps0.2,13,55,27.92460406773214,3.8550112089431403,11.524595716539014
Carside,R-NSGA-II_eps0.2,13,55,27.361752041640745,3.8527490401615543,11.689858720287697
Carside,R-NSGA-II_eps0.2,13,55,27.9246040677434,3.8550112089431403,11.524594483579328
Carside,R-NSGA-II_eps0.2,13,55,27.096565683676925,3.9577789087349853,11.525563473989097
Carside,R-NSGA-II_eps0.2,13,55,27.924602258568328,3.854998642935816,11.524607172646599
Carside,R-NSGA-II_eps0.2,13,55,27.977925585574607,3.8461653950130312,11.761315015023827
Carside,R-NSGA-II_eps0.2,13,55,28.973120246668962,3.8156653853051745,11.728993013755524
Carside,R-NSGA-II_eps0.2,13,55,27.925191378632697,3.855002509642749,11.524550272624682
Carside,R-NSGA-II_eps0.2,13,55,27.925160932701992,3.855002509642749,11.524551642362113
Carside,R-NSGA-II_eps0.2,13,55,29.95519698553463,3.7920703172570205,11.482409144178462
Carside,R-NSGA-II_eps0.2,13,55,27.923100137552844,3.854984956997554,11.524761588775803
Carside,R-NSGA-II_eps0.2,13,55,27.924304943880216,3.8555822658444874,11.524279695507735
Carside,R-NSGA-II_eps0.2,13,55,27.153443118925455,3.845948560942006,11.835268063890933
Carside,R-NSGA-II_eps0.2,13,55,30.678908933486134,3.76939490216422,11.51271055613013
Carside,R-NSGA-II_eps0.2,13,55,27.92570001187311,3.854997756046595,11.524507167385302
Carside,R-NSGA-II_eps0.2,14,56,27.926075518908977,3.8542902907041876,11.522740205180519
Carside,R-NSGA-II_eps0.2,14,56,27.905786880428177,3.853653162340955,11.52577931764593
Carside,R-NSGA-II_eps0.2,14,56,27.90021570084138,3.85413878608834,11.524619784526944
Carside,R-NSGA-II_eps0.2,14,56,27.900212399619267,3.854138896774734,11.524619830910218
Carside,R-NSGA-II_eps0.2,14,56,27.902966051191687,3.853630006141594,11.526477829968208
Carside,R-NSGA-II_eps0.2,14,56,27.89358740088183,3.8551741162267636,11.523774599638116
Carside,R-NSGA-II_eps0.2,14,56,27.89307560355822,3.855174025087645,11.52381801287423
Carside,R-NSGA-II_eps0.2,14,56,27.893069200929343,3.8551741137839164,11.523818500075453
Carside,R-NSGA-II_eps0.2,14,56,27.918407669974158,3.853914255742067,11.52344453548772
Carside,R-NSGA-II_eps0.2,14,56,27.918408488889177,3.853914243968918,11.523444473356495
Carside,R-NSGA-II_eps0.2,14,56,27.892547342850964,3.8551828336857965,11.523852863557085
Carside,R-NSGA-II_eps0.2,14,56,27.897726434090476,3.8545990501486145,11.523852271708233
Carside,R-NSGA-II_eps0.2,14,56,27.898964787904177,3.8541026178718147,11.524649398583614
Carside,R-NSGA-II_eps0.2,14,56,27.901863641472385,3.8536313070707022,11.526400922700013
Carside,R-NSGA-II_eps0.2,14,56,27.89748198757994,3.854600760520718,11.523826662442628
Carside,R-NSGA-II_eps0.2,14,56,27.89748136442304,3.8546007516998384,11.523826720721894
Carside,R-NSGA-II_eps0.2,14,56,27.897148773077106,3.8546018917378206,11.523853972436182
Carside,R-NSGA-II_eps0.2,14,56,27.8930769907221,3.8545954377717777,11.524304798989316
Carside,R-NSGA-II_eps0.2,14,56,27.890365190321106,3.855122524106641,11.524024694257708
Carside,R-NSGA-II_eps0.2,14,56,27.896102668318676,3.8546018917378206,11.523888738612255
Carside,R-NSGA-II_eps0.2,14,56,27.89579372077918,3.8546018917378206,11.523914923461845
Carside,R-NSGA-II_eps0.2,14,56,27.886567554222264,3.8552605052372915,11.524443711470699
Carside,R-NSGA-II_eps0.2,14,56,27.89959829822118,3.8541455389676114,11.524266357383784
Carside,R-NSGA-II_eps0.2,14,56,27.888409658447053,3.8552252433758167,11.524118031704258
Carside,R-NSGA-II_eps0.2,14,56,27.887769447853813,3.8552611427784322,11.524171456513526
Carside,R-NSGA-II_eps0.2,14,56,27.890645287077657,3.8545494584832127,11.524571582710017
Carside,R-NSGA-II_eps0.2,14,56,27.899101384410592,3.853630006141594,11.526798903273985
Carside,R-NSGA-II_eps0.2,14,56,27.882586717072726,3.8553520375469987,11.525026439527188
Carside,R-NSGA-II_eps0.2,14,56,27.88743263640707,3.8552611427784322,11.524186415163793
Carside,R-NSGA-II_eps0.2,14,56,27.89892721466804,3.853630006141594,11.526819975620576
Carside,R-NSGA-II_eps0.2,14,56,27.90433173686943,3.8534369923259106,11.526707362131635
Carside,R-NSGA-II_eps0.2,14,56,27.910926769319584,3.853981712624336,11.523444489312114
Carside,R-NSGA-II_eps0.2,14,56,27.90544687565204,3.8539802583139418,11.5238792119798
Carside,R-NSGA-II_eps0.2,14,56,27.909921815554714,3.854023257402752,11.523429192778078
Carside,R-NSGA-II_eps0.2,14,56,27.911283864337758,3.853976604338725,11.523417419118516
Carside,R-NSGA-II_eps0.2,14,56,27.88649502243999,3.8553166931983935,11.524102504171626
Carside,R-NSGA-II_eps0.2,14,56,27.883521472077156,3.8551693326678507,11.524645501331525
Carside,R-NSGA-II_eps0.2,14,56,28.332790846054433,3.8405078055019812,11.58174662426653
Carside,R-NSGA-II_eps0.2,14,56,27.80237748938871,3.8904702635501325,11.517274971086078
Carside,R-NSGA-II_eps0.2,14,56,27.89546372453066,3.854603317171568,11.523598990976208
Carside,R-NSGA-II_eps0.2,14,56,27.88926263744515,3.8554428096160764,11.52359834518817
Carside,R-NSGA-II_eps0.2,14,56,27.914903872531422,3.8536142538373515,11.523833706971251
Carside,R-NSGA-II_eps0.2,14,56,27.88281121590695,3.855187691424301,11.524674325121747
Carside,R-NSGA-II_eps0.2,14,56,27.91506677367438,3.853611749341643,11.523821459038816
Carside,R-NSGA-II_eps0.2,14,56,27.651501616896578,3.8560723309515064,11.60445345555297
Carside,R-NSGA-II_eps0.2,14,56,28.595095427706088,3.864641694700885,11.471829005747317
Carside,R-NSGA-II_eps0.2,14,56,27.882883214608682,3.854454162235743,11.526306428530223
Carside,R-NSGA-II_eps0.2,14,56,27.892655656019315,3.854603317171568,11.523836874462043
Carside,R-NSGA-II_eps0.2,14,56,27.888176355241256,3.8555542736735657,11.523647210201666
Carside,R-NSGA-II_eps0.2,14,56,27.894532389785343,3.855217183237996,11.523048519288292
Carside,R-NSGA-II_eps0.2,14,56,27.889390238741615,3.8552441737278347,11.523522984382348
Carside,R-NSGA-II_eps0.2,14,56,28.167202770072485,3.9076072158013515,11.46447937512714
Carside,R-NSGA-II_eps0.2,14,56,27.891002140293867,3.855260952166886,11.523278342750261
Carside,R-NSGA-II_eps0.2,14,56,27.91766963868644,3.853614417041616,11.523444620245254
Carside,R-NSGA-II_eps0.2,14,56,29.041128443723345,3.815759702518688,11.510631653919678
Carside,R-NSGA-II_eps0.2,14,56,27.90343487901251,3.853733324196462,11.524205914909977
Carside,R-NSGA-II_eps0.2,14,56,27.28529128414626,3.9324644874180184,11.523433218768005
Carside,R-NSGA-II_eps0.2,14,56,27.8868237254366,3.854680268605644,11.524207408365564
Carside,R-NSGA-II_eps0.2,14,56,27.88668249279195,3.854682096524769,11.524223697583578
Carside,R-NSGA-II_eps0.2,14,56,27.886751953779793,3.854680268605644,11.524210622852964
Carside,R-NSGA-II_eps0.2,14,56,29.313002155307252,3.87216701269791,11.386016009666621
Carside,R-NSGA-II_eps0.2,14,56,27.913255933862246,3.853976604338725,11.522857810229127
Carside,R-NSGA-II_eps0.2,14,56,28.28832909325338,3.942051308391326,11.438484610433987
Carside,R-NSGA-II_eps0.2,14,56,27.905849577558527,3.85413878608834,11.523021699549698
Carside,R-NSGA-II_eps0.2,14,56,27.88285820139645,3.8546967102176644,11.524661486534095
Carside,R-NSGA-II_eps0.2,14,56,27.882612843426113,3.8546164130510383,11.524745780911143
Carside,R-NSGA-II_eps0.2,14,56,27.134202920624066,3.9554781606447826,11.625897409251536
Carside,R-NSGA-II_eps0.2,14,56,27.877345942214387,3.8552220437150315,11.525039965034576
Carside,R-NSGA-II_eps0.2,14,56,26.93308803454835,3.984050972257183,11.521637618776232
Carside,R-NSGA-II_eps0.2,14,56,27.89464462562804,3.8552252433758167,11.522346320152828
Carside,R-NSGA-II_eps0.2,14,56,27.889964622790185,3.8537977150935947,11.52475180049875
Carside,R-NSGA-II_eps0.2,14,56,27.87451316140861,3.8558880929733794,11.52442645719622
Carside,R-NSGA-II_eps0.2,14,56,30.00173340245642,3.9178950454929233,11.31446675943591
Carside,R-NSGA-II_eps0.2,14,56,27.866091724192962,3.8555084244341318,11.5259677445307
Carside,R-NSGA-II_eps0.2,14,56,30.599433804292243,3.8544447950581677,11.29518864048191
Carside,R-NSGA-II_eps0.2,14,56,27.900251032625864,3.854443972252454,11.521577187243887
Carside,R-NSGA-II_eps0.2,14,56,27.862722758395996,3.8559183681600695,11.525571978644818
Carside,R-NSGA-II_eps0.2,14,56,29.825025743043458,3.983895016104762,11.276417009573066
Carside,R-NSGA-II_eps0.2,14,56,27.907698590694043,3.85280830687771,11.524114729049067
Carside,R-NSGA-II_eps0.2,14,56,27.95415119488022,3.8527923521367864,11.522938563917908
Carside,R-NSGA-II_eps0.2,14,56,27.92322847816297,3.8524885656027323,11.524183439409327
Carside,R-NSGA-II_eps0.2,14,56,27.916078267351256,3.8545652366409198,11.520217985811792
Carside,R-NSGA-II_eps0.2,14,56,27.9473142855736,3.8539313597985583,11.520133469302808
Carside,R-NSGA-II_eps0.2,14,56,27.90765111440346,3.8551858458642725,11.519649336158675
Carside,R-NSGA-II_eps0.2,14,56,27.966815535666285,3.8535834270076075,11.520309846945846
Carside,R-NSGA-II_eps0.2,14,56,27.868869894799953,3.854572263727634,11.532043299160765
Carside,R-NSGA-II_eps0.2,14,56,27.875602036995954,3.8542453253068873,11.534100369106975
Carside,R-NSGA-II_eps0.2,14,56,27.994383508377922,3.851398901770092,11.52326753930884
Carside,R-NSGA-II_eps0.2,14,56,27.86694581914051,3.8594451120298947,11.524197636480624
Carside,R-NSGA-II_eps0.2,14,56,27.856847428489154,3.8546018030415494,11.535044733856708
Carside,R-NSGA-II_eps0.2,14,56,27.934544878944436,3.8542646356991237,11.51609827386719
Carside,R-NSGA-II_eps0.2,14,56,27.92434529216357,3.8547734807334044,11.515787505160727
Carside,R-NSGA-II_eps0.2,14,56,27.862946638817156,3.8605273869410444,11.523545148548305
Carside,R-NSGA-II_eps0.2,14,56,27.840538787166768,3.8617882558207466,11.523807947125889
Carside,R-NSGA-II_eps0.2,14,56,28.066925790502303,3.8520652765646015,11.516900221949154
Carside,R-NSGA-II_eps0.2,14,56,28.044441456642677,3.8527241083536135,11.512927331150955
Carside,R-NSGA-II_eps0.2,14,56,28.044663279275383,3.8547087715961683,11.511752271880205
Carside,R-NSGA-II_eps0.2,14,56,28.0657527113945,3.8521079074653493,11.51404654804525
Carside,R-NSGA-II_eps0.2,14,56,28.0627656189431,3.8486337857212134,11.522065745259464
Carside,R-NSGA-II_eps0.2,14,56,28.073081039169487,3.8545508140598432,11.509487335265675
Carside,R-NSGA-II_eps0.2,15,57,27.9201432377281,3.8544722617152156,11.524757149675812
Carside,R-NSGA-II_eps0.2,15,57,27.903898626802455,3.855176741520423,11.524981973796951
Carside,R-NSGA-II_eps0.2,15,57,27.908804384681794,3.854527744428075,11.525576356771694
Carside,R-NSGA-II_eps0.2,15,57,27.93245068281038,3.854062282739806,11.524568816157643
Carside,R-NSGA-II_eps0.2,15,57,27.89958340416134,3.8551728863258825,11.525368863724726
Carside,R-NSGA-II_eps0.2,15,57,27.90063583558654,3.8551772389949246,11.525012563421509
Carside,R-NSGA-II_eps0.2,15,57,27.899902163599123,3.8551007951966048,11.525401036230736
Carside,R-NSGA-II_eps0.2,15,57,27.899832305658496,3.8551096745691,11.525401005491618
Carside,R-NSGA-II_eps0.2,15,57,27.89983228929172,3.8551096751193965,11.525401005722054
Carside,R-NSGA-II_eps0.2,15,57,27.899891576842244,3.855101168046802,11.525401182502524
Carside,R-NSGA-II_eps0.2,15,57,27.900598300999214,3.8551777755818666,11.52501530376797
Carside,R-NSGA-II_eps0.2,15,57,27.899338813641492,3.855176480317137,11.525387334170414
Carside,R-NSGA-II_eps0.2,15,57,27.899298919989366,3.8551761815103878,11.525401005491618
Carside,R-NSGA-II_eps0.2,15,57,27.89958993759228,3.855111309998742,11.5254054294298
Carside,R-NSGA-II_eps0.2,15,57,27.909163830977217,3.8543542035781333,11.525927848715405
Carside,R-NSGA-II_eps0.2,15,57,27.899997846807086,3.8551772469659533,11.52510820270976
Carside,R-NSGA-II_eps0.2,15,57,27.903706423845897,3.855292402385867,11.524120819246393
Carside,R-NSGA-II_eps0.2,15,57,27.899157059066145,3.855138902982086,11.525438678649962
Carside,R-NSGA-II_eps0.2,15,57,27.899921987279587,3.8555929152646784,11.524663112790972
Carside,R-NSGA-II_eps0.2,15,57,27.909992677667578,3.8543086024598483,11.525870436536678
Carside,R-NSGA-II_eps0.2,15,57,27.898843374715486,3.8551772271690314,11.525217947533939
Carside,R-NSGA-II_eps0.2,15,57,27.89879206419799,3.855177960693967,11.525221834619035
Carside,R-NSGA-II_eps0.2,15,57,27.904351340481742,3.854527744428075,11.525954642151795
Carside,R-NSGA-II_eps0.2,15,57,27.90293705444061,3.854575295921774,11.525974458516888
Carside,R-NSGA-II_eps0.2,15,57,27.895833992663952,3.8551772469659533,11.526290142478576
Carside,R-NSGA-II_eps0.2,15,57,27.895798479848548,3.8551929081286107,11.526241975017225
Carside,R-NSGA-II_eps0.2,15,57,27.895745477863517,3.8551952324044274,11.526245890316368
Carside,R-NSGA-II_eps0.2,15,57,27.895741612922638,3.8551952464716965,11.526246875567445
Carside,R-NSGA-II_eps0.2,15,57,27.895618731393412,3.855196117324712,11.52629301060355
Carside,R-NSGA-II_eps0.2,15,57,27.904095937702746,3.855195230783152,11.523873062545732
Carside,R-NSGA-II_eps0.2,15,57,27.90409593771761,3.855195230783152,11.523871430516927
Carside,R-NSGA-II_eps0.2,15,57,27.895649148399116,3.855169173198329,11.526382502506106
Carside,R-NSGA-II_eps0.2,15,57,27.8955193968549,3.855223112370211,11.52622489823624
Carside,R-NSGA-II_eps0.2,15,57,27.895632817549398,3.855169329060386,11.526385919752279
Carside,R-NSGA-II_eps0.2,15,57,27.895693807883408,3.855180054821586,11.526270805379347
Carside,R-NSGA-II_eps0.2,15,57,27.895689340267133,3.8551782010203053,11.526274321357025
Carside,R-NSGA-II_eps0.2,15,57,27.89568530593691,3.8551787581102994,11.526274153093672
Carside,R-NSGA-II_eps0.2,15,57,27.89567661740271,3.8551803036923995,11.526272558346793
Carside,R-NSGA-II_eps0.2,15,57,27.89553212131542,3.855198961993624,11.526273744392785
Carside,R-NSGA-II_eps0.2,15,57,27.895548308529985,3.8551961440737674,11.526273900628874
Carside,R-NSGA-II_eps0.2,15,57,27.895530692864728,3.855198961993624,11.526273808596788
Carside,R-NSGA-II_eps0.2,15,57,27.89554506405339,3.8551961363078204,11.52627418124058
Carside,R-NSGA-II_eps0.2,15,57,27.895536375519185,3.8551976818899205,11.52627258649369
Carside,R-NSGA-II_eps0.2,15,57,27.89555902821087,3.8551743237051324,11.526355171520603
Carside,R-NSGA-II_eps0.2,15,57,27.898138814369705,3.8548626769546543,11.526388668422694
Carside,R-NSGA-II_eps0.2,15,57,27.895495306544955,3.8551984683492346,11.526277815930353
Carside,R-NSGA-II_eps0.2,15,57,27.895453744625197,3.855174416691208,11.526416299092572
Carside,R-NSGA-II_eps0.2,15,57,27.90157827230527,3.8551883102813367,11.524294262757412
Carside,R-NSGA-II_eps0.2,15,57,27.895456298360735,3.855176909122451,11.526396370775876
Carside,R-NSGA-II_eps0.2,15,57,27.895456298360813,3.855176909122451,11.526396362639804
Carside,R-NSGA-II_eps0.2,15,57,27.895446342013592,3.8551773087135497,11.5263982811638
Carside,R-NSGA-II_eps0.2,15,57,27.89543566961661,3.8551745124974492,11.526423482752119
Carside,R-NSGA-II_eps0.2,15,57,27.89542707487944,3.8551745114409464,11.52642569422525
Carside,R-NSGA-II_eps0.2,15,57,27.895422359752367,3.855174932711522,11.526425900348348
Carside,R-NSGA-II_eps0.2,15,57,27.895351249994523,3.855175457116776,11.526427868648053
Carside,R-NSGA-II_eps0.2,15,57,27.431322946712438,3.8547724327176454,11.658667266767699
Carside,R-NSGA-II_eps0.2,15,57,27.89797654548945,3.8548626638445564,11.526396370775876
Carside,R-NSGA-II_eps0.2,15,57,27.895688422459262,3.8551162883152803,11.526448921134197
Carside,R-NSGA-II_eps0.2,15,57,27.628760918145034,3.9055946412777502,11.51139958416592
Carside,R-NSGA-II_eps0.2,15,57,27.895405600456197,3.8551778620489747,11.526298511074785
Carside,R-NSGA-II_eps0.2,15,57,27.895313775940064,3.8551386063421247,11.52653808394143
Carside,R-NSGA-II_eps0.2,15,57,27.897182702401125,3.8551789010586064,11.52535607107632
Carside,R-NSGA-II_eps0.2,15,57,29.63925877255722,3.8004970474606767,11.489243381634878
Carside,R-NSGA-II_eps0.2,15,57,27.897103662302488,3.8551777914437113,11.52536537643093
Carside,R-NSGA-II_eps0.2,15,57,27.895087141420436,3.85514511226579,11.52654483110749
Carside,R-NSGA-II_eps0.2,15,57,26.883326859622123,3.9172906634414333,11.67675105874738
Carside,R-NSGA-II_eps0.2,15,57,27.895034379647832,3.855140526720275,11.526552055750493
Carside,R-NSGA-II_eps0.2,15,57,26.990498127634922,3.855149261044094,11.783324477581065
Carside,R-NSGA-II_eps0.2,15,57,27.89650647036838,3.8549610363942284,11.526452267202238
Carside,R-NSGA-II_eps0.2,15,57,27.896589237661875,3.8552225464633048,11.5253709752882
Carside,R-NSGA-II_eps0.2,15,57,27.89501214322276,3.855116148348322,11.526643197565734
Carside,R-NSGA-II_eps0.2,15,57,30.670855127685613,3.775727371188622,11.46601707018308
Carside,R-NSGA-II_eps0.2,15,57,27.904978179263956,3.854764381732872,11.524294262757412
Carside,R-NSGA-II_eps0.2,15,57,30.70120846669826,3.855148378781291,11.28825971899198
Carside,R-NSGA-II_eps0.2,15,57,27.901009070375174,3.8553786021186087,11.524008242536839
Carside,R-NSGA-II_eps0.2,15,57,29.498413114422053,3.7713156794291245,11.788091656274403
Carside,R-NSGA-II_eps0.2,15,57,27.899544960083976,3.8546893458018796,11.526021987077764
Carside,R-NSGA-II_eps0.2,15,57,26.522128723413118,3.8519099726331767,11.953100417766855
Carside,R-NSGA-II_eps0.2,15,57,27.89772076596696,3.8547602611077822,11.526720021287126
Carside,R-NSGA-II_eps0.2,15,57,32.13443683332692,3.712696997062998,11.467210721122086
Carside,R-NSGA-II_eps0.2,15,57,27.897655305647135,3.854765999556048,11.526679394667793
Carside,R-NSGA-II_eps0.2,15,57,27.89765530565221,3.854765999556048,11.526678838736593
Carside,R-NSGA-II_eps0.2,15,57,27.8958613480089,3.8551004006334497,11.525594386221893
Carside,R-NSGA-II_eps0.2,15,57,27.896737431179883,3.854815690735921,11.526818741702556
Carside,R-NSGA-II_eps0.2,15,57,27.89758832259101,3.854723889279042,11.52691723942889
Carside,R-NSGA-II_eps0.2,15,57,27.901228891456963,3.8545113770033606,11.526246591919463
Carside,R-NSGA-II_eps0.2,15,57,27.895969350634292,3.855435218041347,11.524754021263256
Carside,R-NSGA-II_eps0.2,15,57,27.892682714270247,3.855109929247219,11.526650172175987
Carside,R-NSGA-II_eps0.2,15,57,27.89215331610936,3.855189432420019,11.526377169842931
Carside,R-NSGA-II_eps0.2,15,57,27.898493252018977,3.854541849098067,11.527585447081988
Carside,R-NSGA-II_eps0.2,15,57,27.894421193377404,3.8554953618191963,11.524761509368677
Carside,R-NSGA-II_eps0.2,15,57,27.89504736766241,3.854763184660304,11.526899549383135
Carside,R-NSGA-II_eps0.2,15,57,27.908804401398893,3.854527744428075,11.523738732300487
Carside,R-NSGA-II_eps0.2,15,57,27.890748795453156,3.8551961987887062,11.52671156557965
Carside,R-NSGA-II_eps0.2,15,57,27.920314993548104,3.8551060030200643,11.52172477210708
Carside,R-NSGA-II_eps0.2,15,57,27.909408202803053,3.8551774612906975,11.522450868090171
Carside,R-NSGA-II_eps0.2,15,57,27.890616592100596,3.8551736917129857,11.52673822654975
Carside,R-NSGA-II_eps0.2,15,57,27.890879710434557,3.8551551993498583,11.526429145532646
Carside,R-NSGA-II_eps0.2,15,57,27.890785005500707,3.855119408987933,11.526643424387455
Carside,R-NSGA-II_eps0.2,15,57,27.903615419057218,3.8541752612794578,11.526383723932312
Carside,R-NSGA-II_eps0.2,16,58,27.911107762181047,3.8545726253578585,11.524691105846237
Carside,R-NSGA-II_eps0.2,16,58,27.911078339689876,3.854570002696929,11.524694709574556
Carside,R-NSGA-II_eps0.2,16,58,27.910335267642225,3.854570006919372,11.524728985471603
Carside,R-NSGA-II_eps0.2,16,58,27.91454395972604,3.854567192579503,11.524409374438783
Carside,R-NSGA-II_eps0.2,16,58,27.91468703144379,3.854567192579503,11.524401621938868
Carside,R-NSGA-II_eps0.2,16,58,27.91478075766168,3.854562200730676,11.524403383213004
Carside,R-NSGA-II_eps0.2,16,58,27.914693901289713,3.854562200730676,11.524407308107776
Carside,R-NSGA-II_eps0.2,16,58,27.907852825838624,3.8543954379925465,11.525115171444398
Carside,R-NSGA-II_eps0.2,16,58,27.909048867733247,3.8543948450649643,11.524974260431488
Carside,R-NSGA-II_eps0.2,16,58,27.9090489171433,3.8543948443537324,11.524974256660133
Carside,R-NSGA-II_eps0.2,16,58,27.90933570901303,3.85439445053906,11.524950223132743
Carside,R-NSGA-II_eps0.2,16,58,27.909383696751572,3.854388451261225,11.524950260804287
Carside,R-NSGA-II_eps0.2,16,58,27.908122570752283,3.854388436831823,11.52505503178503
Carside,R-NSGA-II_eps0.2,16,58,27.90814502653788,3.85438752072931,11.525054876869532
Carside,R-NSGA-II_eps0.2,16,58,27.908127234391415,3.854387855575143,11.525055031227925
Carside,R-NSGA-II_eps0.2,16,58,27.90955097878987,3.854389562814318,11.524932336868725
Carside,R-NSGA-II_eps0.2,16,58,27.909163667508523,3.8543373491928388,11.525076443227713
Carside,R-NSGA-II_eps0.2,16,58,27.909164268088883,3.854337355101657,11.525076301108353
Carside,R-NSGA-II_eps0.2,16,58,27.911977213498655,3.8543927302102348,11.524739527712114
Carside,R-NSGA-II_eps0.2,16,58,27.911903590374443,3.8543927302102348,11.524742859548894
Carside,R-NSGA-II_eps0.2,16,58,27.909911457973696,3.8543287810031974,11.525029894516377
Carside,R-NSGA-II_eps0.2,16,58,27.909912542594938,3.854328744935253,11.525029879188281
Carside,R-NSGA-II_eps0.2,16,58,27.911078170600504,3.854392976299252,11.524798641055867
Carside,R-NSGA-II_eps0.2,16,58,27.910983392313238,3.8543383441219277,11.524920877459383
Carside,R-NSGA-II_eps0.2,16,58,27.911303421892377,3.854389742504905,11.524786060616089
Carside,R-NSGA-II_eps0.2,16,58,27.91112174506818,3.8543351683235065,11.524915437765362
Carside,R-NSGA-II_eps0.2,16,58,27.91112222493419,3.854335157012201,11.524915303976037
Carside,R-NSGA-II_eps0.2,16,58,27.91092983115935,3.854334829818993,11.524929586797965
Carside,R-NSGA-II_eps0.2,16,58,27.911168893686593,3.8543354468602375,11.524910128710339
Carside,R-NSGA-II_eps0.2,16,58,27.911164785682526,3.8543354360766013,11.524910452752891
Carside,R-NSGA-II_eps0.2,16,58,27.911178354142596,3.8543354360766013,11.524909339785866
Carside,R-NSGA-II_eps0.2,16,58,27.911262164931646,3.8543255331083515,11.524924620093616
Carside,R-NSGA-II_eps0.2,16,58,27.90923081537977,3.854376294562052,11.524968279692589
Carside,R-NSGA-II_eps0.2,16,58,27.911240711770017,3.8543262059107213,11.524923514215628
Carside,R-NSGA-II_eps0.2,16,58,27.911268675598897,3.8543255648106647,11.524922551611574
Carside,R-NSGA-II_eps0.2,16,58,27.911455155735606,3.8543251174268742,11.524909293713744
Carside,R-NSGA-II_eps0.2,16,58,27.911393906350135,3.8543215767633914,11.52492125614398
Carside,R-NSGA-II_eps0.2,16,58,27.91139037381164,3.8543216299813756,11.524921397445276
Carside,R-NSGA-II_eps0.2,16,58,27.90856119233069,3.8543928917350385,11.524983863246877
Carside,R-NSGA-II_eps0.2,16,58,27.90856125294221,3.854392890844841,11.524983858632671
Carside,R-NSGA-II_eps0.2,16,58,27.9114205682901,3.854320697346132,11.524921118417044
Carside,R-NSGA-II_eps0.2,16,58,27.911421048156114,3.8543206860334105,11.524920984634619
Carside,R-NSGA-II_eps0.2,16,58,27.911424114371233,3.854320330758642,11.52492096520627
Carside,R-NSGA-II_eps0.2,16,58,27.911398299092617,3.8543210348948214,11.524921231334847
Carside,R-NSGA-II_eps0.2,16,58,27.911398299116843,3.854321034891698,11.52492123133508
Carside,R-NSGA-II_eps0.2,16,58,27.911398482157406,3.8543210348852277,11.5249211908036
Carside,R-NSGA-II_eps0.2,16,58,27.911398499413252,3.8543210348852277,11.524921185808896
Carside,R-NSGA-II_eps0.2,16,58,27.911398499477453,3.8543210348772226,11.524921185818194
Carside,R-NSGA-II_eps0.2,16,58,27.911395317523006,3.854321048443913,11.524921380389227
Carside,R-NSGA-II_eps0.2,16,58,27.911395037450767,3.854321048724696,11.524921396888168
Carside,R-NSGA-II_eps0.2,16,58,27.911402742694197,3.854320904744284,11.524921124905067
Carside,R-NSGA-II_eps0.2,16,58,27.911396068259947,3.8543210376299517,11.52492129755625
Carside,R-NSGA-II_eps0.2,16,58,27.911398993904637,3.8543209402961227,11.524921281746739
Carside,R-NSGA-II_eps0.2,16,58,27.90967455276989,3.854328744935253,11.525038645529243
Carside,R-NSGA-II_eps0.2,16,58,27.911399299492942,3.8543209325718397,11.524921269570996
Carside,R-NSGA-II_eps0.2,16,58,27.911425335666294,3.854319979127493,11.52492149678443
Carside,R-NSGA-II_eps0.2,16,58,27.91142630790658,3.8543199458935784,11.524921483890381
Carside,R-NSGA-II_eps0.2,16,58,27.911426368518097,3.8543199450028394,11.524921479276152
Carside,R-NSGA-II_eps0.2,16,58,27.911405707615504,3.8543209402961227,11.524920718091108
Carside,R-NSGA-II_eps0.2,16,58,27.911446418632174,3.8543198890964954,11.524920086451647
Carside,R-NSGA-II_eps0.2,16,58,27.91144348291659,3.854319926324461,11.524920179902857
Carside,R-NSGA-II_eps0.2,16,58,27.911426774226825,3.8543200046098756,11.524921062605998
Carside,R-NSGA-II_eps0.2,16,58,27.911427768029988,3.854319926375003,11.524920891628437
Carside,R-NSGA-II_eps0.2,16,58,27.604480170084564,3.854374430962506,11.612263334819644
Carside,R-NSGA-II_eps0.2,16,58,27.911542008941666,3.854318153958392,11.52491608503517
Carside,R-NSGA-II_eps0.2,16,58,27.61290352115112,3.9063755315376647,11.51462412934045
Carside,R-NSGA-II_eps0.2,16,58,27.913453981487617,3.8543480548777618,11.52471990524924
Carside,R-NSGA-II_eps0.2,16,58,28.961060870596512,3.8193997192949687,11.510019139470018
Carside,R-NSGA-II_eps0.2,16,58,27.91134420154833,3.8543210588969448,11.524923661773045
Carside,R-NSGA-II_eps0.2,16,58,27.911614544171645,3.8543209345656133,11.524903174849328
Carside,R-NSGA-II_eps0.2,16,58,27.911614403982682,3.8543209348981686,11.524903181076674
Carside,R-NSGA-II_eps0.2,16,58,27.91156806479724,3.854317524502785,11.524913886246264
Carside,R-NSGA-II_eps0.2,16,58,27.911666873701023,3.854321485098096,11.524896942432743
Carside,R-NSGA-II_eps0.2,16,58,27.91155754024581,3.8543210485263795,11.524905756977422
Carside,R-NSGA-II_eps0.2,16,58,29.050407409726372,3.854334595634012,11.429460107509271
Carside,R-NSGA-II_eps0.2,16,58,27.911588113643045,3.854316160898791,11.524913781254266
Carside,R-NSGA-II_eps0.2,16,58,27.91137634545399,3.8543194636843396,11.524921847617238
Carside,R-NSGA-II_eps0.2,16,58,27.30148788010854,3.8535353898865017,11.698727535411221
Carside,R-NSGA-II_eps0.2,16,58,27.911675695963712,3.8543171148521704,11.52490417611013
Carside,R-NSGA-II_eps0.2,16,58,30.978290198710678,3.7813629855882214,11.538389573334197
Carside,R-NSGA-II_eps0.2,16,58,27.912643855975933,3.8543469436938036,11.524770982098016
Carside,R-NSGA-II_eps0.2,16,58,31.462760013442978,3.7813629855882214,11.445155565205765
Carside,R-NSGA-II_eps0.2,16,58,27.912651950487508,3.8543469436938036,11.524770312557612
Carside,R-NSGA-II_eps0.2,16,58,32.221880828692704,3.833670134697295,11.438314918478449
Carside,R-NSGA-II_eps0.2,16,58,27.91521636959398,3.854322087827573,11.524661215115973
Carside,R-NSGA-II_eps0.2,16,58,27.91124955336698,3.854376294570953,11.524802918128248
Carside,R-NSGA-II_eps0.2,16,58,30.977360850236334,3.8561892658869787,11.266734793039825
Carside,R-NSGA-II_eps0.2,16,58,31.379868940400048,3.7302755228289213,11.540020948443537
Carside,R-NSGA-II_eps0.2,16,58,27.90105400664156,3.854320731625672,11.526180321096842
Carside,R-NSGA-II_eps0.2,16,58,27.908523740506624,3.8543373491928388,11.525105416907701
Carside,R-NSGA-II_eps0.2,16,58,27.910694193969547,3.8543878452638785,11.524817004147856
Carside,R-NSGA-II_eps0.2,16,58,33.06233819003533,3.836782807264701,11.346199435917974
Carside,R-NSGA-II_eps0.2,16,58,32.51242047868425,3.7038071091310085,11.5875716999046
Carside,R-NSGA-II_eps0.2,16,58,27.908486542737794,3.854338516633338,11.52510532176187
Carside,R-NSGA-II_eps0.2,16,58,27.91110648165071,3.854376294570953,11.524810679161604
Carside,R-NSGA-II_eps0.2,16,58,33.370915669187966,3.682969706254948,11.446669773582808
Carside,R-NSGA-II_eps0.2,16,58,27.908489807408653,3.8543381310642517,11.525105281858494
Carside,R-NSGA-II_eps0.2,16,58,27.908489807408685,3.8543381310642517,11.525105278547834
Carside,R-NSGA-II_eps0.2,16,58,27.910780412676587,3.854387847281129,11.524809739453163
Carside,R-NSGA-II_eps0.2,16,58,27.90849346106744,3.8543377266811505,11.525105204974462
Carside,R-NSGA-II_eps0.2,17,59,27.921758239283605,3.855554986849002,11.524324819130577
Carside,R-NSGA-II_eps0.2,17,59,27.91888377826657,3.855554986849002,11.52457063007191
Carside,R-NSGA-II_eps0.2,17,59,27.917887270428164,3.855509752868204,11.52461288455748
Carside,R-NSGA-II_eps0.2,17,59,27.91745550578783,3.8555659644916056,11.524643538226549
Carside,R-NSGA-II_eps0.2,17,59,27.916163036936013,3.855648462547519,11.52460678254241
Carside,R-NSGA-II_eps0.2,17,59,27.908785134498252,3.8556739895954077,11.526039777384437
Carside,R-NSGA-II_eps0.2,17,59,27.907559178851432,3.855607584397471,11.52619722938972
Carside,R-NSGA-II_eps0.2,17,59,27.92597860365095,3.8545196288658383,11.52535666063492
Carside,R-NSGA-II_eps0.2,17,59,27.92535988766969,3.854506934391898,11.5255010214162
Carside,R-NSGA-II_eps0.2,17,59,27.92507609023907,3.8545183417923328,11.525436053860837
Carside,R-NSGA-II_eps0.2,17,59,27.924481731407035,3.8545196288658383,11.525484508271026
Carside,R-NSGA-II_eps0.2,17,59,27.92664120835726,3.8544779744878293,11.525386449458738
Carside,R-NSGA-II_eps0.2,17,59,27.905552682847116,3.855636082332257,11.52634904931899
Carside,R-NSGA-II_eps0.2,17,59,27.916841839473186,3.854650585479937,11.52605853415249
Carside,R-NSGA-II_eps0.2,17,59,27.916840636510127,3.8546504450454053,11.52605919602532
Carside,R-NSGA-II_eps0.2,17,59,27.916550202878415,3.854654896832204,11.526069364168423
Carside,R-NSGA-II_eps0.2,17,59,27.916810391116694,3.8546449668363323,11.526064395007749
Carside,R-NSGA-II_eps0.2,17,59,27.918007908817657,3.8546069034410073,11.526007320821424
Carside,R-NSGA-II_eps0.2,17,59,27.91727174274333,3.8546297813786587,11.526025957366603
Carside,R-NSGA-II_eps0.2,17,59,27.905315144445765,3.8556661054313626,11.526348771789795
Carside,R-NSGA-II_eps0.2,17,59,27.916723553918356,3.854642441039809,11.526077070211034
Carside,R-NSGA-II_eps0.2,17,59,27.91637353511823,3.8546421627127847,11.526083615680477
Carside,R-NSGA-II_eps0.2,17,59,27.916159192468147,3.854649413181554,11.526086618391286
Carside,R-NSGA-II_eps0.2,17,59,27.91682000191039,3.854625741838149,11.526070460888125
Carside,R-NSGA-II_eps0.2,17,59,27.91555290211602,3.854665785465741,11.526151304150396
Carside,R-NSGA-II_eps0.2,17,59,27.92004842412893,3.854724271530557,11.524902658142587
Carside,R-NSGA-II_eps0.2,17,59,27.91551099574088,3.8546673813131296,11.52615125240031
Carside,R-NSGA-II_eps0.2,17,59,27.91547446892305,3.8546687116331553,11.526151832823945
Carside,R-NSGA-II_eps0.2,17,59,27.915509792777826,3.854667240878598,11.52615191427314
Carside,R-NSGA-II_eps0.2,17,59,27.915482820743012,3.854667358083587,11.526152849287836
Carside,R-NSGA-II_eps0.2,17,59,27.91539183540367,3.854667440505518,11.526156746671322
Carside,R-NSGA-II_eps0.2,17,59,27.91588079669205,3.8546509843280767,11.5261244917662
Carside,R-NSGA-II_eps0.2,17,59,27.915968326998726,3.8546505116642518,11.52609387794303
Carside,R-NSGA-II_eps0.2,17,59,27.915271225689914,3.8546677676291887,11.52619550784043
Carside,R-NSGA-II_eps0.2,17,59,27.916789265606226,3.8546177745161883,11.526104510858161
Carside,R-NSGA-II_eps0.2,17,59,27.91597830565338,3.8546499188266368,11.526093415335767
Carside,R-NSGA-II_eps0.2,17,59,27.915274879767146,3.854667240878598,11.526195641859804
Carside,R-NSGA-II_eps0.2,17,59,27.91536018892773,3.854667358083587,11.52615827261482
Carside,R-NSGA-II_eps0.2,17,59,27.915358599331345,3.854667358083587,11.526158520738822
Carside,R-NSGA-II_eps0.2,17,59,27.914972462625258,3.8546794358708323,11.526185332217443
Carside,R-NSGA-II_eps0.2,17,59,27.915700845720455,3.854653207726696,11.526145200069282
Carside,R-NSGA-II_eps0.2,17,59,27.91558714298117,3.8546508924516245,11.52621134584162
Carside,R-NSGA-II_eps0.2,17,59,27.915761962836253,3.854652956989041,11.526119811324406
Carside,R-NSGA-II_eps0.2,17,59,27.91571578097087,3.8546543893717713,11.526116156885378
Carside,R-NSGA-II_eps0.2,17,59,27.916363958264146,3.854629918788777,11.526104084512017
Carside,R-NSGA-II_eps0.2,17,59,27.915654963403618,3.8546522350694348,11.52615192706603
Carside,R-NSGA-II_eps0.2,17,59,27.915654959929785,3.8546522355025865,11.526151922285475
Carside,R-NSGA-II_eps0.2,17,59,27.916350948893673,3.8546299688018846,11.526105161416687
Carside,R-NSGA-II_eps0.2,17,59,27.915653730946417,3.8546522347110437,11.526151978120286
Carside,R-NSGA-II_eps0.2,17,59,27.91565076940263,3.8546522350694348,11.526152115166449
Carside,R-NSGA-II_eps0.2,17,59,27.916013390686647,3.854642441039809,11.526109042617577
Carside,R-NSGA-II_eps0.2,17,59,27.916013144442243,3.854642441039809,11.526109063649951
Carside,R-NSGA-II_eps0.2,17,59,27.91562242483943,3.8546531969806423,11.52615191427314
Carside,R-NSGA-II_eps0.2,17,59,27.91621907049989,3.854633304170864,11.526116772289594
Carside,R-NSGA-II_eps0.2,17,59,27.91572297579614,3.8546531599918152,11.526113376449972
Carside,R-NSGA-II_eps0.2,17,59,27.915631066921936,3.8546525787741053,11.526152685471956
Carside,R-NSGA-II_eps0.2,17,59,27.916212130039074,3.854630652947662,11.526142956430597
Carside,R-NSGA-II_eps0.2,17,59,27.91615172356527,3.8546317973969297,11.52614814195772
Carside,R-NSGA-II_eps0.2,17,59,27.916108135784587,3.8546333615106767,11.526148457320819
Carside,R-NSGA-II_eps0.2,17,59,27.91613204813476,3.8546317973969297,11.526149024548992
Carside,R-NSGA-II_eps0.2,17,59,27.9161327563065,3.8546317090962137,11.526149024389309
Carside,R-NSGA-II_eps0.2,17,59,27.915593429400616,3.854656394205042,11.526114976691826
Carside,R-NSGA-II_eps0.2,17,59,27.9160106212275,3.8546351298531984,11.526155680759588
Carside,R-NSGA-II_eps0.2,17,59,27.916012119456735,3.85463474286787,11.526155752776852
Carside,R-NSGA-II_eps0.2,17,59,27.572008492409168,3.8545164283881426,11.625833143422977
Carside,R-NSGA-II_eps0.2,17,59,27.915336173477233,3.8546535393563395,11.526201432473542
Carside,R-NSGA-II_eps0.2,17,59,27.915009749589892,3.8546704019277582,11.526164143584545
Carside,R-NSGA-II_eps0.2,17,59,27.630335085639388,3.891306756793414,11.524606653067881
Carside,R-NSGA-II_eps0.2,17,59,27.920285962530276,3.854694248440985,11.524902935753438
Carside,R-NSGA-II_eps0.2,17,59,28.67728944101958,3.8288736393225937,11.516633300728337
Carside,R-NSGA-II_eps0.2,17,59,27.912826989141994,3.854764458884527,11.526174352123785
Carside,R-NSGA-II_eps0.2,17,59,27.920023567661346,3.854691268925656,11.5249330384841
Carside,R-NSGA-II_eps0.2,17,59,29.105277340430113,3.8545769637930527,11.436761698226153
Carside,R-NSGA-II_eps0.2,17,59,27.913074403242064,3.8547437870183154,11.526152491497673
Carside,R-NSGA-II_eps0.2,17,59,27.915762587659366,3.854791857523509,11.525175836694123
Carside,R-NSGA-II_eps0.2,17,59,28.06087607129386,3.9243150565600247,11.46601551275532
Carside,R-NSGA-II_eps0.2,17,59,27.91253077311177,3.854765398570434,11.52616711816692
Carside,R-NSGA-II_eps0.2,17,59,27.356000594118434,3.9244558243270062,11.526159483064909
Carside,R-NSGA-II_eps0.2,17,59,27.915069833069055,3.854642441039809,11.526218323834584
Carside,R-NSGA-II_eps0.2,17,59,27.914359437637742,3.854665305536866,11.526284339683833
Carside,R-NSGA-II_eps0.2,17,59,29.432938804158294,3.8033455581327256,11.505050557004191
Carside,R-NSGA-II_eps0.2,17,59,27.914762940977365,3.8546539689586603,11.526222003957521
Carside,R-NSGA-II_eps0.2,17,59,27.911726959753462,3.854800063877371,11.526193857757256
Carside,R-NSGA-II_eps0.2,17,59,28.45214179420761,3.8268796419403635,11.745067694571425
Carside,R-NSGA-II_eps0.2,17,59,27.369364124506863,3.84609162250918,11.809037193752356
Carside,R-NSGA-II_eps0.2,17,59,27.914979103206676,3.8546427199510527,11.526238333532673
Carside,R-NSGA-II_eps0.2,17,59,27.919595905746302,3.854745750632389,11.524740578191036
Carside,R-NSGA-II_eps0.2,17,59,30.126506406686445,3.9025219740810067,11.332288867251597
Carside,R-NSGA-II_eps0.2,17,59,26.891980283999906,3.972352653065746,11.547768899734287
Carside,R-NSGA-II_eps0.2,17,59,27.914777014229816,3.854652214189022,11.52622200885224
Carside,R-NSGA-II_eps0.2,17,59,27.919609978998757,3.8547439958627505,11.524740583140535
Carside,R-NSGA-II_eps0.2,17,59,27.914841548467606,3.8546436297564335,11.526263996679575
Carside,R-NSGA-II_eps0.2,17,59,30.073145472182397,3.9387642026435863,11.389061468630985
Carside,R-NSGA-II_eps0.2,17,59,27.916674101768372,3.854755983908278,11.525125847076097
Carside,R-NSGA-II_eps0.2,17,59,27.924645953867206,3.854622216556654,11.524594518160688
Carside,R-NSGA-II_eps0.2,17,59,31.292784403988982,3.8535530310568635,11.37339795220397
Carside,R-NSGA-II_eps0.2,17,59,27.924411487344305,3.854620005704702,11.52462426113192
Carside,R-NSGA-II_eps0.2,17,59,27.924436614338134,3.854622344067408,11.52461216936338
Carside,R-NSGA-II_eps0.2,17,59,27.911925405357874,3.8547799903058704,11.526199825425454
Carside,R-NSGA-II_eps0.2,17,59,27.911925495946246,3.8547799561816882,11.52619984107839
Carside,R-NSGA-II_eps0.2,18,60,27.931539415878795,3.8549234061621713,11.523485815302788
Carside,R-NSGA-II_eps0.2,18,60,27.92597405176948,3.854927080276107,11.52367790862567
Carside,R-NSGA-II_eps0.2,18,60,27.925951644019204,3.8549234061621713,11.52368061518241
Carside,R-NSGA-II_eps0.2,18,60,27.924552492966328,3.8549267432700067,11.523740589375006
Carside,R-NSGA-II_eps0.2,18,60,27.92875418544052,3.854760414917027,11.52362423639509
Carside,R-NSGA-II_eps0.2,18,60,27.92098893573112,3.8549665802443736,11.524014200306757
Carside,R-NSGA-II_eps0.2,18,60,27.92091257921064,3.854967431705585,11.524019464439512
Carside,R-NSGA-II_eps0.2,18,60,27.920947805848968,3.8549670044880426,11.524012879816906
Carside,R-NSGA-II_eps0.2,18,60,27.920649248094797,3.854968155361819,11.524041594226688
Carside,R-NSGA-II_eps0.2,18,60,27.930552553769996,3.854646918821218,11.523665725001951
Carside,R-NSGA-II_eps0.2,18,60,27.922554998407783,3.8550279064691466,11.523751234463894
Carside,R-NSGA-II_eps0.2,18,60,27.922554400614032,3.855027788827817,11.523751275961793
Carside,R-NSGA-II_eps0.2,18,60,27.92255471486432,3.8550277496444894,11.52375127599232
Carside,R-NSGA-II_eps0.2,18,60,27.92265873583087,3.8550252885202245,11.523742748807852
Carside,R-NSGA-II_eps0.2,18,60,27.92217505946621,3.854952350648946,11.523843513540854
Carside,R-NSGA-II_eps0.2,18,60,27.922079472493095,3.8549536327555347,11.52384823580525
Carside,R-NSGA-II_eps0.2,18,60,27.929176891671894,3.85474027113921,11.523547161968724
Carside,R-NSGA-II_eps0.2,18,60,27.922277357911035,3.8549556795350632,11.52380289198032
Carside,R-NSGA-II_eps0.2,18,60,27.92209021271686,3.8550343208276576,11.523731071982748
Carside,R-NSGA-II_eps0.2,18,60,27.92204094296849,3.8550349996024913,11.523734822747723
Carside,R-NSGA-II_eps0.2,18,60,27.92084221269013,3.8549995359957268,11.523891915586205
Carside,R-NSGA-II_eps0.2,18,60,27.91937640541458,3.8549637093254443,11.524078654641151
Carside,R-NSGA-II_eps0.2,18,60,27.921044460892507,3.8550261193593354,11.523820962575742
Carside,R-NSGA-II_eps0.2,18,60,27.92112290604136,3.855048387763717,11.523786957965703
Carside,R-NSGA-II_eps0.2,18,60,27.921024211763594,3.8550490012919223,11.523790857706302
Carside,R-NSGA-II_eps0.2,18,60,27.92102371408761,3.8550490033199396,11.523790898941863
Carside,R-NSGA-II_eps0.2,18,60,27.92102830553957,3.855049037820958,11.523789611182448
Carside,R-NSGA-II_eps0.2,18,60,27.92085390717255,3.8550483287643114,11.523806255379894
Carside,R-NSGA-II_eps0.2,18,60,27.923683032148983,3.8549663916625843,11.523617222009005
Carside,R-NSGA-II_eps0.2,18,60,27.920919426585524,3.8550483287643114,11.523792073940362
Carside,R-NSGA-II_eps0.2,18,60,27.920173704289915,3.855038881725142,11.523873917092775
Carside,R-NSGA-II_eps0.2,18,60,27.921534786550417,3.854956526671807,11.523813722066311
Carside,R-NSGA-II_eps0.2,18,60,27.92064484483626,3.855035600746385,11.523818692297041
Carside,R-NSGA-II_eps0.2,18,60,27.92360282450341,3.854980592980667,11.523592383196654
Carside,R-NSGA-II_eps0.2,18,60,27.93235852041745,3.854707566546147,11.523365634858749
Carside,R-NSGA-II_eps0.2,18,60,27.92374735684851,3.854976124414602,11.523583316642135
Carside,R-NSGA-II_eps0.2,18,60,27.923519362021757,3.8549754690601863,11.523603225383138
Carside,R-NSGA-II_eps0.2,18,60,27.920067470940882,3.8550182646200923,11.523890676732574
Carside,R-NSGA-II_eps0.2,18,60,27.93160681609541,3.854736367685936,11.52335428087093
Carside,R-NSGA-II_eps0.2,18,60,27.923817345304343,3.8549702753112998,11.523578137084492
Carside,R-NSGA-II_eps0.2,18,60,27.923817771131972,3.854970275731272,11.52357800058109
Carside,R-NSGA-II_eps0.2,18,60,27.92520553457329,3.8549417239275856,11.523492629384016
Carside,R-NSGA-II_eps0.2,18,60,27.932476249038462,3.8547097803192036,11.523334058110647
Carside,R-NSGA-II_eps0.2,18,60,27.919719755092725,3.855035692857721,11.523888649748459
Carside,R-NSGA-II_eps0.2,18,60,27.919702398096163,3.855035692857721,11.523890330992224
Carside,R-NSGA-II_eps0.2,18,60,27.93238298040718,3.8549310558687186,11.523078806873698
Carside,R-NSGA-II_eps0.2,18,60,27.932608707987082,3.8547051805263197,11.523332184591451
Carside,R-NSGA-II_eps0.2,18,60,27.919614140481162,3.855035692857721,11.523897630687058
Carside,R-NSGA-II_eps0.2,18,60,27.919661213359564,3.8550307861526925,11.5238954367405
Carside,R-NSGA-II_eps0.2,18,60,27.919537783960678,3.8550365443140637,11.523902897440848
Carside,R-NSGA-II_eps0.2,18,60,27.921341159331256,3.8549967171761934,11.523751424978194
Carside,R-NSGA-II_eps0.2,18,60,27.921335898154187,3.854996900233467,11.523751480664487
Carside,R-NSGA-II_eps0.2,18,60,27.932499065188875,3.854929452463928,11.523069108282765
Carside,R-NSGA-II_eps0.2,18,60,27.918905903494526,3.8549785415585296,11.524037472181885
Carside,R-NSGA-II_eps0.2,18,60,27.91932505005168,3.8550356614242296,11.5239223370342
Carside,R-NSGA-II_eps0.2,18,60,27.919726732772546,3.8550307861526925,11.523881256405396
Carside,R-NSGA-II_eps0.2,18,60,27.92407750956819,3.855054100249818,11.523446283316119
Carside,R-NSGA-II_eps0.2,18,60,27.9240953842839,3.855053851183674,11.523444923625298
Carside,R-NSGA-II_eps0.2,18,60,27.919218735390675,3.8550350302466745,11.52393308398816
Carside,R-NSGA-II_eps0.2,18,60,27.92402672364265,3.855053863904271,11.523447864137852
Carside,R-NSGA-II_eps0.2,18,60,27.922695487850863,3.854956363603839,11.523648292715233
Carside,R-NSGA-II_eps0.2,18,60,27.673191353803887,3.8864172827992762,11.523395592657455
Carside,R-NSGA-II_eps0.2,18,60,27.922742782833968,3.854955685794586,11.523644710533052
Carside,R-NSGA-II_eps0.2,18,60,27.922871276685296,3.8549509260224615,11.523637026390576
Carside,R-NSGA-II_eps0.2,18,60,27.92394677805553,3.8550578383374337,11.523434261007385
Carside,R-NSGA-II_eps0.2,18,60,27.692018989346607,3.853865878584206,11.603527677160871
Carside,R-NSGA-II_eps0.2,18,60,28.501611256885923,3.8354215358747203,11.515586470447158
Carside,R-NSGA-II_eps0.2,18,60,27.91762228385395,3.8550260459265933,11.524115847311013
Carside,R-NSGA-II_eps0.2,18,60,27.923730468555334,3.854980342548375,11.523509098915417
Carside,R-NSGA-II_eps0.2,18,60,27.91959111121996,3.854979173827188,11.523911006957832
Carside,R-NSGA-II_eps0.2,18,60,27.91985262103547,3.854704821659711,11.52428221244157
Carside,R-NSGA-II_eps0.2,18,60,28.768192987984932,3.8780442298923035,11.446513192286067
Carside,R-NSGA-II_eps0.2,18,60,27.919785327133994,3.854704821659711,11.524290213868762
Carside,R-NSGA-II_eps0.2,18,60,27.923623934355522,3.8549807925698545,11.523513339473668
Carside,R-NSGA-II_eps0.2,18,60,27.924018639396564,3.8549808240376358,11.52347963603553
Carside,R-NSGA-II_eps0.2,18,60,27.490897221872615,3.8550469692217475,11.682381394737366
Carside,R-NSGA-II_eps0.2,18,60,27.91980600908502,3.854704821659711,11.52428431892628
Carside,R-NSGA-II_eps0.2,18,60,29.106207068905167,3.8149956001595786,11.507323880516456
Carside,R-NSGA-II_eps0.2,18,60,27.413207868956498,3.927398531810508,11.522458127369521
Carside,R-NSGA-II_eps0.2,18,60,27.921841576098597,3.8550420254024846,11.523602243422577
Carside,R-NSGA-II_eps0.2,18,60,27.918799068651914,3.854990829589303,11.523974554656228
Carside,R-NSGA-II_eps0.2,18,60,29.35582696166727,3.85464117045231,11.441613524599934
Carside,R-NSGA-II_eps0.2,18,60,29.596860237811157,3.7923289398739013,11.552098319458066
Carside,R-NSGA-II_eps0.2,18,60,27.922502380914306,3.8550394806188337,11.523533008624074
Carside,R-NSGA-II_eps0.2,18,60,29.395607779797004,3.89377073664488,11.371974735428246
Carside,R-NSGA-II_eps0.2,18,60,27.92241513969054,3.85503887951169,11.52353463550266
Carside,R-NSGA-II_eps0.2,18,60,27.932792452879998,3.8546882768344815,11.523273403099253
Carside,R-NSGA-II_eps0.2,18,60,27.150284184599766,3.8536107154232955,11.766731891035139
Carside,R-NSGA-II_eps0.2,18,60,27.921501632475117,3.855047927907978,11.523605799062695
Carside,R-NSGA-II_eps0.2,18,60,27.045187815102494,3.9625042079788066,11.52420339096307
Carside,R-NSGA-II_eps0.2,18,60,27.916623154109704,3.855046095841293,11.52416951574293
Carside,R-NSGA-II_eps0.2,18,60,26.90646492210028,3.904273381348937,11.767350539018228
Carside,R-NSGA-II_eps0.2,18,60,27.920423323513543,3.8550498306977716,11.523691611674941
Carside,R-NSGA-II_eps0.2,18,60,30.09553655173901,3.8438078046407744,11.373882087012316
Carside,R-NSGA-II_eps0.2,18,60,27.917414296814034,3.8550534344990592,11.5240290152065
Carside,R-NSGA-II_eps0.2,18,60,27.917993580364985,3.8557246280184096,11.523662146384329
Carside,R-NSGA-II_eps0.2,18,60,27.922585483342186,3.8550933934765217,11.52344266903791
Carside,R-NSGA-II_eps0.2,18,60,27.924656535840782,3.8549783026675852,11.523376566108443
Carside,R-NSGA-II_eps0.2,18,60,27.92474810335998,3.8546691878424073,11.523764508663621
Carside,R-NSGA-II_eps0.2,18,60,27.92462364896206,3.85498008133021,11.523376409753686
Carside,R-NSGA-II_eps0.2,19,61,27.92940089384064,3.854269096868522,11.523371379242302
Carside,R-NSGA-II_eps0.2,19,61,27.934792908822168,3.854462905652605,11.522687006573952
Carside,R-NSGA-II_eps0.2,19,61,27.931449344297267,3.854249161655185,11.523017339658484
Carside,R-NSGA-II_eps0.2,19,61,27.916178470953636,3.854461232763056,11.523532052155948
Carside,R-NSGA-II_eps0.2,19,61,27.916382497684992,3.8544430385211617,11.52352940162939
Carside,R-NSGA-II_eps0.2,19,61,27.92073270911874,3.854063251492749,11.523727576844333
Carside,R-NSGA-II_eps0.2,19,61,27.92059459140857,3.85406609141567,11.523733330604447
Carside,R-NSGA-II_eps0.2,19,61,27.921144022326438,3.854053586594986,11.5236959568736
Carside,R-NSGA-II_eps0.2,19,61,27.921549809883942,3.8540483023860905,11.523630683435211
Carside,R-NSGA-II_eps0.2,19,61,27.92190092546112,3.8540531727848273,11.523555810712784
Carside,R-NSGA-II_eps0.2,19,61,27.921525506633333,3.8540532264854006,11.523588375991284
Carside,R-NSGA-II_eps0.2,19,61,27.92154542613976,3.854052189537498,11.5235857666882
Carside,R-NSGA-II_eps0.2,19,61,27.914521197896587,3.854442130684752,11.523610827834379
Carside,R-NSGA-II_eps0.2,19,61,27.916889587349058,3.8542413504293442,11.523664483893482
Carside,R-NSGA-II_eps0.2,19,61,27.916722210770182,3.854211123422537,11.523739332034072
Carside,R-NSGA-II_eps0.2,19,61,27.91597803158065,3.8542346889303474,11.523780748428736
Carside,R-NSGA-II_eps0.2,19,61,27.915975182275115,3.8542344706358302,11.523781142176144
Carside,R-NSGA-II_eps0.2,19,61,27.916082933279835,3.8542379894338126,11.523750893308645
Carside,R-NSGA-II_eps0.2,19,61,27.915921766198725,3.854248369290498,11.523748353145585
Carside,R-NSGA-II_eps0.2,19,61,27.916075040965456,3.854244376355621,11.523733646182187
Carside,R-NSGA-II_eps0.2,19,61,27.916083516350962,3.854244263988175,11.523731494897351
Carside,R-NSGA-II_eps0.2,19,61,27.91567961262689,3.8542596922717087,11.523751981268944
Carside,R-NSGA-II_eps0.2,19,61,27.91557426815612,3.8542565388718595,11.523772807168504
Carside,R-NSGA-II_eps0.2,19,61,27.915461682088317,3.8542553566098006,11.52378149265191
Carside,R-NSGA-II_eps0.2,19,61,27.915461843383508,3.8542553364981815,11.52378149265191
Carside,R-NSGA-II_eps0.2,19,61,27.91584550723834,3.854238043216083,11.52376097831913
Carside,R-NSGA-II_eps0.2,19,61,27.91701961190378,3.854230495297155,11.523620783856636
Carside,R-NSGA-II_eps0.2,19,61,27.915643877381658,3.854242604678075,11.523766755980077
Carside,R-NSGA-II_eps0.2,19,61,27.91584387487122,3.8542146634086967,11.523799768263649
Carside,R-NSGA-II_eps0.2,19,61,27.914914058322296,3.8542563009225765,11.523830015965626
Carside,R-NSGA-II_eps0.2,19,61,27.914915070112887,3.8542563009225765,11.523829728457944
Carside,R-NSGA-II_eps0.2,19,61,27.916288122144014,3.854225427404516,11.523704432695821
Carside,R-NSGA-II_eps0.2,19,61,27.916967084691183,3.8541803427631907,11.523712178108214
Carside,R-NSGA-II_eps0.2,19,61,27.914659889268044,3.8542516296531977,11.523867070644313
Carside,R-NSGA-II_eps0.2,19,61,27.91457241955281,3.8542563009225765,11.523859240747123
Carside,R-NSGA-II_eps0.2,19,61,27.914955187706752,3.854227345963939,11.52386717848751
Carside,R-NSGA-II_eps0.2,19,61,27.91434882006841,3.854262446836914,11.52386750799776
Carside,R-NSGA-II_eps0.2,19,61,27.917374323579445,3.8541809421633566,11.52363207257786
Carside,R-NSGA-II_eps0.2,19,61,27.914330840277458,3.854293421154181,11.52379733313596
Carside,R-NSGA-II_eps0.2,19,61,27.91433071241616,3.854293421154181,11.523797344010305
Carside,R-NSGA-II_eps0.2,19,61,27.914358446360872,3.854251631386127,11.523880600077362
Carside,R-NSGA-II_eps0.2,19,61,27.91508331150788,3.8540920009627073,11.52416664494405
Carside,R-NSGA-II_eps0.2,19,61,27.914472577117643,3.8542807575796254,11.523785411796219
Carside,R-NSGA-II_eps0.2,19,61,27.9150683713125,3.8542677799951,11.523717509322895
Carside,R-NSGA-II_eps0.2,19,61,27.91349594738611,3.8542631033610655,11.523957142863944
Carside,R-NSGA-II_eps0.2,19,61,27.914273073914213,3.8540942164800787,11.52422344187801
Carside,R-NSGA-II_eps0.2,19,61,27.914955235124694,3.8542212379920167,11.523784960113671
Carside,R-NSGA-II_eps0.2,19,61,27.914583185456646,3.8542865867205807,11.523690722569464
Carside,R-NSGA-II_eps0.2,19,61,27.914252650959806,3.854199575673772,11.523923374551455
Carside,R-NSGA-II_eps0.2,19,61,27.912390648542583,3.854101240591116,11.52439093084436
Carside,R-NSGA-II_eps0.2,19,61,27.912448483937194,3.8540920009627073,11.524391215706132
Carside,R-NSGA-II_eps0.2,19,61,27.911252539322287,3.854437082060729,11.523766317514447
Carside,R-NSGA-II_eps0.2,19,61,27.93299305412458,3.8548348008947553,11.521564020401572
Carside,R-NSGA-II_eps0.2,19,61,27.948898333201193,3.854210727416219,11.522162391442873
Carside,R-NSGA-II_eps0.2,19,61,27.912033225754055,3.854304322910903,11.523841501040428
Carside,R-NSGA-II_eps0.2,19,61,27.910495892586095,3.854429845448318,11.523827732072082
Carside,R-NSGA-II_eps0.2,19,61,27.910493043280564,3.8544296270505534,11.523828125819431
Carside,R-NSGA-II_eps0.2,19,61,27.91144243062887,3.8543257079793904,11.523879173834594
Carside,R-NSGA-II_eps0.2,19,61,27.91181369256751,3.854339776769456,11.523776188553576
Carside,R-NSGA-II_eps0.2,19,61,27.910109709354405,3.8544355099235084,11.523856510757104
Carside,R-NSGA-II_eps0.2,19,61,27.9100954232561,3.8544355099235084,11.523857725760912
Carside,R-NSGA-II_eps0.2,19,61,27.9100952953948,3.8544355099235084,11.523857736635259
Carside,R-NSGA-II_eps0.2,19,61,27.910406536263892,3.8544025591017457,11.523853356011397
Carside,R-NSGA-II_eps0.2,19,61,27.906426034276848,3.8548348008947553,11.523821042326409
Carside,R-NSGA-II_eps0.2,19,61,27.910478033345917,3.85423035856414,11.524190977209187
Carside,R-NSGA-II_eps0.2,19,61,27.910478033345928,3.85423035856414,11.52419097586641
Carside,R-NSGA-II_eps0.2,19,61,28.237157829391975,3.8909307784304565,11.486697397176265
Carside,R-NSGA-II_eps0.2,19,61,27.91046361938629,3.85423035856414,11.524192203180961
Carside,R-NSGA-II_eps0.2,19,61,27.8265290123674,3.8526435639814416,11.631765403414839
Carside,R-NSGA-II_eps0.2,19,61,27.91045352488455,3.85423035856414,11.524193064383052
Carside,R-NSGA-II_eps0.2,19,61,27.910889194270943,3.854343039514137,11.523852904406986
Carside,R-NSGA-II_eps0.2,19,61,28.643251541884982,3.8297185173077635,11.513583951291
Carside,R-NSGA-II_eps0.2,19,61,27.910160535303092,3.854348036396326,11.523965727149736
Carside,R-NSGA-II_eps0.2,19,61,27.910802427498155,3.8543442738942213,11.523859480912446
Carside,R-NSGA-II_eps0.2,19,61,27.44908874549709,3.888218044717804,11.590978305018862
Carside,R-NSGA-II_eps0.2,19,61,27.90990057683798,3.8543480338913256,11.52398848061636
Carside,R-NSGA-II_eps0.2,19,61,27.910429071352812,3.854348077329417,11.523888822486976
Carside,R-NSGA-II_eps0.2,19,61,27.363206354749455,3.922822671972147,11.524125185896505
Carside,R-NSGA-II_eps0.2,19,61,27.910429071352816,3.854348077329417,11.523888822060906
Carside,R-NSGA-II_eps0.2,19,61,27.91042907135282,3.854348077329417,11.523888821846082
Carside,R-NSGA-II_eps0.2,19,61,27.90949497265014,3.854460679977801,11.523820360727036
Carside,R-NSGA-II_eps0.2,19,61,29.47050586970035,3.86494216904111,11.479926263206206
Carside,R-NSGA-II_eps0.2,19,61,29.032503321388003,3.7996377081249357,11.654017521972
Carside,R-NSGA-II_eps0.2,19,61,27.90927039988781,3.854478874217604,11.523823930689996
Carside,R-NSGA-II_eps0.2,19,61,27.90928148502335,3.8544787596545436,11.523821042326409
Carside,R-NSGA-II_eps0.2,19,61,27.278000318959606,3.9513592235242956,11.608367675211857
Carside,R-NSGA-II_eps0.2,19,61,27.90765502407574,3.854647074337231,11.523815503349194
Carside,R-NSGA-II_eps0.2,19,61,29.72102013298561,3.7959683578506374,11.493884864998035
Carside,R-NSGA-II_eps0.2,19,61,27.9093866251659,3.85446806661573,11.523817909625594
Carside,R-NSGA-II_eps0.2,19,61,27.909323066674002,3.8544689742762115,11.52382269649354
Carside,R-NSGA-II_eps0.2,19,61,26.89722020670463,3.9791744874118407,11.524766417384303
Carside,R-NSGA-II_eps0.2,19,61,27.909401012480014,3.8542530983255943,11.52428495624925
Carside,R-NSGA-II_eps0.2,19,61,27.910169112887694,3.854348074824417,11.523911575945993
Carside,R-NSGA-II_eps0.2,19,61,27.909080299520987,3.8544787596545436,11.523838153907981
Carside,R-NSGA-II_eps0.2,19,61,27.10520871078981,3.8464063407530715,11.872949931911904
Carside,R-NSGA-II_eps0.2,19,61,27.90885804005737,3.854469347853483,11.523888726462276
Carside,R-NSGA-II_eps0.2,19,61,27.908698678167266,3.8544503787195667,11.523950743714519
Carside,R-NSGA-II_eps0.2,19,61,30.55866409451419,3.7725447293388084,11.5536663150358
Carside,R-NSGA-II_eps0.2,19,61,28.110348429255527,3.817869723193142,11.949620351407951
Carside,R-NSGA-II_eps0.2,19,61,27.908664145925105,3.8544507521100306,11.523953570619305
Carside,R-NSGA-II_eps0.2,20,62,27.91453024830924,3.8540802781708448,11.525571597197942
Carside,R-NSGA-II_eps0.2,20,62,27.89881018538342,3.8544245867701585,11.526823751773541
Carside,R-NSGA-II_eps0.2,20,62,27.8993197934874,3.8543583752967825,11.526824636285781
Carside,R-NSGA-II_eps0.2,20,62,27.910557349219843,3.8537665759444986,11.52563632069965
Carside,R-NSGA-II_eps0.2,20,62,27.91106695402096,3.853700364231363,11.525637203590783
Carside,R-NSGA-II_eps0.2,20,62,27.911816688741823,3.8536098243464485,11.525653267795128
Carside,R-NSGA-II_eps0.2,20,62,27.911792942177847,3.8536098243464485,11.525653916696626
Carside,R-NSGA-II_eps0.2,20,62,27.900995428756318,3.854039257098046,11.525778365445325
Carside,R-NSGA-II_eps0.2,20,62,27.913053238060705,3.8544358390236746,11.522957059567931
Carside,R-NSGA-II_eps0.2,20,62,27.913243984569256,3.854433879905996,11.522932757818296
Carside,R-NSGA-II_eps0.2,20,62,27.9065473167528,3.8541863811060146,11.523995199004165
Carside,R-NSGA-II_eps0.2,20,62,27.912781722979407,3.8544557728261717,11.522934288167605
Carside,R-NSGA-II_eps0.2,20,62,27.912781722979844,3.8544557728261717,11.52293424004148
Carside,R-NSGA-II_eps0.2,20,62,27.912783512171433,3.854455777851125,11.522933768305748
Carside,R-NSGA-II_eps0.2,20,62,27.913013268627306,3.8544558371678814,11.522914561015547
Carside,R-NSGA-II_eps0.2,20,62,27.920864905167374,3.854186257848196,11.52278113344537
Carside,R-NSGA-II_eps0.2,20,62,27.9126000774422,3.8544455009461718,11.522957774028505
Carside,R-NSGA-II_eps0.2,20,62,27.912398090999243,3.8544665788364276,11.52294513809542
Carside,R-NSGA-II_eps0.2,20,62,27.91206665931279,3.854443200590348,11.522994626071508
Carside,R-NSGA-II_eps0.2,20,62,27.912446638671575,3.8544352182886663,11.52297114448218
Carside,R-NSGA-II_eps0.2,20,62,27.911918769771486,3.854452833055013,11.522983262848951
Carside,R-NSGA-II_eps0.2,20,62,27.91186302694109,3.8544528730537837,11.522987368360429
Carside,R-NSGA-II_eps0.2,20,62,27.911918870255125,3.8544528330018855,11.522982806363817
Carside,R-NSGA-II_eps0.2,20,62,27.91188488002928,3.8544527482745004,11.522985604731055
Carside,R-NSGA-II_eps0.2,20,62,27.91191764481399,3.854453044453304,11.52298253401845
Carside,R-NSGA-II_eps0.2,20,62,27.911913545009405,3.854452936503768,11.52298295062814
Carside,R-NSGA-II_eps0.2,20,62,27.911137865696453,3.8544672277431014,11.523027596773925
Carside,R-NSGA-II_eps0.2,20,62,27.911958601809836,3.8544476318675867,11.522983426995442
Carside,R-NSGA-II_eps0.2,20,62,27.911772438692527,3.8544665788364276,11.522973344655425
Carside,R-NSGA-II_eps0.2,20,62,27.911106739242182,3.854470021625632,11.523022489095322
Carside,R-NSGA-II_eps0.2,20,62,27.911927682298575,3.8544571720466143,11.52297012544452
Carside,R-NSGA-II_eps0.2,20,62,27.912067422053383,3.8544515705108044,11.522966118354216
Carside,R-NSGA-II_eps0.2,20,62,27.911897418987866,3.8544557730810847,11.522974106566078
Carside,R-NSGA-II_eps0.2,20,62,27.911934850068636,3.854449824993393,11.522977970774223
Carside,R-NSGA-II_eps0.2,20,62,27.911928449021875,3.8544498184637903,11.522978233239083
Carside,R-NSGA-II_eps0.2,20,62,27.911969371138678,3.854451893192635,11.522971627639304
Carside,R-NSGA-II_eps0.2,20,62,27.911959751902415,3.854452083515788,11.522970858638018
Carside,R-NSGA-II_eps0.2,20,62,27.905376542246664,3.8542133602806357,11.52404175695451
Carside,R-NSGA-II_eps0.2,20,62,27.911967514336926,3.8544519708591873,11.522970289591388
Carside,R-NSGA-II_eps0.2,20,62,27.911842959229737,3.854455210797164,11.522975212569259
Carside,R-NSGA-II_eps0.2,20,62,27.911851107848754,3.854455210797164,11.522974515895285
Carside,R-NSGA-II_eps0.2,20,62,27.91191942910306,3.8544519708591873,11.522972979403795
Carside,R-NSGA-II_eps0.2,20,62,27.911923562650532,3.8544519708591873,11.522972271009685
Carside,R-NSGA-II_eps0.2,20,62,27.912030745747085,3.85445208091747,11.522962598948663
Carside,R-NSGA-II_eps0.2,20,62,27.911126325452326,3.8544740952229413,11.523003438684471
Carside,R-NSGA-II_eps0.2,20,62,27.911487912969175,3.854467948988767,11.522978727885812
Carside,R-NSGA-II_eps0.2,20,62,27.911443302767676,3.854469447754075,11.52297534153023
Carside,R-NSGA-II_eps0.2,20,62,27.911378555999345,3.8544716015924383,11.522976309178226
Carside,R-NSGA-II_eps0.2,20,62,27.91286053001753,3.854343690649851,11.523001188069932
Carside,R-NSGA-II_eps0.2,20,62,27.904852105716856,3.854452936503768,11.523581766026105
Carside,R-NSGA-II_eps0.2,20,62,27.909270325219296,3.854559192444612,11.522982993554901
Carside,R-NSGA-II_eps0.2,20,62,27.911043928288347,3.8546349930750683,11.522745913519756
Carside,R-NSGA-II_eps0.2,20,62,27.903345738967673,3.854445451752522,11.523742614412715
Carside,R-NSGA-II_eps0.2,20,62,27.903368715198635,3.8544472157057825,11.523734888917936
Carside,R-NSGA-II_eps0.2,20,62,27.90328879037779,3.854451545813315,11.523716485902094
Carside,R-NSGA-II_eps0.2,20,62,27.90521264415008,3.8546279536941452,11.523245288006269
Carside,R-NSGA-II_eps0.2,20,62,27.903244180177055,3.85445304457693,11.523713016654895
Carside,R-NSGA-II_eps0.2,20,62,27.90314600157966,3.85445304457693,11.523725320499471
Carside,R-NSGA-II_eps0.2,20,62,27.904649754385943,3.854669332357074,11.523249781303766
Carside,R-NSGA-II_eps0.2,20,62,27.903012635974296,3.8544529802352203,11.523732695537891
Carside,R-NSGA-II_eps0.2,20,62,27.905096460634105,3.8546296165509757,11.523220173336234
Carside,R-NSGA-II_eps0.2,20,62,27.906414341995337,3.8546543181968755,11.523029147822434
Carside,R-NSGA-II_eps0.2,20,62,27.905367442824193,3.8547852893746892,11.522984354244826
Carside,R-NSGA-II_eps0.2,20,62,27.90511095771179,3.8547490683165,11.523030738444941
Carside,R-NSGA-II_eps0.2,20,62,27.905357253857442,3.854693496164984,11.523062202005349
Carside,R-NSGA-II_eps0.2,20,62,27.905357284235063,3.8546934970020397,11.523062191465646
Carside,R-NSGA-II_eps0.2,20,62,27.90493008387021,3.8547539305691654,11.523040758399496
Carside,R-NSGA-II_eps0.2,20,62,27.905001077715283,3.8547539279762173,11.523032453927962
Carside,R-NSGA-II_eps0.2,20,62,27.90044959246071,3.8544496162248336,11.523979171839382
Carside,R-NSGA-II_eps0.2,20,62,27.905426090289936,3.8546972897081053,11.523045930520095
Carside,R-NSGA-II_eps0.2,20,62,27.65450644868022,3.9031579173518507,11.505982637358063
Carside,R-NSGA-II_eps0.2,20,62,27.904985246816956,3.8547346308209827,11.52304937780995
Carside,R-NSGA-II_eps0.2,20,62,29.221094959951294,3.8167480198811,11.49538072735816
Carside,R-NSGA-II_eps0.2,20,62,27.904984814456036,3.854734632454321,11.52304941345113
Carside,R-NSGA-II_eps0.2,20,62,27.655314602243994,3.85445293693226,11.691626707913189
Carside,R-NSGA-II_eps0.2,20,62,27.905446065017788,3.8546954578354833,11.52304434840785
Carside,R-NSGA-II_eps0.2,20,62,29.13463399198251,3.8714049425084904,11.407401117971823
Carside,R-NSGA-II_eps0.2,20,62,27.90544616550138,3.854695457782467,11.523043896818674
Carside,R-NSGA-II_eps0.2,20,62,27.31908814082251,3.9586307298822816,11.51738979501058
Carside,R-NSGA-II_eps0.2,20,62,27.905442658146512,3.8546956147643057,11.523044053447506
Carside,R-NSGA-II_eps0.2,20,62,27.905284550695324,3.854698181288164,11.523055385237697
Carside,R-NSGA-II_eps0.2,20,62,27.905437148981562,3.8546911943083426,11.523047542222091
Carside,R-NSGA-II_eps0.2,20,62,27.904945355633977,3.8547332629766937,11.523052322506697
Carside,R-NSGA-II_eps0.2,20,62,30.775064889298946,3.8426365898257173,11.46756970011636
Carside,R-NSGA-II_eps0.2,20,62,27.91426163536077,3.85416390009577,11.5229963564132
Carside,R-NSGA-II_eps0.2,20,62,31.039733618814157,3.8602300026526284,11.31515854587991
Carside,R-NSGA-II_eps0.2,20,62,31.215283594556833,3.7556976557817965,11.568279908975729
Carside,R-NSGA-II_eps0.2,20,62,27.905400841764926,3.854697357199211,11.523042192278655
Carside,R-NSGA-II_eps0.2,20,62,27.905392019548817,3.8546974223220962,11.523042909385723
Carside,R-NSGA-II_eps0.2,20,62,31.40873104359639,3.73696117530047,11.474241915287784
Carside,R-NSGA-II_eps0.2,20,62,27.90538903562985,3.8546975653235678,11.523042607632336
Carside,R-NSGA-II_eps0.2,20,62,27.90538861267754,3.8546975792509848,11.52304261442414
Carside,R-NSGA-II_eps0.2,20,62,27.905384803849287,3.85469762587782,11.523042928460423
Carside,R-NSGA-II_eps0.2,20,62,32.004189968965775,3.8543425503399202,11.175022362568061
Carside,R-NSGA-II_eps0.2,20,62,27.905386670043924,3.8546973703208356,11.523042980567023
Carside,R-NSGA-II_eps0.2,20,62,27.905156532153068,3.854697495970566,11.523060487382834
Carside,R-NSGA-II_eps0.2,20,62,27.904628439234898,3.854695491721297,11.523100057959475
Carside,R-NSGA-II_eps0.2,20,62,27.904622930069955,3.854691071265333,11.523103546737103
Carside,R-NSGA-II_eps0.2,20,62,27.90388271057467,3.854690623777014,11.52316763464163
Carside,R-NSGA-II_eps0.2,20,62,27.90388271057839,3.854690623777014,11.523167225706548
