problema,algoritmo,run,seed,f1,f2,f3
Truss2D,R-NSGA-II,0,42,0.014981171026247603,26746.087236596984,
Truss2D,R-NSGA-II,0,42,0.014981171137900913,26746.08708048795,
Truss2D,R-NSGA-II,0,42,0.014981171135445368,26746.087092768623,
Truss2D,R-NSGA-II,0,42,0.014981170885596255,26746.087869264487,
Truss2D,R-NSGA-II,0,42,0.014981170956405809,26746.087718359024,
Truss2D,R-NSGA-II,0,42,0.01491736898833396,26984.31175036291,
Truss2D,R-NSGA-II,0,42,0.015090524303886022,26657.240528535334,
Truss2D,R-NSGA-II,0,42,0.014981170938356478,26746.087772611165,
Truss2D,R-NSGA-II,0,42,0.014981171322634101,26746.086741313127,
Truss2D,R-NSGA-II,0,42,0.014981171301304112,26746.086820248198,
Truss2D,R-NSGA-II,0,42,0.014981171223078914,26746.08703779941,
Truss2D,R-NSGA-II,0,42,0.014981171380799834,26746.086623654825,
Truss2D,R-NSGA-II,0,42,0.014844036663438562,27184.55977105893,
Truss2D,R-NSGA-II,0,42,0.014981169726006514,26746.091534363517,
Truss2D,R-NSGA-II,0,42,0.014981170203466346,26746.09040327504,
Truss2D,R-NSGA-II,0,42,0.01523418684295277,26572.303352006864,
Truss2D,R-NSGA-II,0,42,0.014981171867260945,26746.08652034112,
Truss2D,R-NSGA-II,0,42,0.014981172104617597,26746.0859002397,
Truss2D,R-NSGA-II,0,42,0.014690978196377446,27383.049106852464,
Truss2D,R-NSGA-II,0,42,0.014981172147648807,26746.085864428514,
Truss2D,R-NSGA-II,0,42,0.015349994690020151,26244.605833699366,
Truss2D,R-NSGA-II,0,42,0.014981168461708059,26746.096259167276,
Truss2D,R-NSGA-II,0,42,0.014981168386557548,26746.09670795774,
Truss2D,R-NSGA-II,0,42,0.014550017556064505,27742.948326154663,
Truss2D,R-NSGA-II,0,42,0.01547188055669134,25956.62003724031,
Truss2D,R-NSGA-II,0,42,0.01498117246851679,26746.085723489694,
Truss2D,R-NSGA-II,0,42,0.014981168877730242,26746.0957886615,
Truss2D,R-NSGA-II,0,42,0.014981173164991136,26746.084320283346,
Truss2D,R-NSGA-II,0,42,0.014419677325866243,27746.193016899564,
Truss2D,R-NSGA-II,0,42,0.015610588055692511,25641.09075695889,
Truss2D,R-NSGA-II,0,42,0.014981168813911625,26746.09625887911,
Truss2D,R-NSGA-II,0,42,0.014981169718192158,26746.094287027845,
Truss2D,R-NSGA-II,0,42,0.01426257971369946,28092.10357268655,
Truss2D,R-NSGA-II,0,42,0.014981172918182475,26746.0856322581,
Truss2D,R-NSGA-II,0,42,0.015726317044977234,25455.012195402018,
Truss2D,R-NSGA-II,0,42,0.014981172927872557,26746.085624193878,
Truss2D,R-NSGA-II,0,42,0.014074574444291079,28583.477080572375,
Truss2D,R-NSGA-II,0,42,0.01498116945467181,26746.09526222792,
Truss2D,R-NSGA-II,0,42,0.015948848201050768,25444.749981891917,
Truss2D,R-NSGA-II,0,42,0.014981173131633812,26746.085186060354,
Truss2D,R-NSGA-II,0,42,0.01498117736822071,26746.075472880817,
Truss2D,R-NSGA-II,0,42,0.013921304150095314,29014.54602208704,
Truss2D,R-NSGA-II,0,42,0.014981177417396213,26746.075367199075,
Truss2D,R-NSGA-II,0,42,0.01615816297763674,25049.894810580063,
Truss2D,R-NSGA-II,0,42,0.014981177466310945,26746.07535621535,
Truss2D,R-NSGA-II,0,42,0.01498117752609806,26746.07523310821,
Truss2D,R-NSGA-II,0,42,0.013746662879044112,29142.13285092782,
Truss2D,R-NSGA-II,0,42,0.014981177525941664,26746.07523539483,
Truss2D,R-NSGA-II,0,42,0.013638911089516535,29514.649258466994,
Truss2D,R-NSGA-II,0,42,0.014981177499132041,26746.075323552268,
Truss2D,R-NSGA-II,0,42,0.014981177523927632,26746.075308591582,
Truss2D,R-NSGA-II,0,42,0.016455031901695723,24592.49189057753,
Truss2D,R-NSGA-II,0,42,0.013454393517351653,30234.116033586357,
Truss2D,R-NSGA-II,0,42,0.014981177564142464,26746.075215711942,
Truss2D,R-NSGA-II,0,42,0.014981175294192722,26746.08146494123,
Truss2D,R-NSGA-II,0,42,0.016729189571526106,24113.249749451217,
Truss2D,R-NSGA-II,0,42,0.014981177366837331,26746.075768155606,
Truss2D,R-NSGA-II,0,42,0.013279660010976819,30267.64932918192,
Truss2D,R-NSGA-II,0,42,0.014981177361615805,26746.075786166835,
Truss2D,R-NSGA-II,0,42,0.013057301892088126,30713.038272004727,
Truss2D,R-NSGA-II,0,42,0.014981177360429625,26746.075790258466,
Truss2D,R-NSGA-II,0,42,0.017042024652236643,23738.687945041933,
Truss2D,R-NSGA-II,0,42,0.017280585851388773,23558.438917489042,
Truss2D,R-NSGA-II,0,42,0.014981177024545133,26746.076785299232,
Truss2D,R-NSGA-II,0,42,0.01498117696993719,26746.076960596412,
Truss2D,R-NSGA-II,0,42,0.012688011091783045,31562.48390867579,
Truss2D,R-NSGA-II,0,42,0.014981176936907786,26746.07706308189,
Truss2D,R-NSGA-II,0,42,0.01756563895720451,22890.13660962749,
Truss2D,R-NSGA-II,0,42,0.012541767630268378,31927.67790205949,
Truss2D,R-NSGA-II,0,42,0.014981176910098162,26746.077151239344,
Truss2D,R-NSGA-II,0,42,0.014981177080740963,26746.076715636962,
Truss2D,R-NSGA-II,0,42,0.017719190978764475,22846.489971718198,
Truss2D,R-NSGA-II,0,42,0.012429106063582095,32235.021503191234,
Truss2D,R-NSGA-II,0,42,0.01498117687834554,26746.07727653437,
Truss2D,R-NSGA-II,0,42,0.01498117535902783,26746.081462332095,
Truss2D,R-NSGA-II,0,42,0.012344085533039457,32575.76759418248,
Truss2D,R-NSGA-II,0,42,0.01798074992648132,22749.066115008918,
Truss2D,R-NSGA-II,0,42,0.014981175562789231,26746.080927670428,
Truss2D,R-NSGA-II,0,42,0.01498117769306036,26746.075092999312,
Truss2D,R-NSGA-II,0,42,0.012242303716340996,33183.45254949551,
Truss2D,R-NSGA-II,0,42,0.018047209774789894,22272.26490383123,
Truss2D,R-NSGA-II,0,42,0.014981176787028972,26746.077588491396,
Truss2D,R-NSGA-II,0,42,0.01498117500916142,26746.08251611479,
Truss2D,R-NSGA-II,0,42,0.012036455885133319,33624.06024355425,
Truss2D,R-NSGA-II,0,42,0.01823391165891347,22137.270509319664,
Truss2D,R-NSGA-II,0,42,0.014981175062675912,26746.082488387074,
Truss2D,R-NSGA-II,0,42,0.018365227581313332,22092.15991754442,
Truss2D,R-NSGA-II,0,42,0.014981176106729584,26746.07965528267,
Truss2D,R-NSGA-II,0,42,0.01845225470850965,21793.966546145253,
Truss2D,R-NSGA-II,0,42,0.014981176243045681,26746.079372302756,
Truss2D,R-NSGA-II,0,42,0.01498117592081161,26746.080393852542,
Truss2D,R-NSGA-II,0,42,0.011828424720081013,34250.023239873335,
Truss2D,R-NSGA-II,0,42,0.01154683980306058,36083.5893894755,
Truss2D,R-NSGA-II,0,42,0.014981174990054646,26746.08420162976,
Truss2D,R-NSGA-II,0,42,0.019004546121479185,21082.71513300572,
Truss2D,R-NSGA-II,0,42,0.014981183349358189,26746.064840754607,
Truss2D,R-NSGA-II,0,42,0.014981183226279718,26746.06518301315,
Truss2D,R-NSGA-II,0,42,0.011515012418033873,36494.611407596305,
Truss2D,R-NSGA-II,0,42,0.014981183343051043,26746.064864095166,
Truss2D,R-NSGA-II,0,42,0.019358664100917522,21012.581978502694,
Truss2D,R-NSGA-II,1,43,0.014977695257260622,26709.90871854379,
Truss2D,R-NSGA-II,1,43,0.014977696869506618,26709.90798693837,
Truss2D,R-NSGA-II,1,43,0.014977696980605092,26709.905633133647,
Truss2D,R-NSGA-II,1,43,0.014977701677008654,26709.90154653672,
Truss2D,R-NSGA-II,1,43,0.014977640619357486,26709.909462266714,
Truss2D,R-NSGA-II,1,43,0.01497774173693462,26709.825799065668,
Truss2D,R-NSGA-II,1,43,0.014887055219751602,26964.14289404522,
Truss2D,R-NSGA-II,1,43,0.014976686721207296,26710.566385581296,
Truss2D,R-NSGA-II,1,43,0.014976680810122964,26710.5800698969,
Truss2D,R-NSGA-II,1,43,0.014976680823587364,26710.580022042952,
Truss2D,R-NSGA-II,1,43,0.014976675677458964,26710.587113834692,
Truss2D,R-NSGA-II,1,43,0.014976673984406153,26710.58830391858,
Truss2D,R-NSGA-II,1,43,0.014976674005143397,26710.588230216068,
Truss2D,R-NSGA-II,1,43,0.015168834263888879,26584.367778081014,
Truss2D,R-NSGA-II,1,43,0.014976659996483462,26710.59423578234,
Truss2D,R-NSGA-II,1,43,0.014976654620307518,26710.5989402353,
Truss2D,R-NSGA-II,1,43,0.014755617860376023,27615.457766907275,
Truss2D,R-NSGA-II,1,43,0.014976611300928507,26710.62974951674,
Truss2D,R-NSGA-II,1,43,0.01530831118446245,26285.57873146924,
Truss2D,R-NSGA-II,1,43,0.014976611358243998,26710.600281651274,
Truss2D,R-NSGA-II,1,43,0.014976587362315382,26710.64523402381,
Truss2D,R-NSGA-II,1,43,0.014976587122184052,26710.645828852386,
Truss2D,R-NSGA-II,1,43,0.014645926030884073,27697.257430201484,
Truss2D,R-NSGA-II,1,43,0.014976585591026534,26710.64653396319,
Truss2D,R-NSGA-II,1,43,0.014976585624492136,26710.646416207812,
Truss2D,R-NSGA-II,1,43,0.015459731761078743,26197.3845906397,
Truss2D,R-NSGA-II,1,43,0.014976588780713892,26710.635153318242,
Truss2D,R-NSGA-II,1,43,0.014976576793653548,26710.652374713045,
Truss2D,R-NSGA-II,1,43,0.01446383276861905,27749.442875003308,
Truss2D,R-NSGA-II,1,43,0.014976808266972244,26710.058851773083,
Truss2D,R-NSGA-II,1,43,0.014976790950947028,26710.071999881373,
Truss2D,R-NSGA-II,1,43,0.014257957652772978,28060.113543524985,
Truss2D,R-NSGA-II,1,43,0.01574967859811186,26060.10533067953,
Truss2D,R-NSGA-II,1,43,0.014976790213897405,26710.07251737061,
Truss2D,R-NSGA-II,1,43,0.014976759192921352,26710.084509543536,
Truss2D,R-NSGA-II,1,43,0.015845078872795695,25406.78551445193,
Truss2D,R-NSGA-II,1,43,0.014976752970287418,26710.096987046036,
Truss2D,R-NSGA-II,1,43,0.014976752670275775,26710.097179786742,
Truss2D,R-NSGA-II,1,43,0.014004441984388862,28570.494894235493,
Truss2D,R-NSGA-II,1,43,0.013906598395632908,28848.75748167478,
Truss2D,R-NSGA-II,1,43,0.0149767386908949,26710.107808788354,
Truss2D,R-NSGA-II,1,43,0.01609850569772958,25192.850051830224,
Truss2D,R-NSGA-II,1,43,0.014976689781870566,26710.1718717144,
Truss2D,R-NSGA-II,1,43,0.01626143944455971,25087.903056144893,
Truss2D,R-NSGA-II,1,43,0.014976474587826017,26710.73495871426,
Truss2D,R-NSGA-II,1,43,0.01370271412817149,29367.289943560856,
Truss2D,R-NSGA-II,1,43,0.014976699512362256,26710.137354164126,
Truss2D,R-NSGA-II,1,43,0.014976491715146714,26710.683208774546,
Truss2D,R-NSGA-II,1,43,0.016386379264679257,24973.230325699493,
Truss2D,R-NSGA-II,1,43,0.016502143435081534,24609.506482287896,
Truss2D,R-NSGA-II,1,43,0.014976462548711435,26710.74583522874,
Truss2D,R-NSGA-II,1,43,0.013490992463286645,29688.575896614035,
Truss2D,R-NSGA-II,1,43,0.014976461748693666,26710.74671940233,
Truss2D,R-NSGA-II,1,43,0.016602791731136622,24197.429423730544,
Truss2D,R-NSGA-II,1,43,0.01497646265973837,26710.743481368092,
Truss2D,R-NSGA-II,1,43,0.014976462659743409,26710.74348135018,
Truss2D,R-NSGA-II,1,43,0.013357731170728946,30171.89486299171,
Truss2D,R-NSGA-II,1,43,0.014976462711309736,26710.743298073216,
Truss2D,R-NSGA-II,1,43,0.016773075289726026,23859.742503357906,
Truss2D,R-NSGA-II,1,43,0.01314178819251402,30448.15696241721,
Truss2D,R-NSGA-II,1,43,0.014976462711314774,26710.743298055302,
Truss2D,R-NSGA-II,1,43,0.014976463316458256,26710.741147255365,
Truss2D,R-NSGA-II,1,43,0.012928958829845585,31263.15106716714,
Truss2D,R-NSGA-II,1,43,0.014976475256669897,26710.698709446253,
Truss2D,R-NSGA-II,1,43,0.01714703886242151,23460.93797704494,
Truss2D,R-NSGA-II,1,43,0.01497647596205228,26710.69620238579,
Truss2D,R-NSGA-II,1,43,0.012704909051565664,31573.410663225728,
Truss2D,R-NSGA-II,1,43,0.01497643953989623,26710.78142563451,
Truss2D,R-NSGA-II,1,43,0.01745688760876274,23161.329354880872,
Truss2D,R-NSGA-II,1,43,0.01497562340796606,26710.900736904092,
Truss2D,R-NSGA-II,1,43,0.01497557331573922,26710.957167308778,
Truss2D,R-NSGA-II,1,43,0.012593285177772851,32149.620372108024,
Truss2D,R-NSGA-II,1,43,0.017779922301548675,22821.284625781922,
Truss2D,R-NSGA-II,1,43,0.014975572137832831,26710.961354255473,
Truss2D,R-NSGA-II,1,43,0.014975571159902003,26710.964830376714,
Truss2D,R-NSGA-II,1,43,0.012208056958468078,32944.72103102643,
Truss2D,R-NSGA-II,1,43,0.014975486802227836,26710.988490457992,
Truss2D,R-NSGA-II,1,43,0.012122542154319606,33425.6327280577,
Truss2D,R-NSGA-II,1,43,0.01497530194926568,26711.555826095966,
Truss2D,R-NSGA-II,1,43,0.017974896070192543,22384.33414194266,
Truss2D,R-NSGA-II,1,43,0.014975293171232733,26711.58918825482,
Truss2D,R-NSGA-II,1,43,0.014975282369650499,26711.594667252153,
Truss2D,R-NSGA-II,1,43,0.011948326363085321,33555.44019245269,
Truss2D,R-NSGA-II,1,43,0.018208104335466248,22021.127643299154,
Truss2D,R-NSGA-II,1,43,0.014975279997302492,26711.596546082994,
Truss2D,R-NSGA-II,1,43,0.01837782938559124,21911.42385985569,
Truss2D,R-NSGA-II,1,43,0.014975279695807732,26711.59761782911,
Truss2D,R-NSGA-II,1,43,0.0186339514662368,21529.01689105308,
Truss2D,R-NSGA-II,1,43,0.014975361811536515,26711.09598809414,
Truss2D,R-NSGA-II,1,43,0.011452126769223941,35040.538878989944,
Truss2D,R-NSGA-II,1,43,0.014975328173596477,26711.11962003511,
Truss2D,R-NSGA-II,1,43,0.011351158493644067,35858.412048035265,
Truss2D,R-NSGA-II,1,43,0.014975236803133642,26711.60004677993,
Truss2D,R-NSGA-II,1,43,0.014975317629879564,26711.12903373379,
Truss2D,R-NSGA-II,1,43,0.018817287241864582,21410.426385200684,
Truss2D,R-NSGA-II,1,43,0.014975163364515539,26711.64081266934,
Truss2D,R-NSGA-II,1,43,0.01131962416255545,36619.040293000486,
Truss2D,R-NSGA-II,1,43,0.014975137803365972,26711.678642250572,
Truss2D,R-NSGA-II,1,43,0.018953351858243234,21189.91654964412,
Truss2D,R-NSGA-II,1,43,0.014975137796249571,26711.67866792122,
Truss2D,R-NSGA-II,2,44,0.014983862277161373,26761.289801305924,
Truss2D,R-NSGA-II,2,44,0.014983862277142162,26761.28980136655,
Truss2D,R-NSGA-II,2,44,0.014983862277073254,26761.289801716648,
Truss2D,R-NSGA-II,2,44,0.014983862276708972,26761.28980219018,
Truss2D,R-NSGA-II,2,44,0.01498386227702668,26761.289801964078,
Truss2D,R-NSGA-II,2,44,0.014983862276120728,26761.289805102064,
Truss2D,R-NSGA-II,2,44,0.014983862275911631,26761.289805818808,
Truss2D,R-NSGA-II,2,44,0.014983862275508294,26761.28980622793,
Truss2D,R-NSGA-II,2,44,0.014983862275852775,26761.289806020548,
Truss2D,R-NSGA-II,2,44,0.014983862275827747,26761.289806106346,
Truss2D,R-NSGA-II,2,44,0.014983862274968986,26761.28980882098,
Truss2D,R-NSGA-II,2,44,0.014983862274264462,26761.289809508384,
Truss2D,R-NSGA-II,2,44,0.0149838622742049,26761.28980969635,
Truss2D,R-NSGA-II,2,44,0.015116702195457174,26650.52540782606,
Truss2D,R-NSGA-II,2,44,0.014983862274167137,26761.289809825794,
Truss2D,R-NSGA-II,2,44,0.01498386227397069,26761.289810567792,
Truss2D,R-NSGA-II,2,44,0.014910229654288409,26996.800833115125,
Truss2D,R-NSGA-II,2,44,0.014983862273804445,26761.289811069033,
Truss2D,R-NSGA-II,2,44,0.014983862273758253,26761.289811227372,
Truss2D,R-NSGA-II,2,44,0.015268012212176003,26531.995325139484,
Truss2D,R-NSGA-II,2,44,0.014983862273673359,26761.28981218016,
Truss2D,R-NSGA-II,2,44,0.014824120779023547,27280.423258736457,
Truss2D,R-NSGA-II,2,44,0.014983862273207013,26761.289813958032,
Truss2D,R-NSGA-II,2,44,0.01498386227296451,26761.289815739994,
Truss2D,R-NSGA-II,2,44,0.014983862272524236,26761.289816298457,
Truss2D,R-NSGA-II,2,44,0.014983862272520732,26761.289816310466,
Truss2D,R-NSGA-II,2,44,0.015352211775003781,26144.667212566856,
Truss2D,R-NSGA-II,2,44,0.014623403065209102,27465.126454646866,
Truss2D,R-NSGA-II,2,44,0.014983862272501213,26761.289816370434,
Truss2D,R-NSGA-II,2,44,0.014983862272475295,26761.289816466215,
Truss2D,R-NSGA-II,2,44,0.015517417667869566,25909.16296872718,
Truss2D,R-NSGA-II,2,44,0.01498386227247179,26761.289816478227,
Truss2D,R-NSGA-II,2,44,0.014547256061436972,27854.623070557496,
Truss2D,R-NSGA-II,2,44,0.014983862272841167,26761.28981624648,
Truss2D,R-NSGA-II,2,44,0.014332936980372479,27928.132152778388,
Truss2D,R-NSGA-II,2,44,0.01574256531917476,25504.127604015073,
Truss2D,R-NSGA-II,2,44,0.014983862272337497,26761.289818150894,
Truss2D,R-NSGA-II,2,44,0.014983862272210952,26761.289818503974,
Truss2D,R-NSGA-II,2,44,0.015892281239930202,25414.61591413961,
Truss2D,R-NSGA-II,2,44,0.014103459415451323,28586.061263030453,
Truss2D,R-NSGA-II,2,44,0.014983862272177356,26761.289818699828,
Truss2D,R-NSGA-II,2,44,0.016148238652980977,25046.140409662225,
Truss2D,R-NSGA-II,2,44,0.014983862271530143,26761.289819432142,
Truss2D,R-NSGA-II,2,44,0.014983862271485683,26761.28981958454,
Truss2D,R-NSGA-II,2,44,0.013893214943760179,28891.342282160516,
Truss2D,R-NSGA-II,2,44,0.01498386227194971,26761.289819299687,
Truss2D,R-NSGA-II,2,44,0.016259162593042775,24742.058996227803,
Truss2D,R-NSGA-II,2,44,0.014983862271914275,26761.28981941265,
Truss2D,R-NSGA-II,2,44,0.013762886463209762,29239.080586243985,
Truss2D,R-NSGA-II,2,44,0.014983862270800176,26761.289820565657,
Truss2D,R-NSGA-II,2,44,0.01357536329370395,29582.46119591412,
Truss2D,R-NSGA-II,2,44,0.014983862270778851,26761.28982152294,
Truss2D,R-NSGA-II,2,44,0.013450330361914519,29900.103315348664,
Truss2D,R-NSGA-II,2,44,0.014983862270634718,26761.289822957384,
Truss2D,R-NSGA-II,2,44,0.0168010468389748,23958.431147470077,
Truss2D,R-NSGA-II,2,44,0.014983862270501224,26761.289823416446,
Truss2D,R-NSGA-II,2,44,0.014983862270186755,26761.2898245483,
Truss2D,R-NSGA-II,2,44,0.013292512837773083,30536.950680424135,
Truss2D,R-NSGA-II,2,44,0.017140865765011178,23398.758440893624,
Truss2D,R-NSGA-II,2,44,0.014983862270175771,26761.2898254822,
Truss2D,R-NSGA-II,2,44,0.014983862270006929,26761.289826026346,
Truss2D,R-NSGA-II,2,44,0.013171268395524825,31058.60421682766,
Truss2D,R-NSGA-II,2,44,0.01498386226946519,26761.28982649392,
Truss2D,R-NSGA-II,2,44,0.012940818632177113,31240.566804449518,
Truss2D,R-NSGA-II,2,44,0.014983862269773243,26761.289826391683,
Truss2D,R-NSGA-II,2,44,0.014983862269441196,26761.28982669501,
Truss2D,R-NSGA-II,2,44,0.017465546526844775,23004.38701157481,
Truss2D,R-NSGA-II,2,44,0.014983862269412295,26761.289826786215,
Truss2D,R-NSGA-II,2,44,0.017616975703931066,22899.29598672793,
Truss2D,R-NSGA-II,2,44,0.014983862269410876,26761.289826790693,
Truss2D,R-NSGA-II,2,44,0.014983862269396063,26761.28982683744,
Truss2D,R-NSGA-II,2,44,0.012637030480907252,31822.931111198945,
Truss2D,R-NSGA-II,2,44,0.0149838622693945,26761.28982684237,
Truss2D,R-NSGA-II,2,44,0.01782743985284828,22620.435730906098,
Truss2D,R-NSGA-II,2,44,0.012418576750142511,32335.756040390123,
Truss2D,R-NSGA-II,2,44,0.014983862269393085,26761.289826846845,
Truss2D,R-NSGA-II,2,44,0.014983862269297784,26761.289827061188,
Truss2D,R-NSGA-II,2,44,0.018331121806683247,22311.238029164007,
Truss2D,R-NSGA-II,2,44,0.012289239227289488,32934.81351482684,
Truss2D,R-NSGA-II,2,44,0.014983862268941012,26761.289827898483,
Truss2D,R-NSGA-II,2,44,0.012198037817626715,33121.28274374065,
Truss2D,R-NSGA-II,2,44,0.014983862268785224,26761.28982881814,
Truss2D,R-NSGA-II,2,44,0.014983862268588232,26761.28982960571,
Truss2D,R-NSGA-II,2,44,0.012083078626653643,33139.34389021604,
Truss2D,R-NSGA-II,2,44,0.018514342059382807,21815.515562854485,
Truss2D,R-NSGA-II,2,44,0.014983862268556067,26761.289829710146,
Truss2D,R-NSGA-II,2,44,0.014983862267873554,26761.289830491565,
Truss2D,R-NSGA-II,2,44,0.011854518168471358,33936.9242134594,
Truss2D,R-NSGA-II,2,44,0.011664034602183126,34394.03128159004,
Truss2D,R-NSGA-II,2,44,0.01498386226613992,26761.28983718473,
Truss2D,R-NSGA-II,2,44,0.01498386226561326,26761.28983903667,
Truss2D,R-NSGA-II,2,44,0.019290480517480866,21129.680143267185,
Truss2D,R-NSGA-II,2,44,0.01498386226485024,26761.289842074773,
Truss2D,R-NSGA-II,2,44,0.019449339955043395,21046.766356365464,
Truss2D,R-NSGA-II,2,44,0.01498386226484881,26761.28984207967,
Truss2D,R-NSGA-II,2,44,0.0113855471850146,35995.277288227575,
Truss2D,R-NSGA-II,2,44,0.014983862264833973,26761.289842126498,
Truss2D,R-NSGA-II,2,44,0.011303264418959399,37043.396748815045,
Truss2D,R-NSGA-II,2,44,0.011180910158439396,37892.90197289557,
Truss2D,R-NSGA-II,2,44,0.014983862264721013,26761.289843080784,
Truss2D,R-NSGA-II,3,45,0.014979042481549918,26751.63971095531,
Truss2D,R-NSGA-II,3,45,0.01497904246976459,26751.639722905096,
Truss2D,R-NSGA-II,3,45,0.014979042463317042,26751.639725907557,
Truss2D,R-NSGA-II,3,45,0.014979042468514517,26751.639723949073,
Truss2D,R-NSGA-II,3,45,0.014979042459530027,26751.63973149128,
Truss2D,R-NSGA-II,3,45,0.014979042456613035,26751.639733745247,
Truss2D,R-NSGA-II,3,45,0.014979042456551553,26751.639733926346,
Truss2D,R-NSGA-II,3,45,0.014979042455634743,26751.639735267803,
Truss2D,R-NSGA-II,3,45,0.015069470754473097,26662.392185421202,
Truss2D,R-NSGA-II,3,45,0.01497904245580142,26751.639735258115,
Truss2D,R-NSGA-II,3,45,0.014890138106273643,27061.72898761192,
Truss2D,R-NSGA-II,3,45,0.014979042441238374,26751.63974411272,
Truss2D,R-NSGA-II,3,45,0.014979042449982124,26751.63974241213,
Truss2D,R-NSGA-II,3,45,0.01497904243493851,26751.639749631973,
Truss2D,R-NSGA-II,3,45,0.0149790424323292,26751.63975408176,
Truss2D,R-NSGA-II,3,45,0.014979042424689124,26751.639757836914,
Truss2D,R-NSGA-II,3,45,0.015209204753950593,26466.9212613468,
Truss2D,R-NSGA-II,3,45,0.01477543310936734,27408.52600177546,
Truss2D,R-NSGA-II,3,45,0.014979042426788968,26751.6397571085,
Truss2D,R-NSGA-II,3,45,0.014979042426747937,26751.639757260993,
Truss2D,R-NSGA-II,3,45,0.01497904242638832,26751.63975756002,
Truss2D,R-NSGA-II,3,45,0.015351698657416044,26332.98143215841,
Truss2D,R-NSGA-II,3,45,0.01497904243187767,26751.639755754437,
Truss2D,R-NSGA-II,3,45,0.014979042431801787,26751.63975603554,
Truss2D,R-NSGA-II,3,45,0.014979042421703476,26751.63976094135,
Truss2D,R-NSGA-II,3,45,0.014530722308436408,27583.417553068586,
Truss2D,R-NSGA-II,3,45,0.015481821451348667,25885.55958675281,
Truss2D,R-NSGA-II,3,45,0.014979042420902946,26751.639763655523,
Truss2D,R-NSGA-II,3,45,0.014979042414051204,26751.639766823453,
Truss2D,R-NSGA-II,3,45,0.014979042413061187,26751.639767400506,
Truss2D,R-NSGA-II,3,45,0.015608903154455862,25702.98998555481,
Truss2D,R-NSGA-II,3,45,0.014979042413997345,26751.63976727498,
Truss2D,R-NSGA-II,3,45,0.014367533037983129,27957.95696423116,
Truss2D,R-NSGA-II,3,45,0.014363056277566472,28218.259449998666,
Truss2D,R-NSGA-II,3,45,0.014979042413966394,26751.639767288772,
Truss2D,R-NSGA-II,3,45,0.01575502335040689,25616.09332845619,
Truss2D,R-NSGA-II,3,45,0.014979042420463646,26751.639765283926,
Truss2D,R-NSGA-II,3,45,0.014979042420252112,26751.639765593634,
Truss2D,R-NSGA-II,3,45,0.01497904241982281,26751.639765818953,
Truss2D,R-NSGA-II,3,45,0.01420684650086701,28471.088284667145,
Truss2D,R-NSGA-II,3,45,0.01497904240763031,26751.639771098693,
Truss2D,R-NSGA-II,3,45,0.014979042410148035,26751.63977051512,
Truss2D,R-NSGA-II,3,45,0.01590543930769077,25478.76594351767,
Truss2D,R-NSGA-II,3,45,0.015924317455072945,25157.971832473875,
Truss2D,R-NSGA-II,3,45,0.014979042407202787,26751.639771946986,
Truss2D,R-NSGA-II,3,45,0.013971482296695956,28774.973764538656,
Truss2D,R-NSGA-II,3,45,0.014979042407171841,26751.639771960785,
Truss2D,R-NSGA-II,3,45,0.014979042407141452,26751.63977207336,
Truss2D,R-NSGA-II,3,45,0.016117541182091574,25029.221160868845,
Truss2D,R-NSGA-II,3,45,0.013829023737470574,29153.37081579265,
Truss2D,R-NSGA-II,3,45,0.014979042412212554,26751.639770291164,
Truss2D,R-NSGA-II,3,45,0.016241213444903424,24675.975746038475,
Truss2D,R-NSGA-II,3,45,0.014979042406474269,26751.639774651376,
Truss2D,R-NSGA-II,3,45,0.014979042401703991,26751.63977713371,
Truss2D,R-NSGA-II,3,45,0.016325846966601644,24561.38632000292,
Truss2D,R-NSGA-II,3,45,0.014979042401246652,26751.6397779916,
Truss2D,R-NSGA-II,3,45,0.01360745257223471,29465.808410822243,
Truss2D,R-NSGA-II,3,45,0.014979042401215129,26751.639778108372,
Truss2D,R-NSGA-II,3,45,0.016530726237488344,24369.317142754546,
Truss2D,R-NSGA-II,3,45,0.014979042406240541,26751.63977612481,
Truss2D,R-NSGA-II,3,45,0.013444390459637086,29834.804452130415,
Truss2D,R-NSGA-II,3,45,0.014979042405961311,26751.639776309577,
Truss2D,R-NSGA-II,3,45,0.014979042400940421,26751.639780421527,
Truss2D,R-NSGA-II,3,45,0.013297817411225293,30088.34700173662,
Truss2D,R-NSGA-II,3,45,0.014979042399306159,26751.63978173032,
Truss2D,R-NSGA-II,3,45,0.014979042399948187,26751.639781569127,
Truss2D,R-NSGA-II,3,45,0.014979042400501455,26751.639781427646,
Truss2D,R-NSGA-II,3,45,0.01679019409819737,23872.07616041809,
Truss2D,R-NSGA-II,3,45,0.017029290194722768,23509.445590553427,
Truss2D,R-NSGA-II,3,45,0.014979042399180109,26751.639782210386,
Truss2D,R-NSGA-II,3,45,0.014979042399170753,26751.639782247927,
Truss2D,R-NSGA-II,3,45,0.013071201690458802,30796.57342496076,
Truss2D,R-NSGA-II,3,45,0.01497904223681556,26751.63991475616,
Truss2D,R-NSGA-II,3,45,0.01734827615380999,23320.33370467247,
Truss2D,R-NSGA-II,3,45,0.014979042223678412,26751.639924856783,
Truss2D,R-NSGA-II,3,45,0.0149790422233009,26751.639926321048,
Truss2D,R-NSGA-II,3,45,0.012858797767945077,31609.183423772523,
Truss2D,R-NSGA-II,3,45,0.017543696867520768,23216.7433644732,
Truss2D,R-NSGA-II,3,45,0.01497904222293503,26751.639926626514,
Truss2D,R-NSGA-II,3,45,0.012656095090400537,31823.239473761492,
Truss2D,R-NSGA-II,3,45,0.014979042222236363,26751.63992983925,
Truss2D,R-NSGA-II,3,45,0.012422474828782046,32448.911324502533,
Truss2D,R-NSGA-II,3,45,0.014979042222190639,26751.639929928962,
Truss2D,R-NSGA-II,3,45,0.014979042222144575,26751.639930672867,
Truss2D,R-NSGA-II,3,45,0.01801517940102702,22396.775762102312,
Truss2D,R-NSGA-II,3,45,0.014979042219273537,26751.639932423674,
Truss2D,R-NSGA-II,3,45,0.012343044096903412,33063.09302072482,
Truss2D,R-NSGA-II,3,45,0.0122018310082034,33414.05971784105,
Truss2D,R-NSGA-II,3,45,0.014979042211350532,26751.63993629832,
Truss2D,R-NSGA-II,3,45,0.014979042218907578,26751.639933779355,
Truss2D,R-NSGA-II,3,45,0.018335820532826626,21989.086959457392,
Truss2D,R-NSGA-II,3,45,0.01497904221020193,26751.639937957905,
Truss2D,R-NSGA-II,3,45,0.012005931567913585,33418.263479373636,
Truss2D,R-NSGA-II,3,45,0.014979042210189843,26751.639938002685,
Truss2D,R-NSGA-II,3,45,0.011893079445993857,34271.27390696933,
Truss2D,R-NSGA-II,3,45,0.014979042203632675,26751.63994268781,
Truss2D,R-NSGA-II,3,45,0.011760562702076309,34401.30256101073,
Truss2D,R-NSGA-II,3,45,0.014979042203601736,26751.639942802423,
Truss2D,R-NSGA-II,3,45,0.011658664045674238,34985.15456955651,
Truss2D,R-NSGA-II,3,45,0.014979042209771795,26751.639940602803,
Truss2D,R-NSGA-II,4,46,0.014979191809852188,26734.749807539643,
Truss2D,R-NSGA-II,4,46,0.014979191944977092,26734.749266117266,
Truss2D,R-NSGA-II,4,46,0.014979191963962513,26734.749191842042,
Truss2D,R-NSGA-II,4,46,0.014979191989227297,26734.749138303807,
Truss2D,R-NSGA-II,4,46,0.014979192076414913,26734.748493253697,
Truss2D,R-NSGA-II,4,46,0.014979192082273819,26734.74848589208,
Truss2D,R-NSGA-II,4,46,0.014979192039929444,26734.748978277785,
Truss2D,R-NSGA-II,4,46,0.014979192053013127,26734.748956490712,
Truss2D,R-NSGA-II,4,46,0.014979192062212137,26734.748929402136,
Truss2D,R-NSGA-II,4,46,0.014979192131976895,26734.748343592797,
Truss2D,R-NSGA-II,4,46,0.014979192132152536,26734.748343007286,
Truss2D,R-NSGA-II,4,46,0.01497919206549219,26734.748925177268,
Truss2D,R-NSGA-II,4,46,0.01497919223311081,26734.7482525887,
Truss2D,R-NSGA-II,4,46,0.014864056855750802,27047.992297600027,
Truss2D,R-NSGA-II,4,46,0.014979192245473758,26734.748207144625,
Truss2D,R-NSGA-II,4,46,0.015124882955356146,26645.536702405716,
Truss2D,R-NSGA-II,4,46,0.01497919235104566,26734.74777347867,
Truss2D,R-NSGA-II,4,46,0.014979192396469545,26734.74764116373,
Truss2D,R-NSGA-II,4,46,0.015241922134445206,26577.44177376052,
Truss2D,R-NSGA-II,4,46,0.014979192401535592,26734.74762043591,
Truss2D,R-NSGA-II,4,46,0.014979192403156823,26734.747615116743,
Truss2D,R-NSGA-II,4,46,0.01497919240371149,26734.747613077878,
Truss2D,R-NSGA-II,4,46,0.014680086742674254,27338.059156691517,
Truss2D,R-NSGA-II,4,46,0.014979192405225704,26734.747605355762,
Truss2D,R-NSGA-II,4,46,0.014979192405508504,26734.747604584474,
Truss2D,R-NSGA-II,4,46,0.015362505408320636,26393.966294799415,
Truss2D,R-NSGA-II,4,46,0.014513146997751272,27600.44122356701,
Truss2D,R-NSGA-II,4,46,0.014979192406164901,26734.747602831656,
Truss2D,R-NSGA-II,4,46,0.014979192406766602,26734.747601224888,
Truss2D,R-NSGA-II,4,46,0.015507915059841733,26384.292622176465,
Truss2D,R-NSGA-II,4,46,0.014979192407751163,26734.74759994855,
Truss2D,R-NSGA-II,4,46,0.014979192417678982,26734.74756342013,
Truss2D,R-NSGA-II,4,46,0.014979192420321787,26734.74754873522,
Truss2D,R-NSGA-II,4,46,0.015694626093573787,25630.445565639213,
Truss2D,R-NSGA-II,4,46,0.014979192421750342,26734.74754348409,
Truss2D,R-NSGA-II,4,46,0.014979192427632465,26734.74752769798,
Truss2D,R-NSGA-II,4,46,0.014216675360626567,28180.19862372447,
Truss2D,R-NSGA-II,4,46,0.014979192434060474,26734.74752303383,
Truss2D,R-NSGA-II,4,46,0.01406911347099628,28542.95211797894,
Truss2D,R-NSGA-II,4,46,0.014979192439510312,26734.747515746272,
Truss2D,R-NSGA-II,4,46,0.013942651336701872,28842.348365601127,
Truss2D,R-NSGA-II,4,46,0.014979192441587364,26734.747508111384,
Truss2D,R-NSGA-II,4,46,0.014979192451170447,26734.747466357996,
Truss2D,R-NSGA-II,4,46,0.014979192451453249,26734.747465586704,
Truss2D,R-NSGA-II,4,46,0.016194624017962372,24790.537723069483,
Truss2D,R-NSGA-II,4,46,0.014979192459096843,26734.74746283677,
Truss2D,R-NSGA-II,4,46,0.013619727134839318,29748.11248291566,
Truss2D,R-NSGA-II,4,46,0.014979192463449606,26734.747455189507,
Truss2D,R-NSGA-II,4,46,0.01640824876463016,24502.835946476785,
Truss2D,R-NSGA-II,4,46,0.014979192465070835,26734.74744987032,
Truss2D,R-NSGA-II,4,46,0.0165515683167591,24250.715270283792,
Truss2D,R-NSGA-II,4,46,0.014979192466003361,26734.747443130196,
Truss2D,R-NSGA-II,4,46,0.013436575345335124,29986.212256150484,
Truss2D,R-NSGA-II,4,46,0.014979192477141225,26734.74737186778,
Truss2D,R-NSGA-II,4,46,0.016745291925007934,24084.736381162693,
Truss2D,R-NSGA-II,4,46,0.014979192477015995,26734.747412486187,
Truss2D,R-NSGA-II,4,46,0.014979192484083904,26734.747353328283,
Truss2D,R-NSGA-II,4,46,0.01311542356056402,30626.428067176697,
Truss2D,R-NSGA-II,4,46,0.01701909997024633,23828.83751044645,
Truss2D,R-NSGA-II,4,46,0.01497919249437132,26734.74734869099,
Truss2D,R-NSGA-II,4,46,0.01295092659630949,30930.497052394257,
Truss2D,R-NSGA-II,4,46,0.014979192531452322,26734.74728401,
Truss2D,R-NSGA-II,4,46,0.01497919271879357,26734.746966942414,
Truss2D,R-NSGA-II,4,46,0.012772202668234197,31462.127200673567,
Truss2D,R-NSGA-II,4,46,0.01497919274025496,26734.746892775973,
Truss2D,R-NSGA-II,4,46,0.01735101915755291,23326.12014276324,
Truss2D,R-NSGA-II,4,46,0.014979192744365277,26734.746877667152,
Truss2D,R-NSGA-II,4,46,0.014979192751892169,26734.746862744716,
Truss2D,R-NSGA-II,4,46,0.012619877740298348,32184.56363061916,
Truss2D,R-NSGA-II,4,46,0.017531307098492814,22866.313761938734,
Truss2D,R-NSGA-II,4,46,0.014979192755613348,26734.746837361003,
Truss2D,R-NSGA-II,4,46,0.01497919276903346,26734.746776047923,
Truss2D,R-NSGA-II,4,46,0.01244082869612562,32343.09927597115,
Truss2D,R-NSGA-II,4,46,0.014979192944938859,26734.746686550272,
Truss2D,R-NSGA-II,4,46,0.017775925444123344,22533.342456315095,
Truss2D,R-NSGA-II,4,46,0.012215376888130975,32813.200982816474,
Truss2D,R-NSGA-II,4,46,0.014979192945507563,26734.746683447633,
Truss2D,R-NSGA-II,4,46,0.014979192957713432,26734.746578633174,
Truss2D,R-NSGA-II,4,46,0.01804883371023631,22309.60684457555,
Truss2D,R-NSGA-II,4,46,0.01194257549103432,33609.573885760954,
Truss2D,R-NSGA-II,4,46,0.014979192960687473,26734.746568591185,
Truss2D,R-NSGA-II,4,46,0.018256739723849783,22254.924472044328,
Truss2D,R-NSGA-II,4,46,0.014979192964090947,26734.746556213526,
Truss2D,R-NSGA-II,4,46,0.014979192977606958,26734.746536088907,
Truss2D,R-NSGA-II,4,46,0.011690732787326227,35000.91153780589,
Truss2D,R-NSGA-II,4,46,0.014979192989463637,26734.746518426604,
Truss2D,R-NSGA-II,4,46,0.011622285311933725,36189.02454972996,
Truss2D,R-NSGA-II,4,46,0.014979192989062839,26734.746522737107,
Truss2D,R-NSGA-II,4,46,0.018666403932039,21936.677617251098,
Truss2D,R-NSGA-II,4,46,0.014979192991173751,26734.746513761846,
Truss2D,R-NSGA-II,4,46,0.01892704759762723,21177.829831902374,
Truss2D,R-NSGA-II,4,46,0.0149791929912041,26734.746513656555,
Truss2D,R-NSGA-II,4,46,0.010969269846695023,36529.449567564116,
Truss2D,R-NSGA-II,4,46,0.014979192991684738,26734.74651364093,
Truss2D,R-NSGA-II,4,46,0.010919564747738324,41989.2430631224,
Truss2D,R-NSGA-II,4,46,0.014979192991760395,26734.746513378446,
Truss2D,R-NSGA-II,4,46,0.020181363070136377,20232.076776361,
Truss2D,R-NSGA-II,4,46,0.009171085124782279,59088.17630707938,
Truss2D,R-NSGA-II,4,46,0.014979192992597371,26734.746513199156,
Truss2D,R-NSGA-II,4,46,0.01497919300061386,26734.746508296877,
Truss2D,R-NSGA-II,5,47,0.01497577420899971,26716.83418805421,
Truss2D,R-NSGA-II,5,47,0.014975802836216596,26716.748707880695,
Truss2D,R-NSGA-II,5,47,0.01497580371719898,26716.74649494206,
Truss2D,R-NSGA-II,5,47,0.01497580372091924,26716.746483986335,
Truss2D,R-NSGA-II,5,47,0.014975803720925211,26716.746483968753,
Truss2D,R-NSGA-II,5,47,0.01497580375875798,26716.746346844997,
Truss2D,R-NSGA-II,5,47,0.01497580377020138,26716.74630331386,
Truss2D,R-NSGA-II,5,47,0.014975803795130613,26716.746239731896,
Truss2D,R-NSGA-II,5,47,0.014975803816704936,26716.745826312712,
Truss2D,R-NSGA-II,5,47,0.01497580435626385,26716.744357162184,
Truss2D,R-NSGA-II,5,47,0.014975804163583298,26716.74460492878,
Truss2D,R-NSGA-II,5,47,0.014975804278704336,26716.74444228769,
Truss2D,R-NSGA-II,5,47,0.014887508700497595,26943.527583095663,
Truss2D,R-NSGA-II,5,47,0.014975804365566201,26716.744171766844,
Truss2D,R-NSGA-II,5,47,0.015095102885693148,26627.987843617175,
Truss2D,R-NSGA-II,5,47,0.014975804453167062,26716.743850420633,
Truss2D,R-NSGA-II,5,47,0.014975804542375529,26716.743591578415,
Truss2D,R-NSGA-II,5,47,0.014975804546290605,26716.74356258445,
Truss2D,R-NSGA-II,5,47,0.01497580461226726,26716.74336076553,
Truss2D,R-NSGA-II,5,47,0.014975804653808782,26716.74325955462,
Truss2D,R-NSGA-II,5,47,0.014810593479429413,27217.515072365288,
Truss2D,R-NSGA-II,5,47,0.014975804848040892,26716.74285653359,
Truss2D,R-NSGA-II,5,47,0.014975805242036986,26716.741076721504,
Truss2D,R-NSGA-II,5,47,0.014975805244845417,26716.741068451014,
Truss2D,R-NSGA-II,5,47,0.01497580540757508,26716.739562190174,
Truss2D,R-NSGA-II,5,47,0.015297703398038591,26488.23902862924,
Truss2D,R-NSGA-II,5,47,0.014975807595072568,26716.734206952762,
Truss2D,R-NSGA-II,5,47,0.014975815924604938,26716.7025591974,
Truss2D,R-NSGA-II,5,47,0.014975816801639539,26716.7002559813,
Truss2D,R-NSGA-II,5,47,0.014587919040785378,27467.952448385608,
Truss2D,R-NSGA-II,5,47,0.01497581687912582,26716.70014590342,
Truss2D,R-NSGA-II,5,47,0.015460454595523828,26383.98361165556,
Truss2D,R-NSGA-II,5,47,0.014975816904055063,26716.700082321517,
Truss2D,R-NSGA-II,5,47,0.014429498967910875,27842.06733167244,
Truss2D,R-NSGA-II,5,47,0.014975816836059254,26716.700165282273,
Truss2D,R-NSGA-II,5,47,0.01565659686750606,25664.497271235992,
Truss2D,R-NSGA-II,5,47,0.014285737894420805,28013.22383424918,
Truss2D,R-NSGA-II,5,47,0.014975816906375696,26716.6999064236,
Truss2D,R-NSGA-II,5,47,0.01580797547054036,25553.48944195869,
Truss2D,R-NSGA-II,5,47,0.014975816411467812,26716.700342190306,
Truss2D,R-NSGA-II,5,47,0.01497581701448204,26716.69952306834,
Truss2D,R-NSGA-II,5,47,0.014152878452081321,28343.88958290458,
Truss2D,R-NSGA-II,5,47,0.014975817463659346,26716.698112708877,
Truss2D,R-NSGA-II,5,47,0.015969134533510395,25374.61014533364,
Truss2D,R-NSGA-II,5,47,0.014029622049069804,28828.643058095146,
Truss2D,R-NSGA-II,5,47,0.014975817504513277,26716.69796590714,
Truss2D,R-NSGA-II,5,47,0.01615986302894375,24781.034152205833,
Truss2D,R-NSGA-II,5,47,0.014975817527650738,26716.69791584999,
Truss2D,R-NSGA-II,5,47,0.01385992961468716,28963.97083026253,
Truss2D,R-NSGA-II,5,47,0.014975817534952862,26716.6978443872,
Truss2D,R-NSGA-II,5,47,0.016314789871694726,24692.568343088664,
Truss2D,R-NSGA-II,5,47,0.014975817605222434,26716.697593807927,
Truss2D,R-NSGA-II,5,47,0.013688074648909209,29343.587026463145,
Truss2D,R-NSGA-II,5,47,0.014975817641542703,26716.697486306664,
Truss2D,R-NSGA-II,5,47,0.016433610320694465,24563.76580340127,
Truss2D,R-NSGA-II,5,47,0.01497581769715658,26716.697327123562,
Truss2D,R-NSGA-II,5,47,0.014975817705534097,26716.697289447777,
Truss2D,R-NSGA-II,5,47,0.01497581837292105,26716.69487369735,
Truss2D,R-NSGA-II,5,47,0.013545058554650678,29563.27732746367,
Truss2D,R-NSGA-II,5,47,0.016643936764048003,24060.118197874366,
Truss2D,R-NSGA-II,5,47,0.014975818380633731,26716.694846540533,
Truss2D,R-NSGA-II,5,47,0.013406767457244482,29957.566975727055,
Truss2D,R-NSGA-II,5,47,0.014975818427555576,26716.694710320287,
Truss2D,R-NSGA-II,5,47,0.014975818410074851,26716.694729074585,
Truss2D,R-NSGA-II,5,47,0.016827014996118776,23923.957696164107,
Truss2D,R-NSGA-II,5,47,0.013234490328994304,30249.41768341321,
Truss2D,R-NSGA-II,5,47,0.014975818433212312,26716.69467901744,
Truss2D,R-NSGA-II,5,47,0.017023413657844794,23618.974651452416,
Truss2D,R-NSGA-II,5,47,0.014975818383745374,26716.69472981709,
Truss2D,R-NSGA-II,5,47,0.017129272388347397,23501.85663618244,
Truss2D,R-NSGA-II,5,47,0.014975818465271106,26716.694398233296,
Truss2D,R-NSGA-II,5,47,0.014975818573316558,26716.694191892766,
Truss2D,R-NSGA-II,5,47,0.013024902165737703,30938.447029945564,
Truss2D,R-NSGA-II,5,47,0.014975818577882771,26716.694175513225,
Truss2D,R-NSGA-II,5,47,0.012874927451360851,31112.73629113171,
Truss2D,R-NSGA-II,5,47,0.012763325179131292,31519.002813141327,
Truss2D,R-NSGA-II,5,47,0.014975818583902269,26716.69415623023,
Truss2D,R-NSGA-II,5,47,0.01763211693205779,22900.58959424325,
Truss2D,R-NSGA-II,5,47,0.014975818528357757,26716.694192227995,
Truss2D,R-NSGA-II,5,47,0.014975818753040843,26716.693545883758,
Truss2D,R-NSGA-II,5,47,0.01781602653035959,22624.14106888161,
Truss2D,R-NSGA-II,5,47,0.014975818928891754,26716.69291609117,
Truss2D,R-NSGA-II,5,47,0.012356517784689845,33194.47966836255,
Truss2D,R-NSGA-II,5,47,0.01840187539627562,22103.471105284618,
Truss2D,R-NSGA-II,5,47,0.01497581908499665,26716.692386862193,
Truss2D,R-NSGA-II,5,47,0.014975819113146,26716.69228774665,
Truss2D,R-NSGA-II,5,47,0.01229237785327919,34765.826325984366,
Truss2D,R-NSGA-II,5,47,0.014975819457385568,26716.691286818263,
Truss2D,R-NSGA-II,5,47,0.01180172686174568,35592.84780865044,
Truss2D,R-NSGA-II,5,47,0.01497581967311325,26716.690650813223,
Truss2D,R-NSGA-II,5,47,0.019947950431420974,20600.66222534483,
Truss2D,R-NSGA-II,5,47,0.014975820953700321,26716.687250692536,
Truss2D,R-NSGA-II,5,47,0.011420661761566451,40585.66070947843,
Truss2D,R-NSGA-II,5,47,0.01497582088278197,26716.687291966802,
Truss2D,R-NSGA-II,5,47,0.011160013797242399,40974.88910669323,
Truss2D,R-NSGA-II,5,47,0.01497582140947699,26716.685710039186,
Truss2D,R-NSGA-II,5,47,0.010884300727686615,45238.06904354925,
Truss2D,R-NSGA-II,5,47,0.014975821641527082,26716.683352105276,
Truss2D,R-NSGA-II,5,47,0.008754899017945208,50693.562848837326,
Truss2D,R-NSGA-II,5,47,0.014975821734645477,26716.68307425019,
Truss2D,R-NSGA-II,6,48,0.014982357826806802,26768.75347031144,
Truss2D,R-NSGA-II,6,48,0.01498235782673952,26768.753470481686,
Truss2D,R-NSGA-II,6,48,0.014982357827093461,26768.75347014558,
Truss2D,R-NSGA-II,6,48,0.01498235783111631,26768.753461497377,
Truss2D,R-NSGA-II,6,48,0.015108778291522707,26662.51213992224,
Truss2D,R-NSGA-II,6,48,0.01498235782592327,26768.753473502387,
Truss2D,R-NSGA-II,6,48,0.014982357825514487,26768.753474442594,
Truss2D,R-NSGA-II,6,48,0.014842588158716367,27223.128012070294,
Truss2D,R-NSGA-II,6,48,0.014982357825178393,26768.753475288584,
Truss2D,R-NSGA-II,6,48,0.014982357825175941,26768.75347529635,
Truss2D,R-NSGA-II,6,48,0.014982357825262266,26768.753475121917,
Truss2D,R-NSGA-II,6,48,0.014982357826613783,26768.753472280136,
Truss2D,R-NSGA-II,6,48,0.015233839562846189,26394.501358185375,
Truss2D,R-NSGA-II,6,48,0.014982357827681467,26768.753470121912,
Truss2D,R-NSGA-II,6,48,0.014643056809396884,27437.87306435921,
Truss2D,R-NSGA-II,6,48,0.014982357828347089,26768.75346889504,
Truss2D,R-NSGA-II,6,48,0.015479828320274034,26348.13264349572,
Truss2D,R-NSGA-II,6,48,0.014982357828388373,26768.753468809722,
Truss2D,R-NSGA-II,6,48,0.014982357828413626,26768.753468767154,
Truss2D,R-NSGA-II,6,48,0.01498235782485683,26768.75347723206,
Truss2D,R-NSGA-II,6,48,0.014440294565854009,28072.745664692884,
Truss2D,R-NSGA-II,6,48,0.014982357820085878,26768.753488382532,
Truss2D,R-NSGA-II,6,48,0.015571209118794112,25943.321188161517,
Truss2D,R-NSGA-II,6,48,0.014982357830715685,26768.753464464524,
Truss2D,R-NSGA-II,6,48,0.014982357822981988,26768.753482080887,
Truss2D,R-NSGA-II,6,48,0.014982357830805978,26768.753464368798,
Truss2D,R-NSGA-II,6,48,0.014211913919688587,28223.517955969794,
Truss2D,R-NSGA-II,6,48,0.01583445161920667,25463.164150324134,
Truss2D,R-NSGA-II,6,48,0.01498235783079322,26768.753464416466,
Truss2D,R-NSGA-II,6,48,0.01498235782293508,26768.7534823835,
Truss2D,R-NSGA-II,6,48,0.016016061756693976,25085.710745125307,
Truss2D,R-NSGA-II,6,48,0.014982357840394719,26768.75344283608,
Truss2D,R-NSGA-II,6,48,0.014982357840366327,26768.753442933303,
Truss2D,R-NSGA-II,6,48,0.01392227633379011,28922.996086856303,
Truss2D,R-NSGA-II,6,48,0.014982357840364965,26768.753442937963,
Truss2D,R-NSGA-II,6,48,0.016246583137904717,24993.43489828092,
Truss2D,R-NSGA-II,6,48,0.014982357819643424,26768.7534899481,
Truss2D,R-NSGA-II,6,48,0.014982357819633287,26768.75348998281,
Truss2D,R-NSGA-II,6,48,0.01498235782369256,26768.753481253214,
Truss2D,R-NSGA-II,6,48,0.0137168273502234,29477.052333683947,
Truss2D,R-NSGA-II,6,48,0.013540544641307321,29555.667384357137,
Truss2D,R-NSGA-II,6,48,0.014982357822908573,26768.753483208726,
Truss2D,R-NSGA-II,6,48,0.014982357822899691,26768.753483239136,
Truss2D,R-NSGA-II,6,48,0.01648953045882834,24334.34622072485,
Truss2D,R-NSGA-II,6,48,0.014982357833295195,26768.753460037384,
Truss2D,R-NSGA-II,6,48,0.016640647504574776,24257.444918503665,
Truss2D,R-NSGA-II,6,48,0.014982357830166413,26768.75346727301,
Truss2D,R-NSGA-II,6,48,0.014982357830505805,26768.75346697969,
Truss2D,R-NSGA-II,6,48,0.013326909791731577,30186.216009347878,
Truss2D,R-NSGA-II,6,48,0.01498235782177065,26768.753486958067,
Truss2D,R-NSGA-II,6,48,0.014982357834300781,26768.753459168292,
Truss2D,R-NSGA-II,6,48,0.01694546243349651,23702.85743386226,
Truss2D,R-NSGA-II,6,48,0.014982357834304717,26768.753459164887,
Truss2D,R-NSGA-II,6,48,0.014982357837173558,26768.753453245932,
Truss2D,R-NSGA-II,6,48,0.013062178632882539,31046.01848379278,
Truss2D,R-NSGA-II,6,48,0.01718435006708447,23383.660235550433,
Truss2D,R-NSGA-II,6,48,0.01498235781961894,26768.75349382765,
Truss2D,R-NSGA-II,6,48,0.012845153701367774,31214.134056627237,
Truss2D,R-NSGA-II,6,48,0.01498235783531799,26768.75345871442,
Truss2D,R-NSGA-II,6,48,0.017320509261666804,23289.67651593414,
Truss2D,R-NSGA-II,6,48,0.014982357842861707,26768.753442480218,
Truss2D,R-NSGA-II,6,48,0.014982357836710288,26768.75345666268,
Truss2D,R-NSGA-II,6,48,0.012590925182838806,31781.596916741422,
Truss2D,R-NSGA-II,6,48,0.017678752602981754,23127.8602786551,
Truss2D,R-NSGA-II,6,48,0.014982357846138245,26768.753442239435,
Truss2D,R-NSGA-II,6,48,0.014982357846171355,26768.753442210815,
Truss2D,R-NSGA-II,6,48,0.012265732235381997,32801.75936874558,
Truss2D,R-NSGA-II,6,48,0.014982357892954542,26768.75335386732,
Truss2D,R-NSGA-II,6,48,0.018082057237391005,22511.273297280914,
Truss2D,R-NSGA-II,6,48,0.01498235789464037,26768.753351111704,
Truss2D,R-NSGA-II,6,48,0.014982357891104227,26768.75335916337,
Truss2D,R-NSGA-II,6,48,0.014982357890855332,26768.753359995575,
Truss2D,R-NSGA-II,6,48,0.014982357890780246,26768.75336037382,
Truss2D,R-NSGA-II,6,48,0.011911262223073801,33781.20521320581,
Truss2D,R-NSGA-II,6,48,0.018319785093650415,22025.542896427225,
Truss2D,R-NSGA-II,6,48,0.014982357897834439,26768.75334442844,
Truss2D,R-NSGA-II,6,48,0.014982357872091973,26768.753402992497,
Truss2D,R-NSGA-II,6,48,0.01177585920331601,34252.503652207975,
Truss2D,R-NSGA-II,6,48,0.014982357897831422,26768.753344755758,
Truss2D,R-NSGA-II,6,48,0.018521426510388274,21893.82393311075,
Truss2D,R-NSGA-II,6,48,0.011596586932432151,34862.06565593895,
Truss2D,R-NSGA-II,6,48,0.014982357898466556,26768.75334425598,
Truss2D,R-NSGA-II,6,48,0.014982357898971132,26768.75334344841,
Truss2D,R-NSGA-II,6,48,0.018750992115890514,21571.047874355143,
Truss2D,R-NSGA-II,6,48,0.011433470647246747,35252.17966075575,
Truss2D,R-NSGA-II,6,48,0.014982357901707887,26768.75333864448,
Truss2D,R-NSGA-II,6,48,0.018973227084092582,21224.17316647473,
Truss2D,R-NSGA-II,6,48,0.014982357882235724,26768.753383042025,
Truss2D,R-NSGA-II,6,48,0.011309536250955134,35947.080914024846,
Truss2D,R-NSGA-II,6,48,0.014982357888337785,26768.75336932914,
Truss2D,R-NSGA-II,6,48,0.01498235788193017,26768.75338408829,
Truss2D,R-NSGA-II,6,48,0.01910150530368611,21054.043093271976,
Truss2D,R-NSGA-II,6,48,0.011142344312181154,37152.88050692572,
Truss2D,R-NSGA-II,6,48,0.014982357888624164,26768.75336900425,
Truss2D,R-NSGA-II,6,48,0.019658483043785598,20827.390417785242,
Truss2D,R-NSGA-II,6,48,0.014982357902247567,26768.753338498867,
Truss2D,R-NSGA-II,6,48,0.014982357890745934,26768.753365508892,
Truss2D,R-NSGA-II,6,48,0.019881189050601385,20336.843713825223,
Truss2D,R-NSGA-II,6,48,0.020134743879412834,20048.266031382245,
Truss2D,R-NSGA-II,6,48,0.01498235788955377,26768.753368365342,
Truss2D,R-NSGA-II,7,49,0.014976146857681508,26726.687296719414,
Truss2D,R-NSGA-II,7,49,0.014976228978851905,26725.871471350973,
Truss2D,R-NSGA-II,7,49,0.014976824894426572,26721.29019667057,
Truss2D,R-NSGA-II,7,49,0.0149775819990274,26719.906889727892,
Truss2D,R-NSGA-II,7,49,0.014977583868952291,26719.900093466596,
Truss2D,R-NSGA-II,7,49,0.014977101863872834,26720.271368968122,
Truss2D,R-NSGA-II,7,49,0.014977098626694052,26720.273870362897,
Truss2D,R-NSGA-II,7,49,0.014977592886188797,26719.867475170457,
Truss2D,R-NSGA-II,7,49,0.014977123447919568,26720.231992400193,
Truss2D,R-NSGA-II,7,49,0.01512265708673589,26598.81592289454,
Truss2D,R-NSGA-II,7,49,0.014977123770996043,26720.23124040127,
Truss2D,R-NSGA-II,7,49,0.014977123609693454,26720.231400193195,
Truss2D,R-NSGA-II,7,49,0.014859753566631901,27076.449934209326,
Truss2D,R-NSGA-II,7,49,0.014977123572699516,26720.231435839913,
Truss2D,R-NSGA-II,7,49,0.014977123614443586,26720.23138292772,
Truss2D,R-NSGA-II,7,49,0.014977123842989926,26720.230562940964,
Truss2D,R-NSGA-II,7,49,0.014977119690763792,26720.234857204057,
Truss2D,R-NSGA-II,7,49,0.014732035985752644,27482.189193567756,
Truss2D,R-NSGA-II,7,49,0.014977118336591294,26720.23512539736,
Truss2D,R-NSGA-II,7,49,0.014977117028437455,26720.236374804517,
Truss2D,R-NSGA-II,7,49,0.01547912557830837,26232.8680957844,
Truss2D,R-NSGA-II,7,49,0.014977117028610022,26720.23637417727,
Truss2D,R-NSGA-II,7,49,0.014450804158056215,27749.488408588004,
Truss2D,R-NSGA-II,7,49,0.01497711761163999,26720.23561986283,
Truss2D,R-NSGA-II,7,49,0.01497711977789541,26720.23255578167,
Truss2D,R-NSGA-II,7,49,0.014977114086963964,26720.238688670273,
Truss2D,R-NSGA-II,7,49,0.014977113393368765,26720.239131632985,
Truss2D,R-NSGA-II,7,49,0.01564716640635585,25719.155731482017,
Truss2D,R-NSGA-II,7,49,0.014977113214805465,26720.239267576595,
Truss2D,R-NSGA-II,7,49,0.014266633165521226,28055.6642131501,
Truss2D,R-NSGA-II,7,49,0.014977113159695559,26720.239310160294,
Truss2D,R-NSGA-II,7,49,0.015810003170884473,25510.219549528538,
Truss2D,R-NSGA-II,7,49,0.014977113158376548,26720.239311179503,
Truss2D,R-NSGA-II,7,49,0.01497711315602723,26720.23931299483,
Truss2D,R-NSGA-II,7,49,0.014095679459304539,28662.507327875097,
Truss2D,R-NSGA-II,7,49,0.016104386935840403,25192.793756204548,
Truss2D,R-NSGA-II,7,49,0.01497711306270855,26720.23938510265,
Truss2D,R-NSGA-II,7,49,0.014977115261481771,26720.236486337497,
Truss2D,R-NSGA-II,7,49,0.013900265817039462,28916.402846129185,
Truss2D,R-NSGA-II,7,49,0.01631185179028216,25095.72862305785,
Truss2D,R-NSGA-II,7,49,0.014977114102139994,26720.23689705964,
Truss2D,R-NSGA-II,7,49,0.014977106920983838,26720.24509753906,
Truss2D,R-NSGA-II,7,49,0.01376246946037235,29270.998419362786,
Truss2D,R-NSGA-II,7,49,0.014977106935526101,26720.245044681647,
Truss2D,R-NSGA-II,7,49,0.014977107172553551,26720.24476504421,
Truss2D,R-NSGA-II,7,49,0.01362615402888728,29588.634121809286,
Truss2D,R-NSGA-II,7,49,0.014977107175065845,26720.24474679827,
Truss2D,R-NSGA-II,7,49,0.0164863883952346,24270.983039709405,
Truss2D,R-NSGA-II,7,49,0.014977106993990302,26720.24490098815,
Truss2D,R-NSGA-II,7,49,0.016653162059642138,24108.87174026222,
Truss2D,R-NSGA-II,7,49,0.014977108042131069,26720.24319613244,
Truss2D,R-NSGA-II,7,49,0.01324797947350475,30245.663364524014,
Truss2D,R-NSGA-II,7,49,0.014977107802783138,26720.24338570043,
Truss2D,R-NSGA-II,7,49,0.016887689950161322,23893.901177972686,
Truss2D,R-NSGA-II,7,49,0.014977109301977903,26720.241389195486,
Truss2D,R-NSGA-II,7,49,0.014977108842371863,26720.24179147685,
Truss2D,R-NSGA-II,7,49,0.012981675081028219,30819.522344582874,
Truss2D,R-NSGA-II,7,49,0.01497710741680305,26720.243410040344,
Truss2D,R-NSGA-II,7,49,0.017249261760271768,23192.585170732895,
Truss2D,R-NSGA-II,7,49,0.014977108563231,26720.24201317603,
Truss2D,R-NSGA-II,7,49,0.012853692185371196,31320.532917238594,
Truss2D,R-NSGA-II,7,49,0.014977102612881439,26720.24821639506,
Truss2D,R-NSGA-II,7,49,0.014977102772572231,26720.247906453522,
Truss2D,R-NSGA-II,7,49,0.017412611795164658,23109.410457805443,
Truss2D,R-NSGA-II,7,49,0.014977104500372927,26720.24551781721,
Truss2D,R-NSGA-II,7,49,0.012689402821868517,31640.054847459643,
Truss2D,R-NSGA-II,7,49,0.012434842060040332,32210.742307588665,
Truss2D,R-NSGA-II,7,49,0.014977103607296621,26720.24556306335,
Truss2D,R-NSGA-II,7,49,0.014977625287984936,26719.844243832184,
Truss2D,R-NSGA-II,7,49,0.017758121766921528,22586.969392833616,
Truss2D,R-NSGA-II,7,49,0.014977620661788725,26719.845963792868,
Truss2D,R-NSGA-II,7,49,0.01232282492174434,32796.07122288341,
Truss2D,R-NSGA-II,7,49,0.014977631524781812,26719.83895705758,
Truss2D,R-NSGA-II,7,49,0.01797085798847148,22469.16793385821,
Truss2D,R-NSGA-II,7,49,0.01497763945348727,26719.8325313891,
Truss2D,R-NSGA-II,7,49,0.018110079852639703,22193.722507133938,
Truss2D,R-NSGA-II,7,49,0.01194281116486923,33542.038509201935,
Truss2D,R-NSGA-II,7,49,0.014977146878783345,26720.166388470832,
Truss2D,R-NSGA-II,7,49,0.018427047834897556,21774.301929964076,
Truss2D,R-NSGA-II,7,49,0.014977146686354411,26720.166537159956,
Truss2D,R-NSGA-II,7,49,0.018596902952197656,21620.52813782279,
Truss2D,R-NSGA-II,7,49,0.014977147063936264,26720.16516475719,
Truss2D,R-NSGA-II,7,49,0.011727167495727546,34602.59659852865,
Truss2D,R-NSGA-II,7,49,0.014977148010183811,26720.162256633164,
Truss2D,R-NSGA-II,7,49,0.014977149852480604,26720.15949197054,
Truss2D,R-NSGA-II,7,49,0.014977149692334824,26720.15956610405,
Truss2D,R-NSGA-II,7,49,0.01880804936264983,21428.31169875339,
Truss2D,R-NSGA-II,7,49,0.011025290786909066,40639.08991181462,
Truss2D,R-NSGA-II,7,49,0.014977148673645514,26720.159773952713,
Truss2D,R-NSGA-II,7,49,0.014977132655027843,26720.174250654927,
Truss2D,R-NSGA-II,7,49,0.009782548035712355,41613.72516434632,
Truss2D,R-NSGA-II,7,49,0.02270442021181777,19705.9710568577,
Truss2D,R-NSGA-II,7,49,0.014977126121977869,26720.175673729827,
Truss2D,R-NSGA-II,7,49,0.02410118349587214,17323.692293283842,
Truss2D,R-NSGA-II,7,49,0.014977730957963908,26719.761816052614,
Truss2D,R-NSGA-II,7,49,0.00918205714382145,68103.16371507982,
Truss2D,R-NSGA-II,7,49,0.014973764392459898,26732.157607404468,
Truss2D,R-NSGA-II,7,49,0.01497201780392507,26737.527734427666,
Truss2D,R-NSGA-II,7,49,0.014970763733298257,26738.43114901468,
Truss2D,R-NSGA-II,7,49,0.014969258993209951,26742.927355054006,
Truss2D,R-NSGA-II,8,50,0.01497815062842842,26730.899260276827,
Truss2D,R-NSGA-II,8,50,0.014978150631844017,26730.899253432082,
Truss2D,R-NSGA-II,8,50,0.014978150622979646,26730.89927735196,
Truss2D,R-NSGA-II,8,50,0.014978150621105642,26730.89928304153,
Truss2D,R-NSGA-II,8,50,0.014978150639287022,26730.899246977337,
Truss2D,R-NSGA-II,8,50,0.014978150582711887,26730.89941621549,
Truss2D,R-NSGA-II,8,50,0.014978150415980884,26730.899997392473,
Truss2D,R-NSGA-II,8,50,0.014978150936596393,26730.898749924425,
Truss2D,R-NSGA-II,8,50,0.01497815093375034,26730.89875982436,
Truss2D,R-NSGA-II,8,50,0.014978150555834104,26730.89986628212,
Truss2D,R-NSGA-II,8,50,0.014878715862176293,27038.169378454953,
Truss2D,R-NSGA-II,8,50,0.014978151255580725,26730.898151449397,
Truss2D,R-NSGA-II,8,50,0.015101722780899846,26634.669010464153,
Truss2D,R-NSGA-II,8,50,0.014978151249694076,26730.89817369968,
Truss2D,R-NSGA-II,8,50,0.014978151305530615,26730.89807205497,
Truss2D,R-NSGA-II,8,50,0.014978151113526364,26730.89860133363,
Truss2D,R-NSGA-II,8,50,0.014767509275008878,27401.150224259625,
Truss2D,R-NSGA-II,8,50,0.014978151138218123,26730.89858158715,
Truss2D,R-NSGA-II,8,50,0.0149781511955762,26730.89851284283,
Truss2D,R-NSGA-II,8,50,0.01540526508424876,26256.936580748847,
Truss2D,R-NSGA-II,8,50,0.01449084810479117,27664.02885496391,
Truss2D,R-NSGA-II,8,50,0.014978151198991796,26730.898510111314,
Truss2D,R-NSGA-II,8,50,0.015588939698884603,25801.67257882933,
Truss2D,R-NSGA-II,8,50,0.014978151533428144,26730.897851111124,
Truss2D,R-NSGA-II,8,50,0.014297989154787631,28133.75996566332,
Truss2D,R-NSGA-II,8,50,0.014978151556920453,26730.897809115966,
Truss2D,R-NSGA-II,8,50,0.014978151553041786,26730.897839748282,
Truss2D,R-NSGA-II,8,50,0.01576651214470221,25564.822805998774,
Truss2D,R-NSGA-II,8,50,0.014978151509039181,26730.89800101924,
Truss2D,R-NSGA-II,8,50,0.014142147221967877,28459.84271758803,
Truss2D,R-NSGA-II,8,50,0.014978151884997465,26730.89757815258,
Truss2D,R-NSGA-II,8,50,0.0159928814263362,25124.740636634462,
Truss2D,R-NSGA-II,8,50,0.014978153697352933,26730.893127119358,
Truss2D,R-NSGA-II,8,50,0.014978154287964196,26730.8915970091,
Truss2D,R-NSGA-II,8,50,0.013957769627288868,28667.036565294515,
Truss2D,R-NSGA-II,8,50,0.014978154306829018,26730.89159052708,
Truss2D,R-NSGA-II,8,50,0.01610626385967403,24867.809691133443,
Truss2D,R-NSGA-II,8,50,0.014978154972708789,26730.890356788605,
Truss2D,R-NSGA-II,8,50,0.01497815496758802,26730.890374601084,
Truss2D,R-NSGA-II,8,50,0.01497815496662076,26730.890377965683,
Truss2D,R-NSGA-II,8,50,0.013719671739131183,29167.086551510038,
Truss2D,R-NSGA-II,8,50,0.016386638783401967,24641.57118253966,
Truss2D,R-NSGA-II,8,50,0.014978154944556139,26730.890454716966,
Truss2D,R-NSGA-II,8,50,0.01356642941719893,29732.89241471661,
Truss2D,R-NSGA-II,8,50,0.014978154684697268,26730.89134329336,
Truss2D,R-NSGA-II,8,50,0.014978153404598682,26730.894729972097,
Truss2D,R-NSGA-II,8,50,0.013467888509904585,30260.214706664876,
Truss2D,R-NSGA-II,8,50,0.014978153545743722,26730.894368825953,
Truss2D,R-NSGA-II,8,50,0.016626012772560497,24271.249958130837,
Truss2D,R-NSGA-II,8,50,0.014978154651017046,26730.891511821133,
Truss2D,R-NSGA-II,8,50,0.014978153110902993,26730.89556652281,
Truss2D,R-NSGA-II,8,50,0.01322088046092156,30295.849100834163,
Truss2D,R-NSGA-II,8,50,0.014978155285092248,26730.889879556198,
Truss2D,R-NSGA-II,8,50,0.0168875838040732,23946.398226460107,
Truss2D,R-NSGA-II,8,50,0.01709351659304032,23445.57962507543,
Truss2D,R-NSGA-II,8,50,0.014978153289781106,26730.895145940904,
Truss2D,R-NSGA-II,8,50,0.014978153252309211,26730.895259707417,
Truss2D,R-NSGA-II,8,50,0.012855132930992458,31257.68366368971,
Truss2D,R-NSGA-II,8,50,0.014978153077710353,26730.895792581945,
Truss2D,R-NSGA-II,8,50,0.01497815528454412,26730.890028900074,
Truss2D,R-NSGA-II,8,50,0.017281371884921178,23370.597569366946,
Truss2D,R-NSGA-II,8,50,0.014978152607352895,26730.8971195949,
Truss2D,R-NSGA-II,8,50,0.01269385121992487,31736.77746499802,
Truss2D,R-NSGA-II,8,50,0.01741722031980987,23014.888536920174,
Truss2D,R-NSGA-II,8,50,0.014978154892517968,26730.891216464308,
Truss2D,R-NSGA-II,8,50,0.014978156262547067,26730.887811374705,
Truss2D,R-NSGA-II,8,50,0.012554346900404151,31878.47223798809,
Truss2D,R-NSGA-II,8,50,0.01770814921120647,22707.07434431614,
Truss2D,R-NSGA-II,8,50,0.01497815611806847,26730.888230908346,
Truss2D,R-NSGA-II,8,50,0.012335887684098386,32480.119751997085,
Truss2D,R-NSGA-II,8,50,0.014978156029815053,26730.888498849497,
Truss2D,R-NSGA-II,8,50,0.014978155931222396,26730.88901936711,
Truss2D,R-NSGA-II,8,50,0.012236754982643018,32952.17046098269,
Truss2D,R-NSGA-II,8,50,0.014978155719406257,26730.889686985654,
Truss2D,R-NSGA-II,8,50,0.012060627572795649,33311.67185879247,
Truss2D,R-NSGA-II,8,50,0.014978146415342716,26730.914887600207,
Truss2D,R-NSGA-II,8,50,0.011990480438509733,33876.72806431621,
Truss2D,R-NSGA-II,8,50,0.018225774220945658,22247.83460924319,
Truss2D,R-NSGA-II,8,50,0.014978145868905779,26730.91637715994,
Truss2D,R-NSGA-II,8,50,0.011813829636202847,34527.577369843086,
Truss2D,R-NSGA-II,8,50,0.014978158640354197,26730.88433172474,
Truss2D,R-NSGA-II,8,50,0.01834994700737074,21897.808995057512,
Truss2D,R-NSGA-II,8,50,0.014978157783031324,26730.88715936507,
Truss2D,R-NSGA-II,8,50,0.011471499020311342,35860.014018841066,
Truss2D,R-NSGA-II,8,50,0.014978157782877973,26730.8871598985,
Truss2D,R-NSGA-II,8,50,0.014978163794737528,26730.874851378547,
Truss2D,R-NSGA-II,8,50,0.018825160226643933,21589.841188677285,
Truss2D,R-NSGA-II,8,50,0.014978163991576077,26730.87443567433,
Truss2D,R-NSGA-II,8,50,0.011310223069729161,37494.281311039,
Truss2D,R-NSGA-II,8,50,0.01497816566899804,26730.869889557445,
Truss2D,R-NSGA-II,8,50,0.01906156165080656,21305.856813567807,
Truss2D,R-NSGA-II,8,50,0.014978165666167055,26730.86989940495,
Truss2D,R-NSGA-II,8,50,0.020602394551345965,19712.515433442357,
Truss2D,R-NSGA-II,8,50,0.014978165664413278,26730.869904729472,
Truss2D,R-NSGA-II,8,50,0.020737695437932344,19653.155448564237,
Truss2D,R-NSGA-II,8,50,0.014978165552793712,26730.87055857009,
Truss2D,R-NSGA-II,8,50,0.010840175238631634,51335.564129269704,
Truss2D,R-NSGA-II,8,50,0.014978165550180278,26730.87056766085,
Truss2D,R-NSGA-II,8,50,0.010372204579239652,52769.55071430543,
Truss2D,R-NSGA-II,8,50,0.014978165331993257,26730.871326618893,
Truss2D,R-NSGA-II,9,51,0.014973820793451631,26715.48871364287,
Truss2D,R-NSGA-II,9,51,0.014974513035088446,26713.893053848078,
Truss2D,R-NSGA-II,9,51,0.014974513045065472,26713.893018037914,
Truss2D,R-NSGA-II,9,51,0.014974578424401391,26713.709086246137,
Truss2D,R-NSGA-II,9,51,0.01497458520774482,26713.689668919094,
Truss2D,R-NSGA-II,9,51,0.014974585233206661,26713.68957923969,
Truss2D,R-NSGA-II,9,51,0.014974585638233394,26713.688652615107,
Truss2D,R-NSGA-II,9,51,0.014974585647938993,26713.688619027438,
Truss2D,R-NSGA-II,9,51,0.014974585664937526,26713.68855801583,
Truss2D,R-NSGA-II,9,51,0.014974585741670795,26713.68843324306,
Truss2D,R-NSGA-II,9,51,0.014974585765409531,26713.688411584735,
Truss2D,R-NSGA-II,9,51,0.014974585767702593,26713.688405129604,
Truss2D,R-NSGA-II,9,51,0.015160820719633676,26588.064335825806,
Truss2D,R-NSGA-II,9,51,0.014974585768053208,26713.688404132055,
Truss2D,R-NSGA-II,9,51,0.014974585769086588,26713.688398320275,
Truss2D,R-NSGA-II,9,51,0.014974585797313006,26713.688341294986,
Truss2D,R-NSGA-II,9,51,0.014838687015269117,27203.618817350285,
Truss2D,R-NSGA-II,9,51,0.014974585799900204,26713.688332008944,
Truss2D,R-NSGA-II,9,51,0.015394215056441857,26302.415971573126,
Truss2D,R-NSGA-II,9,51,0.014974585802771983,26713.688315536496,
Truss2D,R-NSGA-II,9,51,0.014638127100680668,27388.882850029986,
Truss2D,R-NSGA-II,9,51,0.014974585822381353,26713.688251205014,
Truss2D,R-NSGA-II,9,51,0.014974585823317836,26713.688248660008,
Truss2D,R-NSGA-II,9,51,0.014974585898547768,26713.68791464489,
Truss2D,R-NSGA-II,9,51,0.014974585902801821,26713.68721511926,
Truss2D,R-NSGA-II,9,51,0.015512782628803075,25999.06651146405,
Truss2D,R-NSGA-II,9,51,0.014464427848493593,27694.10824321664,
Truss2D,R-NSGA-II,9,51,0.01497458622538781,26713.686882405986,
Truss2D,R-NSGA-II,9,51,0.014974586186250832,26713.686908533968,
Truss2D,R-NSGA-II,9,51,0.014451273338214035,28109.578312358608,
Truss2D,R-NSGA-II,9,51,0.01497458618889451,26713.68690108129,
Truss2D,R-NSGA-II,9,51,0.015683028555448425,25613.378611533946,
Truss2D,R-NSGA-II,9,51,0.014974586227354016,26713.68686305891,
Truss2D,R-NSGA-II,9,51,0.01583619236597599,25368.457639156502,
Truss2D,R-NSGA-II,9,51,0.014974586250652594,26713.686691354815,
Truss2D,R-NSGA-II,9,51,0.014974586253990166,26713.686684790046,
Truss2D,R-NSGA-II,9,51,0.014192610110654518,28263.449040113323,
Truss2D,R-NSGA-II,9,51,0.014974586256938965,26713.68667129803,
Truss2D,R-NSGA-II,9,51,0.013898291756988052,28860.50715375476,
Truss2D,R-NSGA-II,9,51,0.014974586270977194,26713.6866558651,
Truss2D,R-NSGA-II,9,51,0.016255679591022296,24651.125851767767,
Truss2D,R-NSGA-II,9,51,0.014974586312129525,26713.686214688063,
Truss2D,R-NSGA-II,9,51,0.01364125125385041,29366.317411992375,
Truss2D,R-NSGA-II,9,51,0.014974586462540677,26713.68567527196,
Truss2D,R-NSGA-II,9,51,0.016490869511353125,24313.238114511736,
Truss2D,R-NSGA-II,9,51,0.014974586540928507,26713.685418241483,
Truss2D,R-NSGA-II,9,51,0.016638745545044034,24075.669723242652,
Truss2D,R-NSGA-II,9,51,0.014974586563756307,26713.685330559434,
Truss2D,R-NSGA-II,9,51,0.013506521549584944,29813.115291315247,
Truss2D,R-NSGA-II,9,51,0.014974586691117887,26713.6850398549,
Truss2D,R-NSGA-II,9,51,0.014974586708335819,26713.684970520786,
Truss2D,R-NSGA-II,9,51,0.01333333054730131,30036.418427692923,
Truss2D,R-NSGA-II,9,51,0.016951042166381984,23988.815381003107,
Truss2D,R-NSGA-II,9,51,0.014974586716579731,26713.684950175513,
Truss2D,R-NSGA-II,9,51,0.014974586744806069,26713.684839620786,
Truss2D,R-NSGA-II,9,51,0.017126910198184506,23840.163976362008,
Truss2D,R-NSGA-II,9,51,0.014974586757060511,26713.684774960308,
Truss2D,R-NSGA-II,9,51,0.013092849241647286,30573.557839770074,
Truss2D,R-NSGA-II,9,51,0.014974586838836818,26713.68465511543,
Truss2D,R-NSGA-II,9,51,0.017430008967975863,22983.15007433681,
Truss2D,R-NSGA-II,9,51,0.014974587255063492,26713.684214953515,
Truss2D,R-NSGA-II,9,51,0.012847580209062612,31467.88978333824,
Truss2D,R-NSGA-II,9,51,0.01766181459738636,22687.10542680608,
Truss2D,R-NSGA-II,9,51,0.014974586845749729,26713.684541442683,
Truss2D,R-NSGA-II,9,51,0.012641103186130966,31656.344744062008,
Truss2D,R-NSGA-II,9,51,0.01497458726651165,26713.684185876922,
Truss2D,R-NSGA-II,9,51,0.01786402266736567,22673.86040151872,
Truss2D,R-NSGA-II,9,51,0.014974587266628885,26713.6841855152,
Truss2D,R-NSGA-II,9,51,0.01497458727187011,26713.684167288327,
Truss2D,R-NSGA-II,9,51,0.012428962589222579,32436.60532591369,
Truss2D,R-NSGA-II,9,51,0.01830009043667981,22355.067119215182,
Truss2D,R-NSGA-II,9,51,0.01497458727214254,26713.684163915364,
Truss2D,R-NSGA-II,9,51,0.014974586930372041,26713.684325444374,
Truss2D,R-NSGA-II,9,51,0.012174702839841178,32969.48850647487,
Truss2D,R-NSGA-II,9,51,0.014974587466431379,26713.683230487688,
Truss2D,R-NSGA-II,9,51,0.018505998993389602,21907.663862251215,
Truss2D,R-NSGA-II,9,51,0.01937630514481472,21525.90111498597,
Truss2D,R-NSGA-II,9,51,0.014974587545486105,26713.683122643357,
Truss2D,R-NSGA-II,9,51,0.01497458762976113,26713.68287209152,
Truss2D,R-NSGA-II,9,51,0.011801409257420088,34772.406879225004,
Truss2D,R-NSGA-II,9,51,0.014974587632972913,26713.6828633136,
Truss2D,R-NSGA-II,9,51,0.011597405393912836,35051.983310571755,
Truss2D,R-NSGA-II,9,51,0.014974587589917453,26713.682883193196,
Truss2D,R-NSGA-II,9,51,0.011316488711538638,36224.07918672553,
Truss2D,R-NSGA-II,9,51,0.014974587664664737,26713.682704701638,
Truss2D,R-NSGA-II,9,51,0.02023022856418691,20434.107485804787,
Truss2D,R-NSGA-II,9,51,0.011216867624362156,38251.42216075628,
Truss2D,R-NSGA-II,9,51,0.014974587706906815,26713.682553021365,
Truss2D,R-NSGA-II,9,51,0.014974587709750046,26713.682544349867,
Truss2D,R-NSGA-II,9,51,0.01073646428844317,40241.58731601535,
Truss2D,R-NSGA-II,9,51,0.01497458771013385,26713.682541438804,
Truss2D,R-NSGA-II,9,51,0.02264020053307779,19085.78495547076,
Truss2D,R-NSGA-II,9,51,0.026603073729155054,16714.768259009757,
Truss2D,R-NSGA-II,9,51,0.014974587717412335,26713.682516462475,
Truss2D,R-NSGA-II,9,51,0.009088994806946159,50409.78325504526,
Truss2D,R-NSGA-II,9,51,0.014974587720383646,26713.682504751083,
Truss2D,R-NSGA-II,9,51,0.014974587721093769,26713.682502202297,
Truss2D,R-NSGA-II,9,51,0.014974587771791496,26713.682236293622,
Truss2D,R-NSGA-II,9,51,0.014974587846240096,26713.682059525152,
Truss2D,R-NSGA-II,9,51,0.01497458786260957,26713.682032192177,
Truss2D,R-NSGA-II,10,52,0.014977423224544874,26713.47490500405,
Truss2D,R-NSGA-II,10,52,0.01497512408906531,26717.994628926004,
Truss2D,R-NSGA-II,10,52,0.014976602104421904,26713.852107839994,
Truss2D,R-NSGA-II,10,52,0.014976602116440436,26713.852074481376,
Truss2D,R-NSGA-II,10,52,0.01497662315951473,26713.776086501777,
Truss2D,R-NSGA-II,10,52,0.01497631181387641,26714.239580208054,
Truss2D,R-NSGA-II,10,52,0.014842801922243153,26964.99410666836,
Truss2D,R-NSGA-II,10,52,0.014976348513445797,26714.150303696857,
Truss2D,R-NSGA-II,10,52,0.014976334789719417,26714.171014945507,
Truss2D,R-NSGA-II,10,52,0.01515544955836846,26597.15473740383,
Truss2D,R-NSGA-II,10,52,0.014976332046184586,26714.175520390032,
Truss2D,R-NSGA-II,10,52,0.014976317075973676,26714.176588694536,
Truss2D,R-NSGA-II,10,52,0.014976446645979455,26713.964543282775,
Truss2D,R-NSGA-II,10,52,0.01497644555364851,26713.965260543304,
Truss2D,R-NSGA-II,10,52,0.014976450907474822,26713.95278726574,
Truss2D,R-NSGA-II,10,52,0.014976451320585137,26713.95172105637,
Truss2D,R-NSGA-II,10,52,0.014681782381049644,27269.693452654457,
Truss2D,R-NSGA-II,10,52,0.014976448659880345,26713.95431005452,
Truss2D,R-NSGA-II,10,52,0.014976423502112292,26713.979982894663,
Truss2D,R-NSGA-II,10,52,0.01541560487266794,26441.10095626375,
Truss2D,R-NSGA-II,10,52,0.01497623409010886,26714.298031712584,
Truss2D,R-NSGA-II,10,52,0.014537047184756366,27584.7881678587,
Truss2D,R-NSGA-II,10,52,0.014976426275549317,26713.97020560583,
Truss2D,R-NSGA-II,10,52,0.01497642932388307,26713.965288786894,
Truss2D,R-NSGA-II,10,52,0.014976696627346554,26713.585435323064,
Truss2D,R-NSGA-II,10,52,0.014976008537780694,26714.737603427657,
Truss2D,R-NSGA-II,10,52,0.015593522934849377,26343.014991053828,
Truss2D,R-NSGA-II,10,52,0.014976017141933723,26714.71410421118,
Truss2D,R-NSGA-II,10,52,0.014976017194578254,26714.713914142478,
Truss2D,R-NSGA-II,10,52,0.014317265257292523,28010.80218719156,
Truss2D,R-NSGA-II,10,52,0.014976017396005204,26714.71318690724,
Truss2D,R-NSGA-II,10,52,0.015715081356544626,25952.018220747075,
Truss2D,R-NSGA-II,10,52,0.014976019329139216,26714.706207489806,
Truss2D,R-NSGA-II,10,52,0.014976377959212816,26714.035608721257,
Truss2D,R-NSGA-II,10,52,0.014147382702981444,28372.360101996714,
Truss2D,R-NSGA-II,10,52,0.014976367866176725,26714.050865781563,
Truss2D,R-NSGA-II,10,52,0.015958677732865224,25231.789824899846,
Truss2D,R-NSGA-II,10,52,0.01497645546983438,26713.910199905073,
Truss2D,R-NSGA-II,10,52,0.013840127146009474,28984.227092312583,
Truss2D,R-NSGA-II,10,52,0.014976244790917451,26714.261783002945,
Truss2D,R-NSGA-II,10,52,0.0149759954493267,26714.750705845825,
Truss2D,R-NSGA-II,10,52,0.01630126308587141,24620.77624583533,
Truss2D,R-NSGA-II,10,52,0.014976221201170658,26714.29830502356,
Truss2D,R-NSGA-II,10,52,0.013641814688818008,29406.631658412793,
Truss2D,R-NSGA-II,10,52,0.016595151246138726,24313.387113036446,
Truss2D,R-NSGA-II,10,52,0.014976221248372362,26714.298138600254,
Truss2D,R-NSGA-II,10,52,0.013447743649508962,29974.67337192184,
Truss2D,R-NSGA-II,10,52,0.01497598077014797,26714.774978074056,
Truss2D,R-NSGA-II,10,52,0.014975981084412145,26714.773869996545,
Truss2D,R-NSGA-II,10,52,0.01677891961497245,24188.259887319124,
Truss2D,R-NSGA-II,10,52,0.013109288439061638,30558.025901694033,
Truss2D,R-NSGA-II,10,52,0.01497605550940993,26714.59160023284,
Truss2D,R-NSGA-II,10,52,0.014976042086446633,26714.617570250477,
Truss2D,R-NSGA-II,10,52,0.01696603078129557,23709.01825535547,
Truss2D,R-NSGA-II,10,52,0.012947814977413548,30960.46764808553,
Truss2D,R-NSGA-II,10,52,0.014976022045083071,26714.652295459666,
Truss2D,R-NSGA-II,10,52,0.014976070850744788,26714.55089309266,
Truss2D,R-NSGA-II,10,52,0.01714635842969342,23678.678762254527,
Truss2D,R-NSGA-II,10,52,0.01497595495592496,26714.794413166706,
Truss2D,R-NSGA-II,10,52,0.012800101128388922,31573.984535810603,
Truss2D,R-NSGA-II,10,52,0.014975955811113816,26714.79139780945,
Truss2D,R-NSGA-II,10,52,0.014975955949900487,26714.790908453986,
Truss2D,R-NSGA-II,10,52,0.01746611091537372,23246.85508545262,
Truss2D,R-NSGA-II,10,52,0.012547293487872948,31908.89710556241,
Truss2D,R-NSGA-II,10,52,0.01497595363600407,26714.794983592008,
Truss2D,R-NSGA-II,10,52,0.014976060935493137,26714.564838671376,
Truss2D,R-NSGA-II,10,52,0.017686390782686953,22903.048456599503,
Truss2D,R-NSGA-II,10,52,0.012363883657503082,32405.521638801718,
Truss2D,R-NSGA-II,10,52,0.01497587995237478,26714.95810933353,
Truss2D,R-NSGA-II,10,52,0.017960672011984466,22898.211284166577,
Truss2D,R-NSGA-II,10,52,0.014975867254142301,26714.984350956875,
Truss2D,R-NSGA-II,10,52,0.012153309370448888,33187.442834751804,
Truss2D,R-NSGA-II,10,52,0.014976170722206895,26714.332387700815,
Truss2D,R-NSGA-II,10,52,0.018224204239900316,22402.433830242626,
Truss2D,R-NSGA-II,10,52,0.014976167943233842,26714.334536069604,
Truss2D,R-NSGA-II,10,52,0.014976079365655008,26714.505470244687,
Truss2D,R-NSGA-II,10,52,0.011838242317795981,34386.67694535764,
Truss2D,R-NSGA-II,10,52,0.01497617262524142,26714.31801246171,
Truss2D,R-NSGA-II,10,52,0.014978182788900937,26712.784395467203,
Truss2D,R-NSGA-II,10,52,0.018823544793580862,21265.441298436443,
Truss2D,R-NSGA-II,10,52,0.011341763919253237,35542.42429970298,
Truss2D,R-NSGA-II,10,52,0.014976178065315832,26714.298847533628,
Truss2D,R-NSGA-II,10,52,0.014976144734938402,26714.359759424606,
Truss2D,R-NSGA-II,10,52,0.019180389528975293,21163.445245087732,
Truss2D,R-NSGA-II,10,52,0.011103799196044876,37232.53348998005,
Truss2D,R-NSGA-II,10,52,0.014976174670167266,26714.301148952476,
Truss2D,R-NSGA-II,10,52,0.014976089912474486,26714.46056971079,
Truss2D,R-NSGA-II,10,52,0.01968802978842797,21018.022308262418,
Truss2D,R-NSGA-II,10,52,0.014976134646214891,26714.37044437929,
Truss2D,R-NSGA-II,10,52,0.02012432753901172,20039.16382503811,
Truss2D,R-NSGA-II,10,52,0.020865529797214143,19983.659382447044,
Truss2D,R-NSGA-II,10,52,0.014976101560483006,26714.425527709307,
Truss2D,R-NSGA-II,10,52,0.014976109232045499,26714.406164049487,
Truss2D,R-NSGA-II,10,52,0.009947143021594496,41498.49920509254,
Truss2D,R-NSGA-II,10,52,0.009698139697059661,41932.76582972199,
Truss2D,R-NSGA-II,10,52,0.014976110527268376,26714.403385602396,
Truss2D,R-NSGA-II,10,52,0.014977485803306344,26712.80375938312,
Truss2D,R-NSGA-II,10,52,0.009530902989415085,42267.61302802118,
Truss2D,R-NSGA-II,10,52,0.009449308462118859,43241.01701351747,
Truss2D,R-NSGA-II,10,52,0.014975910408677583,26714.799966519815,
Truss2D,R-NSGA-II,11,53,0.014978819783228431,26734.583191203852,
Truss2D,R-NSGA-II,11,53,0.014978819788248044,26734.583172385057,
Truss2D,R-NSGA-II,11,53,0.014978819788274493,26734.583172314364,
Truss2D,R-NSGA-II,11,53,0.014978819787869822,26734.583173983767,
Truss2D,R-NSGA-II,11,53,0.014978819788462524,26734.583171679562,
Truss2D,R-NSGA-II,11,53,0.014978819788463667,26734.583171675356,
Truss2D,R-NSGA-II,11,53,0.014978819788464558,26734.583171674116,
Truss2D,R-NSGA-II,11,53,0.014978819787940547,26734.583173794726,
Truss2D,R-NSGA-II,11,53,0.0149788197892174,26734.58316874254,
Truss2D,R-NSGA-II,11,53,0.014978819788953868,26734.583169791556,
Truss2D,R-NSGA-II,11,53,0.014978819788023318,26734.58317349059,
Truss2D,R-NSGA-II,11,53,0.01508530165103457,26668.772018293435,
Truss2D,R-NSGA-II,11,53,0.014978819788989486,26734.583169678957,
Truss2D,R-NSGA-II,11,53,0.01484863950591363,27025.895407822652,
Truss2D,R-NSGA-II,11,53,0.014978819788059877,26734.583173392875,
Truss2D,R-NSGA-II,11,53,0.01497881978814461,26734.583173070245,
Truss2D,R-NSGA-II,11,53,0.014978819789045169,26734.58316958069,
Truss2D,R-NSGA-II,11,53,0.014978819789091399,26734.583169402435,
Truss2D,R-NSGA-II,11,53,0.014978819789373387,26734.583168323195,
Truss2D,R-NSGA-II,11,53,0.01518830564042959,26562.43847651019,
Truss2D,R-NSGA-II,11,53,0.014978819789211298,26734.58316927815,
Truss2D,R-NSGA-II,11,53,0.014719203132922411,27345.64550863167,
Truss2D,R-NSGA-II,11,53,0.014978819789217213,26734.58316925641,
Truss2D,R-NSGA-II,11,53,0.015309149162527121,26238.32306761122,
Truss2D,R-NSGA-II,11,53,0.01497881978948108,26734.583168263496,
Truss2D,R-NSGA-II,11,53,0.015419531351471127,26187.091803338913,
Truss2D,R-NSGA-II,11,53,0.014512847727398274,27621.97019254361,
Truss2D,R-NSGA-II,11,53,0.014978819789534924,26734.583168063902,
Truss2D,R-NSGA-II,11,53,0.01564173967959602,25757.254850343714,
Truss2D,R-NSGA-II,11,53,0.014978819788918357,26734.583170535232,
Truss2D,R-NSGA-II,11,53,0.014978819789804688,26734.583167169825,
Truss2D,R-NSGA-II,11,53,0.014295271579931,27984.52809098283,
Truss2D,R-NSGA-II,11,53,0.014978819789909064,26734.583167063895,
Truss2D,R-NSGA-II,11,53,0.014978819789738834,26734.583167763998,
Truss2D,R-NSGA-II,11,53,0.015762512787368517,25475.96338647167,
Truss2D,R-NSGA-II,11,53,0.014158157742785827,28514.480107578238,
Truss2D,R-NSGA-II,11,53,0.014978819789739747,26734.583167760647,
Truss2D,R-NSGA-II,11,53,0.015969425921057885,25347.636626279997,
Truss2D,R-NSGA-II,11,53,0.014978819789677975,26734.58316801554,
Truss2D,R-NSGA-II,11,53,0.014005833338266653,28676.219389393427,
Truss2D,R-NSGA-II,11,53,0.014978819789730586,26734.583167901546,
Truss2D,R-NSGA-II,11,53,0.014978819786120064,26734.58318338538,
Truss2D,R-NSGA-II,11,53,0.016095390033696186,25227.410582345405,
Truss2D,R-NSGA-II,11,53,0.014978819787289037,26734.58317978317,
Truss2D,R-NSGA-II,11,53,0.014978819786928823,26734.58318123872,
Truss2D,R-NSGA-II,11,53,0.016202783555969123,24993.053476970672,
Truss2D,R-NSGA-II,11,53,0.014978819786837943,26734.5831816186,
Truss2D,R-NSGA-II,11,53,0.013764461607348158,29154.622069014957,
Truss2D,R-NSGA-II,11,53,0.014978819787013566,26734.58318122608,
Truss2D,R-NSGA-II,11,53,0.013648860631296555,29425.26003118394,
Truss2D,R-NSGA-II,11,53,0.014978819787067115,26734.58318102887,
Truss2D,R-NSGA-II,11,53,0.014978819787469174,26734.583179474288,
Truss2D,R-NSGA-II,11,53,0.016454760934708386,24589.76974992834,
Truss2D,R-NSGA-II,11,53,0.014978819787573922,26734.583179085206,
Truss2D,R-NSGA-II,11,53,0.013536620522237442,29711.668802624477,
Truss2D,R-NSGA-II,11,53,0.01657603938614393,24577.537776747267,
Truss2D,R-NSGA-II,11,53,0.014978819791980204,26734.583161611463,
Truss2D,R-NSGA-II,11,53,0.0166278411401711,24115.01076565626,
Truss2D,R-NSGA-II,11,53,0.01497881978769575,26734.583178630033,
Truss2D,R-NSGA-II,11,53,0.013314686890858836,30250.602162299976,
Truss2D,R-NSGA-II,11,53,0.014978819792030643,26734.583161448983,
Truss2D,R-NSGA-II,11,53,0.014978819787119926,26734.583180965594,
Truss2D,R-NSGA-II,11,53,0.014978819787232416,26734.583180565503,
Truss2D,R-NSGA-II,11,53,0.014978819787233661,26734.58318056093,
Truss2D,R-NSGA-II,11,53,0.014978819792354253,26734.583160355316,
Truss2D,R-NSGA-II,11,53,0.013195452804656154,30456.66612299014,
Truss2D,R-NSGA-II,11,53,0.016852489608322127,23856.936196646573,
Truss2D,R-NSGA-II,11,53,0.014978819792270304,26734.58316084183,
Truss2D,R-NSGA-II,11,53,0.013019078764236757,30822.09528015368,
Truss2D,R-NSGA-II,11,53,0.014978819792275236,26734.583160823706,
Truss2D,R-NSGA-II,11,53,0.01703877064903308,23615.812650876058,
Truss2D,R-NSGA-II,11,53,0.014978819792332523,26734.583160765145,
Truss2D,R-NSGA-II,11,53,0.014978819792566,26734.583160137343,
Truss2D,R-NSGA-II,11,53,0.012890776501249203,31405.474923192218,
Truss2D,R-NSGA-II,11,53,0.014978819792592447,26734.58316006665,
Truss2D,R-NSGA-II,11,53,0.017318384309988298,23576.26626802777,
Truss2D,R-NSGA-II,11,53,0.012740556807636541,31647.172722083073,
Truss2D,R-NSGA-II,11,53,0.014978819791756403,26734.583163708357,
Truss2D,R-NSGA-II,11,53,0.012615801304060863,31940.663224066335,
Truss2D,R-NSGA-II,11,53,0.014978819791778541,26734.58316364937,
Truss2D,R-NSGA-II,11,53,0.01754807265750056,22951.145840537527,
Truss2D,R-NSGA-II,11,53,0.014978819791914816,26734.583163252333,
Truss2D,R-NSGA-II,11,53,0.014978819792982122,26734.583159213158,
Truss2D,R-NSGA-II,11,53,0.012480413815563873,32447.81921185633,
Truss2D,R-NSGA-II,11,53,0.012360983412505834,32844.26403523716,
Truss2D,R-NSGA-II,11,53,0.01497881979308954,26734.58315883324,
Truss2D,R-NSGA-II,11,53,0.014978819793062413,26734.583158952322,
Truss2D,R-NSGA-II,11,53,0.0178581195171491,22674.282060989422,
Truss2D,R-NSGA-II,11,53,0.012228911301233426,33710.20477952648,
Truss2D,R-NSGA-II,11,53,0.014978819793148265,26734.58315861402,
Truss2D,R-NSGA-II,11,53,0.014978819793161086,26734.583158568897,
Truss2D,R-NSGA-II,11,53,0.012063437437124507,34072.62475131072,
Truss2D,R-NSGA-II,11,53,0.014978819793342077,26734.583157891764,
Truss2D,R-NSGA-II,11,53,0.018106688106777794,22181.11346127223,
Truss2D,R-NSGA-II,11,53,0.018651075115733835,21963.11993367968,
Truss2D,R-NSGA-II,11,53,0.014978819793345675,26734.58315788215,
Truss2D,R-NSGA-II,11,53,0.011724836073538063,37869.11165717517,
Truss2D,R-NSGA-II,11,53,0.014978819793308446,26734.583158185895,
Truss2D,R-NSGA-II,11,53,0.019157991606440987,21701.588423548652,
Truss2D,R-NSGA-II,11,53,0.014978819792865085,26734.58315995383,
Truss2D,R-NSGA-II,12,54,0.014977883478788197,26727.865627916075,
Truss2D,R-NSGA-II,12,54,0.014977890367752506,26727.85610081338,
Truss2D,R-NSGA-II,12,54,0.014977890718507728,26727.855664630788,
Truss2D,R-NSGA-II,12,54,0.01497789489081379,26727.852544592122,
Truss2D,R-NSGA-II,12,54,0.014977901695112629,26727.84439774939,
Truss2D,R-NSGA-II,12,54,0.01497790170644838,26727.844358247927,
Truss2D,R-NSGA-II,12,54,0.01497790315214759,26727.835293891963,
Truss2D,R-NSGA-II,12,54,0.01497782451216781,26727.920453620132,
Truss2D,R-NSGA-II,12,54,0.014977831208732834,26727.895961007074,
Truss2D,R-NSGA-II,12,54,0.01497781455336508,26727.925937487737,
Truss2D,R-NSGA-II,12,54,0.014977813377631433,26727.92686980915,
Truss2D,R-NSGA-II,12,54,0.014977805681626042,26727.939345580045,
Truss2D,R-NSGA-II,12,54,0.014811091055365546,27246.999814576517,
Truss2D,R-NSGA-II,12,54,0.015239636329496174,26531.173259530176,
Truss2D,R-NSGA-II,12,54,0.014977903225033222,26727.796317594613,
Truss2D,R-NSGA-II,12,54,0.014977903374322789,26727.79615116423,
Truss2D,R-NSGA-II,12,54,0.014977795561120385,26727.947999927695,
Truss2D,R-NSGA-II,12,54,0.014977774294714186,26728.023002756298,
Truss2D,R-NSGA-II,12,54,0.014977797845175844,26727.939349632936,
Truss2D,R-NSGA-II,12,54,0.01464536763977694,27497.58024768742,
Truss2D,R-NSGA-II,12,54,0.01497779774134076,26727.93943197162,
Truss2D,R-NSGA-II,12,54,0.014977784088645854,26727.97425651803,
Truss2D,R-NSGA-II,12,54,0.014977784083617836,26727.974274039167,
Truss2D,R-NSGA-II,12,54,0.014977768887372917,26728.03391432465,
Truss2D,R-NSGA-II,12,54,0.015449322068342644,26388.94048006736,
Truss2D,R-NSGA-II,12,54,0.01497776601293143,26728.043930951837,
Truss2D,R-NSGA-II,12,54,0.014435035633337433,27973.04174689527,
Truss2D,R-NSGA-II,12,54,0.014977766001107881,26728.043966683217,
Truss2D,R-NSGA-II,12,54,0.015576298551017345,25684.776423561885,
Truss2D,R-NSGA-II,12,54,0.01497776117677209,26728.06427837385,
Truss2D,R-NSGA-II,12,54,0.014977760389386936,26728.06702219713,
Truss2D,R-NSGA-II,12,54,0.014977759684805358,26728.06947747293,
Truss2D,R-NSGA-II,12,54,0.014977777752836804,26727.98353314119,
Truss2D,R-NSGA-II,12,54,0.015752781644990856,25428.24913975577,
Truss2D,R-NSGA-II,12,54,0.014977914249504662,26727.73968902384,
Truss2D,R-NSGA-II,12,54,0.014124708564547898,28337.208137453785,
Truss2D,R-NSGA-II,12,54,0.01497792728159551,26727.73585197791,
Truss2D,R-NSGA-II,12,54,0.015905471067962015,25229.300793827708,
Truss2D,R-NSGA-II,12,54,0.014977730107880366,26728.141142751174,
Truss2D,R-NSGA-II,12,54,0.014977939442406305,26727.714710673812,
Truss2D,R-NSGA-II,12,54,0.013861603994499774,29108.424410117754,
Truss2D,R-NSGA-II,12,54,0.014977707249496004,26728.52552029224,
Truss2D,R-NSGA-II,12,54,0.014977702900286608,26728.540676697485,
Truss2D,R-NSGA-II,12,54,0.016419616057436193,24972.14219209309,
Truss2D,R-NSGA-II,12,54,0.014977953504068778,26727.6815684569,
Truss2D,R-NSGA-II,12,54,0.013657066677100805,29393.152058087973,
Truss2D,R-NSGA-II,12,54,0.014977953512241364,26727.681539978283,
Truss2D,R-NSGA-II,12,54,0.016550132930091353,24527.020613223292,
Truss2D,R-NSGA-II,12,54,0.014977953515404546,26727.68152895569,
Truss2D,R-NSGA-II,12,54,0.014977954222652105,26727.67906444365,
Truss2D,R-NSGA-II,12,54,0.013455167476584371,29763.909069019537,
Truss2D,R-NSGA-II,12,54,0.014977954782624136,26727.66143885912,
Truss2D,R-NSGA-II,12,54,0.016673580252127305,24029.70759078448,
Truss2D,R-NSGA-II,12,54,0.014977955027338206,26727.66058611693,
Truss2D,R-NSGA-II,12,54,0.013325156166547086,30280.856550944303,
Truss2D,R-NSGA-II,12,54,0.014977955295389093,26727.65899710443,
Truss2D,R-NSGA-II,12,54,0.014977955843529674,26727.657087028343,
Truss2D,R-NSGA-II,12,54,0.01682155354228089,24011.606373232375,
Truss2D,R-NSGA-II,12,54,0.014977958818072405,26727.647605501646,
Truss2D,R-NSGA-II,12,54,0.014977969271296465,26727.641016320224,
Truss2D,R-NSGA-II,12,54,0.014977685710618343,26728.555227295128,
Truss2D,R-NSGA-II,12,54,0.013116586139628076,30621.120421153948,
Truss2D,R-NSGA-II,12,54,0.017013163718174865,23684.18095270238,
Truss2D,R-NSGA-II,12,54,0.014977684679496332,26728.558343419194,
Truss2D,R-NSGA-II,12,54,0.0149779819036143,26727.633514054665,
Truss2D,R-NSGA-II,12,54,0.017346468086127588,23237.558480106636,
Truss2D,R-NSGA-II,12,54,0.014977982135133178,26727.62644039355,
Truss2D,R-NSGA-II,12,54,0.014977988317116983,26727.603731882467,
Truss2D,R-NSGA-II,12,54,0.012777157940137972,31593.98067538802,
Truss2D,R-NSGA-II,12,54,0.012632988584289087,31749.39037635358,
Truss2D,R-NSGA-II,12,54,0.014977610847252132,26728.593138329412,
Truss2D,R-NSGA-II,12,54,0.014977602014449757,26728.596584072176,
Truss2D,R-NSGA-II,12,54,0.017551191652093102,22972.013835798967,
Truss2D,R-NSGA-II,12,54,0.014977595227042848,26728.64258757422,
Truss2D,R-NSGA-II,12,54,0.014977591448984702,26728.652248301918,
Truss2D,R-NSGA-II,12,54,0.01248685067892549,32209.14283258219,
Truss2D,R-NSGA-II,12,54,0.014977587388434271,26728.65237679984,
Truss2D,R-NSGA-II,12,54,0.017858846219193182,22595.879630108615,
Truss2D,R-NSGA-II,12,54,0.014977568048991537,26728.737294797807,
Truss2D,R-NSGA-II,12,54,0.01799207906377738,22326.43033831222,
Truss2D,R-NSGA-II,12,54,0.014977565015406277,26728.747866553513,
Truss2D,R-NSGA-II,12,54,0.014977538139201232,26728.849493110367,
Truss2D,R-NSGA-II,12,54,0.012321889613901262,33370.9970176458,
Truss2D,R-NSGA-II,12,54,0.014978145481802733,26727.29169124446,
Truss2D,R-NSGA-II,12,54,0.011988331225759607,33670.90989449675,
Truss2D,R-NSGA-II,12,54,0.01833946034424639,22108.10692849391,
Truss2D,R-NSGA-II,12,54,0.014978257732199352,26727.271816173852,
Truss2D,R-NSGA-II,12,54,0.011709387902601592,41523.55883337069,
Truss2D,R-NSGA-II,12,54,0.014977325527174613,26728.858919834838,
Truss2D,R-NSGA-II,12,54,0.01497731471627992,26728.858930911516,
Truss2D,R-NSGA-II,12,54,0.011654511081425827,47162.15196329263,
Truss2D,R-NSGA-II,12,54,0.014977303822161687,26728.97500082042,
Truss2D,R-NSGA-II,12,54,0.010739059751769659,52347.22353815925,
Truss2D,R-NSGA-II,12,54,0.01497730363643615,26728.975680163123,
Truss2D,R-NSGA-II,12,54,0.02398935262017521,19505.023341632394,
Truss2D,R-NSGA-II,12,54,0.014978510022863245,26727.1855322093,
Truss2D,R-NSGA-II,12,54,0.00970339267142981,68235.68040846262,
Truss2D,R-NSGA-II,12,54,0.014981490607305725,26724.849663065474,
Truss2D,R-NSGA-II,12,54,0.01497421358995565,26750.084005611658,
Truss2D,R-NSGA-II,12,54,0.014970170788603201,26755.764574234036,
Truss2D,R-NSGA-II,13,55,0.014977972308232711,26728.876346714533,
Truss2D,R-NSGA-II,13,55,0.014977972303256435,26728.876352709085,
Truss2D,R-NSGA-II,13,55,0.014977972307616227,26728.876348861406,
Truss2D,R-NSGA-II,13,55,0.014977972306313616,26728.876350654486,
Truss2D,R-NSGA-II,13,55,0.01497797230626748,26728.876350810406,
Truss2D,R-NSGA-II,13,55,0.014977972307359099,26728.87634975684,
Truss2D,R-NSGA-II,13,55,0.01489738604191376,26948.917509798834,
Truss2D,R-NSGA-II,13,55,0.014977972306256025,26728.876350855044,
Truss2D,R-NSGA-II,13,55,0.014977972306252427,26728.876350867573,
Truss2D,R-NSGA-II,13,55,0.015106153882017182,26648.765629974754,
Truss2D,R-NSGA-II,13,55,0.014977972303162376,26728.876354176256,
Truss2D,R-NSGA-II,13,55,0.015285450680495452,26543.231542737958,
Truss2D,R-NSGA-II,13,55,0.014977972300570285,26728.876357380916,
Truss2D,R-NSGA-II,13,55,0.014977972302187247,26728.876356479275,
Truss2D,R-NSGA-II,13,55,0.014977972302215328,26728.87635646127,
Truss2D,R-NSGA-II,13,55,0.014727411094839053,27406.286266219726,
Truss2D,R-NSGA-II,13,55,0.01497797230221786,26728.876356459652,
Truss2D,R-NSGA-II,13,55,0.014977972302733221,26728.876356206092,
Truss2D,R-NSGA-II,13,55,0.014616742650507136,27487.055794433076,
Truss2D,R-NSGA-II,13,55,0.014977972302815338,26728.87635615345,
Truss2D,R-NSGA-II,13,55,0.015427798232728648,26464.437809361938,
Truss2D,R-NSGA-II,13,55,0.014977972299312699,26728.876361603114,
Truss2D,R-NSGA-II,13,55,0.014977972299371652,26728.876361565322,
Truss2D,R-NSGA-II,13,55,0.014977972299553992,26728.876361448438,
Truss2D,R-NSGA-II,13,55,0.014977972299756979,26728.87636131832,
Truss2D,R-NSGA-II,13,55,0.015560758682340033,25818.155302715648,
Truss2D,R-NSGA-II,13,55,0.014393454216085923,27849.537299673164,
Truss2D,R-NSGA-II,13,55,0.01497797229888395,26728.876363264524,
Truss2D,R-NSGA-II,13,55,0.015734547473236656,25558.98276150174,
Truss2D,R-NSGA-II,13,55,0.01497797232322658,26728.876339866,
Truss2D,R-NSGA-II,13,55,0.014977972293975598,26728.876368536257,
Truss2D,R-NSGA-II,13,55,0.014977972296446403,26728.876367226985,
Truss2D,R-NSGA-II,13,55,0.01415601664025926,28405.726780470144,
Truss2D,R-NSGA-II,13,55,0.015872380895226943,25257.397831520408,
Truss2D,R-NSGA-II,13,55,0.014977972296168821,26728.876368242978,
Truss2D,R-NSGA-II,13,55,0.014977972292894852,26728.876371448812,
Truss2D,R-NSGA-II,13,55,0.014041569776417202,28523.4425693006,
Truss2D,R-NSGA-II,13,55,0.01497797229269552,26728.876371985996,
Truss2D,R-NSGA-II,13,55,0.014977972292689077,26728.87637200336,
Truss2D,R-NSGA-II,13,55,0.01607881389688497,25148.499726834365,
Truss2D,R-NSGA-II,13,55,0.01497797229265719,26728.876374475698,
Truss2D,R-NSGA-II,13,55,0.013976092051320076,29129.703552840707,
Truss2D,R-NSGA-II,13,55,0.014977972292143146,26728.87637636078,
Truss2D,R-NSGA-II,13,55,0.0137965369349894,29148.64099466635,
Truss2D,R-NSGA-II,13,55,0.014977972292001575,26728.876376836466,
Truss2D,R-NSGA-II,13,55,0.016348509806201887,24758.597615326114,
Truss2D,R-NSGA-II,13,55,0.014977972291443157,26728.876387574248,
Truss2D,R-NSGA-II,13,55,0.014977972288617716,26728.876393067945,
Truss2D,R-NSGA-II,13,55,0.016604338170566585,24104.070177667734,
Truss2D,R-NSGA-II,13,55,0.014977972290676468,26728.87639107831,
Truss2D,R-NSGA-II,13,55,0.013402578206161083,30004.36162467961,
Truss2D,R-NSGA-II,13,55,0.014977972286123072,26728.876396984197,
Truss2D,R-NSGA-II,13,55,0.016791509787391252,23917.34634535891,
Truss2D,R-NSGA-II,13,55,0.014977972371789243,26728.876314006764,
Truss2D,R-NSGA-II,13,55,0.014977972286080055,26728.8763984874,
Truss2D,R-NSGA-II,13,55,0.013278844351194915,30249.819376306812,
Truss2D,R-NSGA-II,13,55,0.01705226351849904,23863.020899476393,
Truss2D,R-NSGA-II,13,55,0.014977972285316792,26728.876399338416,
Truss2D,R-NSGA-II,13,55,0.013087763419537525,30739.384622441583,
Truss2D,R-NSGA-II,13,55,0.014977972284967587,26728.876401591275,
Truss2D,R-NSGA-II,13,55,0.017129429676341006,23635.205676219404,
Truss2D,R-NSGA-II,13,55,0.014977972268141064,26728.876426820843,
Truss2D,R-NSGA-II,13,55,0.014977972267955632,26728.876427360596,
Truss2D,R-NSGA-II,13,55,0.014977972268069972,26728.8764272873,
Truss2D,R-NSGA-II,13,55,0.012793058994123172,31532.773458246844,
Truss2D,R-NSGA-II,13,55,0.014977972271277566,26728.876424183414,
Truss2D,R-NSGA-II,13,55,0.01754680766586366,23007.487283192557,
Truss2D,R-NSGA-II,13,55,0.014977972267749936,26728.876428196298,
Truss2D,R-NSGA-II,13,55,0.014977972277803314,26728.876421004403,
Truss2D,R-NSGA-II,13,55,0.012650286587764459,31748.08707309695,
Truss2D,R-NSGA-II,13,55,0.017709329582927275,22707.232022695676,
Truss2D,R-NSGA-II,13,55,0.014977972266420291,26728.876433029633,
Truss2D,R-NSGA-II,13,55,0.012481244904621533,32336.28624015572,
Truss2D,R-NSGA-II,13,55,0.014977972264968333,26728.87643985325,
Truss2D,R-NSGA-II,13,55,0.017920683038330953,22487.12923515695,
Truss2D,R-NSGA-II,13,55,0.014977972452757454,26728.876262842146,
Truss2D,R-NSGA-II,13,55,0.012330000318907929,32589.529595167594,
Truss2D,R-NSGA-II,13,55,0.014977972236114634,26728.876530099657,
Truss2D,R-NSGA-II,13,55,0.01808049294480521,22287.70670371154,
Truss2D,R-NSGA-II,13,55,0.014977972232344282,26728.876540284447,
Truss2D,R-NSGA-II,13,55,0.012196478917076875,33321.00290532967,
Truss2D,R-NSGA-II,13,55,0.014977972230065,26728.87654662984,
Truss2D,R-NSGA-II,13,55,0.018275480771176432,22276.03413110934,
Truss2D,R-NSGA-II,13,55,0.014977972231169711,26728.87654622115,
Truss2D,R-NSGA-II,13,55,0.012026653402806658,33906.9986845945,
Truss2D,R-NSGA-II,13,55,0.01497797222912206,26728.876550680467,
Truss2D,R-NSGA-II,13,55,0.018490354023255495,22117.58513567884,
Truss2D,R-NSGA-II,13,55,0.014977972229729665,26728.876550381945,
Truss2D,R-NSGA-II,13,55,0.0149779722278513,26728.87655239655,
Truss2D,R-NSGA-II,13,55,0.014977972228747197,26728.876551690697,
Truss2D,R-NSGA-II,13,55,0.018565575010504994,21633.290850939466,
Truss2D,R-NSGA-II,13,55,0.011969267595936268,34853.868981166175,
Truss2D,R-NSGA-II,13,55,0.01497797222612915,26728.876561578643,
Truss2D,R-NSGA-II,13,55,0.018861005391742083,21465.32105450692,
Truss2D,R-NSGA-II,13,55,0.01497797222612671,26728.876561585213,
Truss2D,R-NSGA-II,13,55,0.014977972227721868,26728.876560343735,
Truss2D,R-NSGA-II,13,55,0.01158463367421943,34984.2091345664,
Truss2D,R-NSGA-II,13,55,0.019173233860760558,21350.81287359261,
Truss2D,R-NSGA-II,13,55,0.014977972227712893,26728.876560376586,
Truss2D,R-NSGA-II,13,55,0.011288796715837036,36506.98033565641,
Truss2D,R-NSGA-II,14,56,0.01497705939845213,26709.752706724754,
Truss2D,R-NSGA-II,14,56,0.014976699052277484,26709.82993803985,
Truss2D,R-NSGA-II,14,56,0.01497660353515396,26710.021874476563,
Truss2D,R-NSGA-II,14,56,0.01497662811026233,26709.851669775933,
Truss2D,R-NSGA-II,14,56,0.014976609309208577,26709.868001985345,
Truss2D,R-NSGA-II,14,56,0.014976567610472022,26710.068330233124,
Truss2D,R-NSGA-II,14,56,0.014975938351747202,26710.349476753665,
Truss2D,R-NSGA-II,14,56,0.014975935143517628,26710.36096697059,
Truss2D,R-NSGA-II,14,56,0.014975720765884767,26710.511776359337,
Truss2D,R-NSGA-II,14,56,0.01497571230366325,26710.51572839213,
Truss2D,R-NSGA-II,14,56,0.014863880425494084,27065.23779770709,
Truss2D,R-NSGA-II,14,56,0.01497567031050065,26710.635370367807,
Truss2D,R-NSGA-II,14,56,0.014975663800443798,26710.653861665625,
Truss2D,R-NSGA-II,14,56,0.015101284223008216,26620.315105995352,
Truss2D,R-NSGA-II,14,56,0.014975649062434378,26710.69109795427,
Truss2D,R-NSGA-II,14,56,0.014975645812215607,26710.704764013844,
Truss2D,R-NSGA-II,14,56,0.014975645297189664,26710.704828357408,
Truss2D,R-NSGA-II,14,56,0.014732825712887344,27368.969321019744,
Truss2D,R-NSGA-II,14,56,0.014975645177951108,26710.705018631113,
Truss2D,R-NSGA-II,14,56,0.014975645183452098,26710.70487963267,
Truss2D,R-NSGA-II,14,56,0.014975645000235013,26710.705530587005,
Truss2D,R-NSGA-II,14,56,0.014576426422872858,27517.93802519304,
Truss2D,R-NSGA-II,14,56,0.015408845596964576,26419.570711397668,
Truss2D,R-NSGA-II,14,56,0.014975636770227615,26710.70840967974,
Truss2D,R-NSGA-II,14,56,0.014975627017339737,26710.72298750901,
Truss2D,R-NSGA-II,14,56,0.015514383581142675,26223.402488049345,
Truss2D,R-NSGA-II,14,56,0.014975626857688436,26710.72310047313,
Truss2D,R-NSGA-II,14,56,0.014975626847787311,26710.72313916675,
Truss2D,R-NSGA-II,14,56,0.014385048533818171,27825.9398032576,
Truss2D,R-NSGA-II,14,56,0.014975626834178817,26710.723187907683,
Truss2D,R-NSGA-II,14,56,0.014975627484798172,26710.715150978744,
Truss2D,R-NSGA-II,14,56,0.014975595595443338,26710.74814329468,
Truss2D,R-NSGA-II,14,56,0.01568161752843949,25594.596092286665,
Truss2D,R-NSGA-II,14,56,0.01424530229921162,28204.251087929297,
Truss2D,R-NSGA-II,14,56,0.01497559485960737,26710.74832530601,
Truss2D,R-NSGA-II,14,56,0.014052803683895627,28749.672451415692,
Truss2D,R-NSGA-II,14,56,0.014975586140468431,26710.74958721254,
Truss2D,R-NSGA-II,14,56,0.014975574027214946,26710.774560796897,
Truss2D,R-NSGA-II,14,56,0.015979182600706052,25239.320120186298,
Truss2D,R-NSGA-II,14,56,0.014975574758344535,26710.764702611898,
Truss2D,R-NSGA-II,14,56,0.01497557458062956,26710.764831636592,
Truss2D,R-NSGA-II,14,56,0.013873266934735428,28875.688883138166,
Truss2D,R-NSGA-II,14,56,0.016131657605049088,24908.37583370667,
Truss2D,R-NSGA-II,14,56,0.014975573115850817,26710.777798812265,
Truss2D,R-NSGA-II,14,56,0.013766047114018264,29150.535073364565,
Truss2D,R-NSGA-II,14,56,0.01497557176860919,26710.781679913165,
Truss2D,R-NSGA-II,14,56,0.016254155503735365,24630.170979297505,
Truss2D,R-NSGA-II,14,56,0.014975557468580147,26710.800868500766,
Truss2D,R-NSGA-II,14,56,0.014975554744996504,26710.81050842937,
Truss2D,R-NSGA-II,14,56,0.016419719121490817,24548.666328105806,
Truss2D,R-NSGA-II,14,56,0.014975543826878018,26710.835619318128,
Truss2D,R-NSGA-II,14,56,0.01353693406894578,29551.93575537987,
Truss2D,R-NSGA-II,14,56,0.014975545469387426,26710.81785017553,
Truss2D,R-NSGA-II,14,56,0.016523526175248618,24392.73220033198,
Truss2D,R-NSGA-II,14,56,0.014975545113816702,26710.81911349128,
Truss2D,R-NSGA-II,14,56,0.013327801409866526,30309.433730239078,
Truss2D,R-NSGA-II,14,56,0.014975540774266362,26710.84978726733,
Truss2D,R-NSGA-II,14,56,0.016682366147267726,24041.502931980627,
Truss2D,R-NSGA-II,14,56,0.014975532384681935,26710.860600228894,
Truss2D,R-NSGA-II,14,56,0.01321860181392234,30335.950139565004,
Truss2D,R-NSGA-II,14,56,0.014975528239731256,26710.898062236138,
Truss2D,R-NSGA-II,14,56,0.01684748214645785,23926.73360360222,
Truss2D,R-NSGA-II,14,56,0.01497553219031493,26710.861290801535,
Truss2D,R-NSGA-II,14,56,0.012966705354159815,30934.58742476942,
Truss2D,R-NSGA-II,14,56,0.014975527060833332,26710.902250305775,
Truss2D,R-NSGA-II,14,56,0.01287576682546129,31329.20483809931,
Truss2D,R-NSGA-II,14,56,0.014975515666745105,26710.929270255307,
Truss2D,R-NSGA-II,14,56,0.017163951467087143,23557.62243517676,
Truss2D,R-NSGA-II,14,56,0.014975511524881559,26710.93438952107,
Truss2D,R-NSGA-II,14,56,0.012742372411295128,31456.155485760286,
Truss2D,R-NSGA-II,14,56,0.01497551115211027,26710.93608353128,
Truss2D,R-NSGA-II,14,56,0.017266636310618977,23435.769584732097,
Truss2D,R-NSGA-II,14,56,0.014975511072403986,26710.9363215034,
Truss2D,R-NSGA-II,14,56,0.012596985567423846,31785.03901979257,
Truss2D,R-NSGA-II,14,56,0.014975505865084674,26710.936324708695,
Truss2D,R-NSGA-II,14,56,0.017495483763150646,22877.60159210619,
Truss2D,R-NSGA-II,14,56,0.014975502610263265,26710.962728440307,
Truss2D,R-NSGA-II,14,56,0.014975502964863684,26710.946629057085,
Truss2D,R-NSGA-II,14,56,0.012320174206925459,32871.634550751354,
Truss2D,R-NSGA-II,14,56,0.01497549944879439,26710.970644634297,
Truss2D,R-NSGA-II,14,56,0.012155398600637503,33512.085179000926,
Truss2D,R-NSGA-II,14,56,0.017915045857021708,22562.78101542759,
Truss2D,R-NSGA-II,14,56,0.014975473586196152,26710.986480024378,
Truss2D,R-NSGA-II,14,56,0.014975466464612031,26711.01155523097,
Truss2D,R-NSGA-II,14,56,0.011942235243989411,33512.24299621215,
Truss2D,R-NSGA-II,14,56,0.01497546644041441,26711.01164120358,
Truss2D,R-NSGA-II,14,56,0.011826204676084737,35129.39035509866,
Truss2D,R-NSGA-II,14,56,0.014975466434784923,26711.011665433383,
Truss2D,R-NSGA-II,14,56,0.018256155658571332,22294.44737424256,
Truss2D,R-NSGA-II,14,56,0.014975464545935293,26711.012620021906,
Truss2D,R-NSGA-II,14,56,0.018411418166828376,22158.658899595623,
Truss2D,R-NSGA-II,14,56,0.014975455886786936,26711.037321674055,
Truss2D,R-NSGA-II,14,56,0.011470660152599801,37092.02884841825,
Truss2D,R-NSGA-II,14,56,0.014975455722388658,26711.03790577136,
Truss2D,R-NSGA-II,14,56,0.018866905005641352,21659.548126933452,
Truss2D,R-NSGA-II,14,56,0.014975452007826351,26711.05110339724,
Truss2D,R-NSGA-II,14,56,0.011389178835410732,51082.95979936878,
Truss2D,R-NSGA-II,14,56,0.014975446162824374,26711.066666479634,
Truss2D,R-NSGA-II,14,56,0.010283148829589521,57842.50702864111,
Truss2D,R-NSGA-II,14,56,0.014975442491013648,26711.08364880592,
Truss2D,R-NSGA-II,15,57,0.014977857399704909,26728.102627142525,
Truss2D,R-NSGA-II,15,57,0.014977857397428336,26728.10263039735,
Truss2D,R-NSGA-II,15,57,0.014977857397340987,26728.102630643352,
Truss2D,R-NSGA-II,15,57,0.014977857396235587,26728.102634434632,
Truss2D,R-NSGA-II,15,57,0.014977857395123336,26728.102638754353,
Truss2D,R-NSGA-II,15,57,0.014977857394959469,26728.102639168756,
Truss2D,R-NSGA-II,15,57,0.014977857393137648,26728.102646385705,
Truss2D,R-NSGA-II,15,57,0.014977857396434851,26728.102631289603,
Truss2D,R-NSGA-II,15,57,0.01497785739428732,26728.102639841312,
Truss2D,R-NSGA-II,15,57,0.014977857391641126,26728.102650038876,
Truss2D,R-NSGA-II,15,57,0.0149778573915333,26728.102650328838,
Truss2D,R-NSGA-II,15,57,0.014977857391532155,26728.10265033303,
Truss2D,R-NSGA-II,15,57,0.014977857391367113,26728.10265093666,
Truss2D,R-NSGA-II,15,57,0.014977857391124623,26728.10265182356,
Truss2D,R-NSGA-II,15,57,0.014977857392065256,26728.102647013846,
Truss2D,R-NSGA-II,15,57,0.014977857389896073,26728.102653096754,
Truss2D,R-NSGA-II,15,57,0.014831437201780142,27132.921839318617,
Truss2D,R-NSGA-II,15,57,0.014977857386509244,26728.102662395937,
Truss2D,R-NSGA-II,15,57,0.015145018040408891,26527.548018856574,
Truss2D,R-NSGA-II,15,57,0.014977857388267124,26728.102654546292,
Truss2D,R-NSGA-II,15,57,0.014977857382864643,26728.10267399022,
Truss2D,R-NSGA-II,15,57,0.014977857383671724,26728.102670199056,
Truss2D,R-NSGA-II,15,57,0.01462347225994189,27365.06090959238,
Truss2D,R-NSGA-II,15,57,0.014977857381862173,26728.102677130926,
Truss2D,R-NSGA-II,15,57,0.01538024376692913,26488.152182272715,
Truss2D,R-NSGA-II,15,57,0.014977857381988743,26728.102676354516,
Truss2D,R-NSGA-II,15,57,0.015557123740965278,25833.301436900183,
Truss2D,R-NSGA-II,15,57,0.014977857381981572,26728.102676373874,
Truss2D,R-NSGA-II,15,57,0.014977857384453487,26728.1026648967,
Truss2D,R-NSGA-II,15,57,0.014403704303776986,27836.05744884202,
Truss2D,R-NSGA-II,15,57,0.014977857373771681,26728.102698931667,
Truss2D,R-NSGA-II,15,57,0.015694749327658908,25703.10853866834,
Truss2D,R-NSGA-II,15,57,0.014977857368686117,26728.10271613388,
Truss2D,R-NSGA-II,15,57,0.014977857370784078,26728.102706879956,
Truss2D,R-NSGA-II,15,57,0.014977857370719012,26728.10270705559,
Truss2D,R-NSGA-II,15,57,0.014182138547288024,28221.122358715504,
Truss2D,R-NSGA-II,15,57,0.014977857370939894,26728.102705242403,
Truss2D,R-NSGA-II,15,57,0.01403957652793563,28653.138968334653,
Truss2D,R-NSGA-II,15,57,0.014977857370939537,26728.102705243367,
Truss2D,R-NSGA-II,15,57,0.015981438376872777,25290.874099629364,
Truss2D,R-NSGA-II,15,57,0.01497785736964032,26728.102709871626,
Truss2D,R-NSGA-II,15,57,0.013775655973463766,29121.833747468998,
Truss2D,R-NSGA-II,15,57,0.014977857371021374,26728.10270377453,
Truss2D,R-NSGA-II,15,57,0.013523671900849908,29666.561922178505,
Truss2D,R-NSGA-II,15,57,0.014977857369223677,26728.102710768937,
Truss2D,R-NSGA-II,15,57,0.016512197300229514,24449.01373952934,
Truss2D,R-NSGA-II,15,57,0.014977857369023056,26728.102711548458,
Truss2D,R-NSGA-II,15,57,0.014977857374890814,26728.102686704595,
Truss2D,R-NSGA-II,15,57,0.013306180946271855,30242.059205796908,
Truss2D,R-NSGA-II,15,57,0.014977857365244778,26728.10272607214,
Truss2D,R-NSGA-II,15,57,0.016810307672291008,24047.398985681237,
Truss2D,R-NSGA-II,15,57,0.014977857365243633,26728.10272607633,
Truss2D,R-NSGA-II,15,57,0.01315866736453837,30754.191219283064,
Truss2D,R-NSGA-II,15,57,0.016988740189961278,23742.787407749594,
Truss2D,R-NSGA-II,15,57,0.014977857365220946,26728.102726159304,
Truss2D,R-NSGA-II,15,57,0.013006001101752568,30973.267590525134,
Truss2D,R-NSGA-II,15,57,0.014977857365146624,26728.102726335663,
Truss2D,R-NSGA-II,15,57,0.014977857364932947,26728.10272641408,
Truss2D,R-NSGA-II,15,57,0.017137500785612762,23718.69306799016,
Truss2D,R-NSGA-II,15,57,0.014977857364700574,26728.102727312347,
Truss2D,R-NSGA-II,15,57,0.0127620770540312,31384.3541828118,
Truss2D,R-NSGA-II,15,57,0.014977857371452335,26728.102698959083,
Truss2D,R-NSGA-II,15,57,0.017349681113401485,23123.76449312182,
Truss2D,R-NSGA-II,15,57,0.014977857365787946,26728.10271817147,
Truss2D,R-NSGA-II,15,57,0.017544114543665768,22903.856288379593,
Truss2D,R-NSGA-II,15,57,0.012512694995835592,32038.755708682373,
Truss2D,R-NSGA-II,15,57,0.014977857365602323,26728.10271867252,
Truss2D,R-NSGA-II,15,57,0.01770417010889084,22827.00770931763,
Truss2D,R-NSGA-II,15,57,0.014977857365338684,26728.10271945764,
Truss2D,R-NSGA-II,15,57,0.014977857337710624,26728.10282377248,
Truss2D,R-NSGA-II,15,57,0.01234042322916992,32560.52081035044,
Truss2D,R-NSGA-II,15,57,0.01497785733756657,26728.10282427484,
Truss2D,R-NSGA-II,15,57,0.012213108086824291,32828.92011938692,
Truss2D,R-NSGA-II,15,57,0.01800685366128079,22772.896605041256,
Truss2D,R-NSGA-II,15,57,0.014977857350192171,26728.102766207405,
Truss2D,R-NSGA-II,15,57,0.014977857352779855,26728.102750460537,
Truss2D,R-NSGA-II,15,57,0.01816406147292919,22217.1240399301,
Truss2D,R-NSGA-II,15,57,0.01497785735094796,26728.102754770673,
Truss2D,R-NSGA-II,15,57,0.011990518309690947,33905.17895841779,
Truss2D,R-NSGA-II,15,57,0.014977857347394145,26728.10276788248,
Truss2D,R-NSGA-II,15,57,0.011746087542515583,37886.30659309241,
Truss2D,R-NSGA-II,15,57,0.014977857347338898,26728.102767970726,
Truss2D,R-NSGA-II,15,57,0.01160102683217383,40061.37453260401,
Truss2D,R-NSGA-II,15,57,0.01497785734711634,26728.102768684403,
Truss2D,R-NSGA-II,15,57,0.02014653856287782,21872.227896985223,
Truss2D,R-NSGA-II,15,57,0.010127388387138558,40205.82348112446,
Truss2D,R-NSGA-II,15,57,0.014977857345857548,26728.10277184233,
Truss2D,R-NSGA-II,15,57,0.02098372964019206,21327.82366929364,
Truss2D,R-NSGA-II,15,57,0.01497785734564834,26728.102772607504,
Truss2D,R-NSGA-II,15,57,0.014977857345379392,26728.10277333347,
Truss2D,R-NSGA-II,15,57,0.010002274963486442,79660.01880366425,
Truss2D,R-NSGA-II,15,57,0.00829709058414618,80472.16000524811,
Truss2D,R-NSGA-II,15,57,0.014977857340080204,26728.10279477606,
Truss2D,R-NSGA-II,15,57,0.014977857345933276,26728.10276968721,
Truss2D,R-NSGA-II,15,57,0.014977857340282008,26728.102793225025,
Truss2D,R-NSGA-II,15,57,0.014977857343924466,26728.10277458299,
Truss2D,R-NSGA-II,15,57,0.014977857328175435,26728.102838885156,
Truss2D,R-NSGA-II,15,57,0.014977857330346768,26728.102829645442,
Truss2D,R-NSGA-II,15,57,0.014977857330524286,26728.10282792332,
Truss2D,R-NSGA-II,15,57,0.014977857327293741,26728.102840457897,
Truss2D,R-NSGA-II,16,58,0.014978348514321407,26733.157954008988,
Truss2D,R-NSGA-II,16,58,0.014978520322884097,26732.634813744236,
Truss2D,R-NSGA-II,16,58,0.014978520322884468,26732.634813743105,
Truss2D,R-NSGA-II,16,58,0.014978520322889592,26732.63481374279,
Truss2D,R-NSGA-II,16,58,0.014978520322895903,26732.634813708177,
Truss2D,R-NSGA-II,16,58,0.014978520322896377,26732.634813706733,
Truss2D,R-NSGA-II,16,58,0.014978520322892954,26732.634813731096,
Truss2D,R-NSGA-II,16,58,0.014978520322893145,26732.63481373084,
Truss2D,R-NSGA-II,16,58,0.014978520322894399,26732.63481372739,
Truss2D,R-NSGA-II,16,58,0.014978520322895195,26732.634813724955,
Truss2D,R-NSGA-II,16,58,0.014978520322895358,26732.634813724097,
Truss2D,R-NSGA-II,16,58,0.014978520322903264,26732.634813701843,
Truss2D,R-NSGA-II,16,58,0.014875334671000759,27052.639096495397,
Truss2D,R-NSGA-II,16,58,0.014978520322906707,26732.63481368364,
Truss2D,R-NSGA-II,16,58,0.01510507832765564,26527.60008114462,
Truss2D,R-NSGA-II,16,58,0.014978520322904212,26732.634813698543,
Truss2D,R-NSGA-II,16,58,0.01497852032290442,26732.634813697907,
Truss2D,R-NSGA-II,16,58,0.014978520322905128,26732.63481369404,
Truss2D,R-NSGA-II,16,58,0.014978520322904499,26732.63481369767,
Truss2D,R-NSGA-II,16,58,0.014786176818090246,27403.594631246535,
Truss2D,R-NSGA-II,16,58,0.015279694522992266,26355.625200234233,
Truss2D,R-NSGA-II,16,58,0.014978520322907876,26732.634813679517,
Truss2D,R-NSGA-II,16,58,0.014978520322905064,26732.63481369559,
Truss2D,R-NSGA-II,16,58,0.014607207174246278,27420.609143242746,
Truss2D,R-NSGA-II,16,58,0.014978520322907906,26732.634813679433,
Truss2D,R-NSGA-II,16,58,0.015416019450862076,26304.51267172373,
Truss2D,R-NSGA-II,16,58,0.014508240513901037,27949.9756491821,
Truss2D,R-NSGA-II,16,58,0.014978520322905592,26732.634813693872,
Truss2D,R-NSGA-II,16,58,0.014978520322921764,26732.634813607372,
Truss2D,R-NSGA-II,16,58,0.015685325109944123,25682.992553360826,
Truss2D,R-NSGA-II,16,58,0.014276538402183148,28115.679259035467,
Truss2D,R-NSGA-II,16,58,0.014978520322917774,26732.634813644392,
Truss2D,R-NSGA-II,16,58,0.01497852032291885,26732.6348136411,
Truss2D,R-NSGA-II,16,58,0.0149785203229288,26732.634813590797,
Truss2D,R-NSGA-II,16,58,0.01579093444633612,25436.225078646898,
Truss2D,R-NSGA-II,16,58,0.014978520322929486,26732.634813588716,
Truss2D,R-NSGA-II,16,58,0.014134742436019861,28403.52103628479,
Truss2D,R-NSGA-II,16,58,0.01497852032292951,26732.63481358864,
Truss2D,R-NSGA-II,16,58,0.013945454284271953,28828.852750874543,
Truss2D,R-NSGA-II,16,58,0.014978520322932978,26732.634813573302,
Truss2D,R-NSGA-II,16,58,0.014978520322932986,26732.634813573277,
Truss2D,R-NSGA-II,16,58,0.014978520322933009,26732.634813573208,
Truss2D,R-NSGA-II,16,58,0.01621985012697181,25189.621280765245,
Truss2D,R-NSGA-II,16,58,0.01497852032293304,26732.634813573106,
Truss2D,R-NSGA-II,16,58,0.013743016313042816,29261.517341534476,
Truss2D,R-NSGA-II,16,58,0.014978520322933054,26732.634813573077,
Truss2D,R-NSGA-II,16,58,0.013698442453233591,29836.222644089274,
Truss2D,R-NSGA-II,16,58,0.01636448544452874,24819.566139653365,
Truss2D,R-NSGA-II,16,58,0.014978520322933312,26732.634813572273,
Truss2D,R-NSGA-II,16,58,0.013520987575420747,29841.45204392254,
Truss2D,R-NSGA-II,16,58,0.014978520322934948,26732.634813567307,
Truss2D,R-NSGA-II,16,58,0.014978520322934948,26732.634813567307,
Truss2D,R-NSGA-II,16,58,0.01657226710477362,24316.394178927738,
Truss2D,R-NSGA-II,16,58,0.016726793150109852,24112.385338723114,
Truss2D,R-NSGA-II,16,58,0.014978520322935132,26732.63481356666,
Truss2D,R-NSGA-II,16,58,0.01325442460633618,30755.589358230158,
Truss2D,R-NSGA-II,16,58,0.01497852032293526,26732.634813566277,
Truss2D,R-NSGA-II,16,58,0.01497852032293533,26732.63481356614,
Truss2D,R-NSGA-II,16,58,0.014978520322935333,26732.63481356613,
Truss2D,R-NSGA-II,16,58,0.013025415815061298,30943.731475490873,
Truss2D,R-NSGA-II,16,58,0.017095793598529717,23452.385518722593,
Truss2D,R-NSGA-II,16,58,0.014978520322935784,26732.634813564757,
Truss2D,R-NSGA-II,16,58,0.012839445841217219,31190.059365273457,
Truss2D,R-NSGA-II,16,58,0.014978520322935972,26732.63481356412,
Truss2D,R-NSGA-II,16,58,0.012731074525746545,31628.51710390527,
Truss2D,R-NSGA-II,16,58,0.014978520322937568,26732.634813559253,
Truss2D,R-NSGA-II,16,58,0.01497852032293855,26732.634813556335,
Truss2D,R-NSGA-II,16,58,0.017440832597051772,22974.28920872225,
Truss2D,R-NSGA-II,16,58,0.014978520322945481,26732.634813535227,
Truss2D,R-NSGA-II,16,58,0.012569836281700894,31886.614554055683,
Truss2D,R-NSGA-II,16,58,0.012370901398428209,32394.13186674714,
Truss2D,R-NSGA-II,16,58,0.01497852032294492,26732.634813539607,
Truss2D,R-NSGA-II,16,58,0.014978520322946175,26732.634813533114,
Truss2D,R-NSGA-II,16,58,0.012326519712645097,33136.68975253781,
Truss2D,R-NSGA-II,16,58,0.017864505267934545,22505.20626241988,
Truss2D,R-NSGA-II,16,58,0.014978520322946214,26732.634813532994,
Truss2D,R-NSGA-II,16,58,0.014978520322946214,26732.634813532994,
Truss2D,R-NSGA-II,16,58,0.012018665086881356,33376.577471112396,
Truss2D,R-NSGA-II,16,58,0.01816048440893534,22391.46018614916,
Truss2D,R-NSGA-II,16,58,0.014978520322944545,26732.634813553144,
Truss2D,R-NSGA-II,16,58,0.014978520322962315,26732.634813471206,
Truss2D,R-NSGA-II,16,58,0.011909466347185779,33999.12515518883,
Truss2D,R-NSGA-II,16,58,0.018467198934361252,22318.48918783746,
Truss2D,R-NSGA-II,16,58,0.014978520322962494,26732.63481347066,
Truss2D,R-NSGA-II,16,58,0.014978520322962667,26732.63481347013,
Truss2D,R-NSGA-II,16,58,0.011468811410446568,37107.8662110648,
Truss2D,R-NSGA-II,16,58,0.01896276483204376,21481.93705247765,
Truss2D,R-NSGA-II,16,58,0.014978520322964671,26732.634813464043,
Truss2D,R-NSGA-II,16,58,0.01088931382281031,38142.71628511772,
Truss2D,R-NSGA-II,16,58,0.014978520322958577,26732.634813503068,
Truss2D,R-NSGA-II,16,58,0.014978520322958586,26732.634813503053,
Truss2D,R-NSGA-II,16,58,0.019786040872069567,20527.040892238238,
Truss2D,R-NSGA-II,16,58,0.010592441977823174,42895.85047400422,
Truss2D,R-NSGA-II,16,58,0.014978520322958684,26732.634813502747,
Truss2D,R-NSGA-II,16,58,0.01497852032297035,26732.634813462166,
Truss2D,R-NSGA-II,16,58,0.010322316345948107,47202.77011330646,
Truss2D,R-NSGA-II,16,58,0.010052182610452449,82094.73429682321,
Truss2D,R-NSGA-II,16,58,0.014978520322970472,26732.6348134618,
Truss2D,R-NSGA-II,16,58,0.01497852032297144,26732.634813459696,
Truss2D,R-NSGA-II,16,58,0.014978520322971475,26732.634813459583,
Truss2D,R-NSGA-II,17,59,0.014977695814806154,26711.80399342629,
Truss2D,R-NSGA-II,17,59,0.01497768493780471,26711.805438388943,
Truss2D,R-NSGA-II,17,59,0.014977702573760843,26711.75416254795,
Truss2D,R-NSGA-II,17,59,0.014977707354627091,26711.740262422634,
Truss2D,R-NSGA-II,17,59,0.01497589141169895,26712.248743584736,
Truss2D,R-NSGA-II,17,59,0.014975900793948102,26712.216719788747,
Truss2D,R-NSGA-II,17,59,0.01497599584211742,26711.87825784389,
Truss2D,R-NSGA-II,17,59,0.014975780227038096,26712.315606890574,
Truss2D,R-NSGA-II,17,59,0.014975752402483836,26712.315849024613,
Truss2D,R-NSGA-II,17,59,0.014975748729534673,26712.32331774948,
Truss2D,R-NSGA-II,17,59,0.01497574509827822,26712.327210440024,
Truss2D,R-NSGA-II,17,59,0.014975726355491641,26712.376840054563,
Truss2D,R-NSGA-II,17,59,0.014975732612326481,26712.32898082075,
Truss2D,R-NSGA-II,17,59,0.01497570690678272,26712.39765819993,
Truss2D,R-NSGA-II,17,59,0.014975699272170533,26712.403299146437,
Truss2D,R-NSGA-II,17,59,0.014975665678307175,26712.43664656808,
Truss2D,R-NSGA-II,17,59,0.014879704916844688,26996.09318791755,
Truss2D,R-NSGA-II,17,59,0.014975648259533864,26712.45554671805,
Truss2D,R-NSGA-II,17,59,0.015098200261611728,26624.818510789646,
Truss2D,R-NSGA-II,17,59,0.014975651919672827,26712.442383221107,
Truss2D,R-NSGA-II,17,59,0.014975640250951603,26712.466468066475,
Truss2D,R-NSGA-II,17,59,0.014975558488219005,26712.73256785257,
Truss2D,R-NSGA-II,17,59,0.014975557140407943,26712.736103258725,
Truss2D,R-NSGA-II,17,59,0.014975557474909376,26712.734881537785,
Truss2D,R-NSGA-II,17,59,0.014657867382157632,27319.616254895594,
Truss2D,R-NSGA-II,17,59,0.015320138083036361,26475.2476264935,
Truss2D,R-NSGA-II,17,59,0.014975556972899103,26712.73666094332,
Truss2D,R-NSGA-II,17,59,0.014975556987392865,26712.73660685523,
Truss2D,R-NSGA-II,17,59,0.014975555610209426,26712.74135138283,
Truss2D,R-NSGA-II,17,59,0.014975556364226213,26712.738419213714,
Truss2D,R-NSGA-II,17,59,0.014975605608302137,26712.56453890291,
Truss2D,R-NSGA-II,17,59,0.014539905628368856,27721.439750397196,
Truss2D,R-NSGA-II,17,59,0.01497555366568994,26712.746208801687,
Truss2D,R-NSGA-II,17,59,0.015447576188370452,25983.14664057369,
Truss2D,R-NSGA-II,17,59,0.014975625456819453,26712.492732590326,
Truss2D,R-NSGA-II,17,59,0.01557265813203542,25759.5792391681,
Truss2D,R-NSGA-II,17,59,0.014975622614260813,26712.49849421011,
Truss2D,R-NSGA-II,17,59,0.014975622593678906,26712.498554068112,
Truss2D,R-NSGA-II,17,59,0.01420297685140965,28253.64271696807,
Truss2D,R-NSGA-II,17,59,0.015802604733936857,25551.133062946334,
Truss2D,R-NSGA-II,17,59,0.01497561166996324,26712.53263095194,
Truss2D,R-NSGA-II,17,59,0.014975612551965334,26712.529532242523,
Truss2D,R-NSGA-II,17,59,0.014025176354326915,28551.553275883143,
Truss2D,R-NSGA-II,17,59,0.0149756125042358,26712.52967851659,
Truss2D,R-NSGA-II,17,59,0.014975571308985393,26712.658661927046,
Truss2D,R-NSGA-II,17,59,0.01604373318523456,25251.936236743615,
Truss2D,R-NSGA-II,17,59,0.013945384794216316,28973.633520239255,
Truss2D,R-NSGA-II,17,59,0.014975571331820696,26712.658581113865,
Truss2D,R-NSGA-II,17,59,0.01497557812758691,26712.63453120581,
Truss2D,R-NSGA-II,17,59,0.014975581764751791,26712.620909611087,
Truss2D,R-NSGA-II,17,59,0.014975579949378977,26712.62609125073,
Truss2D,R-NSGA-II,17,59,0.013731116019004386,29183.688571467897,
Truss2D,R-NSGA-II,17,59,0.01497556250626543,26712.67812848437,
Truss2D,R-NSGA-II,17,59,0.01497556135689061,26712.680502291194,
Truss2D,R-NSGA-II,17,59,0.016281438586353017,24570.875698221203,
Truss2D,R-NSGA-II,17,59,0.013545616240555225,29645.479127945237,
Truss2D,R-NSGA-II,17,59,0.014975561190467623,26712.681091255068,
Truss2D,R-NSGA-II,17,59,0.016463821544263763,24510.215400916728,
Truss2D,R-NSGA-II,17,59,0.0149755389844364,26712.747620151647,
Truss2D,R-NSGA-II,17,59,0.01497553373819421,26712.753182244967,
Truss2D,R-NSGA-II,17,59,0.013437400942952328,29780.46276541855,
Truss2D,R-NSGA-II,17,59,0.014975530656132408,26712.76390692858,
Truss2D,R-NSGA-II,17,59,0.016665666756171163,24335.129561998478,
Truss2D,R-NSGA-II,17,59,0.01497552998689758,26712.766275329315,
Truss2D,R-NSGA-II,17,59,0.014975492621861725,26712.89274490504,
Truss2D,R-NSGA-II,17,59,0.016801677909127632,23995.97229346546,
Truss2D,R-NSGA-II,17,59,0.014975582201255267,26712.567904518986,
Truss2D,R-NSGA-II,17,59,0.013160072797545311,30419.90888359025,
Truss2D,R-NSGA-II,17,59,0.014975451380250835,26713.04110618239,
Truss2D,R-NSGA-II,17,59,0.016922673127046386,23747.08047736689,
Truss2D,R-NSGA-II,17,59,0.012987616348600586,30806.653545219255,
Truss2D,R-NSGA-II,17,59,0.014975446015643892,26713.06009176407,
Truss2D,R-NSGA-II,17,59,0.014975493141516081,26712.876159130217,
Truss2D,R-NSGA-II,17,59,0.01706197618244216,23626.94016332449,
Truss2D,R-NSGA-II,17,59,0.012893553891076482,31144.614234559736,
Truss2D,R-NSGA-II,17,59,0.014975486094373302,26712.900087717557,
Truss2D,R-NSGA-II,17,59,0.01497548562652819,26712.900832457944,
Truss2D,R-NSGA-II,17,59,0.017214378503927954,23461.169984426077,
Truss2D,R-NSGA-II,17,59,0.01497548377904669,26712.906821649496,
Truss2D,R-NSGA-II,17,59,0.012719967499940843,31662.328614202866,
Truss2D,R-NSGA-II,17,59,0.01497548377032933,26712.906852500197,
Truss2D,R-NSGA-II,17,59,0.017440988882275757,23085.225037642645,
Truss2D,R-NSGA-II,17,59,0.012556658988765818,31977.742190586137,
Truss2D,R-NSGA-II,17,59,0.01497548338078436,26712.908231773625,
Truss2D,R-NSGA-II,17,59,0.01243741775955141,32449.584536481023,
Truss2D,R-NSGA-II,17,59,0.014975483379723322,26712.908234859562,
Truss2D,R-NSGA-II,17,59,0.017681746452384055,22673.716084872405,
Truss2D,R-NSGA-II,17,59,0.014975483379712926,26712.908234889797,
Truss2D,R-NSGA-II,17,59,0.017880764980798707,22503.99242196559,
Truss2D,R-NSGA-II,17,59,0.014975481687061663,26712.913157826748,
Truss2D,R-NSGA-II,17,59,0.012217953983534858,33050.13083574926,
Truss2D,R-NSGA-II,17,59,0.014975481865301636,26712.909615097902,
Truss2D,R-NSGA-II,17,59,0.012175651511229992,34239.93199011269,
Truss2D,R-NSGA-II,17,59,0.014975409197031988,26713.170769640106,
Truss2D,R-NSGA-II,17,59,0.014975283585730012,26713.67404624493,
Truss2D,R-NSGA-II,17,59,0.018188685381772776,22192.69962360823,
Truss2D,R-NSGA-II,17,59,0.014975279021499853,26713.691101901357,
Truss2D,R-NSGA-II,17,59,0.018704702358993415,21913.48884016811,
Truss2D,R-NSGA-II,17,59,0.014975246312448395,26713.806867273805,
Truss2D,R-NSGA-II,17,59,0.011109592150462467,37938.53012715018,
Truss2D,R-NSGA-II,18,60,0.014980909545327475,26746.800305464974,
Truss2D,R-NSGA-II,18,60,0.014980909545781896,26746.800303987235,
Truss2D,R-NSGA-II,18,60,0.01498090954590562,26746.80030361748,
Truss2D,R-NSGA-II,18,60,0.014980909545942812,26746.80030343294,
Truss2D,R-NSGA-II,18,60,0.014980909546073843,26746.800302819705,
Truss2D,R-NSGA-II,18,60,0.01498090954599372,26746.8003033136,
Truss2D,R-NSGA-II,18,60,0.014980909545995447,26746.800303307642,
Truss2D,R-NSGA-II,18,60,0.014980909545996337,26746.800303304575,
Truss2D,R-NSGA-II,18,60,0.014980909546001581,26746.800303285916,
Truss2D,R-NSGA-II,18,60,0.014980909546012628,26746.80030324838,
Truss2D,R-NSGA-II,18,60,0.014980909546241832,26746.800302275773,
Truss2D,R-NSGA-II,18,60,0.014980909546681149,26746.800301009,
Truss2D,R-NSGA-II,18,60,0.01498090954668595,26746.80030099409,
Truss2D,R-NSGA-II,18,60,0.014980909546851013,26746.800300382136,
Truss2D,R-NSGA-II,18,60,0.014980909546907567,26746.800300263556,
Truss2D,R-NSGA-II,18,60,0.015088847101827021,26680.536835661173,
Truss2D,R-NSGA-II,18,60,0.014980909546984125,26746.800299995342,
Truss2D,R-NSGA-II,18,60,0.014980909547081544,26746.80029959475,
Truss2D,R-NSGA-II,18,60,0.015177427838744591,26407.989767949555,
Truss2D,R-NSGA-II,18,60,0.014980909547442417,26746.800298350005,
Truss2D,R-NSGA-II,18,60,0.014980909547585948,26746.80029763957,
Truss2D,R-NSGA-II,18,60,0.014760312870125844,27214.89800520804,
Truss2D,R-NSGA-II,18,60,0.014980909547348875,26746.800299551836,
Truss2D,R-NSGA-II,18,60,0.014659405260153871,27495.190145857443,
Truss2D,R-NSGA-II,18,60,0.014980909547399003,26746.80029939626,
Truss2D,R-NSGA-II,18,60,0.015337215495903122,26230.345979079728,
Truss2D,R-NSGA-II,18,60,0.014980909548124751,26746.800295918936,
Truss2D,R-NSGA-II,18,60,0.014431667554341505,27730.064855028813,
Truss2D,R-NSGA-II,18,60,0.014980909548176073,26746.800295748228,
Truss2D,R-NSGA-II,18,60,0.014980909548195129,26746.80029574593,
Truss2D,R-NSGA-II,18,60,0.01562781717198531,25825.54024028982,
Truss2D,R-NSGA-II,18,60,0.014303389846075758,28021.783910109196,
Truss2D,R-NSGA-II,18,60,0.014980909547948944,26746.80029724428,
Truss2D,R-NSGA-II,18,60,0.01498090954823513,26746.800295607958,
Truss2D,R-NSGA-II,18,60,0.015846481426705757,25338.054774909902,
Truss2D,R-NSGA-II,18,60,0.014042620275244565,28526.177454707256,
Truss2D,R-NSGA-II,18,60,0.014980909547986353,26746.800297124988,
Truss2D,R-NSGA-II,18,60,0.014980909547994258,26746.80029710044,
Truss2D,R-NSGA-II,18,60,0.013899047692776648,28823.759515763373,
Truss2D,R-NSGA-II,18,60,0.014980909548334951,26746.800295200785,
Truss2D,R-NSGA-II,18,60,0.01616299319468688,24878.34705445777,
Truss2D,R-NSGA-II,18,60,0.014980909548452222,26746.80029489999,
Truss2D,R-NSGA-II,18,60,0.014980909548453018,26746.800294897515,
Truss2D,R-NSGA-II,18,60,0.013620355040111044,29407.9569579748,
Truss2D,R-NSGA-II,18,60,0.014980909548717898,26746.800294649885,
Truss2D,R-NSGA-II,18,60,0.01641885511263723,24521.045143606243,
Truss2D,R-NSGA-II,18,60,0.014980909549059082,26746.80029263597,
Truss2D,R-NSGA-II,18,60,0.013490789535791057,29861.566501354653,
Truss2D,R-NSGA-II,18,60,0.01498090954873396,26746.800294623197,
Truss2D,R-NSGA-II,18,60,0.016635962646147896,24379.794257662466,
Truss2D,R-NSGA-II,18,60,0.0149809095487729,26746.80029445703,
Truss2D,R-NSGA-II,18,60,0.014980909548777701,26746.800294442135,
Truss2D,R-NSGA-II,18,60,0.013292575435289972,30200.258475352766,
Truss2D,R-NSGA-II,18,60,0.016750794432715543,23978.810683028667,
Truss2D,R-NSGA-II,18,60,0.014980909548703727,26746.80029489564,
Truss2D,R-NSGA-II,18,60,0.014980909548863903,26746.800293972377,
Truss2D,R-NSGA-II,18,60,0.012983583964931756,30941.32624081843,
Truss2D,R-NSGA-II,18,60,0.014980909548888845,26746.800293886354,
Truss2D,R-NSGA-II,18,60,0.01716530396795763,23694.881811530682,
Truss2D,R-NSGA-II,18,60,0.014980909548947043,26746.80029368561,
Truss2D,R-NSGA-II,18,60,0.014980909549462178,26746.800291702228,
Truss2D,R-NSGA-II,18,60,0.012786383220005772,31378.16163606031,
Truss2D,R-NSGA-II,18,60,0.017480422073460844,23206.067434081797,
Truss2D,R-NSGA-II,18,60,0.014980909549700348,26746.80029062687,
Truss2D,R-NSGA-II,18,60,0.012539843164320046,32057.196735044356,
Truss2D,R-NSGA-II,18,60,0.014980909549876811,26746.8002900182,
Truss2D,R-NSGA-II,18,60,0.014980909549880949,26746.800290003932,
Truss2D,R-NSGA-II,18,60,0.014980909549898794,26746.800289954946,
Truss2D,R-NSGA-II,18,60,0.017638727724161897,22754.129853925893,
Truss2D,R-NSGA-II,18,60,0.012294069284945695,32903.682578395856,
Truss2D,R-NSGA-II,18,60,0.014980909550064012,26746.800289940013,
Truss2D,R-NSGA-II,18,60,0.01498090955047732,26746.80028861572,
Truss2D,R-NSGA-II,18,60,0.017885840706345885,22383.22946072705,
Truss2D,R-NSGA-II,18,60,0.014980909550975523,26746.800286332113,
Truss2D,R-NSGA-II,18,60,0.012134888461750547,33007.789925502475,
Truss2D,R-NSGA-II,18,60,0.01809962060263708,22366.947080719776,
Truss2D,R-NSGA-II,18,60,0.014980909550997503,26746.80028626886,
Truss2D,R-NSGA-II,18,60,0.014980909551030524,26746.80028613926,
Truss2D,R-NSGA-II,18,60,0.011957962895894722,33492.74671318661,
Truss2D,R-NSGA-II,18,60,0.01822793176293585,22053.905347941203,
Truss2D,R-NSGA-II,18,60,0.014980909550779981,26746.80028770656,
Truss2D,R-NSGA-II,18,60,0.011830910018285363,34070.67726379084,
Truss2D,R-NSGA-II,18,60,0.014980909550784668,26746.800287692004,
Truss2D,R-NSGA-II,18,60,0.014980909551747414,26746.80028420005,
Truss2D,R-NSGA-II,18,60,0.011677657096381638,34613.51577120177,
Truss2D,R-NSGA-II,18,60,0.014980909551897284,26746.800283863195,
Truss2D,R-NSGA-II,18,60,0.018641788789250352,21470.858858359225,
Truss2D,R-NSGA-II,18,60,0.014980909551901973,26746.80028384864,
Truss2D,R-NSGA-II,18,60,0.011422615881101633,35557.32156149548,
Truss2D,R-NSGA-II,18,60,0.01498090955350729,26746.800282208274,
Truss2D,R-NSGA-II,18,60,0.0188982143393865,21350.194890710383,
Truss2D,R-NSGA-II,18,60,0.019163968338891203,21020.99710300857,
Truss2D,R-NSGA-II,18,60,0.014980909554789042,26746.80027709527,
Truss2D,R-NSGA-II,18,60,0.01055940381745913,38915.57215837427,
Truss2D,R-NSGA-II,18,60,0.014980909556453034,26746.800271414537,
Truss2D,R-NSGA-II,18,60,0.014980909556212969,26746.800272951066,
Truss2D,R-NSGA-II,18,60,0.0149809095561118,26746.80027381982,
Truss2D,R-NSGA-II,18,60,0.010434196420258599,39767.93401158616,
Truss2D,R-NSGA-II,18,60,0.010207703136144138,75326.08854501786,
Truss2D,R-NSGA-II,18,60,0.014980909556723598,26746.80027132864,
Truss2D,R-NSGA-II,19,61,0.014977416300961978,26709.953682746425,
Truss2D,R-NSGA-II,19,61,0.014974289032959921,26716.20236468506,
Truss2D,R-NSGA-II,19,61,0.014975824813197801,26711.060429999252,
Truss2D,R-NSGA-II,19,61,0.014975835691509377,26711.02437534711,
Truss2D,R-NSGA-II,19,61,0.014975833995324022,26711.027813921188,
Truss2D,R-NSGA-II,19,61,0.0149758340603386,26711.027649694362,
Truss2D,R-NSGA-II,19,61,0.014975834895741579,26711.02527574017,
Truss2D,R-NSGA-II,19,61,0.014975837190048311,26711.016893267974,
Truss2D,R-NSGA-II,19,61,0.01497583947595494,26711.011377522398,
Truss2D,R-NSGA-II,19,61,0.01487460720297418,26952.35549923661,
Truss2D,R-NSGA-II,19,61,0.014975839476126445,26711.011376913193,
Truss2D,R-NSGA-II,19,61,0.014975839498021032,26711.01122010895,
Truss2D,R-NSGA-II,19,61,0.015132992456541603,26629.87092548654,
Truss2D,R-NSGA-II,19,61,0.014975839514427951,26711.011161829607,
Truss2D,R-NSGA-II,19,61,0.014975839534036226,26711.01109217866,
Truss2D,R-NSGA-II,19,61,0.014975839555067995,26711.01101747129,
Truss2D,R-NSGA-II,19,61,0.014975841857231659,26711.003678755547,
Truss2D,R-NSGA-II,19,61,0.015254070516988481,26425.835814499987,
Truss2D,R-NSGA-II,19,61,0.014975839561803584,26711.00638285142,
Truss2D,R-NSGA-II,19,61,0.01470081797070285,27542.464847050363,
Truss2D,R-NSGA-II,19,61,0.015416464591660711,26103.280907211236,
Truss2D,R-NSGA-II,19,61,0.014975845322059766,26710.980877031936,
Truss2D,R-NSGA-II,19,61,0.01454592446293856,27639.2648743072,
Truss2D,R-NSGA-II,19,61,0.014975850473456141,26710.969495869056,
Truss2D,R-NSGA-II,19,61,0.01444847723996115,27986.053856874394,
Truss2D,R-NSGA-II,19,61,0.014975850823109045,26710.968253864357,
Truss2D,R-NSGA-II,19,61,0.01497585731927805,26710.947918164682,
Truss2D,R-NSGA-II,19,61,0.015617711889920106,25785.257700181945,
Truss2D,R-NSGA-II,19,61,0.014975858799792257,26710.942029454152,
Truss2D,R-NSGA-II,19,61,0.014331946864323639,28086.086194363113,
Truss2D,R-NSGA-II,19,61,0.014975859141792391,26710.941043691477,
Truss2D,R-NSGA-II,19,61,0.015716436960545154,25524.565304611195,
Truss2D,R-NSGA-II,19,61,0.014975859856373145,26710.93898402295,
Truss2D,R-NSGA-II,19,61,0.014226829272016486,28275.8437026078,
Truss2D,R-NSGA-II,19,61,0.015883924278167247,25387.2677958225,
Truss2D,R-NSGA-II,19,61,0.014975860756791387,26710.936445853327,
Truss2D,R-NSGA-II,19,61,0.014973966453286795,26717.69905918465,
Truss2D,R-NSGA-II,19,61,0.014975966146492208,26710.580137513087,
Truss2D,R-NSGA-II,19,61,0.014034902615063068,28831.314635777388,
Truss2D,R-NSGA-II,19,61,0.014975971413871183,26710.56869878711,
Truss2D,R-NSGA-II,19,61,0.01497526870362121,26711.7704441118,
Truss2D,R-NSGA-II,19,61,0.016071867886187072,24938.871918430345,
Truss2D,R-NSGA-II,19,61,0.014975271772683941,26711.75947163767,
Truss2D,R-NSGA-II,19,61,0.013903759576059384,29058.786002374996,
Truss2D,R-NSGA-II,19,61,0.014975271844762786,26711.75921339295,
Truss2D,R-NSGA-II,19,61,0.014975180090501347,26711.964206015193,
Truss2D,R-NSGA-II,19,61,0.016257577203301093,24826.422942626756,
Truss2D,R-NSGA-II,19,61,0.013689702236136471,29269.98623039567,
Truss2D,R-NSGA-II,19,61,0.014975182482526574,26711.947340725754,
Truss2D,R-NSGA-II,19,61,0.014975207099508375,26711.8721069314,
Truss2D,R-NSGA-II,19,61,0.016344831467637693,24551.279535856407,
Truss2D,R-NSGA-II,19,61,0.013566842313388545,29583.638412455264,
Truss2D,R-NSGA-II,19,61,0.014975190002870377,26711.913650830713,
Truss2D,R-NSGA-II,19,61,0.014975227254967027,26711.799522121586,
Truss2D,R-NSGA-II,19,61,0.016481752352863185,24477.615945302954,
Truss2D,R-NSGA-II,19,61,0.013393675482481004,30035.880024094422,
Truss2D,R-NSGA-II,19,61,0.014975122626338544,26712.033258586922,
Truss2D,R-NSGA-II,19,61,0.014975124509924078,26712.02650989212,
Truss2D,R-NSGA-II,19,61,0.016697148847328647,24245.140153132263,
Truss2D,R-NSGA-II,19,61,0.016856316908940745,24111.338497408844,
Truss2D,R-NSGA-II,19,61,0.01497529650369214,26711.543564480904,
Truss2D,R-NSGA-II,19,61,0.014975276280919946,26711.544972533957,
Truss2D,R-NSGA-II,19,61,0.013170835384585437,30675.776680800576,
Truss2D,R-NSGA-II,19,61,0.014975276390529584,26711.544583177536,
Truss2D,R-NSGA-II,19,61,0.017009034860470847,23581.43643058922,
Truss2D,R-NSGA-II,19,61,0.013022693619506049,30730.174877440186,
Truss2D,R-NSGA-II,19,61,0.014975456307007872,26711.07678150749,
Truss2D,R-NSGA-II,19,61,0.014975455182084565,26711.07727122528,
Truss2D,R-NSGA-II,19,61,0.01713373180578802,23392.85584838118,
Truss2D,R-NSGA-II,19,61,0.014975441628188287,26711.101148214555,
Truss2D,R-NSGA-II,19,61,0.012909075697746537,31092.285453080738,
Truss2D,R-NSGA-II,19,61,0.01497543624579041,26711.11354589478,
Truss2D,R-NSGA-II,19,61,0.017336928058871548,23198.07918384281,
Truss2D,R-NSGA-II,19,61,0.014975441039195733,26711.101650059474,
Truss2D,R-NSGA-II,19,61,0.012733251527591676,31553.273928955394,
Truss2D,R-NSGA-II,19,61,0.014975435918712816,26711.113818924085,
Truss2D,R-NSGA-II,19,61,0.014975439313046488,26711.102557022397,
Truss2D,R-NSGA-II,19,61,0.014975407350838327,26711.167273693954,
Truss2D,R-NSGA-II,19,61,0.012627292280427783,31697.608281702767,
Truss2D,R-NSGA-II,19,61,0.014975414388771747,26711.12969108769,
Truss2D,R-NSGA-II,19,61,0.014975414232484887,26711.13000095558,
Truss2D,R-NSGA-II,19,61,0.017506530798857726,23073.986205931673,
Truss2D,R-NSGA-II,19,61,0.014975412915357526,26711.130537640296,
Truss2D,R-NSGA-II,19,61,0.017618413507109888,22814.88892555398,
Truss2D,R-NSGA-II,19,61,0.012282769382664774,32589.72017232641,
Truss2D,R-NSGA-II,19,61,0.014975388851770162,26711.17453613886,
Truss2D,R-NSGA-II,19,61,0.018103860304091807,22506.405736939894,
Truss2D,R-NSGA-II,19,61,0.01497500327586837,26712.120725395915,
Truss2D,R-NSGA-II,19,61,0.014974994054781948,26712.126715430928,
Truss2D,R-NSGA-II,19,61,0.012093046092358502,33318.10006867119,
Truss2D,R-NSGA-II,19,61,0.011623703021795169,36436.561141692924,
Truss2D,R-NSGA-II,19,61,0.014974956302349074,26712.241540328705,
Truss2D,R-NSGA-II,19,61,0.014975017684651622,26712.042050801458,
Truss2D,R-NSGA-II,19,61,0.011426492975470636,37934.93157306734,
Truss2D,R-NSGA-II,19,61,0.01497479065215259,26712.2533814086,
Truss2D,R-NSGA-II,19,61,0.011172265782081943,42578.49177270665,
Truss2D,R-NSGA-II,19,61,0.020557880916499856,20992.767068011835,
Truss2D,R-NSGA-II,19,61,0.014974763769661552,26712.335626581113,
Truss2D,R-NSGA-II,19,61,0.010443769933678203,51012.533091540456,
Truss2D,R-NSGA-II,19,61,0.01497477258532208,26712.30571918765,
Truss2D,R-NSGA-II,20,62,0.014984022697126401,26771.674515340677,
Truss2D,R-NSGA-II,20,62,0.014984022793328635,26771.6741570571,
Truss2D,R-NSGA-II,20,62,0.014984022878227195,26771.6739385923,
Truss2D,R-NSGA-II,20,62,0.014984022924411455,26771.673821533914,
Truss2D,R-NSGA-II,20,62,0.014984043547355521,26771.620892983603,
Truss2D,R-NSGA-II,20,62,0.01498404354941241,26771.62088502686,
Truss2D,R-NSGA-II,20,62,0.014984043550262584,26771.62088190549,
Truss2D,R-NSGA-II,20,62,0.014984043550037695,26771.620883470834,
Truss2D,R-NSGA-II,20,62,0.014859863382716635,27097.551935004052,
Truss2D,R-NSGA-II,20,62,0.01498404356011717,26771.620858175003,
Truss2D,R-NSGA-II,20,62,0.014984043559440795,26771.620862238055,
Truss2D,R-NSGA-II,20,62,0.015170418287512154,26665.928140001848,
Truss2D,R-NSGA-II,20,62,0.01498404355999912,26771.620860540013,
Truss2D,R-NSGA-II,20,62,0.01498404356234786,26771.62085115993,
Truss2D,R-NSGA-II,20,62,0.014984043567403496,26771.62084581107,
Truss2D,R-NSGA-II,20,62,0.01498404356715666,26771.62084815636,
Truss2D,R-NSGA-II,20,62,0.015340128313127126,26575.928082843293,
Truss2D,R-NSGA-II,20,62,0.014590514129411342,27450.79052383393,
Truss2D,R-NSGA-II,20,62,0.014984043568119134,26771.62084455374,
Truss2D,R-NSGA-II,20,62,0.014984043572493097,26771.620836428465,
Truss2D,R-NSGA-II,20,62,0.014984043576367349,26771.620819108175,
Truss2D,R-NSGA-II,20,62,0.014984043577030263,26771.620816626837,
Truss2D,R-NSGA-II,20,62,0.014514073076779342,28077.179760255385,
Truss2D,R-NSGA-II,20,62,0.014984043575738359,26771.62082781507,
Truss2D,R-NSGA-II,20,62,0.014984043579326659,26771.620812055517,
Truss2D,R-NSGA-II,20,62,0.015643168093209626,25681.28935308372,
Truss2D,R-NSGA-II,20,62,0.014250499732365206,28080.572503131283,
Truss2D,R-NSGA-II,20,62,0.014984043582077245,26771.620797735613,
Truss2D,R-NSGA-II,20,62,0.014984043602846983,26771.620680337546,
Truss2D,R-NSGA-II,20,62,0.014984043606436905,26771.620673191723,
Truss2D,R-NSGA-II,20,62,0.014984043609637034,26771.620660006676,
Truss2D,R-NSGA-II,20,62,0.014984043609911669,26771.620658634623,
Truss2D,R-NSGA-II,20,62,0.015848230670867738,25427.927852556077,
Truss2D,R-NSGA-II,20,62,0.015998955212653328,25340.007405946355,
Truss2D,R-NSGA-II,20,62,0.014984043609912352,26771.620658632055,
Truss2D,R-NSGA-II,20,62,0.014984043609291266,26771.620662507637,
Truss2D,R-NSGA-II,20,62,0.013974626081805976,28847.044203921258,
Truss2D,R-NSGA-II,20,62,0.014984043609304196,26771.62066245924,
Truss2D,R-NSGA-II,20,62,0.01616376555756109,25040.183690981623,
Truss2D,R-NSGA-II,20,62,0.014984043609909719,26771.620659496002,
Truss2D,R-NSGA-II,20,62,0.014984043611972827,26771.6206559379,
Truss2D,R-NSGA-II,20,62,0.01628969516746538,24690.450549743033,
Truss2D,R-NSGA-II,20,62,0.014984043612954592,26771.620655266855,
Truss2D,R-NSGA-II,20,62,0.013682389919065226,29410.597077830458,
Truss2D,R-NSGA-II,20,62,0.014984043613397311,26771.6206535417,
Truss2D,R-NSGA-II,20,62,0.016502142446521664,24358.859969455374,
Truss2D,R-NSGA-II,20,62,0.014984043594285245,26771.620775082974,
Truss2D,R-NSGA-II,20,62,0.014984043593695793,26771.62077917952,
Truss2D,R-NSGA-II,20,62,0.013411325624457817,30012.837918272446,
Truss2D,R-NSGA-II,20,62,0.016645728354640968,24287.933691501632,
Truss2D,R-NSGA-II,20,62,0.014984043617909698,26771.6206497741,
Truss2D,R-NSGA-II,20,62,0.013266680823570375,30539.707781830755,
Truss2D,R-NSGA-II,20,62,0.014984043624408031,26771.62064820408,
Truss2D,R-NSGA-II,20,62,0.013083408483167809,30623.910899611605,
Truss2D,R-NSGA-II,20,62,0.014984043625527906,26771.62064612031,
Truss2D,R-NSGA-II,20,62,0.014984043628090301,26771.62063198836,
Truss2D,R-NSGA-II,20,62,0.0169516107477418,23740.9402863496,
Truss2D,R-NSGA-II,20,62,0.014984043629239297,26771.620627687586,
Truss2D,R-NSGA-II,20,62,0.012912056788374766,31071.670304187253,
Truss2D,R-NSGA-II,20,62,0.014984043627143253,26771.620641267058,
Truss2D,R-NSGA-II,20,62,0.017173122865859418,23554.525178877644,
Truss2D,R-NSGA-II,20,62,0.014984043636909618,26771.620618778776,
Truss2D,R-NSGA-II,20,62,0.012549040592543024,31927.47654998891,
Truss2D,R-NSGA-II,20,62,0.014984043647245322,26771.620598437617,
Truss2D,R-NSGA-II,20,62,0.014984043649939313,26771.620595257707,
Truss2D,R-NSGA-II,20,62,0.012380284879407451,32382.804631595274,
Truss2D,R-NSGA-II,20,62,0.017682502659839824,22845.245200582624,
Truss2D,R-NSGA-II,20,62,0.014984043652328884,26771.620592231175,
Truss2D,R-NSGA-II,20,62,0.012164539389400427,33211.91345835324,
Truss2D,R-NSGA-II,20,62,0.014984043652886487,26771.620592205498,
Truss2D,R-NSGA-II,20,62,0.014984043657716037,26771.62058391722,
Truss2D,R-NSGA-II,20,62,0.01795770095181278,22389.3782555727,
Truss2D,R-NSGA-II,20,62,0.014984043668019,26771.620578845057,
Truss2D,R-NSGA-II,20,62,0.01203390585121943,33502.14211271027,
Truss2D,R-NSGA-II,20,62,0.014984043668302114,26771.6205786787,
Truss2D,R-NSGA-II,20,62,0.01829919157447919,22234.990751182377,
Truss2D,R-NSGA-II,20,62,0.014984043684958953,26771.620575715657,
Truss2D,R-NSGA-II,20,62,0.014984043688323605,26771.62057431119,
Truss2D,R-NSGA-II,20,62,0.011793267736464962,34676.61886451754,
Truss2D,R-NSGA-II,20,62,0.014984043688990093,26771.620573346958,
Truss2D,R-NSGA-II,20,62,0.018841545487377022,22146.63177345021,
Truss2D,R-NSGA-II,20,62,0.011259830360197879,35759.82367196022,
Truss2D,R-NSGA-II,20,62,0.014984043692855248,26771.620558820443,
Truss2D,R-NSGA-II,20,62,0.019048968084975103,22100.028079888936,
Truss2D,R-NSGA-II,20,62,0.014984043721925628,26771.620535115697,
Truss2D,R-NSGA-II,20,62,0.019212102391978444,21831.00663637492,
Truss2D,R-NSGA-II,20,62,0.014984043774374647,26771.62040677104,
Truss2D,R-NSGA-II,20,62,0.014984043795875531,26771.620329031983,
Truss2D,R-NSGA-II,20,62,0.010867842043994934,37482.19462193368,
Truss2D,R-NSGA-II,20,62,0.014984043797636709,26771.62032799712,
Truss2D,R-NSGA-II,20,62,0.01064803104108929,37853.56940879092,
Truss2D,R-NSGA-II,20,62,0.014984043800960517,26771.620325906515,
Truss2D,R-NSGA-II,20,62,0.010534561879666324,38276.07482682752,
Truss2D,R-NSGA-II,20,62,0.014984043803331785,26771.62032398764,
Truss2D,R-NSGA-II,20,62,0.01498404380740169,26771.620308753692,
Truss2D,R-NSGA-II,20,62,0.019728411166216694,21368.832310867154,
Truss2D,R-NSGA-II,20,62,0.014984043807777073,26771.6203066764,
Truss2D,R-NSGA-II,20,62,0.010197987661504308,39970.61679763356,
Truss2D,R-NSGA-II,20,62,0.014984043805239555,26771.620322750932,
Truss2D,R-NSGA-II,20,62,0.02009600255456774,20309.139641149603,
WeldedBeam,R-NSGA-II,0,42,7.4333949793652625,0.0024203910735147967,
WeldedBeam,R-NSGA-II,0,42,7.433395478346529,0.0024203905469894565,
WeldedBeam,R-NSGA-II,0,42,7.433391247914295,0.002420392074795111,
WeldedBeam,R-NSGA-II,0,42,7.433390406933755,0.0024203922788766856,
WeldedBeam,R-NSGA-II,0,42,7.396753206303996,0.0024337351829571024,
WeldedBeam,R-NSGA-II,0,42,7.433390082138249,0.002420392376848203,
WeldedBeam,R-NSGA-II,0,42,7.4333886289968225,0.002420393061434077,
WeldedBeam,R-NSGA-II,0,42,7.490044253498187,0.002400045917607026,
WeldedBeam,R-NSGA-II,0,42,7.4333901642137805,0.002420392326139089,
WeldedBeam,R-NSGA-II,0,42,7.319022202943904,0.002462537236671227,
WeldedBeam,R-NSGA-II,0,42,7.433390165405097,0.002420392324844631,
WeldedBeam,R-NSGA-II,0,42,7.433388614155669,0.002420393066146028,
WeldedBeam,R-NSGA-II,0,42,7.433388698398726,0.002420393017532189,
WeldedBeam,R-NSGA-II,0,42,7.579980379896949,0.0023684523671834877,
WeldedBeam,R-NSGA-II,0,42,7.610997993016608,0.002357729616791415,
WeldedBeam,R-NSGA-II,0,42,7.433388658883494,0.002420393030791292,
WeldedBeam,R-NSGA-II,0,42,7.260849693312371,0.0024845415307194613,
WeldedBeam,R-NSGA-II,0,42,7.43338994170353,0.002420392404363888,
WeldedBeam,R-NSGA-II,0,42,7.433389756939735,0.002420392466918277,
WeldedBeam,R-NSGA-II,0,42,7.433389757297884,0.002420392466529119,
WeldedBeam,R-NSGA-II,0,42,7.433388726282384,0.002420392959075924,
WeldedBeam,R-NSGA-II,0,42,7.433389718706048,0.0024203924825633286,
WeldedBeam,R-NSGA-II,0,42,7.201495881456487,0.0025074024944183007,
WeldedBeam,R-NSGA-II,0,42,7.689139335882588,0.002331176326801245,
WeldedBeam,R-NSGA-II,0,42,7.433389773995054,0.0024203924507673457,
WeldedBeam,R-NSGA-II,0,42,7.153691455682352,0.0025261224773147997,
WeldedBeam,R-NSGA-II,0,42,7.433389661691605,0.002420392504314651,
WeldedBeam,R-NSGA-II,0,42,7.433382790665104,0.0024203957997069145,
WeldedBeam,R-NSGA-II,0,42,7.755619042879597,0.0023090524316449314,
WeldedBeam,R-NSGA-II,0,42,7.433389720600468,0.0024203924739813246,
WeldedBeam,R-NSGA-II,0,42,7.4333892411454805,0.002420392698260088,
WeldedBeam,R-NSGA-II,0,42,7.110915086000444,0.0025431124330459968,
WeldedBeam,R-NSGA-II,0,42,7.788387496096493,0.002298300663339891,
WeldedBeam,R-NSGA-II,0,42,7.433386129841854,0.002420394180237895,
WeldedBeam,R-NSGA-II,0,42,7.433388779735889,0.0024203928918653346,
WeldedBeam,R-NSGA-II,0,42,7.433389343403685,0.0024203926202502044,
WeldedBeam,R-NSGA-II,0,42,7.883097120983231,0.0022677823783059476,
WeldedBeam,R-NSGA-II,0,42,7.433388920510074,0.002420392771089101,
WeldedBeam,R-NSGA-II,0,42,6.997838755563867,0.002589144961958377,
WeldedBeam,R-NSGA-II,0,42,7.433388885815976,0.002420392782379806,
WeldedBeam,R-NSGA-II,0,42,7.939163330111738,0.0022500939596647777,
WeldedBeam,R-NSGA-II,0,42,7.433386145044045,0.0024203940778088815,
WeldedBeam,R-NSGA-II,0,42,6.93200623835171,0.002616720257397118,
WeldedBeam,R-NSGA-II,0,42,7.4333861449634115,0.0024203940778380864,
WeldedBeam,R-NSGA-II,0,42,8.013925011186142,0.002226933066397535,
WeldedBeam,R-NSGA-II,0,42,7.433387246208586,0.0024203934908156076,
WeldedBeam,R-NSGA-II,0,42,7.43338638452533,0.0024203938873745717,
WeldedBeam,R-NSGA-II,0,42,7.433386385874974,0.0024203938867208984,
WeldedBeam,R-NSGA-II,0,42,7.4333872768389195,0.0024203934575333197,
WeldedBeam,R-NSGA-II,0,42,8.065374269201339,0.002211269362311008,
WeldedBeam,R-NSGA-II,0,42,7.433386439448826,0.0024203938231083457,
WeldedBeam,R-NSGA-II,0,42,6.854783641347291,0.002649824586590715,
WeldedBeam,R-NSGA-II,0,42,7.433386435509942,0.0024203938245341097,
WeldedBeam,R-NSGA-II,0,42,8.102004362760013,0.00220025121575652,
WeldedBeam,R-NSGA-II,0,42,7.433386410276381,0.002420393834344456,
WeldedBeam,R-NSGA-II,0,42,7.433386411215572,0.002420393833333366,
WeldedBeam,R-NSGA-II,0,42,7.433387302679048,0.0024203933912331473,
WeldedBeam,R-NSGA-II,0,42,8.156687988903341,0.0021840048165707453,
WeldedBeam,R-NSGA-II,0,42,7.433387423199123,0.0024203933265903098,
WeldedBeam,R-NSGA-II,0,42,6.74770349983935,0.002697139646051559,
WeldedBeam,R-NSGA-II,0,42,7.433386469381627,0.0024203937721101617,
WeldedBeam,R-NSGA-II,0,42,6.7058802366035435,0.002716082583766975,
WeldedBeam,R-NSGA-II,0,42,7.433386157142214,0.00242039391896089,
WeldedBeam,R-NSGA-II,0,42,7.433386941080362,0.002420393491854117,
WeldedBeam,R-NSGA-II,0,42,8.290334106711658,0.002145291378526896,
WeldedBeam,R-NSGA-II,0,42,7.433383300979509,0.0024203952270278103,
WeldedBeam,R-NSGA-II,0,42,6.666028420843207,0.0027343809081306226,
WeldedBeam,R-NSGA-II,0,42,7.433383342487727,0.0024203951856140355,
WeldedBeam,R-NSGA-II,0,42,7.433383342968878,0.0024203951850912263,
WeldedBeam,R-NSGA-II,0,42,6.626147669448008,0.002752940779894735,
WeldedBeam,R-NSGA-II,0,42,8.390687936979392,0.0021171116748340325,
WeldedBeam,R-NSGA-II,0,42,7.43338665940899,0.002420393592384459,
WeldedBeam,R-NSGA-II,0,42,6.590271310497011,0.0027698543706925188,
WeldedBeam,R-NSGA-II,0,42,7.433383345233324,0.002420395182630723,
WeldedBeam,R-NSGA-II,0,42,7.4333866622836275,0.00242039358555574,
WeldedBeam,R-NSGA-II,0,42,7.433386469383604,0.0024203936605877085,
WeldedBeam,R-NSGA-II,0,42,7.4333842371001575,0.002420394579081695,
WeldedBeam,R-NSGA-II,0,42,8.509196845375259,0.0020847737160951453,
WeldedBeam,R-NSGA-II,0,42,6.515032140098851,0.002806008312620113,
WeldedBeam,R-NSGA-II,0,42,7.433384243469348,0.002420394572064838,
WeldedBeam,R-NSGA-II,0,42,7.433384060894949,0.002420394653419631,
WeldedBeam,R-NSGA-II,0,42,8.56050652809993,0.0020710768285015606,
WeldedBeam,R-NSGA-II,0,42,7.433383680301425,0.00242039482507578,
WeldedBeam,R-NSGA-II,0,42,7.4333837119110635,0.0024203947828956916,
WeldedBeam,R-NSGA-II,0,42,6.46432099736281,0.002830913823903533,
WeldedBeam,R-NSGA-II,0,42,7.433383714687865,0.002420394779875998,
WeldedBeam,R-NSGA-II,0,42,8.716063215217089,0.0020306296024257685,
WeldedBeam,R-NSGA-II,0,42,7.433383729905625,0.002420394763203604,
WeldedBeam,R-NSGA-II,0,42,6.3237349627578565,0.002902327531622575,
WeldedBeam,R-NSGA-II,0,42,7.43338463925744,0.002420394325684585,
WeldedBeam,R-NSGA-II,0,42,9.070609472697845,0.0019440948748824865,
WeldedBeam,R-NSGA-II,0,42,7.433384639531083,0.0024203943250524595,
WeldedBeam,R-NSGA-II,0,42,6.111257719865278,0.0030173691572339596,
WeldedBeam,R-NSGA-II,0,42,9.219153893480666,0.001909993318845262,
WeldedBeam,R-NSGA-II,0,42,7.433384568180605,0.00242039435091499,
WeldedBeam,R-NSGA-II,0,42,9.601776857835947,0.0018274254437530414,
WeldedBeam,R-NSGA-II,0,42,7.433384379694206,0.002420394433978206,
WeldedBeam,R-NSGA-II,0,42,10.334334566525198,0.0016877388328473035,
WeldedBeam,R-NSGA-II,0,42,7.433383816904129,0.0024203946774056734,
WeldedBeam,R-NSGA-II,0,42,10.568994667328694,0.0016474011001567355,
WeldedBeam,R-NSGA-II,1,43,7.432548813250642,0.002420841186857532,
WeldedBeam,R-NSGA-II,1,43,7.433383105577649,0.002420537201563366,
WeldedBeam,R-NSGA-II,1,43,7.433380684120653,0.0024205376313463614,
WeldedBeam,R-NSGA-II,1,43,7.433380684170678,0.0024205376312917636,
WeldedBeam,R-NSGA-II,1,43,7.43338345998636,0.0024205368895124937,
WeldedBeam,R-NSGA-II,1,43,7.433390528443131,0.002420534294014684,
WeldedBeam,R-NSGA-II,1,43,7.377833530506954,0.0024409167849364687,
WeldedBeam,R-NSGA-II,1,43,7.521647524980615,0.0023888466710533843,
WeldedBeam,R-NSGA-II,1,43,7.4334013360115705,0.0024205309925257284,
WeldedBeam,R-NSGA-II,1,43,7.433397981175195,0.002420531640849542,
WeldedBeam,R-NSGA-II,1,43,7.433397805051185,0.0024205316426512743,
WeldedBeam,R-NSGA-II,1,43,7.433390869709161,0.0024205331807526714,
WeldedBeam,R-NSGA-II,1,43,7.607015176897418,0.0023589768338565372,
WeldedBeam,R-NSGA-II,1,43,7.433400205237393,0.0024205310328852614,
WeldedBeam,R-NSGA-II,1,43,7.695208713769971,0.0023289790052205567,
WeldedBeam,R-NSGA-II,1,43,7.43339492072932,0.002420531706981817,
WeldedBeam,R-NSGA-II,1,43,7.43339127146137,0.002420532029884818,
WeldedBeam,R-NSGA-II,1,43,7.159259553406983,0.002524551291971335,
WeldedBeam,R-NSGA-II,1,43,7.433404007605331,0.002420527945317324,
WeldedBeam,R-NSGA-II,1,43,7.4334039928287625,0.0024205279453315856,
WeldedBeam,R-NSGA-II,1,43,7.786947227634998,0.002298398327609301,
WeldedBeam,R-NSGA-II,1,43,7.433971934826683,0.002420420014215912,
WeldedBeam,R-NSGA-II,1,43,7.06969448649233,0.002560496554640199,
WeldedBeam,R-NSGA-II,1,43,7.4334230453041386,0.0024205233312425147,
WeldedBeam,R-NSGA-II,1,43,7.43342323775335,0.002420523261228406,
WeldedBeam,R-NSGA-II,1,43,7.842008645741555,0.002280477099241347,
WeldedBeam,R-NSGA-II,1,43,7.433421237620805,0.002420523381160119,
WeldedBeam,R-NSGA-II,1,43,7.02777724005924,0.002577782708118522,
WeldedBeam,R-NSGA-II,1,43,7.433444431601334,0.002420515811123992,
WeldedBeam,R-NSGA-II,1,43,7.433424589414404,0.002420519882115659,
WeldedBeam,R-NSGA-II,1,43,7.433424596237451,0.0024205198796334454,
WeldedBeam,R-NSGA-II,1,43,7.941358860614265,0.0022488394880186666,
WeldedBeam,R-NSGA-II,1,43,7.433424596249753,0.0024205198796200186,
WeldedBeam,R-NSGA-II,1,43,6.933871046633099,0.002617015570368566,
WeldedBeam,R-NSGA-II,1,43,7.433426484079636,0.002420519217761809,
WeldedBeam,R-NSGA-II,1,43,7.433435199391057,0.0024205170804042987,
WeldedBeam,R-NSGA-II,1,43,8.009089771513711,0.002227770006100097,
WeldedBeam,R-NSGA-II,1,43,7.433435296406284,0.0024205169745225327,
WeldedBeam,R-NSGA-II,1,43,7.433435301124515,0.0024205169693730867,
WeldedBeam,R-NSGA-II,1,43,7.433433650934551,0.00242051731938439,
WeldedBeam,R-NSGA-II,1,43,7.433430521528144,0.0024205177489459665,
WeldedBeam,R-NSGA-II,1,43,7.4334305060877695,0.0024205177493111466,
WeldedBeam,R-NSGA-II,1,43,8.141491497537052,0.0021964876875762538,
WeldedBeam,R-NSGA-II,1,43,7.4334379490152775,0.002420516050204844,
WeldedBeam,R-NSGA-II,1,43,8.216263885841922,0.002165704589264123,
WeldedBeam,R-NSGA-II,1,43,7.433452932223843,0.00242051168103802,
WeldedBeam,R-NSGA-II,1,43,7.433446229015848,0.0024205130879495595,
WeldedBeam,R-NSGA-II,1,43,6.767051138681784,0.002689935503456307,
WeldedBeam,R-NSGA-II,1,43,8.274009983578082,0.0021490890444773483,
WeldedBeam,R-NSGA-II,1,43,7.433446073057952,0.002420513087981771,
WeldedBeam,R-NSGA-II,1,43,7.43345415318564,0.0024205111163162255,
WeldedBeam,R-NSGA-II,1,43,8.333585717103986,0.0021320656164192215,
WeldedBeam,R-NSGA-II,1,43,7.433448270680595,0.002420512295215904,
WeldedBeam,R-NSGA-II,1,43,6.678685294815355,0.0027302332840435316,
WeldedBeam,R-NSGA-II,1,43,7.433455612118673,0.002420510680928449,
WeldedBeam,R-NSGA-II,1,43,7.433455434111153,0.002420510680997326,
WeldedBeam,R-NSGA-II,1,43,7.433455334235658,0.0024205106825516253,
WeldedBeam,R-NSGA-II,1,43,6.5925898398597305,0.0027707995193453614,
WeldedBeam,R-NSGA-II,1,43,7.43345593230919,0.0024205105206633482,
WeldedBeam,R-NSGA-II,1,43,7.43345578632651,0.0024205105235816306,
WeldedBeam,R-NSGA-II,1,43,8.549950333791374,0.0020726944269478017,
WeldedBeam,R-NSGA-II,1,43,7.433455788838076,0.002420510520840495,
WeldedBeam,R-NSGA-II,1,43,7.433455788852275,0.002420510520824997,
WeldedBeam,R-NSGA-II,1,43,6.52420662955006,0.0028037767876693547,
WeldedBeam,R-NSGA-II,1,43,7.433470957347109,0.0024205048904140233,
WeldedBeam,R-NSGA-II,1,43,7.433476899515647,0.002420500900747388,
WeldedBeam,R-NSGA-II,1,43,7.433476884737373,0.0024205009007635275,
WeldedBeam,R-NSGA-II,1,43,7.433695698027135,0.0024204235924523707,
WeldedBeam,R-NSGA-II,1,43,8.667463625267587,0.0020418136058911567,
WeldedBeam,R-NSGA-II,1,43,7.433691690465163,0.002420423592452723,
WeldedBeam,R-NSGA-II,1,43,6.47125568832306,0.002829741652491021,
WeldedBeam,R-NSGA-II,1,43,7.432016092667667,0.0024210353294817103,
WeldedBeam,R-NSGA-II,1,43,6.381307543074559,0.0028751920293077025,
WeldedBeam,R-NSGA-II,1,43,8.840280229087412,0.00199803564595073,
WeldedBeam,R-NSGA-II,1,43,7.434032091742042,0.002420301543221359,
WeldedBeam,R-NSGA-II,1,43,7.434033382981739,0.0024203010706425666,
WeldedBeam,R-NSGA-II,1,43,6.320684977199869,0.002905946005668655,
WeldedBeam,R-NSGA-II,1,43,7.434052933881649,0.002420293962127617,
WeldedBeam,R-NSGA-II,1,43,8.979063028831211,0.0019642195469697066,
WeldedBeam,R-NSGA-II,1,43,7.434052661753077,0.0024202939621946386,
WeldedBeam,R-NSGA-II,1,43,9.067732728592011,0.0019434890925068354,
WeldedBeam,R-NSGA-II,1,43,9.29863361725033,0.001890802120345773,
WeldedBeam,R-NSGA-II,1,43,7.43405266180642,0.002420293962136431,
WeldedBeam,R-NSGA-II,1,43,9.395250176172237,0.0018697683377904097,
WeldedBeam,R-NSGA-II,1,43,7.434055362678706,0.0024202904324455666,
WeldedBeam,R-NSGA-II,1,43,7.434071258453253,0.002420286524306189,
WeldedBeam,R-NSGA-II,1,43,10.832123357486143,0.0016068346853209655,
WeldedBeam,R-NSGA-II,1,43,11.47583808087293,0.001505706233490864,
WeldedBeam,R-NSGA-II,1,43,7.434570554655504,0.0024201053140289865,
WeldedBeam,R-NSGA-II,1,43,16.018643670744208,0.0010595206190860344,
WeldedBeam,R-NSGA-II,1,43,7.434609167435284,0.002420091122261652,
WeldedBeam,R-NSGA-II,1,43,7.434630239695627,0.0024200834662280227,
WeldedBeam,R-NSGA-II,1,43,7.435347691472735,0.002419820462699567,
WeldedBeam,R-NSGA-II,1,43,7.436045248865824,0.002419568970709924,
WeldedBeam,R-NSGA-II,1,43,7.440674308463219,0.0024179829327524334,
WeldedBeam,R-NSGA-II,1,43,7.468536247957059,0.0024078155301258345,
WeldedBeam,R-NSGA-II,1,43,7.337161946821792,0.0024560556227676577,
WeldedBeam,R-NSGA-II,1,43,7.3364236116687005,0.002456433009266855,
WeldedBeam,R-NSGA-II,1,43,7.558519639524182,0.002375853633490064,
WeldedBeam,R-NSGA-II,1,43,7.741179007329393,0.0023135097057337,
WeldedBeam,R-NSGA-II,2,44,7.4332025289501065,0.002420438181808259,
WeldedBeam,R-NSGA-II,2,44,7.398468363620305,0.002433120422151405,
WeldedBeam,R-NSGA-II,2,44,7.475289293838122,0.0024052473998807168,
WeldedBeam,R-NSGA-II,2,44,7.5757736285014134,0.002369738257546646,
WeldedBeam,R-NSGA-II,2,44,7.272180031510427,0.002480559148578599,
WeldedBeam,R-NSGA-II,2,44,7.616574313754755,0.002355785549207123,
WeldedBeam,R-NSGA-II,2,44,7.433321255728283,0.0024203951684722462,
WeldedBeam,R-NSGA-II,2,44,7.2253424963091595,0.0024983678494650678,
WeldedBeam,R-NSGA-II,2,44,7.433321256228188,0.0024203951679771982,
WeldedBeam,R-NSGA-II,2,44,7.433321256555342,0.0024203951675756796,
WeldedBeam,R-NSGA-II,2,44,7.698216626131794,0.002327861511439675,
WeldedBeam,R-NSGA-II,2,44,7.4333212565700855,0.0024203951675596147,
WeldedBeam,R-NSGA-II,2,44,7.433321304215269,0.0024203951511513914,
WeldedBeam,R-NSGA-II,2,44,7.165572966381276,0.0025217139718392194,
WeldedBeam,R-NSGA-II,2,44,7.433321305621644,0.00242039514966207,
WeldedBeam,R-NSGA-II,2,44,7.433321276666045,0.002420395153809485,
WeldedBeam,R-NSGA-II,2,44,7.433321346878141,0.0024203951046657826,
WeldedBeam,R-NSGA-II,2,44,7.4333208852163875,0.002420395194759032,
WeldedBeam,R-NSGA-II,2,44,7.4333209492350525,0.0024203951724475832,
WeldedBeam,R-NSGA-II,2,44,7.433320872505183,0.002420395198253557,
WeldedBeam,R-NSGA-II,2,44,7.109734243218073,0.0025439222860772427,
WeldedBeam,R-NSGA-II,2,44,7.7809985219516875,0.0023003779497547147,
WeldedBeam,R-NSGA-II,2,44,7.433320872979753,0.0024203951980297034,
WeldedBeam,R-NSGA-II,2,44,7.433320886674602,0.0024203951933198685,
WeldedBeam,R-NSGA-II,2,44,7.433320886873479,0.0024203951929634726,
WeldedBeam,R-NSGA-II,2,44,7.042529217816943,0.0025711755957849936,
WeldedBeam,R-NSGA-II,2,44,7.433320898618125,0.0024203951889640806,
WeldedBeam,R-NSGA-II,2,44,7.433320898200748,0.0024203951890115804,
WeldedBeam,R-NSGA-II,2,44,7.8636639096568635,0.002273573097656818,
WeldedBeam,R-NSGA-II,2,44,7.433320867255918,0.0024203951994192278,
WeldedBeam,R-NSGA-II,2,44,7.433320867508768,0.0024203951992993393,
WeldedBeam,R-NSGA-II,2,44,7.433320896454749,0.002420395189476803,
WeldedBeam,R-NSGA-II,2,44,6.989192734096153,0.0025932239770412604,
WeldedBeam,R-NSGA-II,2,44,7.4333208672707185,0.0024203951993376177,
WeldedBeam,R-NSGA-II,2,44,7.944914109328958,0.002247828981978006,
WeldedBeam,R-NSGA-II,2,44,7.433320898986043,0.002420395188490587,
WeldedBeam,R-NSGA-II,2,44,6.940927905738215,0.002613504326560677,
WeldedBeam,R-NSGA-II,2,44,7.433320893575327,0.0024203951902804915,
WeldedBeam,R-NSGA-II,2,44,7.433320910545007,0.0024203951843857464,
WeldedBeam,R-NSGA-II,2,44,8.00793474306069,0.002228258902576808,
WeldedBeam,R-NSGA-II,2,44,7.433320887614371,0.0024203951921561826,
WeldedBeam,R-NSGA-II,2,44,8.060781955333958,0.00221210876850709,
WeldedBeam,R-NSGA-II,2,44,7.433320944305065,0.0024203951729402187,
WeldedBeam,R-NSGA-II,2,44,7.433320902167091,0.002420395186852372,
WeldedBeam,R-NSGA-II,2,44,6.87340799464325,0.002642413728137293,
WeldedBeam,R-NSGA-II,2,44,6.831759393144018,0.0026605669630905718,
WeldedBeam,R-NSGA-II,2,44,7.433320900487102,0.002420395187067041,
WeldedBeam,R-NSGA-II,2,44,7.433320952088826,0.002420395169338053,
WeldedBeam,R-NSGA-II,2,44,7.433321362426054,0.002420395019922309,
WeldedBeam,R-NSGA-II,2,44,8.174072328384762,0.0021782639939440887,
WeldedBeam,R-NSGA-II,2,44,7.433321405555178,0.002420395005267464,
WeldedBeam,R-NSGA-II,2,44,7.433321413187183,0.002420395001804789,
WeldedBeam,R-NSGA-II,2,44,6.7815069652390445,0.002682805277857563,
WeldedBeam,R-NSGA-II,2,44,7.433321416533936,0.0024203950001095596,
WeldedBeam,R-NSGA-II,2,44,8.261649748170125,0.0021528022742017625,
WeldedBeam,R-NSGA-II,2,44,6.713005528226306,0.0027137250431456344,
WeldedBeam,R-NSGA-II,2,44,7.433321550368282,0.0024203949537407424,
WeldedBeam,R-NSGA-II,2,44,7.433319338224566,0.002420395200348518,
WeldedBeam,R-NSGA-II,2,44,8.328699733332348,0.002133707269696485,
WeldedBeam,R-NSGA-II,2,44,7.433318534083437,0.0024203952084960187,
WeldedBeam,R-NSGA-II,2,44,6.643685169475291,0.002745748541985284,
WeldedBeam,R-NSGA-II,2,44,7.433318512663382,0.0024203952124192095,
WeldedBeam,R-NSGA-II,2,44,8.372146309710972,0.0021215140699780556,
WeldedBeam,R-NSGA-II,2,44,7.433733693758807,0.002420245314298764,
WeldedBeam,R-NSGA-II,2,44,7.432516560227198,0.0024206873667570847,
WeldedBeam,R-NSGA-II,2,44,7.430677655116145,0.002421355615511904,
WeldedBeam,R-NSGA-II,2,44,8.419176315845823,0.0021084713271328722,
WeldedBeam,R-NSGA-II,2,44,7.4361733556124925,0.0024193596035286106,
WeldedBeam,R-NSGA-II,2,44,6.58691859783708,0.002772541018798722,
WeldedBeam,R-NSGA-II,2,44,7.429249351798642,0.0024218749061583017,
WeldedBeam,R-NSGA-II,2,44,7.439904046632744,0.002418005986581646,
WeldedBeam,R-NSGA-II,2,44,6.54163565031746,0.0027942913461498566,
WeldedBeam,R-NSGA-II,2,44,7.440603153377159,0.002417753114500252,
WeldedBeam,R-NSGA-II,2,44,7.4241895856889,0.00242371629911443,
WeldedBeam,R-NSGA-II,2,44,8.539514638830019,0.002075816856761375,
WeldedBeam,R-NSGA-II,2,44,7.418747627247486,0.002425699935998209,
WeldedBeam,R-NSGA-II,2,44,6.512555583289307,0.0028084399949633303,
WeldedBeam,R-NSGA-II,2,44,8.639264904625659,0.002049506074440372,
WeldedBeam,R-NSGA-II,2,44,7.45044018412876,0.0024141933180016947,
WeldedBeam,R-NSGA-II,2,44,7.414243484030621,0.002427344130556415,
WeldedBeam,R-NSGA-II,2,44,6.45653204767941,0.002836105654180318,
WeldedBeam,R-NSGA-II,2,44,8.752522872682158,0.002020429507995997,
WeldedBeam,R-NSGA-II,2,44,7.4142434837778435,0.0024273441306770995,
WeldedBeam,R-NSGA-II,2,44,8.798516402610066,0.002008855848060579,
WeldedBeam,R-NSGA-II,2,44,6.351530427425646,0.002889453190955931,
WeldedBeam,R-NSGA-II,2,44,7.479384473850304,0.002403779546417961,
WeldedBeam,R-NSGA-II,2,44,8.933187222772222,0.001975717669900879,
WeldedBeam,R-NSGA-II,2,44,7.479384474038838,0.0024037795463739903,
WeldedBeam,R-NSGA-II,2,44,6.259432004486156,0.002937925090911632,
WeldedBeam,R-NSGA-II,2,44,7.386907192655262,0.0024373712002057793,
WeldedBeam,R-NSGA-II,2,44,7.480054488163286,0.0024035394582775297,
WeldedBeam,R-NSGA-II,2,44,9.047525257095302,0.00196506626729199,
WeldedBeam,R-NSGA-II,2,44,7.480272293740031,0.002403461442154475,
WeldedBeam,R-NSGA-II,2,44,9.14066319359993,0.0019267510925406685,
WeldedBeam,R-NSGA-II,2,44,9.249283748020032,0.0019020710556156939,
WeldedBeam,R-NSGA-II,2,44,7.481671178521388,0.0024029605464459917,
WeldedBeam,R-NSGA-II,2,44,7.367148185158774,0.00244467073492774,
WeldedBeam,R-NSGA-II,2,44,9.417378892078268,0.0018650997250741642,
WeldedBeam,R-NSGA-II,2,44,9.487652289057666,0.0018500661422787396,
WeldedBeam,R-NSGA-II,2,44,7.366630097852561,0.0024448627164634675,
WeldedBeam,R-NSGA-II,3,45,7.433288446044385,0.0024205022307761267,
WeldedBeam,R-NSGA-II,3,45,7.433357028608358,0.0024204717016350847,
WeldedBeam,R-NSGA-II,3,45,7.433586349965378,0.002420388686538765,
WeldedBeam,R-NSGA-II,3,45,7.43359443867486,0.0024203857591080496,
WeldedBeam,R-NSGA-II,3,45,7.433594437299482,0.002420385759410685,
WeldedBeam,R-NSGA-II,3,45,7.433594439114774,0.002420385758818687,
WeldedBeam,R-NSGA-II,3,45,7.433594439070579,0.002420385758819252,
WeldedBeam,R-NSGA-II,3,45,7.4335944393788465,0.002420385758706863,
WeldedBeam,R-NSGA-II,3,45,7.4335944400054075,0.0024203857585482495,
WeldedBeam,R-NSGA-II,3,45,7.3724003359568595,0.002442741909411145,
WeldedBeam,R-NSGA-II,3,45,7.433594440744126,0.0024203857582780486,
WeldedBeam,R-NSGA-II,3,45,7.433594440744557,0.0024203857582775815,
WeldedBeam,R-NSGA-II,3,45,7.433594448843074,0.002420385755424313,
WeldedBeam,R-NSGA-II,3,45,7.498651086417453,0.0023970629422611486,
WeldedBeam,R-NSGA-II,3,45,7.433594449029798,0.0024203857550633818,
WeldedBeam,R-NSGA-II,3,45,7.433594446790555,0.0024203857555588817,
WeldedBeam,R-NSGA-II,3,45,7.433594447098825,0.002420385755446489,
WeldedBeam,R-NSGA-II,3,45,7.43359444709969,0.00242038575544555,
WeldedBeam,R-NSGA-II,3,45,7.548419412084542,0.0023795222174044497,
WeldedBeam,R-NSGA-II,3,45,7.43359444701977,0.0024203857554522122,
WeldedBeam,R-NSGA-II,3,45,7.433594447123235,0.002420385755425626,
WeldedBeam,R-NSGA-II,3,45,7.2749829190841355,0.0024791963479816833,
WeldedBeam,R-NSGA-II,3,45,7.433594453757123,0.0024203857534576927,
WeldedBeam,R-NSGA-II,3,45,7.612937346997774,0.0023571615453403466,
WeldedBeam,R-NSGA-II,3,45,7.433594453906837,0.00242038575340455,
WeldedBeam,R-NSGA-II,3,45,7.43359445389372,0.002420385753405611,
WeldedBeam,R-NSGA-II,3,45,7.433594454393418,0.002420385753225486,
WeldedBeam,R-NSGA-II,3,45,7.233461430217823,0.0024964439145770227,
WeldedBeam,R-NSGA-II,3,45,7.4335944543983,0.002420385753220186,
WeldedBeam,R-NSGA-II,3,45,7.659411344705348,0.0023413131906396085,
WeldedBeam,R-NSGA-II,3,45,7.43359445439994,0.002420385753216656,
WeldedBeam,R-NSGA-II,3,45,7.433594454553911,0.0024203857531428057,
WeldedBeam,R-NSGA-II,3,45,7.186922396497462,0.0025130984776350553,
WeldedBeam,R-NSGA-II,3,45,7.433594454606359,0.002420385752832508,
WeldedBeam,R-NSGA-II,3,45,7.136599507746973,0.0025328917215681848,
WeldedBeam,R-NSGA-II,3,45,7.433594458087834,0.002420385751887567,
WeldedBeam,R-NSGA-II,3,45,7.7720920137059695,0.002303757906081223,
WeldedBeam,R-NSGA-II,3,45,7.433594458088546,0.002420385751886792,
WeldedBeam,R-NSGA-II,3,45,7.068028063513664,0.0025603698998082785,
WeldedBeam,R-NSGA-II,3,45,7.433594458088551,0.002420385751886787,
WeldedBeam,R-NSGA-II,3,45,7.433594475027727,0.0024203857452436044,
WeldedBeam,R-NSGA-II,3,45,7.855788379268587,0.002276633400208067,
WeldedBeam,R-NSGA-II,3,45,7.433594491822585,0.0024203857396757557,
WeldedBeam,R-NSGA-II,3,45,7.4335944918249846,0.00242038573967315,
WeldedBeam,R-NSGA-II,3,45,7.020301622723468,0.002579849562393483,
WeldedBeam,R-NSGA-II,3,45,7.433594490542205,0.0024203857398388245,
WeldedBeam,R-NSGA-II,3,45,7.9058793355592085,0.0022607031987877018,
WeldedBeam,R-NSGA-II,3,45,7.433594490539354,0.0024203857398393236,
WeldedBeam,R-NSGA-II,3,45,7.433594488975305,0.0024203857401895305,
WeldedBeam,R-NSGA-II,3,45,6.9786960972194745,0.002597074397629176,
WeldedBeam,R-NSGA-II,3,45,7.433594490833944,0.0024203857397326212,
WeldedBeam,R-NSGA-II,3,45,7.4335944866596275,0.00242038574046404,
WeldedBeam,R-NSGA-II,3,45,7.433594494776384,0.0024203857385447637,
WeldedBeam,R-NSGA-II,3,45,7.433594496359712,0.002420385737983055,
WeldedBeam,R-NSGA-II,3,45,7.4335944951650585,0.0024203857380863474,
WeldedBeam,R-NSGA-II,3,45,7.996252096783984,0.0022325192657333863,
WeldedBeam,R-NSGA-II,3,45,7.4335944954506585,0.002420385737989505,
WeldedBeam,R-NSGA-II,3,45,6.925193706538412,0.0026195655727690014,
WeldedBeam,R-NSGA-II,3,45,7.43359449183571,0.002420385738546109,
WeldedBeam,R-NSGA-II,3,45,7.433594501904587,0.0024203857356246594,
WeldedBeam,R-NSGA-II,3,45,6.884640735764455,0.0026368743614073693,
WeldedBeam,R-NSGA-II,3,45,7.433594507148133,0.0024203857343619403,
WeldedBeam,R-NSGA-II,3,45,8.12016321911231,0.002194999065853149,
WeldedBeam,R-NSGA-II,3,45,6.836520609607804,0.0026592665248752513,
WeldedBeam,R-NSGA-II,3,45,7.433594507476957,0.0024203857340741918,
WeldedBeam,R-NSGA-II,3,45,8.180840578949125,0.0021770822367470546,
WeldedBeam,R-NSGA-II,3,45,7.433594505338794,0.002420385734471578,
WeldedBeam,R-NSGA-II,3,45,7.433594498176859,0.002420385736090905,
WeldedBeam,R-NSGA-II,3,45,6.7570431825258845,0.0026928592385767488,
WeldedBeam,R-NSGA-II,3,45,7.433594504057262,0.002420385734705757,
WeldedBeam,R-NSGA-II,3,45,6.714439288660498,0.0027120853566877565,
WeldedBeam,R-NSGA-II,3,45,7.433594496442491,0.0024203857364492793,
WeldedBeam,R-NSGA-II,3,45,7.433594509630704,0.002420385733278538,
WeldedBeam,R-NSGA-II,3,45,8.286324142371301,0.002146621501167898,
WeldedBeam,R-NSGA-II,3,45,8.338642789231306,0.002131827375783711,
WeldedBeam,R-NSGA-II,3,45,7.433594501962764,0.002420385734783306,
WeldedBeam,R-NSGA-II,3,45,6.660416255471021,0.002736863038001512,
WeldedBeam,R-NSGA-II,3,45,7.433594510865123,0.0024203857323861384,
WeldedBeam,R-NSGA-II,3,45,7.433594511738979,0.0024203857320603318,
WeldedBeam,R-NSGA-II,3,45,8.464740997250427,0.0020969949571653587,
WeldedBeam,R-NSGA-II,3,45,7.433594511395342,0.0024203857320826425,
WeldedBeam,R-NSGA-II,3,45,7.433594511418913,0.0024203857320626897,
WeldedBeam,R-NSGA-II,3,45,6.585503707753576,0.002776366481614831,
WeldedBeam,R-NSGA-II,3,45,6.523228568151905,0.0028018671806818024,
WeldedBeam,R-NSGA-II,3,45,7.433594511976062,0.002420385731890562,
WeldedBeam,R-NSGA-II,3,45,8.585824122462409,0.002064602584062503,
WeldedBeam,R-NSGA-II,3,45,7.433594511976239,0.0024203857318903688,
WeldedBeam,R-NSGA-II,3,45,6.413762708345618,0.0028559935312983545,
WeldedBeam,R-NSGA-II,3,45,7.433594511974146,0.0024203857318905713,
WeldedBeam,R-NSGA-II,3,45,7.43359451279441,0.002420385731661853,
WeldedBeam,R-NSGA-II,3,45,8.979843607715543,0.0020082795683993024,
WeldedBeam,R-NSGA-II,3,45,7.433594512485158,0.002420385731705234,
WeldedBeam,R-NSGA-II,3,45,7.433594513305491,0.0024203857314852744,
WeldedBeam,R-NSGA-II,3,45,6.241784016734679,0.002945385668040525,
WeldedBeam,R-NSGA-II,3,45,9.160033853372749,0.0019289334112187078,
WeldedBeam,R-NSGA-II,3,45,7.433594514085416,0.002420385731233627,
WeldedBeam,R-NSGA-II,3,45,7.433594514159246,0.0024203857311801266,
WeldedBeam,R-NSGA-II,3,45,6.123426923999614,0.003010228383592376,
WeldedBeam,R-NSGA-II,3,45,6.085826340942584,0.0030314298969225987,
WeldedBeam,R-NSGA-II,3,45,7.433594515693805,0.0024203857306047895,
WeldedBeam,R-NSGA-II,4,46,7.435608919873152,0.002420782950859765,
WeldedBeam,R-NSGA-II,4,46,7.43560893143347,0.0024207829452223438,
WeldedBeam,R-NSGA-II,4,46,7.43560892186967,0.0024207829486693395,
WeldedBeam,R-NSGA-II,4,46,7.435608933804539,0.0024207829434162924,
WeldedBeam,R-NSGA-II,4,46,7.435608933848513,0.002420782943382765,
WeldedBeam,R-NSGA-II,4,46,7.43560893381382,0.0024207829433954054,
WeldedBeam,R-NSGA-II,4,46,7.3948127759965,0.002435570820400957,
WeldedBeam,R-NSGA-II,4,46,7.4356089338486235,0.0024207829433597608,
WeldedBeam,R-NSGA-II,4,46,7.480004914101287,0.002404892878930598,
WeldedBeam,R-NSGA-II,4,46,7.435608938681472,0.0024207829414927455,
WeldedBeam,R-NSGA-II,4,46,7.435608939047136,0.002420782941309365,
WeldedBeam,R-NSGA-II,4,46,7.435608933265124,0.002420782943447955,
WeldedBeam,R-NSGA-II,4,46,7.549675919903244,0.0023803727091706458,
WeldedBeam,R-NSGA-II,4,46,7.43560893414821,0.0024207829430761565,
WeldedBeam,R-NSGA-II,4,46,7.435608934107353,0.002420782943089078,
WeldedBeam,R-NSGA-II,4,46,7.4356089363932725,0.0024207829421841968,
WeldedBeam,R-NSGA-II,4,46,7.3316854064893455,0.002470175458089596,
WeldedBeam,R-NSGA-II,4,46,7.435608935037721,0.002420782942672742,
WeldedBeam,R-NSGA-II,4,46,7.435608935141724,0.0024207829426188274,
WeldedBeam,R-NSGA-II,4,46,7.241208426511683,0.002492908597512177,
WeldedBeam,R-NSGA-II,4,46,7.435608923779044,0.0024207829469442494,
WeldedBeam,R-NSGA-II,4,46,7.435608923781776,0.002420782946942922,
WeldedBeam,R-NSGA-II,4,46,7.637205617900616,0.0023502670324003737,
WeldedBeam,R-NSGA-II,4,46,7.435608934882825,0.002420782942694469,
WeldedBeam,R-NSGA-II,4,46,7.435608924596051,0.0024207829465158256,
WeldedBeam,R-NSGA-II,4,46,7.702065568760839,0.0023284452478971795,
WeldedBeam,R-NSGA-II,4,46,7.435608924148806,0.0024207829466266016,
WeldedBeam,R-NSGA-II,4,46,7.175650498256477,0.0025182105470122787,
WeldedBeam,R-NSGA-II,4,46,7.435608940654502,0.00242078293646845,
WeldedBeam,R-NSGA-II,4,46,7.43560895155514,0.002420782924230646,
WeldedBeam,R-NSGA-II,4,46,7.752086730276116,0.0023118907310976005,
WeldedBeam,R-NSGA-II,4,46,7.101944845158234,0.0025472775061983668,
WeldedBeam,R-NSGA-II,4,46,7.435608954524216,0.002420782921021535,
WeldedBeam,R-NSGA-II,4,46,7.43560894495328,0.0024207829244685306,
WeldedBeam,R-NSGA-II,4,46,7.815573974618074,0.002291215511770165,
WeldedBeam,R-NSGA-II,4,46,7.056203145018651,0.00256565636248444,
WeldedBeam,R-NSGA-II,4,46,7.435609097388554,0.002420782865572263,
WeldedBeam,R-NSGA-II,4,46,7.4356091022562065,0.002420782863669603,
WeldedBeam,R-NSGA-II,4,46,7.0038959900281785,0.002587000873509537,
WeldedBeam,R-NSGA-II,4,46,7.435609104378207,0.002420782860949443,
WeldedBeam,R-NSGA-II,4,46,7.435608967035874,0.0024207829130402187,
WeldedBeam,R-NSGA-II,4,46,7.949304760403167,0.002248852276066784,
WeldedBeam,R-NSGA-II,4,46,7.435608961156127,0.002420782913994396,
WeldedBeam,R-NSGA-II,4,46,7.4356089682645,0.00242078290658319,
WeldedBeam,R-NSGA-II,4,46,6.939804680203777,0.0026136431960913733,
WeldedBeam,R-NSGA-II,4,46,7.4356091208630835,0.002420782833320487,
WeldedBeam,R-NSGA-II,4,46,7.990100928799695,0.002236238971031545,
WeldedBeam,R-NSGA-II,4,46,7.4356091309583245,0.0024207828294277524,
WeldedBeam,R-NSGA-II,4,46,8.05622161744792,0.0022160936933869188,
WeldedBeam,R-NSGA-II,4,46,6.858370809617627,0.002648296847325599,
WeldedBeam,R-NSGA-II,4,46,7.435609155922586,0.0024207828193156785,
WeldedBeam,R-NSGA-II,4,46,7.435609156162018,0.0024207828190556334,
WeldedBeam,R-NSGA-II,4,46,6.813687140830464,0.002667704946741932,
WeldedBeam,R-NSGA-II,4,46,7.435609124073524,0.0024207828312822117,
WeldedBeam,R-NSGA-II,4,46,8.164186742379197,0.002183968293033457,
WeldedBeam,R-NSGA-II,4,46,7.435609124162882,0.002420782831183798,
WeldedBeam,R-NSGA-II,4,46,8.235409095588825,0.00216328090385875,
WeldedBeam,R-NSGA-II,4,46,7.435609151222234,0.002420782820835347,
WeldedBeam,R-NSGA-II,4,46,7.435609165817666,0.0024207828147166637,
WeldedBeam,R-NSGA-II,4,46,6.729003835455188,0.002705278108493267,
WeldedBeam,R-NSGA-II,4,46,7.43560916602369,0.0024207828145264816,
WeldedBeam,R-NSGA-II,4,46,6.689845484986512,0.002723012549845743,
WeldedBeam,R-NSGA-II,4,46,7.435609166033315,0.002420782814503535,
WeldedBeam,R-NSGA-II,4,46,8.369079642992167,0.0021254941625917277,
WeldedBeam,R-NSGA-II,4,46,7.4356091335459205,0.0024207828268640514,
WeldedBeam,R-NSGA-II,4,46,7.435609162459412,0.002420782815745659,
WeldedBeam,R-NSGA-II,4,46,6.631546642392345,0.002749850483010043,
WeldedBeam,R-NSGA-II,4,46,7.435609166084942,0.0024207828143598246,
WeldedBeam,R-NSGA-II,4,46,7.435609141376454,0.0024207828237249466,
WeldedBeam,R-NSGA-II,4,46,8.434491393601787,0.00210748018519582,
WeldedBeam,R-NSGA-II,4,46,6.573864084602478,0.002776930506442241,
WeldedBeam,R-NSGA-II,4,46,7.435609160185575,0.002420782816504903,
WeldedBeam,R-NSGA-II,4,46,7.435609160060015,0.002420782816550134,
WeldedBeam,R-NSGA-II,4,46,8.507059064151063,0.002087849463532405,
WeldedBeam,R-NSGA-II,4,46,6.510609302535227,0.0028072462729286977,
WeldedBeam,R-NSGA-II,4,46,7.435609141207129,0.002420782823726393,
WeldedBeam,R-NSGA-II,4,46,7.435609161693914,0.00242078281589522,
WeldedBeam,R-NSGA-II,4,46,8.563926871052322,0.002072720066586303,
WeldedBeam,R-NSGA-II,4,46,7.435609141491583,0.002420782823588116,
WeldedBeam,R-NSGA-II,4,46,6.455185059968516,0.0028343585190598545,
WeldedBeam,R-NSGA-II,4,46,7.4356091564219025,0.0024207828178625782,
WeldedBeam,R-NSGA-II,4,46,8.662966033249367,0.00204688673268186,
WeldedBeam,R-NSGA-II,4,46,7.43560914156648,0.002420782823507165,
WeldedBeam,R-NSGA-II,4,46,7.435609161159828,0.002420782815928123,
WeldedBeam,R-NSGA-II,4,46,6.392610195315607,0.0028656050276074417,
WeldedBeam,R-NSGA-II,4,46,7.435609137738171,0.002420782824743448,
WeldedBeam,R-NSGA-II,4,46,8.833310218030329,0.0020220166034416085,
WeldedBeam,R-NSGA-II,4,46,6.333552328661412,0.0028957339331518095,
WeldedBeam,R-NSGA-II,4,46,7.435609137740243,0.0024207828247403054,
WeldedBeam,R-NSGA-II,4,46,7.435609137853266,0.0024207828246261822,
WeldedBeam,R-NSGA-II,4,46,6.230339609460065,0.0029499384051013835,
WeldedBeam,R-NSGA-II,4,46,7.435609141753311,0.0024207828231374686,
WeldedBeam,R-NSGA-II,4,46,7.435609137764443,0.0024207828246547297,
WeldedBeam,R-NSGA-II,4,46,9.092762516006855,0.0019418588502880915,
WeldedBeam,R-NSGA-II,4,46,7.435609142219618,0.0024207828228956195,
WeldedBeam,R-NSGA-II,4,46,6.0648961906282945,0.0030411891595222714,
WeldedBeam,R-NSGA-II,4,46,7.4356091572497665,0.00242078281688045,
WeldedBeam,R-NSGA-II,4,46,5.927063220467686,0.003121636067825257,
WeldedBeam,R-NSGA-II,4,46,7.435608971838419,0.002420782886980667,
WeldedBeam,R-NSGA-II,4,46,9.54172527967291,0.0018430716299963933,
WeldedBeam,R-NSGA-II,5,47,7.434980749918481,0.0024207131414674212,
WeldedBeam,R-NSGA-II,5,47,7.434980935784155,0.002420713074239088,
WeldedBeam,R-NSGA-II,5,47,7.4349809444433115,0.0024207130711127686,
WeldedBeam,R-NSGA-II,5,47,7.4349807352403845,0.0024207131462673837,
WeldedBeam,R-NSGA-II,5,47,7.43498073524334,0.0024207131462641858,
WeldedBeam,R-NSGA-II,5,47,7.491509742034048,0.0024158579918134855,
WeldedBeam,R-NSGA-II,5,47,7.434980665888705,0.0024207131712975925,
WeldedBeam,R-NSGA-II,5,47,7.395439272040391,0.002435056165934049,
WeldedBeam,R-NSGA-II,5,47,7.434980735328477,0.002420713146199396,
WeldedBeam,R-NSGA-II,5,47,7.4349807353285655,0.002420713146199299,
WeldedBeam,R-NSGA-II,5,47,7.537271786924144,0.002384380904241082,
WeldedBeam,R-NSGA-II,5,47,7.434980735329265,0.0024207131461985417,
WeldedBeam,R-NSGA-II,5,47,7.334661534551947,0.0024574367515899855,
WeldedBeam,R-NSGA-II,5,47,7.434980735376971,0.002420713146156794,
WeldedBeam,R-NSGA-II,5,47,7.29681571025695,0.0024715820123041524,
WeldedBeam,R-NSGA-II,5,47,7.5782545266660675,0.002370128633484523,
WeldedBeam,R-NSGA-II,5,47,7.434980679776512,0.002420713166175287,
WeldedBeam,R-NSGA-II,5,47,7.434980666118129,0.00242071317109235,
WeldedBeam,R-NSGA-II,5,47,7.434980665903786,0.0024207131711193653,
WeldedBeam,R-NSGA-II,5,47,7.43498074233644,0.0024207131434752136,
WeldedBeam,R-NSGA-II,5,47,7.257936302918596,0.00248628416652248,
WeldedBeam,R-NSGA-II,5,47,7.636076435159791,0.0023503076746911543,
WeldedBeam,R-NSGA-II,5,47,7.434980742398452,0.0024207131434402706,
WeldedBeam,R-NSGA-II,5,47,7.434980718891305,0.0024207131519177953,
WeldedBeam,R-NSGA-II,5,47,7.434980718892573,0.0024207131519164227,
WeldedBeam,R-NSGA-II,5,47,7.434980718893816,0.0024207131519150787,
WeldedBeam,R-NSGA-II,5,47,7.212717458385344,0.0025036051136839636,
WeldedBeam,R-NSGA-II,5,47,7.434980693859856,0.00242071316094411,
WeldedBeam,R-NSGA-II,5,47,7.668008508701076,0.0023395030171595547,
WeldedBeam,R-NSGA-II,5,47,7.434980686569933,0.002420713163550908,
WeldedBeam,R-NSGA-II,5,47,7.716202914832008,0.0023233825889682025,
WeldedBeam,R-NSGA-II,5,47,7.4349806789052755,0.0024207131663051646,
WeldedBeam,R-NSGA-II,5,47,7.434980669761912,0.0024207131696051213,
WeldedBeam,R-NSGA-II,5,47,7.749732034961175,0.0023122979319724953,
WeldedBeam,R-NSGA-II,5,47,7.434980679107103,0.0024207131662258596,
WeldedBeam,R-NSGA-II,5,47,7.1136518363006385,0.002542408506253997,
WeldedBeam,R-NSGA-II,5,47,7.434980686988697,0.0024207131633768673,
WeldedBeam,R-NSGA-II,5,47,7.434980686989601,0.002420713163375617,
WeldedBeam,R-NSGA-II,5,47,7.79598575524138,0.002297179009078131,
WeldedBeam,R-NSGA-II,5,47,7.434980686618146,0.0024207131635086095,
WeldedBeam,R-NSGA-II,5,47,7.434980687258775,0.0024207131632765686,
WeldedBeam,R-NSGA-II,5,47,7.0482476375009355,0.002568692947629597,
WeldedBeam,R-NSGA-II,5,47,7.871375977335834,0.002272955537368695,
WeldedBeam,R-NSGA-II,5,47,7.4349806790645125,0.0024207131662305576,
WeldedBeam,R-NSGA-II,5,47,7.434980669829554,0.0024207131695565317,
WeldedBeam,R-NSGA-II,5,47,7.43498066980657,0.00242071316955681,
WeldedBeam,R-NSGA-II,5,47,7.434980679000253,0.0024207131662353915,
WeldedBeam,R-NSGA-II,5,47,7.006832585847821,0.002585619580558014,
WeldedBeam,R-NSGA-II,5,47,7.434980671738133,0.0024207131688156465,
WeldedBeam,R-NSGA-II,5,47,7.434980690910192,0.0024207131618863764,
WeldedBeam,R-NSGA-II,5,47,7.919497215538465,0.002257759130520911,
WeldedBeam,R-NSGA-II,5,47,7.4349806909392555,0.0024207131618486566,
WeldedBeam,R-NSGA-II,5,47,6.938280339184212,0.002614133019054824,
WeldedBeam,R-NSGA-II,5,47,7.434980678137744,0.0024207131663290028,
WeldedBeam,R-NSGA-II,5,47,7.995555171431858,0.002234150528072662,
WeldedBeam,R-NSGA-II,5,47,6.901076377015626,0.0026298723817655763,
WeldedBeam,R-NSGA-II,5,47,7.434980690234027,0.00242071316194363,
WeldedBeam,R-NSGA-II,5,47,8.074718526250292,0.0022100967405422624,
WeldedBeam,R-NSGA-II,5,47,7.434980728095736,0.002420713148243782,
WeldedBeam,R-NSGA-II,5,47,7.434980717781493,0.002420713151943009,
WeldedBeam,R-NSGA-II,5,47,6.858990647497842,0.0026479070369804358,
WeldedBeam,R-NSGA-II,5,47,6.8160110053380825,0.002666581839745161,
WeldedBeam,R-NSGA-II,5,47,7.434980720654039,0.0024207131505131355,
WeldedBeam,R-NSGA-II,5,47,7.434980713022503,0.0024207131532629975,
WeldedBeam,R-NSGA-II,5,47,8.173650708972001,0.002180754636281659,
WeldedBeam,R-NSGA-II,5,47,7.434980688231076,0.0024207131622135778,
WeldedBeam,R-NSGA-II,5,47,6.771203664163757,0.002686333315038999,
WeldedBeam,R-NSGA-II,5,47,7.434980699948309,0.0024207131579799084,
WeldedBeam,R-NSGA-II,5,47,7.434980711470424,0.0024207131538129963,
WeldedBeam,R-NSGA-II,5,47,6.738099151599433,0.002701115061829258,
WeldedBeam,R-NSGA-II,5,47,8.317216615702522,0.0021395341678252275,
WeldedBeam,R-NSGA-II,5,47,7.434980743478073,0.002420713142256731,
WeldedBeam,R-NSGA-II,5,47,7.434980743302204,0.002420713142320149,
WeldedBeam,R-NSGA-II,5,47,6.674914988968067,0.002729784238758802,
WeldedBeam,R-NSGA-II,5,47,6.636191194111789,0.002747657529249695,
WeldedBeam,R-NSGA-II,5,47,7.434980688282653,0.002420713162157786,
WeldedBeam,R-NSGA-II,5,47,8.398793507582255,0.0021167988229961734,
WeldedBeam,R-NSGA-II,5,47,7.434980695996136,0.002420713159365266,
WeldedBeam,R-NSGA-II,5,47,7.4349806873369815,0.002420713162491586,
WeldedBeam,R-NSGA-II,5,47,6.594329034750332,0.0027672444989167194,
WeldedBeam,R-NSGA-II,5,47,8.469001857120782,0.002097615238745191,
WeldedBeam,R-NSGA-II,5,47,7.434980691067894,0.0024207131610319314,
WeldedBeam,R-NSGA-II,5,47,6.558802379681759,0.0027840875319919043,
WeldedBeam,R-NSGA-II,5,47,7.434980731498139,0.0024207131464318915,
WeldedBeam,R-NSGA-II,5,47,7.434980698313179,0.002420713158391961,
WeldedBeam,R-NSGA-II,5,47,6.514389191205643,0.0028054342248687776,
WeldedBeam,R-NSGA-II,5,47,7.4349807028697015,0.002420713156733821,
WeldedBeam,R-NSGA-II,5,47,8.56299783688247,0.002072469818323908,
WeldedBeam,R-NSGA-II,5,47,7.434980703674386,0.00242071315644104,
WeldedBeam,R-NSGA-II,5,47,7.434980703676257,0.0024207131564390155,
WeldedBeam,R-NSGA-II,5,47,6.473376205388522,0.002825439428500676,
WeldedBeam,R-NSGA-II,5,47,7.434980688301877,0.0024207131619655865,
WeldedBeam,R-NSGA-II,5,47,7.434980711812589,0.002420713153462497,
WeldedBeam,R-NSGA-II,5,47,8.63657247896081,0.0020532041525343735,
WeldedBeam,R-NSGA-II,5,47,7.4349807198976094,0.002420713150521942,
WeldedBeam,R-NSGA-II,5,47,6.422955211837911,0.002850428092602904,
WeldedBeam,R-NSGA-II,5,47,7.4349807207041625,0.002420713150227138,
WeldedBeam,R-NSGA-II,5,47,7.434980715934898,0.0024207131519457725,
WeldedBeam,R-NSGA-II,5,47,8.716611629440928,0.0020326484417629125,
WeldedBeam,R-NSGA-II,5,47,7.434634023160419,0.002420838175669496,
WeldedBeam,R-NSGA-II,6,48,7.43538013001002,0.0024208770945963595,
WeldedBeam,R-NSGA-II,6,48,7.435379609530228,0.0024208772822120915,
WeldedBeam,R-NSGA-II,6,48,7.435740314999175,0.0024207459799958603,
WeldedBeam,R-NSGA-II,6,48,7.435361621849728,0.0024208838116153916,
WeldedBeam,R-NSGA-II,6,48,7.435361621855809,0.0024208838116088175,
WeldedBeam,R-NSGA-II,6,48,7.435805060623566,0.002420722638702535,
WeldedBeam,R-NSGA-II,6,48,7.435302971943967,0.0024209036126258063,
WeldedBeam,R-NSGA-II,6,48,7.435302968379083,0.0024209036141289828,
WeldedBeam,R-NSGA-II,6,48,7.435449597945239,0.0024208052266099464,
WeldedBeam,R-NSGA-II,6,48,7.435461849266409,0.002420800394127651,
WeldedBeam,R-NSGA-II,6,48,7.435446417944035,0.002420805378810056,
WeldedBeam,R-NSGA-II,6,48,7.435540077476801,0.002420771630580598,
WeldedBeam,R-NSGA-II,6,48,7.47668039065344,0.0024060842807292057,
WeldedBeam,R-NSGA-II,6,48,7.435542405742451,0.002420770792000445,
WeldedBeam,R-NSGA-II,6,48,7.435440744253203,0.0024208064626498288,
WeldedBeam,R-NSGA-II,6,48,7.370840279659694,0.00244435816038095,
WeldedBeam,R-NSGA-II,6,48,7.435440744523539,0.0024208064624561655,
WeldedBeam,R-NSGA-II,6,48,7.546782471181576,0.00238138827344879,
WeldedBeam,R-NSGA-II,6,48,7.435393676801185,0.0024208253768329972,
WeldedBeam,R-NSGA-II,6,48,7.304314952960011,0.0024690444948925134,
WeldedBeam,R-NSGA-II,6,48,7.4356129062940575,0.002420746395069227,
WeldedBeam,R-NSGA-II,6,48,7.4356114859744675,0.0024207463960004756,
WeldedBeam,R-NSGA-II,6,48,7.435146023959096,0.002420960134841482,
WeldedBeam,R-NSGA-II,6,48,7.435981104019489,0.0024206592246560563,
WeldedBeam,R-NSGA-II,6,48,7.618436846757605,0.002356617277691956,
WeldedBeam,R-NSGA-II,6,48,7.258176719529427,0.002486460500316516,
WeldedBeam,R-NSGA-II,6,48,7.435134568210014,0.002420963756523704,
WeldedBeam,R-NSGA-II,6,48,7.436003245387436,0.002420651285752069,
WeldedBeam,R-NSGA-II,6,48,7.436012404935823,0.002420647948253029,
WeldedBeam,R-NSGA-II,6,48,7.688695532294582,0.002332866984109027,
WeldedBeam,R-NSGA-II,6,48,7.435806547264619,0.0024206766341542873,
WeldedBeam,R-NSGA-II,6,48,7.435806524228205,0.002420676634168955,
WeldedBeam,R-NSGA-II,6,48,7.4358065241897835,0.0024206766341713544,
WeldedBeam,R-NSGA-II,6,48,7.1590906026074315,0.0025303027050450387,
WeldedBeam,R-NSGA-II,6,48,7.780000917845584,0.0023027518523780167,
WeldedBeam,R-NSGA-II,6,48,7.435806449203902,0.0024206766351290133,
WeldedBeam,R-NSGA-II,6,48,7.087332951687422,0.0025531463082751446,
WeldedBeam,R-NSGA-II,6,48,7.436199468595909,0.0024205350678780982,
WeldedBeam,R-NSGA-II,6,48,7.0465825145882635,0.00256953301148453,
WeldedBeam,R-NSGA-II,6,48,7.436200023211615,0.002420534868088611,
WeldedBeam,R-NSGA-II,6,48,7.434670684482673,0.002421131407492769,
WeldedBeam,R-NSGA-II,6,48,7.8647593233941,0.002275444907078398,
WeldedBeam,R-NSGA-II,6,48,7.434667796966002,0.0024211324482096867,
WeldedBeam,R-NSGA-II,6,48,7.436501134644238,0.002420471900492236,
WeldedBeam,R-NSGA-II,6,48,7.936925745326583,0.0022527001455167114,
WeldedBeam,R-NSGA-II,6,48,7.436496147161009,0.002420471900662466,
WeldedBeam,R-NSGA-II,6,48,6.97681397969116,0.002598224398533084,
WeldedBeam,R-NSGA-II,6,48,7.436765903408496,0.0024203765212536207,
WeldedBeam,R-NSGA-II,6,48,7.436619495438792,0.0024203813663228185,
WeldedBeam,R-NSGA-II,6,48,7.43678060251948,0.00242037125937222,
WeldedBeam,R-NSGA-II,6,48,7.436780602762389,0.002420371259152417,
WeldedBeam,R-NSGA-II,6,48,8.013399100009778,0.002229088957771879,
WeldedBeam,R-NSGA-II,6,48,7.436893504000144,0.0024203305452759156,
WeldedBeam,R-NSGA-II,6,48,6.906157675687853,0.0026278871577192216,
WeldedBeam,R-NSGA-II,6,48,7.436893496350872,0.002420330545413266,
WeldedBeam,R-NSGA-II,6,48,6.856552070932617,0.002649120330005434,
WeldedBeam,R-NSGA-II,6,48,7.43689349647178,0.0024203305452826186,
WeldedBeam,R-NSGA-II,6,48,7.436923917124575,0.0024203217707144385,
WeldedBeam,R-NSGA-II,6,48,8.121243868538139,0.0021966207595403584,
WeldedBeam,R-NSGA-II,6,48,6.793310132928653,0.0026766933011594164,
WeldedBeam,R-NSGA-II,6,48,7.434197078855771,0.0024213021871849023,
WeldedBeam,R-NSGA-II,6,48,8.17859662674071,0.0021797361927683944,
WeldedBeam,R-NSGA-II,6,48,7.434197078781052,0.0024213021872657053,
WeldedBeam,R-NSGA-II,6,48,8.255694015158474,0.002157443617572143,
WeldedBeam,R-NSGA-II,6,48,7.434154166359931,0.0024213176115548555,
WeldedBeam,R-NSGA-II,6,48,6.717661518748128,0.002710438739000289,
WeldedBeam,R-NSGA-II,6,48,7.434146171342112,0.0024213204935821567,
WeldedBeam,R-NSGA-II,6,48,7.434142817593458,0.0024213217481974447,
WeldedBeam,R-NSGA-II,6,48,8.32380151012601,0.0021380864626208205,
WeldedBeam,R-NSGA-II,6,48,6.668939565937321,0.002732626967531655,
WeldedBeam,R-NSGA-II,6,48,7.434100696491951,0.002421338077455367,
WeldedBeam,R-NSGA-II,6,48,7.437053480288718,0.00242027291670922,
WeldedBeam,R-NSGA-II,6,48,6.595737251686933,0.002766654965263817,
WeldedBeam,R-NSGA-II,6,48,7.437130515167745,0.0024202451944727943,
WeldedBeam,R-NSGA-II,6,48,7.437130515178385,0.0024202451944612987,
WeldedBeam,R-NSGA-II,6,48,8.475041625866762,0.0020964444915346726,
WeldedBeam,R-NSGA-II,6,48,7.433964821578694,0.0024213424946776755,
WeldedBeam,R-NSGA-II,6,48,6.542118149600525,0.0027921243287746464,
WeldedBeam,R-NSGA-II,6,48,6.37385251671656,0.002875178482403874,
WeldedBeam,R-NSGA-II,6,48,7.433964821577715,0.0024213424946787345,
WeldedBeam,R-NSGA-II,6,48,7.433955405794106,0.002421391141174387,
WeldedBeam,R-NSGA-II,6,48,8.794416166282293,0.00201354944762984,
WeldedBeam,R-NSGA-II,6,48,7.437186436805991,0.0024202250538955783,
WeldedBeam,R-NSGA-II,6,48,6.314816915101616,0.0029055018725614255,
WeldedBeam,R-NSGA-II,6,48,6.174482522090528,0.002980214272228053,
WeldedBeam,R-NSGA-II,6,48,7.437239031003312,0.002420206085717592,
WeldedBeam,R-NSGA-II,6,48,7.437259938443724,0.0024201985823432315,
WeldedBeam,R-NSGA-II,6,48,9.14120153549783,0.0019306587949789126,
WeldedBeam,R-NSGA-II,6,48,7.437265374335487,0.00242019691341374,
WeldedBeam,R-NSGA-II,6,48,9.271312738083452,0.0019012927170971993,
WeldedBeam,R-NSGA-II,6,48,6.0092916484045436,0.0030732439605614032,
WeldedBeam,R-NSGA-II,6,48,7.4372657017921044,0.002420196559617619,
WeldedBeam,R-NSGA-II,6,48,7.4336265730975954,0.002421459976519766,
WeldedBeam,R-NSGA-II,6,48,9.51414728191085,0.0018488085750757125,
WeldedBeam,R-NSGA-II,6,48,7.437472653562715,0.002420121925421629,
WeldedBeam,R-NSGA-II,6,48,9.72821264397425,0.0018048891233494648,
WeldedBeam,R-NSGA-II,6,48,5.834445602400596,0.003206971984313746,
WeldedBeam,R-NSGA-II,6,48,7.433588702527012,0.0024214739934013507,
WeldedBeam,R-NSGA-II,6,48,9.861768687248484,0.0017981963309823563,
WeldedBeam,R-NSGA-II,6,48,7.433547356300184,0.002421538252241789,
WeldedBeam,R-NSGA-II,7,49,7.438050645759735,0.0024212954062288006,
WeldedBeam,R-NSGA-II,7,49,7.393007200948225,0.0024379183724990983,
WeldedBeam,R-NSGA-II,7,49,7.4380506456646875,0.0024212954062729853,
WeldedBeam,R-NSGA-II,7,49,7.438050641738595,0.002421295408074754,
WeldedBeam,R-NSGA-II,7,49,7.496649040297784,0.0024000063844800755,
WeldedBeam,R-NSGA-II,7,49,7.438050641285875,0.002421295408503218,
WeldedBeam,R-NSGA-II,7,49,7.337802507728908,0.0024586051874624848,
WeldedBeam,R-NSGA-II,7,49,7.438050648103088,0.0024212954054352617,
WeldedBeam,R-NSGA-II,7,49,7.438050651098517,0.0024212954042752994,
WeldedBeam,R-NSGA-II,7,49,7.558832170408632,0.002377820649581099,
WeldedBeam,R-NSGA-II,7,49,7.438050649812899,0.0024212954052224476,
WeldedBeam,R-NSGA-II,7,49,7.438050647757837,0.002421295406169083,
WeldedBeam,R-NSGA-II,7,49,7.438050647889427,0.0024212954061679903,
WeldedBeam,R-NSGA-II,7,49,7.4380506478895665,0.002421295406167937,
WeldedBeam,R-NSGA-II,7,49,7.2651369142513005,0.0024863763693366283,
WeldedBeam,R-NSGA-II,7,49,7.438050648089374,0.0024212954061679343,
WeldedBeam,R-NSGA-II,7,49,7.651804637854964,0.002345404526633556,
WeldedBeam,R-NSGA-II,7,49,7.438050650611152,0.0024212954052222875,
WeldedBeam,R-NSGA-II,7,49,7.1926482990221565,0.0025147121187099105,
WeldedBeam,R-NSGA-II,7,49,7.438050650630564,0.0024212954052211457,
WeldedBeam,R-NSGA-II,7,49,7.729525247098742,0.0023189767784478877,
WeldedBeam,R-NSGA-II,7,49,7.4380506527472745,0.002421295404269406,
WeldedBeam,R-NSGA-II,7,49,7.120439090625736,0.002543711451177849,
WeldedBeam,R-NSGA-II,7,49,7.810972210924136,0.0022919135684424568,
WeldedBeam,R-NSGA-II,7,49,7.438050654710434,0.002421295403466646,
WeldedBeam,R-NSGA-II,7,49,7.886721746193027,0.0022673043459729646,
WeldedBeam,R-NSGA-II,7,49,7.438050655229098,0.002421295403269539,
WeldedBeam,R-NSGA-II,7,49,7.944591999658484,0.002248856875149559,
WeldedBeam,R-NSGA-II,7,49,7.438050655337089,0.002421295403232841,
WeldedBeam,R-NSGA-II,7,49,7.4380506553487855,0.0024212954032323377,
WeldedBeam,R-NSGA-II,7,49,6.949120905250098,0.0026148246599552853,
WeldedBeam,R-NSGA-II,7,49,7.438050655348649,0.0024212954032324877,
WeldedBeam,R-NSGA-II,7,49,7.9907501970937505,0.0022343567111635532,
WeldedBeam,R-NSGA-II,7,49,7.43805066150874,0.0024212954004663757,
WeldedBeam,R-NSGA-II,7,49,7.438050655639328,0.002421295403213999,
WeldedBeam,R-NSGA-II,7,49,6.907674698821793,0.0026326620981341753,
WeldedBeam,R-NSGA-II,7,49,8.044516463810846,0.0022177005400871408,
WeldedBeam,R-NSGA-II,7,49,7.438050655223939,0.0024212954034499887,
WeldedBeam,R-NSGA-II,7,49,7.43805065392463,0.0024212954040499944,
WeldedBeam,R-NSGA-II,7,49,7.438050653929043,0.002421295404048377,
WeldedBeam,R-NSGA-II,7,49,6.84834576634909,0.002658623509667188,
WeldedBeam,R-NSGA-II,7,49,7.438050665974817,0.0024212953986144903,
WeldedBeam,R-NSGA-II,7,49,7.4380506638726915,0.00242129539959754,
WeldedBeam,R-NSGA-II,7,49,8.120516628467442,0.0021945757487739875,
WeldedBeam,R-NSGA-II,7,49,6.8093746174445915,0.00267595711204027,
WeldedBeam,R-NSGA-II,7,49,7.438050663874238,0.0024212953995975217,
WeldedBeam,R-NSGA-II,7,49,6.770467401198066,0.0026934892292676343,
WeldedBeam,R-NSGA-II,7,49,7.438050664270696,0.0024212953994503196,
WeldedBeam,R-NSGA-II,7,49,7.4380506629998155,0.002421295400105576,
WeldedBeam,R-NSGA-II,7,49,8.206748130934075,0.0021689150262203596,
WeldedBeam,R-NSGA-II,7,49,8.247751673814237,0.002156922568295855,
WeldedBeam,R-NSGA-II,7,49,7.438050662999482,0.0024212954001059436,
WeldedBeam,R-NSGA-II,7,49,7.438050666338458,0.0024212953986090325,
WeldedBeam,R-NSGA-II,7,49,6.743063801048719,0.0027336860674591875,
WeldedBeam,R-NSGA-II,7,49,8.343269962629929,0.0021294937392116477,
WeldedBeam,R-NSGA-II,7,49,7.438050664235902,0.0024212953995698012,
WeldedBeam,R-NSGA-II,7,49,7.438050664632191,0.002421295399422786,
WeldedBeam,R-NSGA-II,7,49,7.438050658701013,0.002421295402120876,
WeldedBeam,R-NSGA-II,7,49,6.708262454024077,0.0027639400462174312,
WeldedBeam,R-NSGA-II,7,49,7.438050658519803,0.0024212954022621875,
WeldedBeam,R-NSGA-II,7,49,7.438050664875709,0.0024212953993915215,
WeldedBeam,R-NSGA-II,7,49,8.391183883566972,0.00211599594488152,
WeldedBeam,R-NSGA-II,7,49,8.464076318508036,0.0020957865105559006,
WeldedBeam,R-NSGA-II,7,49,7.438050658540171,0.0024212954022621628,
WeldedBeam,R-NSGA-II,7,49,7.43805066368657,0.0024212953999975567,
WeldedBeam,R-NSGA-II,7,49,6.5808222292954,0.0027849764234283937,
WeldedBeam,R-NSGA-II,7,49,7.438050668558254,0.0024212953980386337,
WeldedBeam,R-NSGA-II,7,49,8.531716269213915,0.0020773756048655364,
WeldedBeam,R-NSGA-II,7,49,7.438050671485854,0.002421295396729595,
WeldedBeam,R-NSGA-II,7,49,6.5190683700537155,0.0028171465235082896,
WeldedBeam,R-NSGA-II,7,49,7.438050668896653,0.0024212953979114546,
WeldedBeam,R-NSGA-II,7,49,8.603164208877947,0.002058276270437374,
WeldedBeam,R-NSGA-II,7,49,7.4380506689607975,0.002421295397888932,
WeldedBeam,R-NSGA-II,7,49,7.438050672147346,0.0024212953964722356,
WeldedBeam,R-NSGA-II,7,49,8.652406659531215,0.002045316019465041,
WeldedBeam,R-NSGA-II,7,49,7.438050667469395,0.0024212953985902883,
WeldedBeam,R-NSGA-II,7,49,6.42318021349107,0.00286753118785097,
WeldedBeam,R-NSGA-II,7,49,8.813836087762114,0.0020039503608996474,
WeldedBeam,R-NSGA-II,7,49,7.438050672023289,0.0024212953965381113,
WeldedBeam,R-NSGA-II,7,49,7.438050673680765,0.0024212953959406977,
WeldedBeam,R-NSGA-II,7,49,6.34197952679191,0.002938688232219822,
WeldedBeam,R-NSGA-II,7,49,7.438050673770839,0.002421295395940419,
WeldedBeam,R-NSGA-II,7,49,8.951163937377727,0.0019700555001756536,
WeldedBeam,R-NSGA-II,7,49,9.07918116807194,0.001940817436579141,
WeldedBeam,R-NSGA-II,7,49,7.438050673770704,0.0024212953959405663,
WeldedBeam,R-NSGA-II,7,49,9.254125673148117,0.0018991884873446807,
WeldedBeam,R-NSGA-II,7,49,7.438050674102734,0.0024212953959038635,
WeldedBeam,R-NSGA-II,7,49,9.363259299884326,0.0018748937024252316,
WeldedBeam,R-NSGA-II,7,49,7.4380506685138705,0.0024212953984549942,
WeldedBeam,R-NSGA-II,7,49,5.933572962065156,0.003130790128788991,
WeldedBeam,R-NSGA-II,7,49,7.438050674188088,0.0024212953959036406,
WeldedBeam,R-NSGA-II,7,49,9.518070640124224,0.001841477605088312,
WeldedBeam,R-NSGA-II,7,49,7.438050676015429,0.0024212953951468926,
WeldedBeam,R-NSGA-II,7,49,7.438050673278285,0.0024212953964534876,
WeldedBeam,R-NSGA-II,7,49,9.644056961688015,0.0018151499513563737,
WeldedBeam,R-NSGA-II,7,49,7.438050675817422,0.002421295395377761,
WeldedBeam,R-NSGA-II,7,49,7.4380506703361755,0.002421295397875002,
WeldedBeam,R-NSGA-II,7,49,9.70945480011822,0.0018027438582310063,
WeldedBeam,R-NSGA-II,7,49,7.438050670354762,0.0024212953978746984,
WeldedBeam,R-NSGA-II,7,49,7.438050670568109,0.002421295397830736,
WeldedBeam,R-NSGA-II,8,50,7.435877116013931,0.0024208255872779664,
WeldedBeam,R-NSGA-II,8,50,7.397967130390275,0.0024345565303477822,
WeldedBeam,R-NSGA-II,8,50,7.435877189838383,0.002420825558003483,
WeldedBeam,R-NSGA-II,8,50,7.4358771934025025,0.0024208255567127746,
WeldedBeam,R-NSGA-II,8,50,7.486962169677342,0.002402565784872117,
WeldedBeam,R-NSGA-II,8,50,7.435877208069587,0.0024208255533771845,
WeldedBeam,R-NSGA-II,8,50,7.435877199961056,0.0024208255542748414,
WeldedBeam,R-NSGA-II,8,50,7.435877303768742,0.0024208255171775765,
WeldedBeam,R-NSGA-II,8,50,7.367039751573033,0.0024487743576784007,
WeldedBeam,R-NSGA-II,8,50,7.435877300956216,0.0024208255171779985,
WeldedBeam,R-NSGA-II,8,50,7.4358773064969,0.002420825515950143,
WeldedBeam,R-NSGA-II,8,50,7.5300830412067326,0.0023873657302048755,
WeldedBeam,R-NSGA-II,8,50,7.435877321824494,0.0024208255104925204,
WeldedBeam,R-NSGA-II,8,50,7.43587737031626,0.0024208254929299665,
WeldedBeam,R-NSGA-II,8,50,7.313618284174055,0.0024656735442433824,
WeldedBeam,R-NSGA-II,8,50,7.4358773718520785,0.002420825492370308,
WeldedBeam,R-NSGA-II,8,50,7.435877368936216,0.002420825492930064,
WeldedBeam,R-NSGA-II,8,50,7.435877372321251,0.0024208254921643125,
WeldedBeam,R-NSGA-II,8,50,7.435877377828878,0.0024208254901807447,
WeldedBeam,R-NSGA-II,8,50,7.435877378593535,0.0024208254899034964,
WeldedBeam,R-NSGA-II,8,50,7.276691919631266,0.002479547746195015,
WeldedBeam,R-NSGA-II,8,50,7.435877376642237,0.0024208254901916236,
WeldedBeam,R-NSGA-II,8,50,7.435877379581701,0.0024208254892076446,
WeldedBeam,R-NSGA-II,8,50,7.614467780477609,0.0023581698698758487,
WeldedBeam,R-NSGA-II,8,50,7.653768654542902,0.00234481470325726,
WeldedBeam,R-NSGA-II,8,50,7.435877379465451,0.0024208254892086577,
WeldedBeam,R-NSGA-II,8,50,7.4358773744201425,0.0024208254901917116,
WeldedBeam,R-NSGA-II,8,50,7.435877391570429,0.0024208254852550017,
WeldedBeam,R-NSGA-II,8,50,7.175165103938826,0.002518511478072849,
WeldedBeam,R-NSGA-II,8,50,7.435877392295063,0.002420825484987495,
WeldedBeam,R-NSGA-II,8,50,7.714026506788431,0.0023246291037567735,
WeldedBeam,R-NSGA-II,8,50,7.435877393106249,0.0024208254846953417,
WeldedBeam,R-NSGA-II,8,50,7.43587741119323,0.0024208254781943137,
WeldedBeam,R-NSGA-II,8,50,7.435877411137568,0.002420825478195436,
WeldedBeam,R-NSGA-II,8,50,7.810645387564633,0.002292978822781935,
WeldedBeam,R-NSGA-II,8,50,7.435877407636168,0.0024208254781959097,
WeldedBeam,R-NSGA-II,8,50,7.435877417996009,0.0024208254752205506,
WeldedBeam,R-NSGA-II,8,50,7.084841163120993,0.002554219714679841,
WeldedBeam,R-NSGA-II,8,50,7.435877419620096,0.0024208254746449073,
WeldedBeam,R-NSGA-II,8,50,7.435877431157847,0.0024208254703779234,
WeldedBeam,R-NSGA-II,8,50,7.0502927739964205,0.0025681470934321065,
WeldedBeam,R-NSGA-II,8,50,7.435877568818787,0.002420825420689968,
WeldedBeam,R-NSGA-II,8,50,7.858134433907196,0.0022777361795174736,
WeldedBeam,R-NSGA-II,8,50,7.435877599498877,0.002420825409033439,
WeldedBeam,R-NSGA-II,8,50,7.435877599499844,0.002420825409032394,
WeldedBeam,R-NSGA-II,8,50,7.931592778447688,0.0022545532440622386,
WeldedBeam,R-NSGA-II,8,50,7.435877609433766,0.002420825406806534,
WeldedBeam,R-NSGA-II,8,50,7.435877611584848,0.002420825406174033,
WeldedBeam,R-NSGA-II,8,50,6.951248098973739,0.0026089298715019737,
WeldedBeam,R-NSGA-II,8,50,7.435877646863247,0.0024208253969834736,
WeldedBeam,R-NSGA-II,8,50,8.011427247277991,0.0022298873289222573,
WeldedBeam,R-NSGA-II,8,50,6.917041414194989,0.0026233174464750336,
WeldedBeam,R-NSGA-II,8,50,7.435877646863319,0.002420825396983395,
WeldedBeam,R-NSGA-II,8,50,7.435877646336453,0.002420825396983596,
WeldedBeam,R-NSGA-II,8,50,8.064132403440905,0.0022138970347380916,
WeldedBeam,R-NSGA-II,8,50,7.435877630078048,0.0024208253997168223,
WeldedBeam,R-NSGA-II,8,50,6.8751608446380725,0.002641150261779599,
WeldedBeam,R-NSGA-II,8,50,7.435877630456526,0.0024208253989668944,
WeldedBeam,R-NSGA-II,8,50,6.835205624315972,0.002658390719020571,
WeldedBeam,R-NSGA-II,8,50,7.435877647943577,0.002420825393068888,
WeldedBeam,R-NSGA-II,8,50,8.126202094368251,0.0021953572026716358,
WeldedBeam,R-NSGA-II,8,50,7.435877647954344,0.0024208253930630285,
WeldedBeam,R-NSGA-II,8,50,7.435877654976914,0.002420825390523539,
WeldedBeam,R-NSGA-II,8,50,6.7907145081997005,0.0026778551915240647,
WeldedBeam,R-NSGA-II,8,50,7.435877654978098,0.0024208253905222596,
WeldedBeam,R-NSGA-II,8,50,8.193500785327124,0.002175603207696835,
WeldedBeam,R-NSGA-II,8,50,7.435877654991001,0.002420825390508319,
WeldedBeam,R-NSGA-II,8,50,7.4358780144237056,0.0024208252605719314,
WeldedBeam,R-NSGA-II,8,50,7.435878024407386,0.0024208252571559234,
WeldedBeam,R-NSGA-II,8,50,8.262340294586311,0.0021557613891028844,
WeldedBeam,R-NSGA-II,8,50,6.720585534895574,0.0027091214858171965,
WeldedBeam,R-NSGA-II,8,50,7.435878029432875,0.002420825255951111,
WeldedBeam,R-NSGA-II,8,50,7.4358780306874905,0.002420825255604592,
WeldedBeam,R-NSGA-II,8,50,7.435878026449272,0.0024208252563076038,
WeldedBeam,R-NSGA-II,8,50,7.435878027325144,0.0024208252559687685,
WeldedBeam,R-NSGA-II,8,50,7.435878027326969,0.0024208252559667956,
WeldedBeam,R-NSGA-II,8,50,6.678039479699987,0.002728448595904579,
WeldedBeam,R-NSGA-II,8,50,7.435878025107147,0.0024208252563643244,
WeldedBeam,R-NSGA-II,8,50,8.368703501369971,0.0021258057156493954,
WeldedBeam,R-NSGA-II,8,50,7.435878031415951,0.0024208252540916186,
WeldedBeam,R-NSGA-II,8,50,7.435878031797829,0.002420825253955156,
WeldedBeam,R-NSGA-II,8,50,6.631578435103286,0.002749871608230119,
WeldedBeam,R-NSGA-II,8,50,6.5927203085919,0.002768048994800909,
WeldedBeam,R-NSGA-II,8,50,7.435878060525447,0.002420825247874064,
WeldedBeam,R-NSGA-II,8,50,8.504099287031993,0.002088856879279487,
WeldedBeam,R-NSGA-II,8,50,7.435878035884702,0.0024208252528615,
WeldedBeam,R-NSGA-II,8,50,7.435878035908033,0.002420825252844453,
WeldedBeam,R-NSGA-II,8,50,6.555950991873934,0.002785471941058297,
WeldedBeam,R-NSGA-II,8,50,7.435878036335451,0.002420825252731785,
WeldedBeam,R-NSGA-II,8,50,7.435878040757339,0.0024208252516787244,
WeldedBeam,R-NSGA-II,8,50,6.504259878234164,0.0028103397258474293,
WeldedBeam,R-NSGA-II,8,50,7.435878043049304,0.002420825250751555,
WeldedBeam,R-NSGA-II,8,50,8.609359711846437,0.0020610074348663444,
WeldedBeam,R-NSGA-II,8,50,7.435878040846579,0.00242082525081329,
WeldedBeam,R-NSGA-II,8,50,8.690271228181576,0.00204009979772795,
WeldedBeam,R-NSGA-II,8,50,6.421457869174569,0.002851113167957205,
WeldedBeam,R-NSGA-II,8,50,7.435878060944383,0.002420825245232909,
WeldedBeam,R-NSGA-II,8,50,7.435878067835956,0.00242082524201493,
WeldedBeam,R-NSGA-II,8,50,8.743719867616658,0.0020265197189021106,
WeldedBeam,R-NSGA-II,8,50,7.435878068711823,0.0024208252416761007,
WeldedBeam,R-NSGA-II,9,51,7.4342981241775465,0.0024205798062097777,
WeldedBeam,R-NSGA-II,9,51,7.434298144821793,0.002420579798833156,
WeldedBeam,R-NSGA-II,9,51,7.434299462290714,0.002420579353168285,
WeldedBeam,R-NSGA-II,9,51,7.434299458334377,0.00242057935355756,
WeldedBeam,R-NSGA-II,9,51,7.434299643363904,0.0024205792860386827,
WeldedBeam,R-NSGA-II,9,51,7.434299643363909,0.002420579286038676,
WeldedBeam,R-NSGA-II,9,51,7.434299642040896,0.002420579286038702,
WeldedBeam,R-NSGA-II,9,51,7.434299592478289,0.0024205792972288452,
WeldedBeam,R-NSGA-II,9,51,7.434299506760401,0.0024205793066339886,
WeldedBeam,R-NSGA-II,9,51,7.434299772593672,0.0024205792049779716,
WeldedBeam,R-NSGA-II,9,51,7.434299771823823,0.0024205792049786425,
WeldedBeam,R-NSGA-II,9,51,7.395775880420045,0.002434700979798579,
WeldedBeam,R-NSGA-II,9,51,7.48651422809953,0.002401698314851994,
WeldedBeam,R-NSGA-II,9,51,7.434299749677466,0.00242057921016153,
WeldedBeam,R-NSGA-II,9,51,7.434299726312745,0.0024205792158062717,
WeldedBeam,R-NSGA-II,9,51,7.434299789223153,0.00242057919437626,
WeldedBeam,R-NSGA-II,9,51,7.434299838932082,0.002420579177613998,
WeldedBeam,R-NSGA-II,9,51,7.350033718394636,0.00245168422115986,
WeldedBeam,R-NSGA-II,9,51,7.548358925792527,0.002379712684475314,
WeldedBeam,R-NSGA-II,9,51,7.434299837441612,0.002420579177614006,
WeldedBeam,R-NSGA-II,9,51,7.434299837430916,0.002420579177614131,
WeldedBeam,R-NSGA-II,9,51,7.4342998374258435,0.002420579177615425,
WeldedBeam,R-NSGA-II,9,51,7.43429988038651,0.0024205791656825904,
WeldedBeam,R-NSGA-II,9,51,7.434299835362447,0.0024205791777433534,
WeldedBeam,R-NSGA-II,9,51,7.434299965348172,0.0024205791350228427,
WeldedBeam,R-NSGA-II,9,51,7.292081356463847,0.0024735441813130386,
WeldedBeam,R-NSGA-II,9,51,7.616055946124314,0.002356103393265063,
WeldedBeam,R-NSGA-II,9,51,7.434299985223243,0.0024205791276933966,
WeldedBeam,R-NSGA-II,9,51,7.237071576836252,0.002494657894957824,
WeldedBeam,R-NSGA-II,9,51,7.434299946554842,0.0024205791382251075,
WeldedBeam,R-NSGA-II,9,51,7.434300032475874,0.0024205791104737126,
WeldedBeam,R-NSGA-II,9,51,7.657890131442538,0.0023417465362701733,
WeldedBeam,R-NSGA-II,9,51,7.434300032476348,0.002420579110473194,
WeldedBeam,R-NSGA-II,9,51,7.434300396024726,0.0024205790071567582,
WeldedBeam,R-NSGA-II,9,51,7.434300058868246,0.002420579097469839,
WeldedBeam,R-NSGA-II,9,51,7.169934722036089,0.0025209197239271204,
WeldedBeam,R-NSGA-II,9,51,7.4343000596177555,0.0024205790969872186,
WeldedBeam,R-NSGA-II,9,51,7.722363109262153,0.0023199597960822764,
WeldedBeam,R-NSGA-II,9,51,7.434300071040125,0.002420579092867697,
WeldedBeam,R-NSGA-II,9,51,7.762955002852514,0.0023064497208512367,
WeldedBeam,R-NSGA-II,9,51,7.434300071023034,0.0024205790928680145,
WeldedBeam,R-NSGA-II,9,51,7.106013645972361,0.0025464426809674407,
WeldedBeam,R-NSGA-II,9,51,7.43430007564351,0.0024205790913572798,
WeldedBeam,R-NSGA-II,9,51,7.434300075643554,0.0024205790913572308,
WeldedBeam,R-NSGA-II,9,51,7.841716881244322,0.0022806794928536852,
WeldedBeam,R-NSGA-II,9,51,7.022784915786888,0.002580459859559466,
WeldedBeam,R-NSGA-II,9,51,7.434300077939408,0.002420579090439055,
WeldedBeam,R-NSGA-II,9,51,7.9097868300516225,0.00225886704491115,
WeldedBeam,R-NSGA-II,9,51,7.434300079147882,0.0024205790900799972,
WeldedBeam,R-NSGA-II,9,51,7.434300077703224,0.002420579090439062,
WeldedBeam,R-NSGA-II,9,51,6.974994375275386,0.002600406710438864,
WeldedBeam,R-NSGA-II,9,51,7.434300089984803,0.002420579086038055,
WeldedBeam,R-NSGA-II,9,51,7.434300113548695,0.002420579076878852,
WeldedBeam,R-NSGA-II,9,51,7.96451957367879,0.0022416286994233307,
WeldedBeam,R-NSGA-II,9,51,7.434300256335585,0.0024205790239830837,
WeldedBeam,R-NSGA-II,9,51,6.922130365488136,0.0026228334466304663,
WeldedBeam,R-NSGA-II,9,51,7.434300297109036,0.0024205790115599123,
WeldedBeam,R-NSGA-II,9,51,8.01749134130304,0.002225193693783135,
WeldedBeam,R-NSGA-II,9,51,7.434300288444506,0.00242057901334128,
WeldedBeam,R-NSGA-II,9,51,7.434300303268138,0.00242057900827981,
WeldedBeam,R-NSGA-II,9,51,7.434300302902128,0.002420579008282862,
WeldedBeam,R-NSGA-II,9,51,8.069454443860671,0.0022093041168975537,
WeldedBeam,R-NSGA-II,9,51,6.832557501968975,0.002661729465843988,
WeldedBeam,R-NSGA-II,9,51,7.434300485712615,0.00242057894529748,
WeldedBeam,R-NSGA-II,9,51,7.434300483023819,0.0024205789458805064,
WeldedBeam,R-NSGA-II,9,51,8.12636075479358,0.0021921612914048284,
WeldedBeam,R-NSGA-II,9,51,6.792830952446709,0.002679352039005853,
WeldedBeam,R-NSGA-II,9,51,7.4343004831375055,0.0024205789458254284,
WeldedBeam,R-NSGA-II,9,51,7.43430046418574,0.0024205789507557125,
WeldedBeam,R-NSGA-II,9,51,8.19387419660943,0.0021721649911364853,
WeldedBeam,R-NSGA-II,9,51,7.434300454548777,0.002420578953263362,
WeldedBeam,R-NSGA-II,9,51,7.4343004733106115,0.0024205789479912515,
WeldedBeam,R-NSGA-II,9,51,6.73978919255713,0.0027032481375484207,
WeldedBeam,R-NSGA-II,9,51,8.28791630640462,0.002144911738412125,
WeldedBeam,R-NSGA-II,9,51,7.434300436545203,0.0024205789579720745,
WeldedBeam,R-NSGA-II,9,51,7.434300471596359,0.0024205789479915777,
WeldedBeam,R-NSGA-II,9,51,8.352813982043203,0.002126499870269873,
WeldedBeam,R-NSGA-II,9,51,7.434300475198726,0.0024205789458805103,
WeldedBeam,R-NSGA-II,9,51,6.654449531594955,0.0027426026103095904,
WeldedBeam,R-NSGA-II,9,51,7.434300456344372,0.002420578950756266,
WeldedBeam,R-NSGA-II,9,51,8.438930893360173,0.0021025504990574663,
WeldedBeam,R-NSGA-II,9,51,6.592165051155651,0.002772056239087535,
WeldedBeam,R-NSGA-II,9,51,7.434300494774072,0.002420578937407231,
WeldedBeam,R-NSGA-II,9,51,8.486279841159007,0.0020896110360373106,
WeldedBeam,R-NSGA-II,9,51,7.434300848377418,0.0024205788130964804,
WeldedBeam,R-NSGA-II,9,51,7.434300864417291,0.0024205788072509176,
WeldedBeam,R-NSGA-II,9,51,7.434301081927819,0.0024205787275301933,
WeldedBeam,R-NSGA-II,9,51,6.533774528811382,0.0028002487935716116,
WeldedBeam,R-NSGA-II,9,51,8.619342789275615,0.0020540859171928696,
WeldedBeam,R-NSGA-II,9,51,7.434301081227993,0.0024205787275302037,
WeldedBeam,R-NSGA-II,9,51,7.434301062991631,0.002420578731099599,
WeldedBeam,R-NSGA-II,9,51,6.483740170560696,0.002824867030116163,
WeldedBeam,R-NSGA-II,9,51,7.4343010757073955,0.0024205787275303854,
WeldedBeam,R-NSGA-II,9,51,6.438591918766326,0.002847455666974772,
WeldedBeam,R-NSGA-II,9,51,7.43430110030091,0.002420578720563481,
WeldedBeam,R-NSGA-II,9,51,7.434301146486164,0.002420578706526962,
WeldedBeam,R-NSGA-II,9,51,8.808115602398791,0.002005710981332584,
WeldedBeam,R-NSGA-II,9,51,7.434301093061651,0.002420578720563487,
WeldedBeam,R-NSGA-II,9,51,8.975366738022913,0.0019647159515942276,
WeldedBeam,R-NSGA-II,9,51,9.731306512550578,0.0017985635043660626,
WeldedBeam,R-NSGA-II,10,52,7.433305792778712,0.002420362399581076,
WeldedBeam,R-NSGA-II,10,52,7.433309972699413,0.002420360882933826,
WeldedBeam,R-NSGA-II,10,52,7.37376952249027,0.002442159650364866,
WeldedBeam,R-NSGA-II,10,52,7.433309973803325,0.0024203608825589845,
WeldedBeam,R-NSGA-II,10,52,7.506686534310096,0.0023940259647545026,
WeldedBeam,R-NSGA-II,10,52,7.433309973954328,0.0024203608824981066,
WeldedBeam,R-NSGA-II,10,52,7.433309975133155,0.0024203608820939915,
WeldedBeam,R-NSGA-II,10,52,7.433309973545701,0.002420360882629828,
WeldedBeam,R-NSGA-II,10,52,7.270593767673544,0.0024808785360377742,
WeldedBeam,R-NSGA-II,10,52,7.433309973715579,0.0024203608825647364,
WeldedBeam,R-NSGA-II,10,52,7.4333099747007925,0.002420360882227263,
WeldedBeam,R-NSGA-II,10,52,7.622800000101849,0.0023535038587417243,
WeldedBeam,R-NSGA-II,10,52,7.4333099741861925,0.0024203608823908243,
WeldedBeam,R-NSGA-II,10,52,7.433309975166463,0.0024203608820576477,
WeldedBeam,R-NSGA-II,10,52,7.433309980521889,0.002420360880221522,
WeldedBeam,R-NSGA-II,10,52,7.229432103704217,0.002496670103553577,
WeldedBeam,R-NSGA-II,10,52,7.70503846650716,0.002325623715430707,
WeldedBeam,R-NSGA-II,10,52,7.433309980523177,0.00242036088021989,
WeldedBeam,R-NSGA-II,10,52,7.4333099767676485,0.0024203608814691055,
WeldedBeam,R-NSGA-II,10,52,7.161057908909555,0.0025239026368279386,
WeldedBeam,R-NSGA-II,10,52,7.433309976767725,0.002420360881469023,
WeldedBeam,R-NSGA-II,10,52,7.752736733727551,0.0023097538444906674,
WeldedBeam,R-NSGA-II,10,52,7.4333099767691895,0.002420360881467429,
WeldedBeam,R-NSGA-II,10,52,7.114057933385458,0.002542024046357311,
WeldedBeam,R-NSGA-II,10,52,7.433309973090605,0.002420360882688589,
WeldedBeam,R-NSGA-II,10,52,7.79905047473562,0.0022945505107020182,
WeldedBeam,R-NSGA-II,10,52,7.433309979511713,0.0024203608804883145,
WeldedBeam,R-NSGA-II,10,52,7.433309979622528,0.0024203608804487043,
WeldedBeam,R-NSGA-II,10,52,7.433309973173167,0.0024203608826319713,
WeldedBeam,R-NSGA-II,10,52,7.83306992354702,0.002283509891099191,
WeldedBeam,R-NSGA-II,10,52,7.0448669547569205,0.002570022346749286,
WeldedBeam,R-NSGA-II,10,52,7.433309979977989,0.0024203608803191243,
WeldedBeam,R-NSGA-II,10,52,7.433309979982759,0.0024203608803139314,
WeldedBeam,R-NSGA-II,10,52,7.433309980146808,0.002420360880229994,
WeldedBeam,R-NSGA-II,10,52,7.923748756530664,0.002254593590677153,
WeldedBeam,R-NSGA-II,10,52,7.433309981202846,0.0024203608798514173,
WeldedBeam,R-NSGA-II,10,52,7.433309981187905,0.002420360879855666,
WeldedBeam,R-NSGA-II,10,52,7.433309981574481,0.002420360879722207,
WeldedBeam,R-NSGA-II,10,52,6.958306758596728,0.002605929706510642,
WeldedBeam,R-NSGA-II,10,52,7.43330998005524,0.0024203608802337863,
WeldedBeam,R-NSGA-II,10,52,7.433309996361679,0.002420360874577468,
WeldedBeam,R-NSGA-II,10,52,7.433309994821867,0.0024203608750866827,
WeldedBeam,R-NSGA-II,10,52,7.996553289027244,0.0022319018700143623,
WeldedBeam,R-NSGA-II,10,52,7.433309995121138,0.0024203608749803745,
WeldedBeam,R-NSGA-II,10,52,6.9163879930798355,0.0026236817344468945,
WeldedBeam,R-NSGA-II,10,52,7.43330999512237,0.002420360874979033,
WeldedBeam,R-NSGA-II,10,52,6.884627183750361,0.0026372938897622367,
WeldedBeam,R-NSGA-II,10,52,8.08082877582815,0.0022156815902615555,
WeldedBeam,R-NSGA-II,10,52,7.433309996282784,0.0024203608745779854,
WeldedBeam,R-NSGA-II,10,52,7.433309996402886,0.0024203608745219677,
WeldedBeam,R-NSGA-II,10,52,7.433309993627061,0.0024203608753351827,
WeldedBeam,R-NSGA-II,10,52,8.10082106999138,0.0022001878980203804,
WeldedBeam,R-NSGA-II,10,52,6.822450164899163,0.0026643550341554187,
WeldedBeam,R-NSGA-II,10,52,7.433309997155827,0.002420360874012017,
WeldedBeam,R-NSGA-II,10,52,7.433310053366154,0.0024203608540391435,
WeldedBeam,R-NSGA-II,10,52,7.433310062691337,0.0024203608504140867,
WeldedBeam,R-NSGA-II,10,52,8.154156874816248,0.0021843112506434344,
WeldedBeam,R-NSGA-II,10,52,7.4333100636166805,0.002420360849998109,
WeldedBeam,R-NSGA-II,10,52,8.199609481415989,0.002170960952915681,
WeldedBeam,R-NSGA-II,10,52,7.433310063618036,0.0024203608499966333,
WeldedBeam,R-NSGA-II,10,52,6.7523102856483534,0.0026955562253855323,
WeldedBeam,R-NSGA-II,10,52,8.275322158650066,0.002149081365379429,
WeldedBeam,R-NSGA-II,10,52,7.433310060827401,0.002420360850940225,
WeldedBeam,R-NSGA-II,10,52,7.433310060827512,0.002420360850940105,
WeldedBeam,R-NSGA-II,10,52,8.317664538788616,0.0021370363962883985,
WeldedBeam,R-NSGA-II,10,52,7.433310065487005,0.0024203608493268214,
WeldedBeam,R-NSGA-II,10,52,6.669462486023582,0.002733365001992213,
WeldedBeam,R-NSGA-II,10,52,7.433310063460492,0.00242036085000434,
WeldedBeam,R-NSGA-II,10,52,7.433310065580614,0.002420360849266371,
WeldedBeam,R-NSGA-II,10,52,7.4333100548211695,0.0024203608529046886,
WeldedBeam,R-NSGA-II,10,52,8.365761753812443,0.002123517126127996,
WeldedBeam,R-NSGA-II,10,52,7.433310060448145,0.0024203608509759506,
WeldedBeam,R-NSGA-II,10,52,6.613238612528558,0.0027596335122442315,
WeldedBeam,R-NSGA-II,10,52,7.433310061611508,0.002420360850571143,
WeldedBeam,R-NSGA-II,10,52,6.567945745617446,0.002781164978843899,
WeldedBeam,R-NSGA-II,10,52,7.433310061615762,0.0024203608505677984,
WeldedBeam,R-NSGA-II,10,52,8.477162585108221,0.0020928517487396135,
WeldedBeam,R-NSGA-II,10,52,7.433310060467509,0.002420360850950127,
WeldedBeam,R-NSGA-II,10,52,7.433310062785588,0.002420360850156692,
WeldedBeam,R-NSGA-II,10,52,7.433310061827612,0.0024203608504362326,
WeldedBeam,R-NSGA-II,10,52,6.53629875794486,0.002796409914895226,
WeldedBeam,R-NSGA-II,10,52,7.433310061833087,0.0024203608504342455,
WeldedBeam,R-NSGA-II,10,52,8.528615645463745,0.0020789852527890508,
WeldedBeam,R-NSGA-II,10,52,7.4333100686384785,0.0024203608481092615,
WeldedBeam,R-NSGA-II,10,52,8.731131965346233,0.00202614704971626,
WeldedBeam,R-NSGA-II,10,52,7.433310065865009,0.0024203608490276558,
WeldedBeam,R-NSGA-II,10,52,8.897051212501173,0.001984818126273227,
WeldedBeam,R-NSGA-II,10,52,7.43331006586501,0.0024203608490276545,
WeldedBeam,R-NSGA-II,10,52,9.01613975601093,0.0019561786637839764,
WeldedBeam,R-NSGA-II,10,52,9.081732907426794,0.0019407544427482804,
WeldedBeam,R-NSGA-II,10,52,7.43331006586509,0.002420360849027568,
WeldedBeam,R-NSGA-II,10,52,7.4333100658650935,0.0024203608490275643,
WeldedBeam,R-NSGA-II,10,52,9.311146630162924,0.001930424830305715,
WeldedBeam,R-NSGA-II,10,52,9.428276515633346,0.001863140502128651,
WeldedBeam,R-NSGA-II,10,52,7.433310065865095,0.002420360849027563,
WeldedBeam,R-NSGA-II,10,52,7.433310066080961,0.0024203608488929094,
WeldedBeam,R-NSGA-II,10,52,9.494038768205908,0.0018491075161124555,
WeldedBeam,R-NSGA-II,10,52,7.432892774119594,0.0024205122726874777,
WeldedBeam,R-NSGA-II,10,52,9.624608331364326,0.0018218626046921647,
WeldedBeam,R-NSGA-II,10,52,10.009975391690835,0.0017703474313304167,
WeldedBeam,R-NSGA-II,11,53,7.439000941551364,0.0024216250004830153,
WeldedBeam,R-NSGA-II,11,53,7.439000941552914,0.0024216250004826397,
WeldedBeam,R-NSGA-II,11,53,7.439000941551915,0.0024216250004829923,
WeldedBeam,R-NSGA-II,11,53,7.4390009415525356,0.002421625000482899,
WeldedBeam,R-NSGA-II,11,53,7.439000941552516,0.002421625000482921,
WeldedBeam,R-NSGA-II,11,53,7.439000941553822,0.0024216250004825816,
WeldedBeam,R-NSGA-II,11,53,7.439000941538573,0.0024216250004875776,
WeldedBeam,R-NSGA-II,11,53,7.390645847676698,0.0024391009973722903,
WeldedBeam,R-NSGA-II,11,53,7.439000941531074,0.0024216250004904533,
WeldedBeam,R-NSGA-II,11,53,7.439000941532046,0.002421625000490204,
WeldedBeam,R-NSGA-II,11,53,7.491970071896948,0.0024027666207942357,
WeldedBeam,R-NSGA-II,11,53,7.439000941531948,0.0024216250004903098,
WeldedBeam,R-NSGA-II,11,53,7.4390009415309795,0.002421625000490576,
WeldedBeam,R-NSGA-II,11,53,7.439000941530953,0.0024216250004905847,
WeldedBeam,R-NSGA-II,11,53,7.545577537299646,0.0023839776884888057,
WeldedBeam,R-NSGA-II,11,53,7.439000941530891,0.00242162500049072,
WeldedBeam,R-NSGA-II,11,53,7.4390009415372855,0.002421625000489481,
WeldedBeam,R-NSGA-II,11,53,7.324925440977992,0.0024632613668568557,
WeldedBeam,R-NSGA-II,11,53,7.439000941538025,0.0024216250004894615,
WeldedBeam,R-NSGA-II,11,53,7.4390009415172855,0.002421625000495424,
WeldedBeam,R-NSGA-II,11,53,7.611737347398027,0.0023611905119507617,
WeldedBeam,R-NSGA-II,11,53,7.236696459716827,0.002496459164845552,
WeldedBeam,R-NSGA-II,11,53,7.439000941516384,0.002421625000495672,
WeldedBeam,R-NSGA-II,11,53,7.439000941515652,0.002421625000495868,
WeldedBeam,R-NSGA-II,11,53,7.1865437468029345,0.002515732031981694,
WeldedBeam,R-NSGA-II,11,53,7.439000941516602,0.0024216250004956653,
WeldedBeam,R-NSGA-II,11,53,7.715645569187019,0.002326268137436642,
WeldedBeam,R-NSGA-II,11,53,7.439000941515383,0.0024216250004959936,
WeldedBeam,R-NSGA-II,11,53,7.439000941516287,0.0024216250004957763,
WeldedBeam,R-NSGA-II,11,53,7.439000941509566,0.00242162500049817,
WeldedBeam,R-NSGA-II,11,53,7.439000941509283,0.002421625000498384,
WeldedBeam,R-NSGA-II,11,53,7.764008765297728,0.0023105879014282175,
WeldedBeam,R-NSGA-II,11,53,7.124149933417883,0.0025401283690525654,
WeldedBeam,R-NSGA-II,11,53,7.4390009415093745,0.0024216250004983815,
WeldedBeam,R-NSGA-II,11,53,7.080074228091547,0.002557905300299611,
WeldedBeam,R-NSGA-II,11,53,7.439000941503928,0.002421625000500379,
WeldedBeam,R-NSGA-II,11,53,7.873542552894128,0.002275134840213886,
WeldedBeam,R-NSGA-II,11,53,7.439000941438122,0.002421625000523592,
WeldedBeam,R-NSGA-II,11,53,7.439000941436723,0.002421625000524085,
WeldedBeam,R-NSGA-II,11,53,7.022965445817162,0.0025809110492768187,
WeldedBeam,R-NSGA-II,11,53,7.4390009414367135,0.0024216250005240953,
WeldedBeam,R-NSGA-II,11,53,7.943691460882772,0.002253132050292112,
WeldedBeam,R-NSGA-II,11,53,6.969736307822974,0.002602589524464419,
WeldedBeam,R-NSGA-II,11,53,7.439000941438018,0.00242162500052375,
WeldedBeam,R-NSGA-II,11,53,8.00527469211606,0.0022341638039928887,
WeldedBeam,R-NSGA-II,11,53,7.439000941437762,0.002421625000523927,
WeldedBeam,R-NSGA-II,11,53,6.912301456621115,0.0026266205335762106,
WeldedBeam,R-NSGA-II,11,53,7.439000941436581,0.0024216250005243594,
WeldedBeam,R-NSGA-II,11,53,8.057994733525025,0.002218177425674576,
WeldedBeam,R-NSGA-II,11,53,7.439000941436422,0.002421625000524409,
WeldedBeam,R-NSGA-II,11,53,7.439000941436148,0.002421625000524507,
WeldedBeam,R-NSGA-II,11,53,7.439000941433982,0.002421625000525163,
WeldedBeam,R-NSGA-II,11,53,6.812967242214414,0.0026692263817765112,
WeldedBeam,R-NSGA-II,11,53,7.439000941435858,0.002421625000524729,
WeldedBeam,R-NSGA-II,11,53,8.166057050381088,0.002186114255271985,
WeldedBeam,R-NSGA-II,11,53,7.439000941433738,0.0024216250005254262,
WeldedBeam,R-NSGA-II,11,53,7.439000941433735,0.00242162500052543,
WeldedBeam,R-NSGA-II,11,53,8.228786392461815,0.0021679235057390435,
WeldedBeam,R-NSGA-II,11,53,6.737464237912734,0.0027025526632532535,
WeldedBeam,R-NSGA-II,11,53,7.439000941425479,0.002421625000528134,
WeldedBeam,R-NSGA-II,11,53,6.6907945587699755,0.002723571604166731,
WeldedBeam,R-NSGA-II,11,53,7.439000941425712,0.0024216250005280786,
WeldedBeam,R-NSGA-II,11,53,7.439000941425227,0.0024216250005282174,
WeldedBeam,R-NSGA-II,11,53,8.320087531736021,0.002141981773456306,
WeldedBeam,R-NSGA-II,11,53,7.439000941425127,0.0024216250005282464,
WeldedBeam,R-NSGA-II,11,53,8.385702533706908,0.002123718487629968,
WeldedBeam,R-NSGA-II,11,53,7.4390009414252045,0.0024216250005282326,
WeldedBeam,R-NSGA-II,11,53,6.618978022117933,0.002756562503181658,
WeldedBeam,R-NSGA-II,11,53,7.439000941424938,0.002421625000528576,
WeldedBeam,R-NSGA-II,11,53,7.439000941425002,0.002421625000528564,
WeldedBeam,R-NSGA-II,11,53,6.57559301205874,0.0027768827104887703,
WeldedBeam,R-NSGA-II,11,53,8.487774258183114,0.002095918800746272,
WeldedBeam,R-NSGA-II,11,53,7.439000941425,0.0024216250005285648,
WeldedBeam,R-NSGA-II,11,53,7.439000941424937,0.0024216250005286138,
WeldedBeam,R-NSGA-II,11,53,7.439000941424921,0.002421625000528633,
WeldedBeam,R-NSGA-II,11,53,6.504215162721035,0.0028109737970241026,
WeldedBeam,R-NSGA-II,11,53,7.439000941424914,0.0024216250005286407,
WeldedBeam,R-NSGA-II,11,53,7.4390009414229485,0.002421625000529192,
WeldedBeam,R-NSGA-II,11,53,8.593971356593357,0.002067757688757376,
WeldedBeam,R-NSGA-II,11,53,7.439000941424536,0.002421625000528803,
WeldedBeam,R-NSGA-II,11,53,8.67656599873845,0.002046373173740274,
WeldedBeam,R-NSGA-II,11,53,7.439000941422748,0.002421625000529294,
WeldedBeam,R-NSGA-II,11,53,6.431794742877073,0.0028464291046625986,
WeldedBeam,R-NSGA-II,11,53,7.439000941422841,0.002421625000529291,
WeldedBeam,R-NSGA-II,11,53,7.439000941420363,0.002421625000530106,
WeldedBeam,R-NSGA-II,11,53,7.439000941420241,0.002421625000530151,
WeldedBeam,R-NSGA-II,11,53,6.3471625122564275,0.002889013330449876,
WeldedBeam,R-NSGA-II,11,53,6.105245514978306,0.0030180786414013326,
WeldedBeam,R-NSGA-II,11,53,7.439000941429381,0.0024216250005278926,
WeldedBeam,R-NSGA-II,11,53,9.380995815329442,0.001913284737310367,
WeldedBeam,R-NSGA-II,11,53,7.439000941409227,0.002421625000533944,
WeldedBeam,R-NSGA-II,11,53,6.028105506970562,0.0030616935535827568,
WeldedBeam,R-NSGA-II,11,53,7.439000941379739,0.002421625000545486,
WeldedBeam,R-NSGA-II,11,53,9.621019618930713,0.0018299660497992974,
WeldedBeam,R-NSGA-II,11,53,7.439000941370884,0.002421625000547902,
WeldedBeam,R-NSGA-II,11,53,5.6110410192469065,0.003321183706231861,
WeldedBeam,R-NSGA-II,11,53,7.439000941378041,0.002421625000546895,
WeldedBeam,R-NSGA-II,11,53,10.236274812566338,0.0017120233523089674,
WeldedBeam,R-NSGA-II,11,53,7.439000941383605,0.002421625000545483,
WeldedBeam,R-NSGA-II,11,53,7.4390009413752916,0.0024216250005478497,
WeldedBeam,R-NSGA-II,12,54,7.435754556653867,0.002420887708525898,
WeldedBeam,R-NSGA-II,12,54,7.435754556705886,0.0024208877085063574,
WeldedBeam,R-NSGA-II,12,54,7.435754556987179,0.002420887708380291,
WeldedBeam,R-NSGA-II,12,54,7.435754557867097,0.002420887708013415,
WeldedBeam,R-NSGA-II,12,54,7.435754558142745,0.0024208877079650117,
WeldedBeam,R-NSGA-II,12,54,7.485445024018395,0.0024036873391569034,
WeldedBeam,R-NSGA-II,12,54,7.43575455813521,0.002420887707965014,
WeldedBeam,R-NSGA-II,12,54,7.376468581131543,0.0024427510018880496,
WeldedBeam,R-NSGA-II,12,54,7.43575455827826,0.0024208877079072173,
WeldedBeam,R-NSGA-II,12,54,7.435754558279336,0.0024208877079065277,
WeldedBeam,R-NSGA-II,12,54,7.330313440086956,0.0024600472737485463,
WeldedBeam,R-NSGA-II,12,54,7.435754558253433,0.002420887707907464,
WeldedBeam,R-NSGA-II,12,54,7.435754558808818,0.0024208877078053786,
WeldedBeam,R-NSGA-II,12,54,7.573555266292758,0.0023715512045887656,
WeldedBeam,R-NSGA-II,12,54,7.43575455853331,0.0024208877078339248,
WeldedBeam,R-NSGA-II,12,54,7.435754558610907,0.0024208877078063166,
WeldedBeam,R-NSGA-II,12,54,7.2896522746400265,0.002475488935347769,
WeldedBeam,R-NSGA-II,12,54,7.435754558611574,0.0024208877078056214,
WeldedBeam,R-NSGA-II,12,54,7.233453934739478,0.002497152972478429,
WeldedBeam,R-NSGA-II,12,54,7.66403813139894,0.002340235073544852,
WeldedBeam,R-NSGA-II,12,54,7.435754559111179,0.002420887707622293,
WeldedBeam,R-NSGA-II,12,54,7.435754559136106,0.002420887707613076,
WeldedBeam,R-NSGA-II,12,54,7.188853323967827,0.0025146179379018233,
WeldedBeam,R-NSGA-II,12,54,7.435754559450993,0.0024208877075049488,
WeldedBeam,R-NSGA-II,12,54,7.734153442230863,0.0023165311488092455,
WeldedBeam,R-NSGA-II,12,54,7.149419050902763,0.002530264594570131,
WeldedBeam,R-NSGA-II,12,54,7.435754559651044,0.0024208877074594014,
WeldedBeam,R-NSGA-II,12,54,7.7802312038653225,0.00230121335678127,
WeldedBeam,R-NSGA-II,12,54,7.435754559321638,0.00242088770750502,
WeldedBeam,R-NSGA-II,12,54,7.110068545151552,0.0025460733226740874,
WeldedBeam,R-NSGA-II,12,54,7.435754559565909,0.002420887707467168,
WeldedBeam,R-NSGA-II,12,54,7.843011187391131,0.0022806663011444342,
WeldedBeam,R-NSGA-II,12,54,7.435754559659397,0.0024208877074485646,
WeldedBeam,R-NSGA-II,12,54,7.435754559659418,0.002420887707448318,
WeldedBeam,R-NSGA-II,12,54,7.037439670644674,0.00257577617169852,
WeldedBeam,R-NSGA-II,12,54,7.435754559675239,0.0024208877074297524,
WeldedBeam,R-NSGA-II,12,54,7.9307130786300615,0.002252569385554603,
WeldedBeam,R-NSGA-II,12,54,7.435754559742913,0.002420887707397356,
WeldedBeam,R-NSGA-II,12,54,7.4357545597544386,0.0024208877073751294,
WeldedBeam,R-NSGA-II,12,54,7.435754561765614,0.0024208877066113467,
WeldedBeam,R-NSGA-II,12,54,6.958900122440476,0.0026086861897198057,
WeldedBeam,R-NSGA-II,12,54,7.435754561886123,0.0024208877065597678,
WeldedBeam,R-NSGA-II,12,54,7.979551677278607,0.002237221093887864,
WeldedBeam,R-NSGA-II,12,54,7.435754561998901,0.002420887706540694,
WeldedBeam,R-NSGA-II,12,54,7.435754562146322,0.0024208877065039973,
WeldedBeam,R-NSGA-II,12,54,6.922238636728636,0.002624337886649616,
WeldedBeam,R-NSGA-II,12,54,7.4357545620622725,0.002420887706504,
WeldedBeam,R-NSGA-II,12,54,8.025531107312498,0.0022229612702952674,
WeldedBeam,R-NSGA-II,12,54,7.435754562272569,0.00242088770646616,
WeldedBeam,R-NSGA-II,12,54,6.872201834853912,0.002647029392393659,
WeldedBeam,R-NSGA-II,12,54,7.435754562401191,0.002420887706408913,
WeldedBeam,R-NSGA-II,12,54,7.4357545626317885,0.002420887706339782,
WeldedBeam,R-NSGA-II,12,54,8.128266649604438,0.0021917470273170535,
WeldedBeam,R-NSGA-II,12,54,7.435754562694741,0.002420887706300471,
WeldedBeam,R-NSGA-II,12,54,7.435754562724549,0.0024208877062919095,
WeldedBeam,R-NSGA-II,12,54,6.834042211968909,0.0026627717855527986,
WeldedBeam,R-NSGA-II,12,54,7.43575456272029,0.00242088770629229,
WeldedBeam,R-NSGA-II,12,54,7.43575456272045,0.0024208877062921134,
WeldedBeam,R-NSGA-II,12,54,8.175165310549598,0.00217778732692056,
WeldedBeam,R-NSGA-II,12,54,7.43575456301642,0.0024208877062123,
WeldedBeam,R-NSGA-II,12,54,6.79328594410746,0.0026809152911151757,
WeldedBeam,R-NSGA-II,12,54,7.4357545628776665,0.002420887706221488,
WeldedBeam,R-NSGA-II,12,54,8.2373363139345,0.0021595535311571645,
WeldedBeam,R-NSGA-II,12,54,7.435754562881489,0.0024208877062179995,
WeldedBeam,R-NSGA-II,12,54,7.435754563024318,0.0024208877061940417,
WeldedBeam,R-NSGA-II,12,54,6.7456324375743115,0.0027024453217041615,
WeldedBeam,R-NSGA-II,12,54,7.435754563202556,0.0024208877061656304,
WeldedBeam,R-NSGA-II,12,54,7.435754563207304,0.0024208877061562524,
WeldedBeam,R-NSGA-II,12,54,8.334897447511361,0.0021315478802824005,
WeldedBeam,R-NSGA-II,12,54,7.4357545634141,0.002420887706044331,
WeldedBeam,R-NSGA-II,12,54,6.680065953279901,0.002732640041787158,
WeldedBeam,R-NSGA-II,12,54,7.4357545634987074,0.0024208877060224766,
WeldedBeam,R-NSGA-II,12,54,8.447354749535105,0.0021001540954493744,
WeldedBeam,R-NSGA-II,12,54,7.435754563514142,0.002420887706018543,
WeldedBeam,R-NSGA-II,12,54,6.625148281213816,0.0027584549275230285,
WeldedBeam,R-NSGA-II,12,54,7.435754563799698,0.0024208877059521514,
WeldedBeam,R-NSGA-II,12,54,7.435754563608408,0.0024208877059524337,
WeldedBeam,R-NSGA-II,12,54,6.58761657889247,0.002776379663902444,
WeldedBeam,R-NSGA-II,12,54,8.514980292373515,0.002081716963165379,
WeldedBeam,R-NSGA-II,12,54,7.435754563947313,0.002420887705871716,
WeldedBeam,R-NSGA-II,12,54,7.435754563819276,0.0024208877058892356,
WeldedBeam,R-NSGA-II,12,54,7.435754564013388,0.0024208877057996176,
WeldedBeam,R-NSGA-II,12,54,8.604620055616708,0.002057771169604174,
WeldedBeam,R-NSGA-II,12,54,7.435754564305961,0.002420887705698307,
WeldedBeam,R-NSGA-II,12,54,8.662047896749778,0.0020427176630858955,
WeldedBeam,R-NSGA-II,12,54,7.435754565223892,0.002420887705428224,
WeldedBeam,R-NSGA-II,12,54,8.75072233911513,0.0020199012839296157,
WeldedBeam,R-NSGA-II,12,54,7.43691067533671,0.0024204847886857626,
WeldedBeam,R-NSGA-II,12,54,7.433069123610905,0.0024218695683787084,
WeldedBeam,R-NSGA-II,12,54,7.439089177572685,0.0024196695973112427,
WeldedBeam,R-NSGA-II,12,54,8.916576311391248,0.001978566428305252,
WeldedBeam,R-NSGA-II,12,54,7.431522907841651,0.0024224352639269304,
WeldedBeam,R-NSGA-II,12,54,9.045003075217975,0.001947703384157217,
WeldedBeam,R-NSGA-II,12,54,9.699474686163919,0.0018047537968448343,
WeldedBeam,R-NSGA-II,12,54,7.439580384164357,0.002419490266924772,
WeldedBeam,R-NSGA-II,12,54,10.805705889129715,0.001604560667000562,
WeldedBeam,R-NSGA-II,12,54,7.428397117522847,0.0024235796672057563,
WeldedBeam,R-NSGA-II,12,54,16.199954917709302,0.0011946399398617786,
WeldedBeam,R-NSGA-II,12,54,7.446349678643846,0.0024170216278869595,
WeldedBeam,R-NSGA-II,12,54,7.423610404641923,0.0024253342588077555,
WeldedBeam,R-NSGA-II,13,55,7.434042641283959,0.0024202763256407915,
WeldedBeam,R-NSGA-II,13,55,7.433920886114816,0.002420323274687253,
WeldedBeam,R-NSGA-II,13,55,7.4339241235149345,0.002420321548567807,
WeldedBeam,R-NSGA-II,13,55,7.433925644402167,0.002420319898681834,
WeldedBeam,R-NSGA-II,13,55,7.433910991861052,0.002420324918761542,
WeldedBeam,R-NSGA-II,13,55,7.433667175850572,0.0024204163698856077,
WeldedBeam,R-NSGA-II,13,55,7.472816708074735,0.0024063304183704333,
WeldedBeam,R-NSGA-II,13,55,7.433692350516655,0.0024204035878649843,
WeldedBeam,R-NSGA-II,13,55,7.433671090335418,0.002420413175425088,
WeldedBeam,R-NSGA-II,13,55,7.350937399091131,0.002450722732779149,
WeldedBeam,R-NSGA-II,13,55,7.433671124369587,0.002420413138410857,
WeldedBeam,R-NSGA-II,13,55,7.433671161525289,0.002420413098113683,
WeldedBeam,R-NSGA-II,13,55,7.552377256622843,0.002378215370372612,
WeldedBeam,R-NSGA-II,13,55,7.4336712144047485,0.0024204130392172715,
WeldedBeam,R-NSGA-II,13,55,7.2841059417904725,0.002475763101987423,
WeldedBeam,R-NSGA-II,13,55,7.433668072593071,0.0024204141759367396,
WeldedBeam,R-NSGA-II,13,55,7.25535026450153,0.002486699012194774,
WeldedBeam,R-NSGA-II,13,55,7.433686452812584,0.0024204047475909897,
WeldedBeam,R-NSGA-II,13,55,7.433686910295786,0.0024204042510366126,
WeldedBeam,R-NSGA-II,13,55,7.621166716822007,0.0023544231894659937,
WeldedBeam,R-NSGA-II,13,55,7.433681751476778,0.002420406683315019,
WeldedBeam,R-NSGA-II,13,55,7.66582934096744,0.0023392345647107486,
WeldedBeam,R-NSGA-II,13,55,7.433682496526867,0.002420406152487136,
WeldedBeam,R-NSGA-II,13,55,7.433682067866173,0.002420406281595367,
WeldedBeam,R-NSGA-II,13,55,7.199571036623274,0.0025081808683953973,
WeldedBeam,R-NSGA-II,13,55,7.433682237188451,0.002420406157110351,
WeldedBeam,R-NSGA-II,13,55,7.145862521857467,0.002529222410666718,
WeldedBeam,R-NSGA-II,13,55,7.773639727790443,0.0023033596838087614,
WeldedBeam,R-NSGA-II,13,55,7.433682539060844,0.0024204058309806424,
WeldedBeam,R-NSGA-II,13,55,7.433683025681137,0.0024204053006749394,
WeldedBeam,R-NSGA-II,13,55,7.083379231912213,0.002554150102024975,
WeldedBeam,R-NSGA-II,13,55,7.433675414619477,0.0024204088160102093,
WeldedBeam,R-NSGA-II,13,55,7.433674892483905,0.0024204089163409955,
WeldedBeam,R-NSGA-II,13,55,7.825243268266969,0.0022865747844756433,
WeldedBeam,R-NSGA-II,13,55,7.433673509809775,0.002420409494936332,
WeldedBeam,R-NSGA-II,13,55,7.433677316859253,0.002420407201476068,
WeldedBeam,R-NSGA-II,13,55,7.0233265952029225,0.0025785751297653812,
WeldedBeam,R-NSGA-II,13,55,6.98072289208601,0.0025961927741698647,
WeldedBeam,R-NSGA-II,13,55,7.43367639186536,0.002420407421108834,
WeldedBeam,R-NSGA-II,13,55,7.924917136123884,0.002254837282166204,
WeldedBeam,R-NSGA-II,13,55,7.433623029038821,0.002420432575615661,
WeldedBeam,R-NSGA-II,13,55,7.433621862093995,0.0024204326125888942,
WeldedBeam,R-NSGA-II,13,55,7.43362095114734,0.0024204330655070447,
WeldedBeam,R-NSGA-II,13,55,8.049230370441906,0.002216469013707407,
WeldedBeam,R-NSGA-II,13,55,6.819506485609685,0.002665901885364901,
WeldedBeam,R-NSGA-II,13,55,7.4336214794635085,0.00242043275104726,
WeldedBeam,R-NSGA-II,13,55,8.14333867883504,0.0021882796045027382,
WeldedBeam,R-NSGA-II,13,55,7.433621351960968,0.002420432800776157,
WeldedBeam,R-NSGA-II,13,55,7.433620384825427,0.002420433270407633,
WeldedBeam,R-NSGA-II,13,55,6.776020694213399,0.0026842965599307308,
WeldedBeam,R-NSGA-II,13,55,7.433621186094841,0.0024204328323581253,
WeldedBeam,R-NSGA-II,13,55,6.7216059528060415,0.0027087272644384574,
WeldedBeam,R-NSGA-II,13,55,8.251628360236815,0.002156736829719337,
WeldedBeam,R-NSGA-II,13,55,7.433619735968296,0.002420433315745242,
WeldedBeam,R-NSGA-II,13,55,6.664447736571164,0.0027348776554177727,
WeldedBeam,R-NSGA-II,13,55,7.43362385813864,0.002420429929494152,
WeldedBeam,R-NSGA-II,13,55,7.433623670554016,0.0024204299974069925,
WeldedBeam,R-NSGA-II,13,55,8.326379610970752,0.00213545350160962,
WeldedBeam,R-NSGA-II,13,55,7.43363591432679,0.0024204231506760234,
WeldedBeam,R-NSGA-II,13,55,6.587311611449956,0.0027709787077064185,
WeldedBeam,R-NSGA-II,13,55,7.4336360024238335,0.0024204230549701665,
WeldedBeam,R-NSGA-II,13,55,8.42645463678455,0.0021076340025732165,
WeldedBeam,R-NSGA-II,13,55,7.433635936590987,0.0024204230766438285,
WeldedBeam,R-NSGA-II,13,55,7.433636079880211,0.0024204229709151926,
WeldedBeam,R-NSGA-II,13,55,6.548076933211891,0.00278970672665693,
WeldedBeam,R-NSGA-II,13,55,8.493466548168714,0.002089413473591641,
WeldedBeam,R-NSGA-II,13,55,7.4336250815367855,0.002420428123841865,
WeldedBeam,R-NSGA-II,13,55,7.433640301808946,0.0024204201250687266,
WeldedBeam,R-NSGA-II,13,55,6.515149337548098,0.0028056234906325326,
WeldedBeam,R-NSGA-II,13,55,7.433637578344335,0.0024204212946511085,
WeldedBeam,R-NSGA-II,13,55,7.433626533903519,0.00242042654914043,
WeldedBeam,R-NSGA-II,13,55,6.484037498546128,0.0028208315889519052,
WeldedBeam,R-NSGA-II,13,55,8.626366927798664,0.0020541857987294286,
WeldedBeam,R-NSGA-II,13,55,7.4336276052052455,0.0024204258953093053,
WeldedBeam,R-NSGA-II,13,55,7.4336262600187,0.0024204265815473904,
WeldedBeam,R-NSGA-II,13,55,6.433821663097048,0.002845731101791598,
WeldedBeam,R-NSGA-II,13,55,7.433631304753961,0.0024204239288452656,
WeldedBeam,R-NSGA-II,13,55,8.689265855022711,0.002037924076345075,
WeldedBeam,R-NSGA-II,13,55,7.433576842173633,0.0024204448632416595,
WeldedBeam,R-NSGA-II,13,55,6.379862727228279,0.0028729698801318562,
WeldedBeam,R-NSGA-II,13,55,8.80169298223386,0.0020094900335948054,
WeldedBeam,R-NSGA-II,13,55,7.433545010602173,0.0024204566586144747,
WeldedBeam,R-NSGA-II,13,55,8.901712853624195,0.001984849718048478,
WeldedBeam,R-NSGA-II,13,55,7.433545678983029,0.002420455933119957,
WeldedBeam,R-NSGA-II,13,55,7.433543664470536,0.0024204570386308975,
WeldedBeam,R-NSGA-II,13,55,6.242881924196881,0.002944535110330715,
WeldedBeam,R-NSGA-II,13,55,7.433538269520389,0.0024204593357993894,
WeldedBeam,R-NSGA-II,13,55,8.940467603460705,0.001975466685024068,
WeldedBeam,R-NSGA-II,13,55,7.4335460475158,0.0024204548673770064,
WeldedBeam,R-NSGA-II,13,55,9.100968630237503,0.0019375290158221536,
WeldedBeam,R-NSGA-II,13,55,7.433536212758512,0.0024204600800055275,
WeldedBeam,R-NSGA-II,13,55,9.167077769265115,0.0019223179399384728,
WeldedBeam,R-NSGA-II,13,55,7.433536046774441,0.0024204601400615515,
WeldedBeam,R-NSGA-II,13,55,9.20723314743827,0.001913201556930979,
WeldedBeam,R-NSGA-II,13,55,7.433532485174022,0.0024204618122155136,
WeldedBeam,R-NSGA-II,13,55,7.433532634781428,0.0024204616486720857,
WeldedBeam,R-NSGA-II,13,55,6.018257534255284,0.0030699372134134384,
WeldedBeam,R-NSGA-II,13,55,7.433538619713653,0.002420457342815328,
WeldedBeam,R-NSGA-II,13,55,9.722647053902126,0.0018680245956227471,
WeldedBeam,R-NSGA-II,13,55,10.1869376228288,0.0017147108731582943,
WeldedBeam,R-NSGA-II,14,56,7.4326850266065465,0.0024221159333711185,
WeldedBeam,R-NSGA-II,14,56,7.474976302696661,0.0024104959131157387,
WeldedBeam,R-NSGA-II,14,56,7.395580728378655,0.002436485660871037,
WeldedBeam,R-NSGA-II,14,56,7.354844250827922,0.002450882270724662,
WeldedBeam,R-NSGA-II,14,56,7.523655132307795,0.002390457357235628,
WeldedBeam,R-NSGA-II,14,56,7.432292710603319,0.0024221734724041493,
WeldedBeam,R-NSGA-II,14,56,7.440990869148505,0.002419039771535098,
WeldedBeam,R-NSGA-II,14,56,7.441785752967969,0.0024190104196520224,
WeldedBeam,R-NSGA-II,14,56,7.430041612522288,0.002423042308863149,
WeldedBeam,R-NSGA-II,14,56,7.572797934033179,0.0023728101847462287,
WeldedBeam,R-NSGA-II,14,56,7.428378178001576,0.00242457285095833,
WeldedBeam,R-NSGA-II,14,56,7.426478411999674,0.0024247095789027774,
WeldedBeam,R-NSGA-II,14,56,7.295336479712073,0.0024759041041259237,
WeldedBeam,R-NSGA-II,14,56,7.452563336564164,0.0024184673255303146,
WeldedBeam,R-NSGA-II,14,56,7.25788951112072,0.0024899884642296945,
WeldedBeam,R-NSGA-II,14,56,7.455690281400833,0.0024173784415905428,
WeldedBeam,R-NSGA-II,14,56,7.6368802215377505,0.0023544375722608334,
WeldedBeam,R-NSGA-II,14,56,7.4262499820096695,0.002427893497459745,
WeldedBeam,R-NSGA-II,14,56,7.209276778134421,0.002508513244801327,
WeldedBeam,R-NSGA-II,14,56,7.458162142266889,0.002416481565725533,
WeldedBeam,R-NSGA-II,14,56,7.458206557871698,0.0024164815657194048,
WeldedBeam,R-NSGA-II,14,56,7.459503988785506,0.0024159931786366384,
WeldedBeam,R-NSGA-II,14,56,7.700539825391902,0.00233310346809176,
WeldedBeam,R-NSGA-II,14,56,7.459503988948011,0.002415993178404421,
WeldedBeam,R-NSGA-II,14,56,7.767566365991122,0.0023110549011555056,
WeldedBeam,R-NSGA-II,14,56,7.459503988952828,0.0024159931784008817,
WeldedBeam,R-NSGA-II,14,56,7.119218980543902,0.002543674302754088,
WeldedBeam,R-NSGA-II,14,56,7.460354021291137,0.0024156905133656064,
WeldedBeam,R-NSGA-II,14,56,7.460354021300686,0.002415690513365199,
WeldedBeam,R-NSGA-II,14,56,7.080230440027741,0.002559052706777274,
WeldedBeam,R-NSGA-II,14,56,7.460354021301214,0.0024156905133646354,
WeldedBeam,R-NSGA-II,14,56,7.4158606169686045,0.002428112659719716,
WeldedBeam,R-NSGA-II,14,56,7.8216092867352325,0.002291126692917454,
WeldedBeam,R-NSGA-II,14,56,7.468867690546995,0.002412667256788091,
WeldedBeam,R-NSGA-II,14,56,7.047843351242207,0.0025823114647158135,
WeldedBeam,R-NSGA-II,14,56,7.410865202301074,0.0024334388690910665,
WeldedBeam,R-NSGA-II,14,56,7.87909533692981,0.002271311930109002,
WeldedBeam,R-NSGA-II,14,56,7.473402008243333,0.0024110541115951022,
WeldedBeam,R-NSGA-II,14,56,7.4734020082452055,0.0024110541115946243,
WeldedBeam,R-NSGA-II,14,56,7.409048713724932,0.002434095286492882,
WeldedBeam,R-NSGA-II,14,56,6.983663357860581,0.0025982245787991424,
WeldedBeam,R-NSGA-II,14,56,7.9573663596458735,0.002250781045558977,
WeldedBeam,R-NSGA-II,14,56,7.409048713724195,0.0024340952864936797,
WeldedBeam,R-NSGA-II,14,56,7.474976302707134,0.0024104959131046014,
WeldedBeam,R-NSGA-II,14,56,6.897200153982199,0.0026343295846942786,
WeldedBeam,R-NSGA-II,14,56,7.476921619231072,0.002409806518407923,
WeldedBeam,R-NSGA-II,14,56,8.043916453284337,0.002224341596097849,
WeldedBeam,R-NSGA-II,14,56,6.829102346327917,0.002663479812247032,
WeldedBeam,R-NSGA-II,14,56,7.405678036638675,0.002435314273253175,
WeldedBeam,R-NSGA-II,14,56,8.148638031731886,0.002190378552738104,
WeldedBeam,R-NSGA-II,14,56,7.477408585288508,0.0024096340053269515,
WeldedBeam,R-NSGA-II,14,56,6.794485116409177,0.002689297486697014,
WeldedBeam,R-NSGA-II,14,56,7.47740858623717,0.0024096340053269207,
WeldedBeam,R-NSGA-II,14,56,8.258091003013256,0.002180427796995159,
WeldedBeam,R-NSGA-II,14,56,7.477408586244509,0.002409634005325557,
WeldedBeam,R-NSGA-II,14,56,7.477596760039499,0.0024095673490628147,
WeldedBeam,R-NSGA-II,14,56,6.760052190689382,0.002714648715869137,
WeldedBeam,R-NSGA-II,14,56,8.276009537318288,0.0021564639118906302,
WeldedBeam,R-NSGA-II,14,56,7.4783950633200105,0.0024092846109800762,
WeldedBeam,R-NSGA-II,14,56,6.682320923162564,0.00272855915797489,
WeldedBeam,R-NSGA-II,14,56,7.404324640645163,0.002435804065099325,
WeldedBeam,R-NSGA-II,14,56,7.403842536907439,0.002435978585218405,
WeldedBeam,R-NSGA-II,14,56,6.620473983228406,0.002756942834722628,
WeldedBeam,R-NSGA-II,14,56,8.411458060459216,0.0021187086908315855,
WeldedBeam,R-NSGA-II,14,56,7.403842536906826,0.002435978585219058,
WeldedBeam,R-NSGA-II,14,56,6.566247312392749,0.0027823196450734292,
WeldedBeam,R-NSGA-II,14,56,7.403842536906299,0.0024359785852196432,
WeldedBeam,R-NSGA-II,14,56,8.477531823920334,0.0021012476474996456,
WeldedBeam,R-NSGA-II,14,56,7.403581203904351,0.0024360731974832827,
WeldedBeam,R-NSGA-II,14,56,7.403581203876261,0.002436073197513793,
WeldedBeam,R-NSGA-II,14,56,8.53592809399827,0.002080250377986418,
WeldedBeam,R-NSGA-II,14,56,7.403581203872672,0.0024360731975176914,
WeldedBeam,R-NSGA-II,14,56,6.500463950256089,0.0028137389220186035,
WeldedBeam,R-NSGA-II,14,56,7.403566231085738,0.002436078618465417,
WeldedBeam,R-NSGA-II,14,56,8.606054393595779,0.002066723741311182,
WeldedBeam,R-NSGA-II,14,56,6.438642342078327,0.002842987922182374,
WeldedBeam,R-NSGA-II,14,56,7.4034798931784,0.002436109877872979,
WeldedBeam,R-NSGA-II,14,56,8.678560153884822,0.002048000787541448,
WeldedBeam,R-NSGA-II,14,56,7.402616258272348,0.002436422607352468,
WeldedBeam,R-NSGA-II,14,56,7.479028260234525,0.002407135161487188,
WeldedBeam,R-NSGA-II,14,56,6.3876579447422,0.002869301386356724,
WeldedBeam,R-NSGA-II,14,56,8.764180478001903,0.002022612661944831,
WeldedBeam,R-NSGA-II,14,56,7.393062945533759,0.002436493055339829,
WeldedBeam,R-NSGA-II,14,56,6.343125023949421,0.002891286259879938,
WeldedBeam,R-NSGA-II,14,56,6.289348357655001,0.002919544485832272,
WeldedBeam,R-NSGA-II,14,56,7.392759613500966,0.0024370783604190003,
WeldedBeam,R-NSGA-II,14,56,8.867781606062339,0.0020006996391634104,
WeldedBeam,R-NSGA-II,14,56,7.3885945375831605,0.002438125179761902,
WeldedBeam,R-NSGA-II,14,56,6.229166930036291,0.0029511790927243845,
WeldedBeam,R-NSGA-II,14,56,7.48986640660344,0.002405229076166197,
WeldedBeam,R-NSGA-II,14,56,8.962510009431172,0.001977830986204422,
WeldedBeam,R-NSGA-II,14,56,7.4903533736169345,0.002405057217817326,
WeldedBeam,R-NSGA-II,14,56,9.015175208366648,0.0019657373179492767,
WeldedBeam,R-NSGA-II,14,56,7.492505689836204,0.002402248339356328,
WeldedBeam,R-NSGA-II,14,56,6.164038122195767,0.0029873479111313748,
WeldedBeam,R-NSGA-II,14,56,7.386836248502875,0.0024432818400847317,
WeldedBeam,R-NSGA-II,14,56,9.077449063113745,0.0019507756200337345,
WeldedBeam,R-NSGA-II,14,56,7.386274473733772,0.0024434348836119674,
WeldedBeam,R-NSGA-II,14,56,7.386274473729644,0.0024434348836164777,
WeldedBeam,R-NSGA-II,14,56,9.188251100131913,0.0019261621771865256,
WeldedBeam,R-NSGA-II,15,57,7.433681153579691,0.0024203358646463506,
WeldedBeam,R-NSGA-II,15,57,7.433776834338638,0.0024203011427370515,
WeldedBeam,R-NSGA-II,15,57,7.433363153907641,0.002420451527757416,
WeldedBeam,R-NSGA-II,15,57,7.433363193575638,0.0024204514968838727,
WeldedBeam,R-NSGA-II,15,57,7.433363037531851,0.002420451556945343,
WeldedBeam,R-NSGA-II,15,57,7.43336325595174,0.0024204514426037368,
WeldedBeam,R-NSGA-II,15,57,7.466811485493968,0.0024083528806024598,
WeldedBeam,R-NSGA-II,15,57,7.3969022114594205,0.0024337789682225153,
WeldedBeam,R-NSGA-II,15,57,7.43336327205088,0.002420451432921711,
WeldedBeam,R-NSGA-II,15,57,7.433362976278455,0.0024204515675083724,
WeldedBeam,R-NSGA-II,15,57,7.4333629771373975,0.0024204515583621782,
WeldedBeam,R-NSGA-II,15,57,7.433362851733093,0.0024204515724765203,
WeldedBeam,R-NSGA-II,15,57,7.337817525345358,0.0024556905992890532,
WeldedBeam,R-NSGA-II,15,57,7.539531522057546,0.0023824621729220037,
WeldedBeam,R-NSGA-II,15,57,7.433362852247848,0.0024204515711532095,
WeldedBeam,R-NSGA-II,15,57,7.283709585606645,0.002476105862300512,
WeldedBeam,R-NSGA-II,15,57,7.433362725275741,0.00242045162463722,
WeldedBeam,R-NSGA-II,15,57,7.433362468852002,0.0024204517172637247,
WeldedBeam,R-NSGA-II,15,57,7.615114435290371,0.0023561355934074973,
WeldedBeam,R-NSGA-II,15,57,7.433362561776688,0.0024204516729422745,
WeldedBeam,R-NSGA-II,15,57,7.433362409708306,0.002420451739437899,
WeldedBeam,R-NSGA-II,15,57,7.229870496090626,0.002496758789045437,
WeldedBeam,R-NSGA-II,15,57,7.67001828613915,0.0023373737635741603,
WeldedBeam,R-NSGA-II,15,57,7.433362512180735,0.0024204516902607137,
WeldedBeam,R-NSGA-II,15,57,7.433362353443329,0.0024204517630576935,
WeldedBeam,R-NSGA-II,15,57,7.731232817795808,0.0023168046642364918,
WeldedBeam,R-NSGA-II,15,57,7.149947250439641,0.0025280613661294547,
WeldedBeam,R-NSGA-II,15,57,7.43336235117043,0.002420451763316218,
WeldedBeam,R-NSGA-II,15,57,7.433362344567169,0.002420451766097127,
WeldedBeam,R-NSGA-II,15,57,7.79483353443617,0.002295813712684011,
WeldedBeam,R-NSGA-II,15,57,7.433362326692377,0.0024204517685768286,
WeldedBeam,R-NSGA-II,15,57,7.081782885507261,0.0025553854670351678,
WeldedBeam,R-NSGA-II,15,57,7.845938488219883,0.002279220520581821,
WeldedBeam,R-NSGA-II,15,57,7.433361833304202,0.0024204519906249624,
WeldedBeam,R-NSGA-II,15,57,7.433361779296412,0.0024204520102582626,
WeldedBeam,R-NSGA-II,15,57,7.03984738121861,0.0025724909371362455,
WeldedBeam,R-NSGA-II,15,57,7.892059008193371,0.0022644502939891667,
WeldedBeam,R-NSGA-II,15,57,7.433362177928998,0.0024204518230260368,
WeldedBeam,R-NSGA-II,15,57,7.433362176570867,0.002420451823394891,
WeldedBeam,R-NSGA-II,15,57,6.983450959913297,0.0025958594406876724,
WeldedBeam,R-NSGA-II,15,57,7.433362171401358,0.0024204518253948663,
WeldedBeam,R-NSGA-II,15,57,7.433362114749011,0.002420451832132724,
WeldedBeam,R-NSGA-II,15,57,7.92724894638476,0.002253308736908108,
WeldedBeam,R-NSGA-II,15,57,7.433361950872045,0.002420451890516301,
WeldedBeam,R-NSGA-II,15,57,7.972825672555405,0.002239040856479004,
WeldedBeam,R-NSGA-II,15,57,7.433361879014902,0.002420451922682602,
WeldedBeam,R-NSGA-II,15,57,6.932090744493949,0.002617513572422027,
WeldedBeam,R-NSGA-II,15,57,7.433361384822607,0.002420452136094325,
WeldedBeam,R-NSGA-II,15,57,8.014934126163597,0.002226017713702792,
WeldedBeam,R-NSGA-II,15,57,7.433361356218398,0.002420452146089599,
WeldedBeam,R-NSGA-II,15,57,7.433361607042918,0.0024204520305451628,
WeldedBeam,R-NSGA-II,15,57,7.433361303040627,0.0024204521658243022,
WeldedBeam,R-NSGA-II,15,57,6.892704541560926,0.0026436645538153534,
WeldedBeam,R-NSGA-II,15,57,8.094261199669077,0.002201891499206436,
WeldedBeam,R-NSGA-II,15,57,7.4333614915857655,0.0024204520569058295,
WeldedBeam,R-NSGA-II,15,57,7.4333614918525885,0.0024204520566148387,
WeldedBeam,R-NSGA-II,15,57,6.828981172782177,0.0026620956429085794,
WeldedBeam,R-NSGA-II,15,57,7.433361501015625,0.0024204520506256773,
WeldedBeam,R-NSGA-II,15,57,8.171889711050264,0.0021787827858784086,
WeldedBeam,R-NSGA-II,15,57,7.4333611723589685,0.002420452180881061,
WeldedBeam,R-NSGA-II,15,57,6.77294984312856,0.0026869642832610106,
WeldedBeam,R-NSGA-II,15,57,7.43336039362066,0.002420452510510996,
WeldedBeam,R-NSGA-II,15,57,7.433359982810798,0.0024204526293481496,
WeldedBeam,R-NSGA-II,15,57,7.433359957044465,0.0024204526314757593,
WeldedBeam,R-NSGA-II,15,57,6.735888353930875,0.002709347047553886,
WeldedBeam,R-NSGA-II,15,57,7.43335978002053,0.00242045268271045,
WeldedBeam,R-NSGA-II,15,57,8.251767234731483,0.0021555055819052426,
WeldedBeam,R-NSGA-II,15,57,7.433358032936206,0.002420453413142812,
WeldedBeam,R-NSGA-II,15,57,8.314162733317954,0.002137666249094889,
WeldedBeam,R-NSGA-II,15,57,7.433358034428994,0.002420453411514803,
WeldedBeam,R-NSGA-II,15,57,7.433358487577281,0.0024204531674750338,
WeldedBeam,R-NSGA-II,15,57,6.675086505326511,0.0027316082878474607,
WeldedBeam,R-NSGA-II,15,57,7.433358508769742,0.00242045315736851,
WeldedBeam,R-NSGA-II,15,57,6.619546889613076,0.002757490946175225,
WeldedBeam,R-NSGA-II,15,57,8.402340892381407,0.002112952398775886,
WeldedBeam,R-NSGA-II,15,57,7.433358538314895,0.0024204531435757974,
WeldedBeam,R-NSGA-II,15,57,7.433358538440445,0.0024204531434388757,
WeldedBeam,R-NSGA-II,15,57,8.501733598675441,0.0020857721567350855,
WeldedBeam,R-NSGA-II,15,57,6.53917657927975,0.002795939681906402,
WeldedBeam,R-NSGA-II,15,57,7.4333584922657385,0.0024204531633681696,
WeldedBeam,R-NSGA-II,15,57,7.433358352327171,0.0024204532167653153,
WeldedBeam,R-NSGA-II,15,57,6.484589508956187,0.002822671154012235,
WeldedBeam,R-NSGA-II,15,57,8.66670626651992,0.0020421692555214316,
WeldedBeam,R-NSGA-II,15,57,7.43335788469287,0.002420453414925291,
WeldedBeam,R-NSGA-II,15,57,7.433358294772844,0.002420453220025446,
WeldedBeam,R-NSGA-II,15,57,6.4231857397131575,0.0028533581969824103,
WeldedBeam,R-NSGA-II,15,57,8.739066524718261,0.0020236141153340548,
WeldedBeam,R-NSGA-II,15,57,7.4333582993775185,0.0024204532171747026,
WeldedBeam,R-NSGA-II,15,57,8.954443164792702,0.0019703286169180166,
WeldedBeam,R-NSGA-II,15,57,7.433358299380231,0.0024204532171717454,
WeldedBeam,R-NSGA-II,15,57,7.433358278572249,0.0024204532260397324,
WeldedBeam,R-NSGA-II,15,57,9.037989913841361,0.0019504065373646877,
WeldedBeam,R-NSGA-II,15,57,7.4333580468761635,0.0024204533294206365,
WeldedBeam,R-NSGA-II,15,57,7.4333580475292225,0.0024204533287084207,
WeldedBeam,R-NSGA-II,15,57,9.147427484771857,0.0019249119452435766,
WeldedBeam,R-NSGA-II,15,57,7.433357698492566,0.0024204534731754558,
WeldedBeam,R-NSGA-II,15,57,9.51623199485406,0.0018436962066471676,
WeldedBeam,R-NSGA-II,15,57,9.573369190149432,0.0018317229343159862,
WeldedBeam,R-NSGA-II,15,57,7.43335775786062,0.0024204534348433557,
WeldedBeam,R-NSGA-II,15,57,10.198957868042227,0.0017101265142899136,
WeldedBeam,R-NSGA-II,16,58,7.4344256705791105,0.002420760096708824,
WeldedBeam,R-NSGA-II,16,58,7.434452948296726,0.0024207492030966756,
WeldedBeam,R-NSGA-II,16,58,7.434221551439744,0.0024208436573060115,
WeldedBeam,R-NSGA-II,16,58,7.434534530244415,0.0024207201256382692,
WeldedBeam,R-NSGA-II,16,58,7.43441378368566,0.0024207600967095662,
WeldedBeam,R-NSGA-II,16,58,7.472586820811158,0.002406922883821217,
WeldedBeam,R-NSGA-II,16,58,7.394697846589616,0.0024353523986751584,
WeldedBeam,R-NSGA-II,16,58,7.434237143073782,0.0024208314933451837,
WeldedBeam,R-NSGA-II,16,58,7.434178013768873,0.002420858156261011,
WeldedBeam,R-NSGA-II,16,58,7.434490670106575,0.0024207283991126097,
WeldedBeam,R-NSGA-II,16,58,7.539452519163875,0.0023830387900276497,
WeldedBeam,R-NSGA-II,16,58,7.434490670107532,0.0024207283991115633,
WeldedBeam,R-NSGA-II,16,58,7.4341722910824775,0.0024208581562611144,
WeldedBeam,R-NSGA-II,16,58,7.323181333904852,0.0024620180743990024,
WeldedBeam,R-NSGA-II,16,58,7.597486339917089,0.0023627562079453247,
WeldedBeam,R-NSGA-II,16,58,7.4344679528872355,0.002420731847051406,
WeldedBeam,R-NSGA-II,16,58,7.434708215718189,0.002420661515582162,
WeldedBeam,R-NSGA-II,16,58,7.214717810601142,0.0025036367270740364,
WeldedBeam,R-NSGA-II,16,58,7.434708215719819,0.0024206615155803798,
WeldedBeam,R-NSGA-II,16,58,7.669493396539984,0.0023380133941587984,
WeldedBeam,R-NSGA-II,16,58,7.434678417639519,0.0024206676558334076,
WeldedBeam,R-NSGA-II,16,58,7.713931043209055,0.002323084555345442,
WeldedBeam,R-NSGA-II,16,58,7.434689832947562,0.0024206639171518336,
WeldedBeam,R-NSGA-II,16,58,7.434689832947568,0.002420663917151827,
WeldedBeam,R-NSGA-II,16,58,7.434689832947828,0.0024206639171515435,
WeldedBeam,R-NSGA-II,16,58,7.0941373593634145,0.0025515978646408854,
WeldedBeam,R-NSGA-II,16,58,7.434695737747853,0.002420661515582174,
WeldedBeam,R-NSGA-II,16,58,7.4347904840651875,0.002420636586137487,
WeldedBeam,R-NSGA-II,16,58,7.816473268075057,0.002289169965320298,
WeldedBeam,R-NSGA-II,16,58,7.434709882140179,0.002420654557786164,
WeldedBeam,R-NSGA-II,16,58,7.042981693658421,0.002572599027318138,
WeldedBeam,R-NSGA-II,16,58,7.434761062064433,0.0024206365861374883,
WeldedBeam,R-NSGA-II,16,58,7.870342104145568,0.0022716082579559314,
WeldedBeam,R-NSGA-II,16,58,7.4348390534984015,0.0024206128441156675,
WeldedBeam,R-NSGA-II,16,58,7.434818837753184,0.0024206157256434096,
WeldedBeam,R-NSGA-II,16,58,7.433941700707392,0.0024209418345347276,
WeldedBeam,R-NSGA-II,16,58,7.433910355998035,0.0024209535426010713,
WeldedBeam,R-NSGA-II,16,58,6.992811709820194,0.00259325853525345,
WeldedBeam,R-NSGA-II,16,58,7.433904315794809,0.002420955969236562,
WeldedBeam,R-NSGA-II,16,58,6.948379390327907,0.002611984701550924,
WeldedBeam,R-NSGA-II,16,58,7.433881581105687,0.0024209586196297875,
WeldedBeam,R-NSGA-II,16,58,7.435115804873179,0.002420538145590833,
WeldedBeam,R-NSGA-II,16,58,7.997395773815434,0.0022315501681412033,
WeldedBeam,R-NSGA-II,16,58,8.041440126741733,0.0022179836315669894,
WeldedBeam,R-NSGA-II,16,58,7.433870165900659,0.002420962359222903,
WeldedBeam,R-NSGA-II,16,58,8.097443876659995,0.002200993028779837,
WeldedBeam,R-NSGA-II,16,58,7.433870165900667,0.002420962359222894,
WeldedBeam,R-NSGA-II,16,58,7.433870165900683,0.002420962359222876,
WeldedBeam,R-NSGA-II,16,58,7.433870165900756,0.002420962359222797,
WeldedBeam,R-NSGA-II,16,58,6.851229411769714,0.002654067181763791,
WeldedBeam,R-NSGA-II,16,58,7.433870040247769,0.002420962359222906,
WeldedBeam,R-NSGA-II,16,58,7.4349926701361575,0.0024205529417582823,
WeldedBeam,R-NSGA-II,16,58,7.434994499214113,0.0024205524075959274,
WeldedBeam,R-NSGA-II,16,58,6.81010593736502,0.002672209907490855,
WeldedBeam,R-NSGA-II,16,58,7.435063429429017,0.0024205381455908344,
WeldedBeam,R-NSGA-II,16,58,7.433813144193669,0.0024209831541526956,
WeldedBeam,R-NSGA-II,16,58,6.738198302392971,0.002704361278681703,
WeldedBeam,R-NSGA-II,16,58,7.4338131441936035,0.002420983154152768,
WeldedBeam,R-NSGA-II,16,58,8.282120724865663,0.002146794451309407,
WeldedBeam,R-NSGA-II,16,58,7.433777609955779,0.002420996115839656,
WeldedBeam,R-NSGA-II,16,58,7.433661369178427,0.002421036921542152,
WeldedBeam,R-NSGA-II,16,58,8.35534988596186,0.002125883854169418,
WeldedBeam,R-NSGA-II,16,58,7.433661369178417,0.0024210369215421634,
WeldedBeam,R-NSGA-II,16,58,6.667467020417647,0.0027369366273171797,
WeldedBeam,R-NSGA-II,16,58,7.43366090035524,0.0024210369216698625,
WeldedBeam,R-NSGA-II,16,58,7.433659170815779,0.00242103759916599,
WeldedBeam,R-NSGA-II,16,58,7.435205940145011,0.0024204771980907646,
WeldedBeam,R-NSGA-II,16,58,7.433634806282338,0.0024210504375220413,
WeldedBeam,R-NSGA-II,16,58,7.435185137571641,0.0024204771980907928,
WeldedBeam,R-NSGA-II,16,58,7.433621482615081,0.0024210504375222286,
WeldedBeam,R-NSGA-II,16,58,8.412617681607953,0.002109893573761727,
WeldedBeam,R-NSGA-II,16,58,7.433614246373616,0.0024210567271808953,
WeldedBeam,R-NSGA-II,16,58,6.603560082004016,0.0027672082027145758,
WeldedBeam,R-NSGA-II,16,58,8.480435514904917,0.002091281334537286,
WeldedBeam,R-NSGA-II,16,58,7.4336008193512,0.0024210567271808967,
WeldedBeam,R-NSGA-II,16,58,7.435441475902158,0.002420389769963494,
WeldedBeam,R-NSGA-II,16,58,6.55704162597736,0.002789541704213605,
WeldedBeam,R-NSGA-II,16,58,7.435462545806817,0.0024203841029451917,
WeldedBeam,R-NSGA-II,16,58,6.523839511765179,0.0028054680686059323,
WeldedBeam,R-NSGA-II,16,58,7.435950302404198,0.00242033863839894,
WeldedBeam,R-NSGA-II,16,58,8.588495088136213,0.002062283871546305,
WeldedBeam,R-NSGA-II,16,58,7.435475488427295,0.002420380919360021,
WeldedBeam,R-NSGA-II,16,58,7.4354680325723335,0.002420380919360031,
WeldedBeam,R-NSGA-II,16,58,6.468304453252882,0.0028331830647010457,
WeldedBeam,R-NSGA-II,16,58,7.4354912806058735,0.002420376249612005,
WeldedBeam,R-NSGA-II,16,58,8.735530917175753,0.0020240948229248534,
WeldedBeam,R-NSGA-II,16,58,7.435476549704136,0.0024203766898882734,
WeldedBeam,R-NSGA-II,16,58,7.4333578349553475,0.002421079735363619,
WeldedBeam,R-NSGA-II,16,58,8.915218346315157,0.001979402545260887,
WeldedBeam,R-NSGA-II,16,58,7.435562948641535,0.0024203558172525173,
WeldedBeam,R-NSGA-II,16,58,9.009081719890354,0.0019566839801242676,
WeldedBeam,R-NSGA-II,16,58,7.435562948642063,0.0024203558172519405,
WeldedBeam,R-NSGA-II,16,58,9.171556179514331,0.0019187314205599388,
WeldedBeam,R-NSGA-II,16,58,9.239178234171439,0.0019034417773887548,
WeldedBeam,R-NSGA-II,16,58,7.435211365134608,0.002420394391570768,
WeldedBeam,R-NSGA-II,16,58,7.4360405873364135,0.0024203123608920346,
WeldedBeam,R-NSGA-II,16,58,9.33803989646287,0.0018813444716816502,
WeldedBeam,R-NSGA-II,16,58,7.43604865473393,0.0024203094205127182,
WeldedBeam,R-NSGA-II,16,58,9.464302594332839,0.0018539371627688652,
WeldedBeam,R-NSGA-II,16,58,10.660225952023199,0.0017288852014806658,
WeldedBeam,R-NSGA-II,17,59,7.4338343414971115,0.0024204715883245007,
WeldedBeam,R-NSGA-II,17,59,7.4338343427884315,0.0024204715869239417,
WeldedBeam,R-NSGA-II,17,59,7.433834350457124,0.002420471578606517,
WeldedBeam,R-NSGA-II,17,59,7.4338333431475,0.002420471662236878,
WeldedBeam,R-NSGA-II,17,59,7.433888894425105,0.00242045141443743,
WeldedBeam,R-NSGA-II,17,59,7.433831898839862,0.002420472020380703,
WeldedBeam,R-NSGA-II,17,59,7.387003737612576,0.0024375206820994176,
WeldedBeam,R-NSGA-II,17,59,7.433885393023959,0.002420452279126195,
WeldedBeam,R-NSGA-II,17,59,7.433885943713894,0.002420452077314325,
WeldedBeam,R-NSGA-II,17,59,7.482906222143709,0.002402859171194928,
WeldedBeam,R-NSGA-II,17,59,7.433886442831223,0.0024204518561802475,
WeldedBeam,R-NSGA-II,17,59,7.543412916336358,0.0023814925440874546,
WeldedBeam,R-NSGA-II,17,59,7.4339158057087005,0.002420441541823095,
WeldedBeam,R-NSGA-II,17,59,7.325014349925227,0.0024604626721993787,
WeldedBeam,R-NSGA-II,17,59,7.433864154027297,0.0024204598377397216,
WeldedBeam,R-NSGA-II,17,59,7.618833789299369,0.0023554092123582995,
WeldedBeam,R-NSGA-II,17,59,7.433864158418075,0.002420459832977553,
WeldedBeam,R-NSGA-II,17,59,7.433838456045214,0.0024204691678787766,
WeldedBeam,R-NSGA-II,17,59,7.43384033687137,0.0024204683808437934,
WeldedBeam,R-NSGA-II,17,59,7.246280433305901,0.0024902342804185647,
WeldedBeam,R-NSGA-II,17,59,7.433858327206438,0.00242046171838251,
WeldedBeam,R-NSGA-II,17,59,7.433858327491679,0.002420461718073142,
WeldedBeam,R-NSGA-II,17,59,7.199880783074153,0.002508114977321579,
WeldedBeam,R-NSGA-II,17,59,7.433915061868458,0.0024204415525170024,
WeldedBeam,R-NSGA-II,17,59,7.682008209520802,0.002333955075395748,
WeldedBeam,R-NSGA-II,17,59,7.433921244842346,0.0024204393175529157,
WeldedBeam,R-NSGA-II,17,59,7.155926470733363,0.0025252940553959595,
WeldedBeam,R-NSGA-II,17,59,7.7540881633792065,0.0023099742809130144,
WeldedBeam,R-NSGA-II,17,59,7.4339225158222035,0.0024204388530285376,
WeldedBeam,R-NSGA-II,17,59,7.433922859157959,0.0024204387344470006,
WeldedBeam,R-NSGA-II,17,59,7.091869512499284,0.0025507558049633608,
WeldedBeam,R-NSGA-II,17,59,7.433913151040155,0.002420442020248415,
WeldedBeam,R-NSGA-II,17,59,7.4339159409474735,0.002420440936310023,
WeldedBeam,R-NSGA-II,17,59,7.433852763087444,0.002420463034569477,
WeldedBeam,R-NSGA-II,17,59,7.846261734271967,0.002280017613007894,
WeldedBeam,R-NSGA-II,17,59,7.0338648322459605,0.0025742593120417546,
WeldedBeam,R-NSGA-II,17,59,7.433892192441572,0.0024204488545750344,
WeldedBeam,R-NSGA-II,17,59,7.907900164548277,0.0022604145838778793,
WeldedBeam,R-NSGA-II,17,59,7.433847370429587,0.002420464986315493,
WeldedBeam,R-NSGA-II,17,59,7.4338592067316585,0.0024204606377691124,
WeldedBeam,R-NSGA-II,17,59,7.433858600892465,0.002420460855280551,
WeldedBeam,R-NSGA-II,17,59,7.9487528351944725,0.00224760650422843,
WeldedBeam,R-NSGA-II,17,59,7.433859225384728,0.002420460617538175,
WeldedBeam,R-NSGA-II,17,59,7.433855478998871,0.0024204619712569738,
WeldedBeam,R-NSGA-II,17,59,6.925296135861903,0.002625428032608408,
WeldedBeam,R-NSGA-II,17,59,8.030400595130356,0.0022224372041383415,
WeldedBeam,R-NSGA-II,17,59,7.4338551780679945,0.002420462075924197,
WeldedBeam,R-NSGA-II,17,59,7.433852933324868,0.002420462890920871,
WeldedBeam,R-NSGA-II,17,59,8.08582216914745,0.0022056870705440147,
WeldedBeam,R-NSGA-II,17,59,7.4338528822504815,0.002420462905326147,
WeldedBeam,R-NSGA-II,17,59,7.433852885136857,0.002420462902195605,
WeldedBeam,R-NSGA-II,17,59,6.8458616736823,0.002653537355085567,
WeldedBeam,R-NSGA-II,17,59,8.160428219024721,0.0021835260968153347,
WeldedBeam,R-NSGA-II,17,59,7.433852885204863,0.002420462902121846,
WeldedBeam,R-NSGA-II,17,59,8.209085704083565,0.002169279842086536,
WeldedBeam,R-NSGA-II,17,59,7.433850384399566,0.0024204638130791655,
WeldedBeam,R-NSGA-II,17,59,6.751438872689547,0.002695178993560962,
WeldedBeam,R-NSGA-II,17,59,7.433850083468684,0.002420463917746554,
WeldedBeam,R-NSGA-II,17,59,7.433848073852152,0.0024204646486842537,
WeldedBeam,R-NSGA-II,17,59,7.433848051899442,0.0024204646566208456,
WeldedBeam,R-NSGA-II,17,59,6.717767730428787,0.002710355860523374,
WeldedBeam,R-NSGA-II,17,59,7.433847792456465,0.0024204647501706025,
WeldedBeam,R-NSGA-II,17,59,6.680181684179548,0.0027275017289048703,
WeldedBeam,R-NSGA-II,17,59,7.433847632997716,0.00242046480842284,
WeldedBeam,R-NSGA-II,17,59,7.433847632999778,0.0024204648084206032,
WeldedBeam,R-NSGA-II,17,59,8.359281299048824,0.0021265403381948225,
WeldedBeam,R-NSGA-II,17,59,6.623916254121634,0.0027535788960255892,
WeldedBeam,R-NSGA-II,17,59,7.433847633384238,0.0024204648080036204,
WeldedBeam,R-NSGA-II,17,59,7.4338476334491075,0.002420464807933262,
WeldedBeam,R-NSGA-II,17,59,8.42360267742901,0.0021087259975777523,
WeldedBeam,R-NSGA-II,17,59,7.433847633450306,0.002420464807931962,
WeldedBeam,R-NSGA-II,17,59,6.570759514543752,0.0027786771281877796,
WeldedBeam,R-NSGA-II,17,59,7.433847633463018,0.002420464807918176,
WeldedBeam,R-NSGA-II,17,59,8.489857860295086,0.0020907191063061405,
WeldedBeam,R-NSGA-II,17,59,7.4338476334899095,0.002420464807889009,
WeldedBeam,R-NSGA-II,17,59,7.433847633490043,0.0024204648078888645,
WeldedBeam,R-NSGA-II,17,59,8.585642025994378,0.002065179851489866,
WeldedBeam,R-NSGA-II,17,59,7.433847633520566,0.00242046480785576,
WeldedBeam,R-NSGA-II,17,59,7.433847625353852,0.002420464810830449,
WeldedBeam,R-NSGA-II,17,59,6.467939796856503,0.002828545278559441,
WeldedBeam,R-NSGA-II,17,59,7.4338477862665195,0.0024204647517902505,
WeldedBeam,R-NSGA-II,17,59,8.682077488651345,0.0020437403164616182,
WeldedBeam,R-NSGA-II,17,59,8.76995973541062,0.0020178020595426707,
WeldedBeam,R-NSGA-II,17,59,7.433847633831527,0.002420464807518493,
WeldedBeam,R-NSGA-II,17,59,8.81298915324851,0.0020070302878007593,
WeldedBeam,R-NSGA-II,17,59,7.433847628931055,0.0024204648092901668,
WeldedBeam,R-NSGA-II,17,59,8.86683867777491,0.0019955180720904334,
WeldedBeam,R-NSGA-II,17,59,7.433847538799459,0.002420464842147415,
WeldedBeam,R-NSGA-II,17,59,7.433847634688327,0.0024204648065892123,
WeldedBeam,R-NSGA-II,17,59,8.927430790545525,0.0019789807109712484,
WeldedBeam,R-NSGA-II,17,59,6.248298237076833,0.0029413096603715908,
WeldedBeam,R-NSGA-II,17,59,7.433847393622636,0.002420464894633393,
WeldedBeam,R-NSGA-II,17,59,6.219051075253091,0.00295700463816631,
WeldedBeam,R-NSGA-II,17,59,7.433848079069809,0.0024204646430252144,
WeldedBeam,R-NSGA-II,17,59,7.433847437831415,0.002420464877114625,
WeldedBeam,R-NSGA-II,17,59,9.062582721806873,0.0019468457107207906,
WeldedBeam,R-NSGA-II,17,59,7.43384780023717,0.002420464741731696,
WeldedBeam,R-NSGA-II,17,59,6.072819109904221,0.003038070140842646,
WeldedBeam,R-NSGA-II,17,59,9.426892968480447,0.0018722677346477328,
WeldedBeam,R-NSGA-II,17,59,7.433847641228368,0.0024204647994959224,
WeldedBeam,R-NSGA-II,18,60,7.435532463199352,0.002420869283577612,
WeldedBeam,R-NSGA-II,18,60,7.435532472576632,0.0024208692809252496,
WeldedBeam,R-NSGA-II,18,60,7.435532473000393,0.002420869279274646,
WeldedBeam,R-NSGA-II,18,60,7.435532493793085,0.0024208692716842515,
WeldedBeam,R-NSGA-II,18,60,7.4355324814281545,0.002420869273848262,
WeldedBeam,R-NSGA-II,18,60,7.435532477454556,0.0024208692741137985,
WeldedBeam,R-NSGA-II,18,60,7.435532477541348,0.0024208692738604733,
WeldedBeam,R-NSGA-II,18,60,7.4355324996403755,0.0024208692670792953,
WeldedBeam,R-NSGA-II,18,60,7.435532585874595,0.0024208692416561725,
WeldedBeam,R-NSGA-II,18,60,7.435532538604284,0.00242086925302334,
WeldedBeam,R-NSGA-II,18,60,7.435532610282807,0.0024208692269145674,
WeldedBeam,R-NSGA-II,18,60,7.474422061262444,0.0024067420500541938,
WeldedBeam,R-NSGA-II,18,60,7.435532595759575,0.0024208692306755862,
WeldedBeam,R-NSGA-II,18,60,7.395903394436574,0.0024354368041535285,
WeldedBeam,R-NSGA-II,18,60,7.4355325955561655,0.0024208692307105388,
WeldedBeam,R-NSGA-II,18,60,7.435532592407422,0.002420869231219379,
WeldedBeam,R-NSGA-II,18,60,7.435532598518295,0.0024208692292392504,
WeldedBeam,R-NSGA-II,18,60,7.435532598718545,0.0024208692290282616,
WeldedBeam,R-NSGA-II,18,60,7.435532611037691,0.0024208692249634996,
WeldedBeam,R-NSGA-II,18,60,7.435532602796051,0.0024208692270397104,
WeldedBeam,R-NSGA-II,18,60,7.339005106099447,0.0024566617062878335,
WeldedBeam,R-NSGA-II,18,60,7.4355326116707,0.002420869224269598,
WeldedBeam,R-NSGA-II,18,60,7.4355326121929135,0.002420869223967572,
WeldedBeam,R-NSGA-II,18,60,7.553585709931545,0.0023784880484791658,
WeldedBeam,R-NSGA-II,18,60,7.435532616301675,0.0024208692226808408,
WeldedBeam,R-NSGA-II,18,60,7.435532616391196,0.002420869222656512,
WeldedBeam,R-NSGA-II,18,60,7.294181298123066,0.002473644702719234,
WeldedBeam,R-NSGA-II,18,60,7.604970980965655,0.002360500655955725,
WeldedBeam,R-NSGA-II,18,60,7.435532616400822,0.002420869222645959,
WeldedBeam,R-NSGA-II,18,60,7.435532615162816,0.0024208692229205453,
WeldedBeam,R-NSGA-II,18,60,7.251739106686858,0.0024899432246523992,
WeldedBeam,R-NSGA-II,18,60,7.435532616531851,0.002420869222519874,
WeldedBeam,R-NSGA-II,18,60,7.435532616542268,0.002420869222508455,
WeldedBeam,R-NSGA-II,18,60,7.435532617861863,0.002420869222140983,
WeldedBeam,R-NSGA-II,18,60,7.654608824396823,0.0023433814512919962,
WeldedBeam,R-NSGA-II,18,60,7.435532615278317,0.0024208692227665517,
WeldedBeam,R-NSGA-II,18,60,7.435532618171413,0.002420869221994001,
WeldedBeam,R-NSGA-II,18,60,7.185748154524664,0.0025157158784408413,
WeldedBeam,R-NSGA-II,18,60,7.435532617976926,0.0024208692220140694,
WeldedBeam,R-NSGA-II,18,60,7.702272805591912,0.0023271750646645115,
WeldedBeam,R-NSGA-II,18,60,7.435532621762192,0.0024208692208897366,
WeldedBeam,R-NSGA-II,18,60,7.744335141093583,0.002313058383594183,
WeldedBeam,R-NSGA-II,18,60,7.435532672534122,0.002420869204114486,
WeldedBeam,R-NSGA-II,18,60,7.4355326760757805,0.002420869202985178,
WeldedBeam,R-NSGA-II,18,60,7.130101568545501,0.0025378668755045002,
WeldedBeam,R-NSGA-II,18,60,7.808032932564511,0.002292003641682848,
WeldedBeam,R-NSGA-II,18,60,7.435532695048607,0.002420869193967254,
WeldedBeam,R-NSGA-II,18,60,7.435532696979058,0.002420869193425778,
WeldedBeam,R-NSGA-II,18,60,7.079699511768397,0.0025582695119469464,
WeldedBeam,R-NSGA-II,18,60,7.858818722724417,0.0022754895278819303,
WeldedBeam,R-NSGA-II,18,60,7.43553267699939,0.002420869198593297,
WeldedBeam,R-NSGA-II,18,60,7.435532686837797,0.002420869195070141,
WeldedBeam,R-NSGA-II,18,60,7.435532698926466,0.0024208691916866917,
WeldedBeam,R-NSGA-II,18,60,7.435532699045989,0.002420869191555672,
WeldedBeam,R-NSGA-II,18,60,7.033515052580479,0.0025772550689494257,
WeldedBeam,R-NSGA-II,18,60,7.000022627029062,0.002591200390884804,
WeldedBeam,R-NSGA-II,18,60,7.435532776788884,0.002420869169148433,
WeldedBeam,R-NSGA-II,18,60,7.4355327970398415,0.002420869163731158,
WeldedBeam,R-NSGA-II,18,60,7.921274848385257,0.0022555038978183703,
WeldedBeam,R-NSGA-II,18,60,7.435532752973309,0.0024208691750426618,
WeldedBeam,R-NSGA-II,18,60,7.435532765033851,0.0024208691704239948,
WeldedBeam,R-NSGA-II,18,60,7.978212467430039,0.0022375876723030805,
WeldedBeam,R-NSGA-II,18,60,6.951280055854676,0.002611767234413114,
WeldedBeam,R-NSGA-II,18,60,7.435532767667663,0.0024208691693343373,
WeldedBeam,R-NSGA-II,18,60,7.435532757097069,0.002420869170932623,
WeldedBeam,R-NSGA-II,18,60,6.918166734282718,0.002625926588970714,
WeldedBeam,R-NSGA-II,18,60,7.435532797230624,0.0024208691591736235,
WeldedBeam,R-NSGA-II,18,60,8.060160475865159,0.0022122955526942298,
WeldedBeam,R-NSGA-II,18,60,7.435532805278819,0.0024208691552722824,
WeldedBeam,R-NSGA-II,18,60,8.110125238422663,0.0021971532812290486,
WeldedBeam,R-NSGA-II,18,60,7.435536488347903,0.002420867812495239,
WeldedBeam,R-NSGA-II,18,60,7.43553661735991,0.0024208677647290485,
WeldedBeam,R-NSGA-II,18,60,6.827232933503885,0.0026656117785462236,
WeldedBeam,R-NSGA-II,18,60,7.435536617490552,0.0024208677645858397,
WeldedBeam,R-NSGA-II,18,60,8.185330221679127,0.0021747485504287605,
WeldedBeam,R-NSGA-II,18,60,7.435536601997336,0.0024208677682679546,
WeldedBeam,R-NSGA-II,18,60,6.734894448670644,0.002707156583301394,
WeldedBeam,R-NSGA-II,18,60,8.290936374978319,0.0021440473069930673,
WeldedBeam,R-NSGA-II,18,60,7.435536689429427,0.0024208677377626003,
WeldedBeam,R-NSGA-II,18,60,7.43553669681174,0.0024208677328301557,
WeldedBeam,R-NSGA-II,18,60,6.692687406646763,0.0027265806949797675,
WeldedBeam,R-NSGA-II,18,60,7.4355366935156795,0.002420867733693682,
WeldedBeam,R-NSGA-II,18,60,8.380760599524878,0.002118608158095223,
WeldedBeam,R-NSGA-II,18,60,6.645940423384793,0.0027484219794004605,
WeldedBeam,R-NSGA-II,18,60,7.435536702652033,0.0024208677305999574,
WeldedBeam,R-NSGA-II,18,60,6.6068162150046685,0.00276697256212891,
WeldedBeam,R-NSGA-II,18,60,7.435536702830625,0.002420867730404185,
WeldedBeam,R-NSGA-II,18,60,9.158981708547664,0.0019211238129263027,
WeldedBeam,R-NSGA-II,18,60,7.435536704471111,0.0024208677299173056,
WeldedBeam,R-NSGA-II,18,60,7.435536716133127,0.002420867725919541,
WeldedBeam,R-NSGA-II,18,60,9.235388916556872,0.001903701250504284,
WeldedBeam,R-NSGA-II,18,60,7.4355367556920715,0.0024208677103148266,
WeldedBeam,R-NSGA-II,18,60,10.30388112783228,0.0016894430796794736,
WeldedBeam,R-NSGA-II,18,60,7.435536861497991,0.0024208676753676886,
WeldedBeam,R-NSGA-II,18,60,7.435537147111785,0.002420867565233312,
WeldedBeam,R-NSGA-II,18,60,10.499630641136108,0.001665360103460581,
WeldedBeam,R-NSGA-II,18,60,7.434725783323322,0.0024211640756608,
WeldedBeam,R-NSGA-II,18,60,11.208585239740357,0.0015649191777917042,
WeldedBeam,R-NSGA-II,18,60,14.064204243990433,0.001210125931069736,
WeldedBeam,R-NSGA-II,18,60,7.434693839908007,0.002421175748598512,
WeldedBeam,R-NSGA-II,19,61,7.433594940261656,0.002420351838011896,
WeldedBeam,R-NSGA-II,19,61,7.401153728826747,0.002432171506094371,
WeldedBeam,R-NSGA-II,19,61,7.478413239064595,0.0024041768560596325,
WeldedBeam,R-NSGA-II,19,61,7.532471332453335,0.0023849248206307665,
WeldedBeam,R-NSGA-II,19,61,7.375294952643068,0.0024635827597920177,
WeldedBeam,R-NSGA-II,19,61,7.433644396611381,0.002420333870478602,
WeldedBeam,R-NSGA-II,19,61,7.292838637686807,0.0024729486024761944,
WeldedBeam,R-NSGA-II,19,61,7.433344317482096,0.0024204312603053214,
WeldedBeam,R-NSGA-II,19,61,7.433344841401095,0.0024204310037660264,
WeldedBeam,R-NSGA-II,19,61,7.433286888006407,0.0024204437206619923,
WeldedBeam,R-NSGA-II,19,61,7.58375325765315,0.002366971111360746,
WeldedBeam,R-NSGA-II,19,61,7.433868814590468,0.0024202510332794968,
WeldedBeam,R-NSGA-II,19,61,7.433302369537521,0.0024204345427774124,
WeldedBeam,R-NSGA-II,19,61,7.250386957470322,0.002489193933994978,
WeldedBeam,R-NSGA-II,19,61,7.433302147341351,0.0024204345427912034,
WeldedBeam,R-NSGA-II,19,61,7.433309680378878,0.0024204312615499672,
WeldedBeam,R-NSGA-II,19,61,7.648567597943639,0.002344699466386943,
WeldedBeam,R-NSGA-II,19,61,7.433270790821678,0.002420446680578643,
WeldedBeam,R-NSGA-II,19,61,7.186761780044819,0.0025134634305042877,
WeldedBeam,R-NSGA-II,19,61,7.4333051674643915,0.002420431261623327,
WeldedBeam,R-NSGA-II,19,61,7.433517238502067,0.002420351838460651,
WeldedBeam,R-NSGA-II,19,61,7.433763531158294,0.0024202735205778036,
WeldedBeam,R-NSGA-II,19,61,7.728947399421957,0.002317627390478522,
WeldedBeam,R-NSGA-II,19,61,7.433411004920147,0.0024203861421113445,
WeldedBeam,R-NSGA-II,19,61,7.433411528847243,0.0024203858855816143,
WeldedBeam,R-NSGA-II,19,61,7.13463394399052,0.002534035451644024,
WeldedBeam,R-NSGA-II,19,61,7.772445790206686,0.0023031751360744306,
WeldedBeam,R-NSGA-II,19,61,7.433169913049732,0.0024204824042962743,
WeldedBeam,R-NSGA-II,19,61,7.433169883436026,0.0024204824147675383,
WeldedBeam,R-NSGA-II,19,61,7.1039941962093565,0.0025466943321631667,
WeldedBeam,R-NSGA-II,19,61,7.433253107871209,0.002420446680632157,
WeldedBeam,R-NSGA-II,19,61,7.433648992100872,0.002420302963501534,
WeldedBeam,R-NSGA-II,19,61,7.825531883652618,0.002285896531235883,
WeldedBeam,R-NSGA-II,19,61,7.4337461829096405,0.0024202735215866906,
WeldedBeam,R-NSGA-II,19,61,7.071581377198331,0.0025664831159145154,
WeldedBeam,R-NSGA-II,19,61,7.433494075573243,0.002420351959591175,
WeldedBeam,R-NSGA-II,19,61,7.433445025313365,0.002420368123258034,
WeldedBeam,R-NSGA-II,19,61,7.433458962307428,0.0024203630942510445,
WeldedBeam,R-NSGA-II,19,61,7.0121853475381455,0.0025837639380407278,
WeldedBeam,R-NSGA-II,19,61,7.9093178296446265,0.0022590087588621236,
WeldedBeam,R-NSGA-II,19,61,7.433458361191441,0.0024203632803419237,
WeldedBeam,R-NSGA-II,19,61,7.433020711146805,0.0024205458691651323,
WeldedBeam,R-NSGA-II,19,61,6.97189552462773,0.0026005263127101322,
WeldedBeam,R-NSGA-II,19,61,7.433426896120771,0.0024203714864595815,
WeldedBeam,R-NSGA-II,19,61,7.9738545743361176,0.0022388073706027358,
WeldedBeam,R-NSGA-II,19,61,8.047906337726328,0.0022160065218999082,
WeldedBeam,R-NSGA-II,19,61,7.4340847294078,0.002420181880264373,
WeldedBeam,R-NSGA-II,19,61,7.433213428174268,0.002420452095067665,
WeldedBeam,R-NSGA-II,19,61,6.878525579499289,0.0026403118228937044,
WeldedBeam,R-NSGA-II,19,61,7.433806667529047,0.0024202510365901606,
WeldedBeam,R-NSGA-II,19,61,6.833021261099208,0.002660670516866598,
WeldedBeam,R-NSGA-II,19,61,7.433653126630658,0.002420294596864718,
WeldedBeam,R-NSGA-II,19,61,8.114154884307002,0.0021960017384447246,
WeldedBeam,R-NSGA-II,19,61,7.434100322870981,0.0024201762163074715,
WeldedBeam,R-NSGA-II,19,61,7.4332199119343105,0.0024204466827204797,
WeldedBeam,R-NSGA-II,19,61,7.433037860107985,0.0024205283527162533,
WeldedBeam,R-NSGA-II,19,61,8.187214456028315,0.0021744209096307052,
WeldedBeam,R-NSGA-II,19,61,7.433027773648265,0.0024205320488961705,
WeldedBeam,R-NSGA-II,19,61,7.433704291089908,0.0024202760357752676,
WeldedBeam,R-NSGA-II,19,61,6.769045169764554,0.002688487022974311,
WeldedBeam,R-NSGA-II,19,61,6.728664518389252,0.002706719501576381,
WeldedBeam,R-NSGA-II,19,61,7.4330973589768785,0.0024204953970025315,
WeldedBeam,R-NSGA-II,19,61,7.433094230499155,0.002420495397010392,
WeldedBeam,R-NSGA-II,19,61,6.688414556845348,0.002725114494614878,
WeldedBeam,R-NSGA-II,19,61,7.433088563097119,0.00242049773102677,
WeldedBeam,R-NSGA-II,19,61,8.303560454013477,0.0021407966301381677,
WeldedBeam,R-NSGA-II,19,61,7.4331204623531635,0.002420482416533269,
WeldedBeam,R-NSGA-II,19,61,8.366451346753752,0.002123068436871439,
WeldedBeam,R-NSGA-II,19,61,7.433084549240603,0.0024204977331203133,
WeldedBeam,R-NSGA-II,19,61,6.635615086177086,0.002749637662938443,
WeldedBeam,R-NSGA-II,19,61,7.433084551146545,0.0024204977310429057,
WeldedBeam,R-NSGA-II,19,61,7.432933648781162,0.002420561220818186,
WeldedBeam,R-NSGA-II,19,61,8.424901691613698,0.0021068576205785046,
WeldedBeam,R-NSGA-II,19,61,6.554539350180737,0.0027881937764311594,
WeldedBeam,R-NSGA-II,19,61,7.433884973651376,0.0024202085271380655,
WeldedBeam,R-NSGA-II,19,61,7.433878455303743,0.00242020971062105,
WeldedBeam,R-NSGA-II,19,61,8.497433151748169,0.002087152897152345,
WeldedBeam,R-NSGA-II,19,61,7.432836994583646,0.0024205979086159442,
WeldedBeam,R-NSGA-II,19,61,7.433897808999978,0.002420200185268841,
WeldedBeam,R-NSGA-II,19,61,6.520481603950833,0.002804710437459353,
WeldedBeam,R-NSGA-II,19,61,7.432857033431983,0.002420583845264989,
WeldedBeam,R-NSGA-II,19,61,8.593212496219653,0.0020615447981988965,
WeldedBeam,R-NSGA-II,19,61,7.433955160149817,0.0024201834434372815,
WeldedBeam,R-NSGA-II,19,61,6.483971037859769,0.002822634438347602,
WeldedBeam,R-NSGA-II,19,61,7.4341097577340784,0.002420144059650126,
WeldedBeam,R-NSGA-II,19,61,6.4407529916660975,0.002844216307898659,
WeldedBeam,R-NSGA-II,19,61,7.434238419177829,0.0024201123590121016,
WeldedBeam,R-NSGA-II,19,61,7.434238420669237,0.00242011235738705,
WeldedBeam,R-NSGA-II,19,61,8.68041515463684,0.0020390423654626792,
WeldedBeam,R-NSGA-II,19,61,7.434255283231385,0.002420106634029595,
WeldedBeam,R-NSGA-II,19,61,6.397667706526441,0.002866035164505812,
WeldedBeam,R-NSGA-II,19,61,8.764721346176502,0.002017316360696019,
WeldedBeam,R-NSGA-II,19,61,7.434117834309454,0.0024201245030873483,
WeldedBeam,R-NSGA-II,19,61,8.838378727119995,0.0019988747206377356,
WeldedBeam,R-NSGA-II,19,61,7.432574196610156,0.00242070108198547,
WeldedBeam,R-NSGA-II,19,61,7.4344419624076865,0.0024200048897740556,
WeldedBeam,R-NSGA-II,19,61,6.288132062951591,0.0029234116641213602,
WeldedBeam,R-NSGA-II,19,61,7.4302732456533995,0.002421897570587223,
WeldedBeam,R-NSGA-II,19,61,9.053317017508379,0.0019540933491891646,
WeldedBeam,R-NSGA-II,19,61,9.636382993089784,0.001818947067907991,
WeldedBeam,R-NSGA-II,20,62,7.434261537325262,0.0024203633014226998,
WeldedBeam,R-NSGA-II,20,62,7.433796766950171,0.0024205325179049646,
WeldedBeam,R-NSGA-II,20,62,7.433767808017643,0.0024205430620508595,
WeldedBeam,R-NSGA-II,20,62,7.433758219583281,0.0024205468011587543,
WeldedBeam,R-NSGA-II,20,62,7.43375824290099,0.0024205467756877362,
WeldedBeam,R-NSGA-II,20,62,7.433758084312382,0.00242054684893775,
WeldedBeam,R-NSGA-II,20,62,7.407264931865854,0.0024302317665622435,
WeldedBeam,R-NSGA-II,20,62,7.433758095331933,0.0024205468320292307,
WeldedBeam,R-NSGA-II,20,62,7.433758298234704,0.002420546625067561,
WeldedBeam,R-NSGA-II,20,62,7.433758300609335,0.0024205466224736416,
WeldedBeam,R-NSGA-II,20,62,7.433758530446799,0.002420546433635607,
WeldedBeam,R-NSGA-II,20,62,7.470690984401632,0.0024071730611000338,
WeldedBeam,R-NSGA-II,20,62,7.433758530908152,0.002420546433112813,
WeldedBeam,R-NSGA-II,20,62,7.503972232531732,0.0023952477488887,
WeldedBeam,R-NSGA-II,20,62,7.433758463631896,0.002420546460706595,
WeldedBeam,R-NSGA-II,20,62,7.433758437750818,0.0024205464673150386,
WeldedBeam,R-NSGA-II,20,62,7.4337551049906905,0.0024205479180710613,
WeldedBeam,R-NSGA-II,20,62,7.365492303384583,0.0024600618861030294,
WeldedBeam,R-NSGA-II,20,62,7.27499828701385,0.002479767989656523,
WeldedBeam,R-NSGA-II,20,62,7.433755092629039,0.0024205479225618484,
WeldedBeam,R-NSGA-II,20,62,7.60786480889098,0.002358769603953462,
WeldedBeam,R-NSGA-II,20,62,7.433756221416182,0.00242054727668057,
WeldedBeam,R-NSGA-II,20,62,7.433756222650535,0.0024205472759700206,
WeldedBeam,R-NSGA-II,20,62,7.208798940520294,0.002505326656076159,
WeldedBeam,R-NSGA-II,20,62,7.433756223711611,0.0024205472748109573,
WeldedBeam,R-NSGA-II,20,62,7.433756217133233,0.0024205472775126738,
WeldedBeam,R-NSGA-II,20,62,7.674221057610474,0.002336046849192889,
WeldedBeam,R-NSGA-II,20,62,7.4337561502000975,0.002420547314338467,
WeldedBeam,R-NSGA-II,20,62,7.433756163140122,0.0024205472945071026,
WeldedBeam,R-NSGA-II,20,62,7.175471933327621,0.002518394281379096,
WeldedBeam,R-NSGA-II,20,62,7.433756152541178,0.002420547300105431,
WeldedBeam,R-NSGA-II,20,62,7.433756088763553,0.0024205473296660396,
WeldedBeam,R-NSGA-II,20,62,7.709653193638945,0.002324091984836673,
WeldedBeam,R-NSGA-II,20,62,7.433756087329458,0.0024205473297289237,
WeldedBeam,R-NSGA-II,20,62,7.115209234736818,0.0025423728908265234,
WeldedBeam,R-NSGA-II,20,62,7.801295632541661,0.0022937317709587827,
WeldedBeam,R-NSGA-II,20,62,7.433756087333775,0.0024205473297242075,
WeldedBeam,R-NSGA-II,20,62,7.848975442755887,0.002278247526260975,
WeldedBeam,R-NSGA-II,20,62,7.433756096501267,0.0024205473234566025,
WeldedBeam,R-NSGA-II,20,62,7.433756050910105,0.0024205473426739854,
WeldedBeam,R-NSGA-II,20,62,7.035042214377564,0.0025749882634345527,
WeldedBeam,R-NSGA-II,20,62,7.893563163262551,0.0022639556341876874,
WeldedBeam,R-NSGA-II,20,62,7.433756064295165,0.0024205473341966004,
WeldedBeam,R-NSGA-II,20,62,7.433756070620188,0.0024205473300650524,
WeldedBeam,R-NSGA-II,20,62,7.014486532690549,0.0025901446166333025,
WeldedBeam,R-NSGA-II,20,62,7.433756070669634,0.002420547329833718,
WeldedBeam,R-NSGA-II,20,62,7.433756066053504,0.0024205473322758846,
WeldedBeam,R-NSGA-II,20,62,7.949277763401656,0.002246346957327295,
WeldedBeam,R-NSGA-II,20,62,7.433756067128433,0.0024205473313791315,
WeldedBeam,R-NSGA-II,20,62,6.955166645392909,0.002619510909811763,
WeldedBeam,R-NSGA-II,20,62,7.43375606026365,0.002420547334892877,
WeldedBeam,R-NSGA-II,20,62,8.005322938779262,0.0022289080681600834,
WeldedBeam,R-NSGA-II,20,62,6.886918403784012,0.002637506388542915,
WeldedBeam,R-NSGA-II,20,62,7.433756040870096,0.0024205473428837434,
WeldedBeam,R-NSGA-II,20,62,7.433756013808494,0.0024205473558004654,
WeldedBeam,R-NSGA-II,20,62,8.055256306782598,0.0022135974078756207,
WeldedBeam,R-NSGA-II,20,62,7.433756022514365,0.0024205473477276226,
WeldedBeam,R-NSGA-II,20,62,7.433756022695353,0.002420547347529927,
WeldedBeam,R-NSGA-II,20,62,7.4337560249326655,0.002420547345879253,
WeldedBeam,R-NSGA-II,20,62,7.4337559977487615,0.0024205473568461857,
WeldedBeam,R-NSGA-II,20,62,7.4337554231575425,0.0024205476767185305,
WeldedBeam,R-NSGA-II,20,62,6.843471233088544,0.002656423941231798,
WeldedBeam,R-NSGA-II,20,62,8.09786540518458,0.0022006976855355417,
WeldedBeam,R-NSGA-II,20,62,7.433755977622743,0.002420547364403856,
WeldedBeam,R-NSGA-II,20,62,7.433755976255216,0.0024205473650328897,
WeldedBeam,R-NSGA-II,20,62,7.43375594887811,0.0024205473798437557,
WeldedBeam,R-NSGA-II,20,62,6.804123856835456,0.0026737920495491173,
WeldedBeam,R-NSGA-II,20,62,7.4337559489103775,0.0024205473798085075,
WeldedBeam,R-NSGA-II,20,62,7.4337559675473655,0.002420547368152099,
WeldedBeam,R-NSGA-II,20,62,8.150163625494487,0.0021850689003504726,
WeldedBeam,R-NSGA-II,20,62,6.760371064741848,0.0026933733890020734,
WeldedBeam,R-NSGA-II,20,62,7.433755951569625,0.002420547373984309,
WeldedBeam,R-NSGA-II,20,62,8.212410853505727,0.0021667541051851283,
WeldedBeam,R-NSGA-II,20,62,7.433755443161065,0.0024205476546625237,
WeldedBeam,R-NSGA-II,20,62,7.433755920142286,0.002420547387022569,
WeldedBeam,R-NSGA-II,20,62,6.730094925055469,0.002707092064534488,
WeldedBeam,R-NSGA-II,20,62,7.4337559328062195,0.0024205473799489433,
WeldedBeam,R-NSGA-II,20,62,8.30752189541706,0.002139354846526172,
WeldedBeam,R-NSGA-II,20,62,7.433755912439842,0.0024205473885824977,
WeldedBeam,R-NSGA-II,20,62,6.670782624853595,0.0027343767135851733,
WeldedBeam,R-NSGA-II,20,62,7.433755912233956,0.002420547388587674,
WeldedBeam,R-NSGA-II,20,62,7.433755908390856,0.0024205473899832327,
WeldedBeam,R-NSGA-II,20,62,8.371184163838922,0.0021213992546040626,
WeldedBeam,R-NSGA-II,20,62,7.433755884487652,0.0024205474023903982,
WeldedBeam,R-NSGA-II,20,62,7.433755884417673,0.0024205474024014016,
WeldedBeam,R-NSGA-II,20,62,7.433755884706379,0.0024205474019135423,
WeldedBeam,R-NSGA-II,20,62,6.610750729907716,0.0027625582194485674,
WeldedBeam,R-NSGA-II,20,62,7.433755830841305,0.0024205474298101223,
WeldedBeam,R-NSGA-II,20,62,8.427880184185012,0.0021056603118887575,
WeldedBeam,R-NSGA-II,20,62,6.582319201323148,0.002776108879789246,
WeldedBeam,R-NSGA-II,20,62,7.433755867967457,0.00242054740600563,
WeldedBeam,R-NSGA-II,20,62,7.433755840836644,0.0024205474189317308,
WeldedBeam,R-NSGA-II,20,62,8.45837501863384,0.0020972910854680634,
WeldedBeam,R-NSGA-II,20,62,6.542651732297687,0.0027952383116371464,
WeldedBeam,R-NSGA-II,20,62,7.433755840937806,0.002420547418781238,
WeldedBeam,R-NSGA-II,20,62,7.433755868637363,0.002420547402843613,
WeldedBeam,R-NSGA-II,20,62,8.495034799151194,0.0020873175466430073,
WeldedBeam,R-NSGA-II,20,62,7.433755853309786,0.0024205474085353326,
WeldedBeam,R-NSGA-II,20,62,7.433755725510411,0.002420547454776631,
WeldedBeam,R-NSGA-II,20,62,6.473183589932168,0.002829381834602671,
Carside,R-NSGA-II,0,42,27.907965072503266,3.8523999032867255,11.527256152332797
Carside,R-NSGA-II,0,42,27.932478955043354,3.851576073586437,11.525476429013528
Carside,R-NSGA-II,0,42,27.917377816913977,3.85184162611946,11.525924371997903
Carside,R-NSGA-II,0,42,27.91449437207437,3.852336344725061,11.524121017732838
Carside,R-NSGA-II,0,42,27.901309199559297,3.852779763153593,11.524619302361858
Carside,R-NSGA-II,0,42,27.922409199791538,3.851391986418002,11.528867054587895
Carside,R-NSGA-II,0,42,27.88962774931788,3.852835915574622,11.525497210580923
Carside,R-NSGA-II,0,42,27.94777457807409,3.8506742914419196,11.528197964620212
Carside,R-NSGA-II,0,42,27.922110268068142,3.8523980884753946,11.522489139539822
Carside,R-NSGA-II,0,42,27.886865697434974,3.854946125009372,11.522670740761997
Carside,R-NSGA-II,0,42,27.87633695813719,3.853498682597108,11.52549737612113
Carside,R-NSGA-II,0,42,27.89424226795192,3.8530766507209946,11.522695474573252
Carside,R-NSGA-II,0,42,27.868240273888503,3.853879743994066,11.527076565495072
Carside,R-NSGA-II,0,42,27.881398808548568,3.8534980221648945,11.523213927876625
Carside,R-NSGA-II,0,42,27.88537315521846,3.8524225408087927,11.530165025765067
Carside,R-NSGA-II,0,42,27.866552314540087,3.8560515538074496,11.52500022527099
Carside,R-NSGA-II,0,42,27.907184949165963,3.854469814262038,11.520331891692333
Carside,R-NSGA-II,0,42,27.905230640595928,3.852899842699601,11.521092364814693
Carside,R-NSGA-II,0,42,27.944283748332204,3.851580476957382,11.521216559312755
Carside,R-NSGA-II,0,42,27.86082585199335,3.856217674302558,11.527166819695692
Carside,R-NSGA-II,0,42,27.8982293359789,3.8522437873767768,11.53221294881088
Carside,R-NSGA-II,0,42,27.89207467209933,3.853602167150532,11.521281774077938
Carside,R-NSGA-II,0,42,27.892100774396066,3.854841350035583,11.520584376465493
Carside,R-NSGA-II,0,42,27.882100775390974,3.856142723582803,11.521344616254714
Carside,R-NSGA-II,0,42,27.869470858530335,3.8531307069368337,11.529755867519796
Carside,R-NSGA-II,0,42,27.863422130662755,3.854876857719965,11.529970116628546
Carside,R-NSGA-II,0,42,27.870866555629306,3.85579679343303,11.522578169506144
Carside,R-NSGA-II,0,42,27.90704518101685,3.852637629121635,11.524310093916156
Carside,R-NSGA-II,0,42,27.983947866810958,3.8500610507386774,11.525851637866523
Carside,R-NSGA-II,0,42,27.908501270273007,3.8523447652385587,11.524649182027048
Carside,R-NSGA-II,0,42,27.919381993143617,3.852732329327994,11.519946038914025
Carside,R-NSGA-II,0,42,27.90591865271995,3.8526301420083358,11.524383714622282
Carside,R-NSGA-II,0,42,27.901996957843714,3.8527877471017553,11.524603660247385
Carside,R-NSGA-II,0,42,27.90285296887436,3.8526979147069125,11.524627405847353
Carside,R-NSGA-II,0,42,27.904137132632464,3.852681527466657,11.524471971599294
Carside,R-NSGA-II,0,42,27.904645408942752,3.852674652086972,11.52439330310023
Carside,R-NSGA-II,0,42,27.904705753277415,3.8526733803201583,11.524386405563142
Carside,R-NSGA-II,0,42,27.902900089711938,3.852695092579926,11.52458786817116
Carside,R-NSGA-II,0,42,27.904287392483806,3.8526793713519467,11.524418085166015
Carside,R-NSGA-II,0,42,27.900771889038797,3.8560215826465933,11.51887974772482
Carside,R-NSGA-II,0,42,27.85733264245597,3.856719481400543,11.523032431687664
Carside,R-NSGA-II,0,42,27.90131409316148,3.852770513750634,11.524612390161767
Carside,R-NSGA-II,0,42,27.90215562183025,3.852740015554618,11.52452867548152
Carside,R-NSGA-II,0,42,27.86366270212143,3.858012071969704,11.52269697509313
Carside,R-NSGA-II,0,42,27.900793538305617,3.8528133571402434,11.524367866138714
Carside,R-NSGA-II,0,42,27.883728587054176,3.8557562708280284,11.519579172900533
Carside,R-NSGA-II,0,42,27.895455524026403,3.8526600961822997,11.525638220003199
Carside,R-NSGA-II,0,42,27.913588716591736,3.8532591690869817,11.51856423359115
Carside,R-NSGA-II,0,42,27.89596755609466,3.8528327788990824,11.524837073593112
Carside,R-NSGA-II,0,42,27.898447389919603,3.852849293816611,11.524009435534753
Carside,R-NSGA-II,0,42,27.961943436306907,3.8515036630177137,11.519031363998174
Carside,R-NSGA-II,0,42,27.896309625144823,3.8525667474328085,11.524780661754637
Carside,R-NSGA-II,0,42,27.90839101868089,3.8546910466463515,11.517797881087679
Carside,R-NSGA-II,0,42,27.910119934754483,3.8526733803201583,11.52299735201084
Carside,R-NSGA-II,0,42,27.910215489069756,3.8526614658170066,11.52299735201084
Carside,R-NSGA-II,0,42,27.847948162994136,3.858010261736355,11.523994525889673
Carside,R-NSGA-II,0,42,27.843131590344484,3.8553526606655337,11.530378613254388
Carside,R-NSGA-II,0,42,27.850456659403665,3.853399587990751,11.531203287644
Carside,R-NSGA-II,0,42,27.88604577888395,3.853021115324106,11.525790502072157
Carside,R-NSGA-II,0,42,27.878230131847555,3.8571669702515288,11.51906035249382
Carside,R-NSGA-II,0,42,27.883360268977103,3.8531861403759198,11.526622064117717
Carside,R-NSGA-II,0,42,27.86702997165848,3.8528327210424447,11.533614053507735
Carside,R-NSGA-II,0,42,27.931596308200824,3.8532139101185834,11.517190818857596
Carside,R-NSGA-II,0,42,27.8936406744194,3.8531417124770018,11.523816403570116
Carside,R-NSGA-II,0,42,27.887793293125036,3.8527702867313,11.525755290629425
Carside,R-NSGA-II,0,42,27.92156861593913,3.8544472117858986,11.516846393870058
Carside,R-NSGA-II,0,42,27.88867695778956,3.852988559705901,11.52475039414265
Carside,R-NSGA-II,0,42,27.8861442666778,3.853029048696558,11.52515068532736
Carside,R-NSGA-II,0,42,27.88514153988084,3.853333217350842,11.524793540434466
Carside,R-NSGA-II,0,42,27.88498461880076,3.858549252271797,11.518602840387505
Carside,R-NSGA-II,0,42,27.883349555884887,3.8534180698876197,11.524799216637604
Carside,R-NSGA-II,0,42,28.004114056397096,3.8499030413741258,11.521308352780055
Carside,R-NSGA-II,0,42,27.890304325012046,3.8530043162861896,11.523881178285784
Carside,R-NSGA-II,0,42,27.890386095023032,3.8529912776889423,11.523852321798845
Carside,R-NSGA-II,0,42,27.943631279351596,3.855408653355156,11.515912318291134
Carside,R-NSGA-II,0,42,27.881165236883298,3.8533159669919974,11.524814201477756
Carside,R-NSGA-II,0,42,27.92576232418539,3.8552962766126253,11.515919303127752
Carside,R-NSGA-II,0,42,27.940093708668087,3.852259337774334,11.516629341016989
Carside,R-NSGA-II,0,42,27.887622610066284,3.8531865592194356,11.523164466785396
Carside,R-NSGA-II,0,42,27.979902467386204,3.851460050216322,11.517658644206147
Carside,R-NSGA-II,0,42,27.922384250605162,3.852618320517985,11.52119850587891
Carside,R-NSGA-II,0,42,27.886225308301967,3.8536032689867565,11.522771416598086
Carside,R-NSGA-II,0,42,27.947180369702348,3.853189247745765,11.51584050603846
Carside,R-NSGA-II,0,42,27.880298213133678,3.8549053887657845,11.522677821202288
Carside,R-NSGA-II,0,42,27.970175952083885,3.8546462307419693,11.515353460325006
Carside,R-NSGA-II,0,42,27.9701961631737,3.851822017207013,11.515847839438734
Carside,R-NSGA-II,0,42,28.038825677815662,3.8505582682677377,11.5172812737777
Carside,R-NSGA-II,0,42,27.87993268865576,3.8549115772045566,11.522687684538965
Carside,R-NSGA-II,0,42,28.004573761309032,3.8525195267290417,11.513938898336653
Carside,R-NSGA-II,0,42,28.012795895317872,3.851090703467091,11.514624750712898
Carside,R-NSGA-II,0,42,27.8360024102989,3.8546306702203803,11.539144013508437
Carside,R-NSGA-II,0,42,27.867423264002486,3.853898205037949,11.527123477462641
Carside,R-NSGA-II,0,42,27.981690337912006,3.8551631770572654,11.510935666379595
Carside,R-NSGA-II,0,42,27.869176499910367,3.856653640564401,11.52433165575103
Carside,R-NSGA-II,0,42,27.820531502782213,3.856027149011717,11.539056140531518
Carside,R-NSGA-II,0,42,27.83779502072379,3.8531179506589925,11.540178542615324
Carside,R-NSGA-II,0,42,28.011768028543045,3.8531250882414594,11.511517739429966
Carside,R-NSGA-II,0,42,28.097312468344864,3.8450953179658187,11.527263920841417
Carside,R-NSGA-II,0,42,27.789419766752467,3.866998138039077,11.52257127398105
Carside,R-NSGA-II,0,42,27.862744255329655,3.856106094051072,11.525291288372962
Carside,R-NSGA-II,1,43,27.908918840161622,3.8522658592248313,11.526179437504457
Carside,R-NSGA-II,1,43,27.92866374475352,3.8514881430046373,11.526708769904346
Carside,R-NSGA-II,1,43,27.92194942389198,3.852071367398158,11.524022822413304
Carside,R-NSGA-II,1,43,27.913035511435925,3.851949243396357,11.52808772051505
Carside,R-NSGA-II,1,43,27.90485262339577,3.852876971897265,11.523718826390787
Carside,R-NSGA-II,1,43,27.894663853675326,3.8524984359063756,11.52719002180686
Carside,R-NSGA-II,1,43,27.937295438424897,3.8514197042563763,11.523531254638566
Carside,R-NSGA-II,1,43,27.913001137891342,3.8520315697980765,11.526884634954023
Carside,R-NSGA-II,1,43,27.907554630546446,3.8518826305371325,11.530100028784025
Carside,R-NSGA-II,1,43,27.912405823260002,3.8520532720645604,11.526831508892244
Carside,R-NSGA-II,1,43,27.909464329411573,3.8521673626633985,11.526869910396547
Carside,R-NSGA-II,1,43,27.92532871094567,3.8512070830025342,11.529833032251634
Carside,R-NSGA-II,1,43,27.920877680914742,3.851733270230708,11.526688783367817
Carside,R-NSGA-II,1,43,27.905612046086667,3.852400003299467,11.526173076195745
Carside,R-NSGA-II,1,43,27.892585742417804,3.852455076310787,11.529724657332487
Carside,R-NSGA-II,1,43,27.917540034350246,3.852374779550454,11.521346811478011
Carside,R-NSGA-II,1,43,27.913134879971295,3.851903340637109,11.526952682094464
Carside,R-NSGA-II,1,43,27.949714972841907,3.8506048272917437,11.529221085895175
Carside,R-NSGA-II,1,43,27.92489091771408,3.8519572291328568,11.523987393984868
Carside,R-NSGA-II,1,43,27.920943532384634,3.851964297441462,11.524257954390151
Carside,R-NSGA-II,1,43,27.881185377091736,3.8528251243345606,11.525996622578464
Carside,R-NSGA-II,1,43,27.911514213690502,3.8519586415726734,11.528066468764397
Carside,R-NSGA-II,1,43,27.91927259021908,3.8519715466856455,11.524397896609573
Carside,R-NSGA-II,1,43,27.900154833748086,3.852560422510108,11.526300781140243
Carside,R-NSGA-II,1,43,27.946771868948332,3.851471011346887,11.52163502637545
Carside,R-NSGA-II,1,43,27.899738179772545,3.852560422510108,11.526343118640845
Carside,R-NSGA-II,1,43,27.957000921459617,3.8507069043049498,11.523855387169808
Carside,R-NSGA-II,1,43,27.910907269823884,3.851953911166015,11.528117066037037
Carside,R-NSGA-II,1,43,27.909732937730947,3.8522832547368795,11.52454338098442
Carside,R-NSGA-II,1,43,27.934778523072005,3.8519900449190376,11.520359330588011
Carside,R-NSGA-II,1,43,27.9075325630349,3.852563748172548,11.524023039547647
Carside,R-NSGA-II,1,43,27.907183015543897,3.8524721037297747,11.524319878600078
Carside,R-NSGA-II,1,43,27.91629624070369,3.8511654185830726,11.532549889603445
Carside,R-NSGA-II,1,43,27.89817331560328,3.8526476120227753,11.526279741251578
Carside,R-NSGA-II,1,43,27.90485601895469,3.8528057375752787,11.523801443351445
Carside,R-NSGA-II,1,43,27.906631569983965,3.8525911045183556,11.524044774247301
Carside,R-NSGA-II,1,43,27.96644411259787,3.8499665544516124,11.52799541194471
Carside,R-NSGA-II,1,43,27.906594717214812,3.8525896815464984,11.524048380780254
Carside,R-NSGA-II,1,43,27.973026664835945,3.850148937293003,11.525694909963548
Carside,R-NSGA-II,1,43,27.90656158794997,3.8525768811512133,11.524055737177626
Carside,R-NSGA-II,1,43,27.867035320908453,3.855632723130666,11.522731195181507
Carside,R-NSGA-II,1,43,27.92376803064785,3.8516264692447217,11.52504163274326
Carside,R-NSGA-II,1,43,27.870480401184086,3.852716135728805,11.52896446585285
Carside,R-NSGA-II,1,43,27.90824388263782,3.8525707138630247,11.523778410717556
Carside,R-NSGA-II,1,43,27.905827820314094,3.8529081227398025,11.519318016290374
Carside,R-NSGA-II,1,43,27.905232130688695,3.8526429688973782,11.524031083818354
Carside,R-NSGA-II,1,43,27.860726576628647,3.8541116705837286,11.525972752956783
Carside,R-NSGA-II,1,43,27.905377456284135,3.8525311837062106,11.524297887892121
Carside,R-NSGA-II,1,43,27.905327184241045,3.8525807544980655,11.524157859278178
Carside,R-NSGA-II,1,43,27.905319512464494,3.852580864436676,11.524158440248865
Carside,R-NSGA-II,1,43,27.90526022771802,3.8525808645094153,11.524165623951134
Carside,R-NSGA-II,1,43,27.904786369922157,3.8525896815464984,11.524201317686835
Carside,R-NSGA-II,1,43,27.87768687069793,3.8534994874394273,11.521226131601587
Carside,R-NSGA-II,1,43,27.877211066835354,3.852518162685195,11.5314994721793
Carside,R-NSGA-II,1,43,27.90236925751758,3.8522586810277772,11.527343122021044
Carside,R-NSGA-II,1,43,27.904081653228666,3.852601925950866,11.52424969477612
Carside,R-NSGA-II,1,43,27.904113826821927,3.852598142235584,11.52424187643605
Carside,R-NSGA-II,1,43,27.90456420748503,3.8525923037645384,11.524172160385604
Carside,R-NSGA-II,1,43,27.897511876440635,3.8525665487035736,11.526554041378745
Carside,R-NSGA-II,1,43,27.9031693177046,3.852593774906137,11.524312722973315
Carside,R-NSGA-II,1,43,27.921059025415836,3.8525110696990064,11.51842358861414
Carside,R-NSGA-II,1,43,27.90792036241489,3.8523790600705534,11.524075885749973
Carside,R-NSGA-II,1,43,27.891326502584793,3.8556625925428953,11.51840518316991
Carside,R-NSGA-II,1,43,27.902707815928135,3.852599853505249,11.524325504259297
Carside,R-NSGA-II,1,43,27.900719861765246,3.852620177817225,11.524636655590518
Carside,R-NSGA-II,1,43,27.85702124258605,3.854894232653112,11.524033077475103
Carside,R-NSGA-II,1,43,27.931849215696896,3.8542955538907204,11.516814043429118
Carside,R-NSGA-II,1,43,27.936595180174738,3.851631305174848,11.523756942267092
Carside,R-NSGA-II,1,43,27.875441161161497,3.8556625925428953,11.51997009242416
Carside,R-NSGA-II,1,43,27.898974460552452,3.852404057088066,11.526540544269945
Carside,R-NSGA-II,1,43,27.898812701081383,3.852411419815205,11.526549242275488
Carside,R-NSGA-II,1,43,27.89880502930483,3.8524115297279895,11.526549823446048
Carside,R-NSGA-II,1,43,27.977871560300443,3.8512118817525227,11.519757738815494
Carside,R-NSGA-II,1,43,27.901828287309428,3.8525935180073283,11.524414776919429
Carside,R-NSGA-II,1,43,27.847661673644946,3.8552243387665865,11.527178688231892
Carside,R-NSGA-II,1,43,27.89904040324977,3.852361979157964,11.52674898365228
Carside,R-NSGA-II,1,43,27.901230203893725,3.85250799153298,11.524751475516343
Carside,R-NSGA-II,1,43,27.95848599148573,3.8512463587110073,11.518566522481326
Carside,R-NSGA-II,1,43,27.898478726580166,3.852374779550454,11.52676842660902
Carside,R-NSGA-II,1,43,27.899476941330125,3.8526913770738718,11.52447536722572
Carside,R-NSGA-II,1,43,27.89950358997003,3.8526913770738718,11.52446779482904
Carside,R-NSGA-II,1,43,27.851809322925543,3.8533502500692705,11.529092517192986
Carside,R-NSGA-II,1,43,27.988854147579104,3.8498167251367272,11.522860534917418
Carside,R-NSGA-II,1,43,27.89371439536835,3.8529413187426784,11.525153385027732
Carside,R-NSGA-II,1,43,27.860417763355805,3.853022050868829,11.533478763711049
Carside,R-NSGA-II,1,43,27.89752778517372,3.852412615041951,11.526654310546036
Carside,R-NSGA-II,1,43,27.897814839340306,3.852380331907172,11.526839284929281
Carside,R-NSGA-II,1,43,27.84349891419931,3.8580404640723156,11.524651141646853
Carside,R-NSGA-II,1,43,27.837570016384035,3.854894232653112,11.529560251546082
Carside,R-NSGA-II,1,43,27.89932230041294,3.8526305963586034,11.524588184506651
Carside,R-NSGA-II,1,43,27.89822454019215,3.852694210291893,11.524604631673526
Carside,R-NSGA-II,1,43,27.857821019726188,3.858044802043178,11.519750091811169
Carside,R-NSGA-II,1,43,27.983126546166144,3.8506403245005942,11.517822497445795
Carside,R-NSGA-II,1,43,27.899001428235792,3.8526305963586034,11.524615620701006
Carside,R-NSGA-II,1,43,27.897279542375934,3.852674205010718,11.52482928782373
Carside,R-NSGA-II,1,43,27.986750366295386,3.8524338723738394,11.515370409834132
Carside,R-NSGA-II,1,43,27.89701153448578,3.8526778170949747,11.524848531936257
Carside,R-NSGA-II,1,43,27.870084079400357,3.8522586810277772,11.536437095964617
Carside,R-NSGA-II,1,43,27.89641799625907,3.8527362607072546,11.524777403514463
Carside,R-NSGA-II,1,43,27.832436847437116,3.8557791311551286,11.532108526436666
Carside,R-NSGA-II,2,44,27.882647660755666,3.8543393356290414,11.52574260113024
Carside,R-NSGA-II,2,44,27.88986635277468,3.85446898907289,11.52326559864562
Carside,R-NSGA-II,2,44,27.86735511633415,3.855992183996339,11.525814216986223
Carside,R-NSGA-II,2,44,27.88501994360985,3.8557614343953164,11.522669905972984
Carside,R-NSGA-II,2,44,27.88282762283962,3.8540106076438185,11.524268169498106
Carside,R-NSGA-II,2,44,27.873113997067396,3.854058297462321,11.526269440886846
Carside,R-NSGA-II,2,44,27.863140508452176,3.854843915810771,11.526438798717518
Carside,R-NSGA-II,2,44,27.872798747189545,3.8548486198608094,11.52371197762034
Carside,R-NSGA-II,2,44,27.891241320940377,3.8544978960649483,11.522144353294134
Carside,R-NSGA-II,2,44,27.871178094313795,3.8537888795839765,11.527386624461638
Carside,R-NSGA-II,2,44,27.869431905207986,3.85437049358344,11.529594396231463
Carside,R-NSGA-II,2,44,27.891778803030228,3.8529372158971453,11.525709134687393
Carside,R-NSGA-II,2,44,27.877099770986327,3.856591985889544,11.522522632701051
Carside,R-NSGA-II,2,44,27.90108369212397,3.8525217962245324,11.5255674296564
Carside,R-NSGA-II,2,44,27.900463077961987,3.8541273750734533,11.521166023644671
Carside,R-NSGA-II,2,44,27.884883946778967,3.852743773222266,11.526977441270294
Carside,R-NSGA-II,2,44,27.8690901337612,3.8570646658608014,11.523469907815542
Carside,R-NSGA-II,2,44,27.9064141825033,3.8527615188029816,11.523200792101475
Carside,R-NSGA-II,2,44,27.888381232051874,3.8526214332251003,11.528343628328155
Carside,R-NSGA-II,2,44,27.90369767852294,3.852220614941012,11.527946940409617
Carside,R-NSGA-II,2,44,27.91819397105757,3.852191804418278,11.524526661790016
Carside,R-NSGA-II,2,44,27.89261374400872,3.8529489918501403,11.52302776018095
Carside,R-NSGA-II,2,44,27.89969443035149,3.854454058990787,11.520297005144933
Carside,R-NSGA-II,2,44,27.851204254915302,3.8563653152726314,11.523837121802263
Carside,R-NSGA-II,2,44,27.90784623975705,3.8527301025023286,11.521846959870228
Carside,R-NSGA-II,2,44,27.92180120798133,3.851637788509858,11.52563948428682
Carside,R-NSGA-II,2,44,27.88056486821359,3.8544402823608146,11.525867542404509
Carside,R-NSGA-II,2,44,27.915421313169613,3.8515901715518717,11.527035594954816
Carside,R-NSGA-II,2,44,27.882608638769895,3.854253326308469,11.525958704885984
Carside,R-NSGA-II,2,44,27.880858043916614,3.8543915813992253,11.525795111650773
Carside,R-NSGA-II,2,44,27.844648648488125,3.8570649712076897,11.527266081199421
Carside,R-NSGA-II,2,44,27.881038230499957,3.8542918995716637,11.526103412206634
Carside,R-NSGA-II,2,44,27.87816723408025,3.854478670924127,11.525820953894366
Carside,R-NSGA-II,2,44,27.87946362843684,3.8544815639970884,11.525430724319918
Carside,R-NSGA-II,2,44,27.862630005139938,3.857075173729197,11.522076831149029
Carside,R-NSGA-II,2,44,27.86555721094547,3.8543393356290414,11.532466131386599
Carside,R-NSGA-II,2,44,27.876375053888495,3.8544210902541125,11.526159218505477
Carside,R-NSGA-II,2,44,27.87484183962951,3.8545786958036374,11.526041234397361
Carside,R-NSGA-II,2,44,27.907136866331918,3.8529705584394875,11.520768712854847
Carside,R-NSGA-II,2,44,27.923462877755522,3.8521476171054125,11.521874417722513
Carside,R-NSGA-II,2,44,27.874339144196192,3.8545902321497705,11.526047732865486
Carside,R-NSGA-II,2,44,27.874270163026974,3.8545925469177553,11.526048700018091
Carside,R-NSGA-II,2,44,27.93205166222014,3.8512212751442085,11.52775205521574
Carside,R-NSGA-II,2,44,27.873671672109655,3.852899814672646,11.53132831504762
Carside,R-NSGA-II,2,44,27.874212435895878,3.854494459209052,11.52618939877437
Carside,R-NSGA-II,2,44,27.937801775689405,3.851376924105346,11.524494613503155
Carside,R-NSGA-II,2,44,27.892129519277287,3.8541652633138397,11.523447705707138
Carside,R-NSGA-II,2,44,27.899867439688375,3.851726719084044,11.529708879693523
Carside,R-NSGA-II,2,44,27.883582629989423,3.854451715468539,11.523568237761083
Carside,R-NSGA-II,2,44,27.86980350784704,3.8541691302574326,11.526346366514993
Carside,R-NSGA-II,2,44,27.91467630660954,3.8525405541653197,11.520272638952665
Carside,R-NSGA-II,2,44,27.939803187590456,3.8515885913860717,11.522168593227832
Carside,R-NSGA-II,2,44,27.882801880616107,3.854564617313473,11.522953712967755
Carside,R-NSGA-II,2,44,27.883618252771274,3.8570658469990113,11.519303754817397
Carside,R-NSGA-II,2,44,27.88594091682969,3.8550052250812703,11.518787394433897
Carside,R-NSGA-II,2,44,27.860779093158733,3.854843915810771,11.527107266124942
Carside,R-NSGA-II,2,44,27.906801429594903,3.854370528146925,11.518150784650263
Carside,R-NSGA-II,2,44,27.914664008423248,3.852960689332337,11.518849831708438
Carside,R-NSGA-II,2,44,27.8892176767545,3.8545657847395702,11.522172709591349
Carside,R-NSGA-II,2,44,27.87118853241641,3.853787737312503,11.527386567128332
Carside,R-NSGA-II,2,44,27.929907983407926,3.8523207436389013,11.519091881800964
Carside,R-NSGA-II,2,44,27.89318232898764,3.8566404675392203,11.517567981587154
Carside,R-NSGA-II,2,44,27.8694583784146,3.854367776914592,11.529618813237093
Carside,R-NSGA-II,2,44,27.923999930536834,3.854124176422622,11.516851467618643
Carside,R-NSGA-II,2,44,27.892148589319774,3.8529575291018854,11.52514475094742
Carside,R-NSGA-II,2,44,27.93442400171635,3.852944201159287,11.517351514079252
Carside,R-NSGA-II,2,44,27.89010312643175,3.8529031541432426,11.525914737600573
Carside,R-NSGA-II,2,44,27.898174605560904,3.8526371467331204,11.52579849033146
Carside,R-NSGA-II,2,44,27.952233827335206,3.851408148176854,11.519653983892447
Carside,R-NSGA-II,2,44,27.882896547187276,3.8536233082563487,11.52370678898983
Carside,R-NSGA-II,2,44,27.918914268007505,3.855396441689232,11.515812495163384
Carside,R-NSGA-II,2,44,27.898291445833195,3.8526224900657287,11.525798550724204
Carside,R-NSGA-II,2,44,27.895655715740226,3.852674619134435,11.52584908845742
Carside,R-NSGA-II,2,44,27.855256985591332,3.852742642428222,11.53408021922734
Carside,R-NSGA-II,2,44,27.89546450900256,3.8526685562318557,11.52587507000057
Carside,R-NSGA-II,2,44,27.836219975003775,3.855853172641014,11.535227339606767
Carside,R-NSGA-II,2,44,27.998789148972165,3.850813804481999,11.52172973213294
Carside,R-NSGA-II,2,44,27.89598572009407,3.8526370843913673,11.52601511410721
Carside,R-NSGA-II,2,44,27.894291975788033,3.852787299365769,11.52511054134862
Carside,R-NSGA-II,2,44,27.94904592246057,3.8518751059605156,11.51740437394215
Carside,R-NSGA-II,2,44,27.898346762559036,3.8526370843913673,11.525346652184998
Carside,R-NSGA-II,2,44,27.943443410175824,3.8522189633558943,11.516396984507146
Carside,R-NSGA-II,2,44,27.892983107238525,3.8527950179603896,11.525216647983516
Carside,R-NSGA-II,2,44,27.860061019991868,3.852527311575663,11.536001810973568
Carside,R-NSGA-II,2,44,27.858548274345047,3.860051219126846,11.520374154217468
Carside,R-NSGA-II,2,44,27.953149017190167,3.8537066442338115,11.51464196334479
Carside,R-NSGA-II,2,44,27.90144621202488,3.8526082714979974,11.524919484871976
Carside,R-NSGA-II,2,44,27.901510393139667,3.852607817012416,11.524913387335982
Carside,R-NSGA-II,2,44,27.8452926045056,3.8543393356290414,11.538199892847974
Carside,R-NSGA-II,2,44,27.900365416897156,3.852594163187696,11.52498934292985
Carside,R-NSGA-II,2,44,27.900886823689856,3.852586341322179,11.524953398684447
Carside,R-NSGA-II,2,44,27.971551292441315,3.8512212751442085,11.516527947890228
Carside,R-NSGA-II,2,44,27.997817762353854,3.849057309618884,11.524623662566695
Carside,R-NSGA-II,2,44,27.90087134784062,3.852586936250934,11.524950987228223
Carside,R-NSGA-II,2,44,27.900913667149773,3.852586341322179,11.52492151965867
Carside,R-NSGA-II,2,44,27.96258194648295,3.852551510556696,11.514362179399122
Carside,R-NSGA-II,2,44,28.002712244060355,3.8513931720492973,11.515951460132957
Carside,R-NSGA-II,2,44,27.901225087296986,3.8525745673735496,11.524921781197623
Carside,R-NSGA-II,2,44,27.907084560936898,3.8523464096187756,11.525749379184816
Carside,R-NSGA-II,2,44,27.861441644278955,3.852319562544127,11.538585020977285
Carside,R-NSGA-II,3,45,27.927557399838904,3.851747218800043,11.52790589204051
Carside,R-NSGA-II,3,45,27.93561375744364,3.8512048019082674,11.525727724379308
Carside,R-NSGA-II,3,45,27.90690578706383,3.852226481604053,11.525209325110438
Carside,R-NSGA-II,3,45,27.912948118965694,3.8519567478298984,11.529077772352064
Carside,R-NSGA-II,3,45,27.918284848202795,3.8520622005858884,11.524347624566065
Carside,R-NSGA-II,3,45,27.892536052286886,3.852661671972313,11.525607266438165
Carside,R-NSGA-II,3,45,27.88815238098909,3.852710793833596,11.527402002619118
Carside,R-NSGA-II,3,45,27.905000743127847,3.852656612829663,11.524103927473611
Carside,R-NSGA-II,3,45,27.9333472463188,3.85144951478868,11.524180106908739
Carside,R-NSGA-II,3,45,27.897275309707986,3.8523504620845097,11.529133119930428
Carside,R-NSGA-II,3,45,27.94878647842728,3.85035586723765,11.528585742684172
Carside,R-NSGA-II,3,45,27.89049674278702,3.8532764514457534,11.524194785214236
Carside,R-NSGA-II,3,45,27.95765105333254,3.8509022035815272,11.524410166711014
Carside,R-NSGA-II,3,45,27.918598772188055,3.8523008021564946,11.523117082312506
Carside,R-NSGA-II,3,45,27.91787397658985,3.851308094396695,11.529996370894402
Carside,R-NSGA-II,3,45,27.872749789620677,3.85356896122192,11.526867744691739
Carside,R-NSGA-II,3,45,27.877721778277706,3.853316696714902,11.525002965576483
Carside,R-NSGA-II,3,45,27.90384812141729,3.8527522066274575,11.522046275943273
Carside,R-NSGA-II,3,45,27.860637917748406,3.8560124431633223,11.524989654597967
Carside,R-NSGA-II,3,45,27.973571049720796,3.849908937873481,11.524516065183448
Carside,R-NSGA-II,3,45,27.859827552465852,3.8537848172244047,11.525881973798445
Carside,R-NSGA-II,3,45,27.855545488928676,3.856925120261192,11.527364099366313
Carside,R-NSGA-II,3,45,27.97251795743567,3.850476443359594,11.523292219088589
Carside,R-NSGA-II,3,45,27.856810320960204,3.85375778402348,11.527840847600412
Carside,R-NSGA-II,3,45,27.869158092287208,3.853068255004718,11.530073829401271
Carside,R-NSGA-II,3,45,27.881538117650866,3.853784052215058,11.522400962210156
Carside,R-NSGA-II,3,45,27.912709994315964,3.851963981125788,11.529103790725145
Carside,R-NSGA-II,3,45,27.985370106466323,3.8492739361039594,11.526077041157057
Carside,R-NSGA-II,3,45,27.92051400292024,3.8520754894899807,11.524166150073691
Carside,R-NSGA-II,3,45,27.96754279942505,3.8514086381702013,11.521576106096163
Carside,R-NSGA-II,3,45,27.90106264086059,3.852598874853012,11.524696881746598
Carside,R-NSGA-II,3,45,27.909094482793364,3.852908500419836,11.520876306301405
Carside,R-NSGA-II,3,45,27.858025385223023,3.8568933754530694,11.523722558909771
Carside,R-NSGA-II,3,45,27.899568517118254,3.8526939101826434,11.524607151184126
Carside,R-NSGA-II,3,45,27.867482196650702,3.8546362510673506,11.52255119943602
Carside,R-NSGA-II,3,45,27.902379842483455,3.8523581456642852,11.52473487051509
Carside,R-NSGA-II,3,45,27.89956898117951,3.8526939101826434,11.524598417602197
Carside,R-NSGA-II,3,45,27.9053189309053,3.852529801840471,11.52428199153589
Carside,R-NSGA-II,3,45,27.89933019196181,3.8526939101826434,11.524608971763257
Carside,R-NSGA-II,3,45,27.874141382034292,3.853063919759392,11.531647457924997
Carside,R-NSGA-II,3,45,27.899106690831943,3.8526614596541227,11.524653576228449
Carside,R-NSGA-II,3,45,27.900678906614974,3.8528113570767633,11.524341930966624
Carside,R-NSGA-II,3,45,27.844599596327072,3.857091973115372,11.5249335994694
Carside,R-NSGA-II,3,45,27.900274849055684,3.852633636127305,11.524557411619003
Carside,R-NSGA-II,3,45,27.854026136466313,3.8533071748104284,11.530500135091081
Carside,R-NSGA-II,3,45,27.894671030973655,3.852598874853012,11.52523430915291
Carside,R-NSGA-II,3,45,27.871469963207765,3.8562044621018083,11.521295090988545
Carside,R-NSGA-II,3,45,27.88943107935889,3.8535162077250438,11.52060456142825
Carside,R-NSGA-II,3,45,27.895415847794784,3.852689782655309,11.524946642388137
Carside,R-NSGA-II,3,45,27.87335717263854,3.8545927464431244,11.521224068197427
Carside,R-NSGA-II,3,45,27.896066091213296,3.8525856310838065,11.524986870683893
Carside,R-NSGA-II,3,45,27.927411965148956,3.852655814216925,11.519719648783566
Carside,R-NSGA-II,3,45,27.89160646422746,3.8527476297998273,11.525390654992636
Carside,R-NSGA-II,3,45,27.9004610776015,3.852665074117759,11.52442940201593
Carside,R-NSGA-II,3,45,27.893486866567102,3.852788288585143,11.525038000666687
Carside,R-NSGA-II,3,45,27.992850352464576,3.850043252068726,11.522422567648544
Carside,R-NSGA-II,3,45,27.837052145720257,3.856925120261192,11.52845599749664
Carside,R-NSGA-II,3,45,27.891234124677656,3.852752988874348,11.525418289687668
Carside,R-NSGA-II,3,45,27.891290006652685,3.853005912600704,11.525036361522291
Carside,R-NSGA-II,3,45,27.895362778844788,3.852767656740419,11.524793663156665
Carside,R-NSGA-II,3,45,27.841926471997816,3.85459275104387,11.530183953944498
Carside,R-NSGA-II,3,45,27.89200970222633,3.852916174998005,11.525036361522291
Carside,R-NSGA-II,3,45,27.897501958567986,3.852682059917689,11.524636052862348
Carside,R-NSGA-II,3,45,27.870453480183535,3.852702510295932,11.532808120110747
Carside,R-NSGA-II,3,45,27.896336435338785,3.8527585209307147,11.524637530858147
Carside,R-NSGA-II,3,45,27.89679955570319,3.852682778198644,11.52466934217285
Carside,R-NSGA-II,3,45,27.909734781194565,3.8530485644994474,11.519357545459282
Carside,R-NSGA-II,3,45,27.90111823340255,3.852600443872219,11.524348379260871
Carside,R-NSGA-II,3,45,27.857820524392057,3.8571152216129696,11.521436873996912
Carside,R-NSGA-II,3,45,27.837698446735182,3.8582178964098484,11.524506129716766
Carside,R-NSGA-II,3,45,27.889687929816574,3.8528229848087117,11.525438374196643
Carside,R-NSGA-II,3,45,27.843552426522805,3.85720025839151,11.522644653058016
Carside,R-NSGA-II,3,45,27.889833346302698,3.852801412425098,11.52544069985273
Carside,R-NSGA-II,3,45,27.934728051802907,3.85147167003554,11.52402500279194
Carside,R-NSGA-II,3,45,27.898210066078125,3.852256407429225,11.529107127874543
Carside,R-NSGA-II,3,45,27.94221598607279,3.8521913833254633,11.518735545824283
Carside,R-NSGA-II,3,45,27.888891201927358,3.8528265237577712,11.525480808175715
Carside,R-NSGA-II,3,45,27.88531913923544,3.8568310720271906,11.519092390698844
Carside,R-NSGA-II,3,45,27.89405690041877,3.852787437882075,11.524734629881408
Carside,R-NSGA-II,3,45,27.920423006071456,3.85302330487358,11.518415781442862
Carside,R-NSGA-II,3,45,27.89606299168196,3.8528171343976316,11.524473807264918
Carside,R-NSGA-II,3,45,27.918361355038204,3.8523330868562193,11.523466322432583
Carside,R-NSGA-II,3,45,27.84388060386507,3.858706774415965,11.522088136608492
Carside,R-NSGA-II,3,45,27.89134190460417,3.8530485644994474,11.524588154270319
Carside,R-NSGA-II,3,45,27.89917112139025,3.8566435374216668,11.518290305381733
Carside,R-NSGA-II,3,45,27.885675137163876,3.852825609548697,11.525747671712633
Carside,R-NSGA-II,3,45,27.89161706459697,3.8530485644994474,11.524508448445879
Carside,R-NSGA-II,3,45,27.892264966534135,3.852813285986618,11.524547416925344
Carside,R-NSGA-II,3,45,27.92058316164669,3.8512687237718755,11.529791371075738
Carside,R-NSGA-II,3,45,27.869153225411853,3.852396541640506,11.534259147565788
Carside,R-NSGA-II,3,45,27.88753625403933,3.853069126410619,11.524826912978057
Carside,R-NSGA-II,3,45,27.889141100425842,3.8530555305895606,11.524632409047769
Carside,R-NSGA-II,3,45,27.909144230899052,3.85410869017132,11.517465504962226
Carside,R-NSGA-II,3,45,27.888587444463333,3.853050491026402,11.524688504001467
Carside,R-NSGA-II,3,45,27.991274735721266,3.8508593392014765,11.518888930319712
Carside,R-NSGA-II,3,45,27.935722748047915,3.8531413535505763,11.517181158936856
Carside,R-NSGA-II,3,45,27.888717108228523,3.8530696934043727,11.524638356724367
Carside,R-NSGA-II,3,45,27.829184831497823,3.856821070113534,11.533325029425342
Carside,R-NSGA-II,3,45,27.954185600545717,3.8518798570159025,11.517017737122544
Carside,R-NSGA-II,3,45,27.884465594122076,3.853048962197932,11.525107862314256
Carside,R-NSGA-II,4,46,27.899405827565943,3.85260212012928,11.525847790698771
Carside,R-NSGA-II,4,46,27.86726346310906,3.8531506880510475,11.527522603282373
Carside,R-NSGA-II,4,46,27.847747330746508,3.8543822989780496,11.527045586413081
Carside,R-NSGA-II,4,46,27.888550118820657,3.852280912166411,11.527724270212278
Carside,R-NSGA-II,4,46,27.912018013277727,3.852375005983291,11.524723080703907
Carside,R-NSGA-II,4,46,27.903133700712857,3.8520881758947123,11.528719897976499
Carside,R-NSGA-II,4,46,27.84756792548534,3.8543822989780496,11.528449670224312
Carside,R-NSGA-II,4,46,27.919583942440063,3.851530658040439,11.527251523075728
Carside,R-NSGA-II,4,46,27.843408377495383,3.8564977433212975,11.52575798916001
Carside,R-NSGA-II,4,46,27.90017073940795,3.8525913834335594,11.525793625118597
Carside,R-NSGA-II,4,46,27.893722892096008,3.8526392247538657,11.526155013169035
Carside,R-NSGA-II,4,46,27.88783776993094,3.852921237587995,11.525603155680733
Carside,R-NSGA-II,4,46,27.880782966623638,3.8528752721227955,11.526439687378996
Carside,R-NSGA-II,4,46,27.881081378726407,3.8528652828353387,11.526435508103301
Carside,R-NSGA-II,4,46,27.90086824059596,3.8525882413922625,11.52542700690135
Carside,R-NSGA-II,4,46,27.901040466358076,3.8525871745177893,11.525419749435354
Carside,R-NSGA-II,4,46,27.900966311150246,3.8525882413922625,11.525418594056376
Carside,R-NSGA-II,4,46,27.837768931459003,3.856536909708104,11.528136625972628
Carside,R-NSGA-II,4,46,27.89997799362528,3.852608447060515,11.525360240552347
Carside,R-NSGA-II,4,46,27.867156722524264,3.8535386601307207,11.52401850793924
Carside,R-NSGA-II,4,46,27.895899422497145,3.852661771931312,11.525460029765568
Carside,R-NSGA-II,4,46,27.889209121762555,3.852685239437311,11.523961483383534
Carside,R-NSGA-II,4,46,27.896550357364394,3.8526430444224102,11.525453133004962
Carside,R-NSGA-II,4,46,27.901941327281392,3.8524752610899413,11.525419685781536
Carside,R-NSGA-II,4,46,27.901947109229802,3.852475162466677,11.525419213772672
Carside,R-NSGA-II,4,46,27.902052344244908,3.852498491679075,11.52535379007843
Carside,R-NSGA-II,4,46,27.896587882601064,3.852650865056623,11.525241874424239
Carside,R-NSGA-II,4,46,27.931643361571417,3.8516092054606212,11.52450895954981
Carside,R-NSGA-II,4,46,27.896980853647392,3.8526600867606025,11.52516608628994
Carside,R-NSGA-II,4,46,27.90392575791909,3.8524469623471758,11.525268647611231
Carside,R-NSGA-II,4,46,27.897899952548624,3.852658471667649,11.525091598948862
Carside,R-NSGA-II,4,46,27.88421400901533,3.852530468309891,11.530370699661535
Carside,R-NSGA-II,4,46,27.897899952548627,3.852658471667649,11.525091598660117
Carside,R-NSGA-II,4,46,27.824997217935625,3.8571288372054457,11.527276183848588
Carside,R-NSGA-II,4,46,27.898867611333753,3.852672192272993,11.524902802603089
Carside,R-NSGA-II,4,46,27.938468860061874,3.850777970491454,11.525631080658519
Carside,R-NSGA-II,4,46,27.89945825274839,3.852672192272993,11.524845933283064
Carside,R-NSGA-II,4,46,27.90187017994877,3.8526382638011794,11.524747991153523
Carside,R-NSGA-II,4,46,27.84084986726736,3.854373210398484,11.530424414204711
Carside,R-NSGA-II,4,46,27.85624653261205,3.853634768836585,11.526989658955214
Carside,R-NSGA-II,4,46,27.902479561404682,3.8525664171809266,11.524790224484567
Carside,R-NSGA-II,4,46,27.931278373925352,3.8522492937450408,11.522550732176866
Carside,R-NSGA-II,4,46,27.902483478694876,3.8525664171809266,11.5247900484368
Carside,R-NSGA-II,4,46,27.902614865021995,3.852536028726895,11.524820848785359
Carside,R-NSGA-II,4,46,27.839684963007794,3.8588990421049765,11.52561011067598
Carside,R-NSGA-II,4,46,27.902634612586667,3.8525664171809266,11.524754436629411
Carside,R-NSGA-II,4,46,27.846617297344793,3.8544161740807943,11.52704763677858
Carside,R-NSGA-II,4,46,27.92116849660653,3.8511372172452543,11.530391703062385
Carside,R-NSGA-II,4,46,27.902613234595,3.8525426072906064,11.524779534383736
Carside,R-NSGA-II,4,46,27.89887808986526,3.853432812234947,11.52174366633903
Carside,R-NSGA-II,4,46,27.90985053040326,3.852403346591537,11.524786897608209
Carside,R-NSGA-II,4,46,27.87185171032443,3.854373210398484,11.521816762333515
Carside,R-NSGA-II,4,46,27.909850530405325,3.852403346591537,11.524786670961376
Carside,R-NSGA-II,4,46,27.90433424313174,3.852530905771066,11.524732550456843
Carside,R-NSGA-II,4,46,27.96584266143248,3.8508806628493604,11.523887978394006
Carside,R-NSGA-II,4,46,27.962216102130824,3.850331465174426,11.525026411361674
Carside,R-NSGA-II,4,46,27.904769334116114,3.852512833232826,11.524740672185494
Carside,R-NSGA-II,4,46,27.909466187183654,3.8523757075725777,11.524834872868988
Carside,R-NSGA-II,4,46,27.866056667850682,3.8526166885986144,11.53153299405577
Carside,R-NSGA-II,4,46,27.848037075421022,3.857160857951507,11.522269832198685
Carside,R-NSGA-II,4,46,27.90294942926953,3.85247933528366,11.52485753015658
Carside,R-NSGA-II,4,46,27.914519529136317,3.8525093823046834,11.52143299998015
Carside,R-NSGA-II,4,46,27.904790600503816,3.8525282933752742,11.524695604141181
Carside,R-NSGA-II,4,46,27.914745695733636,3.851984582143546,11.5255506301632
Carside,R-NSGA-II,4,46,27.904809621521864,3.8525282933752742,11.524693991611707
Carside,R-NSGA-II,4,46,27.91003772611201,3.8523746148256204,11.524798411394475
Carside,R-NSGA-II,4,46,27.985407971132574,3.849628441361413,11.524201059443628
Carside,R-NSGA-II,4,46,27.904416636582333,3.8525217941005265,11.524713429010536
Carside,R-NSGA-II,4,46,27.883612987701035,3.8521519687303556,11.533156862232415
Carside,R-NSGA-II,4,46,27.904416981297246,3.8525217941005265,11.524713413516597
Carside,R-NSGA-II,4,46,27.904416986227584,3.8525217941005265,11.524713413294993
Carside,R-NSGA-II,4,46,27.93290717941864,3.850912928148232,11.53269120580942
Carside,R-NSGA-II,4,46,27.898371272458835,3.8535197322633983,11.519937009286137
Carside,R-NSGA-II,4,46,27.902656765231757,3.852509561432092,11.524794618526961
Carside,R-NSGA-II,4,46,27.90908261789955,3.8523803544516104,11.52479809945498
Carside,R-NSGA-II,4,46,27.88218109335435,3.8550370708359165,11.519765415388102
Carside,R-NSGA-II,4,46,27.92790405014271,3.8524604503064386,11.520091026176548
Carside,R-NSGA-II,4,46,27.91484847172737,3.85197776880011,11.525528923874443
Carside,R-NSGA-II,4,46,27.914852252650046,3.85197776880011,11.525528753062805
Carside,R-NSGA-II,4,46,27.98459109013801,3.849866531174094,11.522060540468605
Carside,R-NSGA-II,4,46,27.912253746516175,3.8523757184227763,11.524710775144246
Carside,R-NSGA-II,4,46,27.905085917596505,3.8524733594338327,11.524740672023132
Carside,R-NSGA-II,4,46,27.917005311756796,3.8511590789474366,11.533873670728568
Carside,R-NSGA-II,4,46,27.885840169245558,3.8564119054223047,11.51893887906385
Carside,R-NSGA-II,4,46,27.90583248729795,3.852497893056265,11.524671107512772
Carside,R-NSGA-II,4,46,27.90583826924636,3.8524977944078445,11.52467063544848
Carside,R-NSGA-II,4,46,27.97165821077727,3.8506441070011537,11.520468492941733
Carside,R-NSGA-II,4,46,27.870645512425057,3.8528720638046225,11.527968911525567
Carside,R-NSGA-II,4,46,27.907802284325548,3.8528713084996244,11.518887717636638
Carside,R-NSGA-II,4,46,27.860944459508477,3.853365359094098,11.528051370910976
Carside,R-NSGA-II,4,46,27.85977022326187,3.8530807137816034,11.534671384375722
Carside,R-NSGA-II,4,46,27.90463869589942,3.8545769355287542,11.517973194292875
Carside,R-NSGA-II,4,46,27.90496600412101,3.852511287229065,11.524650572002768
Carside,R-NSGA-II,4,46,27.86049712971098,3.853448262309054,11.52822952203898
Carside,R-NSGA-II,4,46,27.951119493911026,3.851134129816416,11.519190228219701
Carside,R-NSGA-II,4,46,27.903979002921194,3.852536028726895,11.524624064435233
Carside,R-NSGA-II,4,46,28.003326040888417,3.8499881398614195,11.52030864565939
Carside,R-NSGA-II,4,46,27.910848641371075,3.8523318436853966,11.524763591256017
Carside,R-NSGA-II,4,46,27.81611876870287,3.8640362746174115,11.524808290499589
Carside,R-NSGA-II,4,46,27.905056163656443,3.8524986382334485,11.524619367572228
Carside,R-NSGA-II,5,47,27.932449815047573,3.8514521175248566,11.526234953002774
Carside,R-NSGA-II,5,47,27.918874864126852,3.8516586599336233,11.527212882468124
Carside,R-NSGA-II,5,47,27.923609572436686,3.852075662134514,11.524571463597862
Carside,R-NSGA-II,5,47,27.901996073543778,3.852481172110698,11.525685556301731
Carside,R-NSGA-II,5,47,27.901985287709444,3.8521823579457446,11.527549619091154
Carside,R-NSGA-II,5,47,27.938211451821772,3.851487144548026,11.524336564619501
Carside,R-NSGA-II,5,47,27.917326027534088,3.851659408755872,11.529642999360485
Carside,R-NSGA-II,5,47,27.910438503175023,3.852423763764169,11.523528903585987
Carside,R-NSGA-II,5,47,27.952773471329138,3.8507483939886695,11.526051821741264
Carside,R-NSGA-II,5,47,27.883573385554755,3.8529134205494895,11.526245912361698
Carside,R-NSGA-II,5,47,27.88818524786107,3.853156281893305,11.524469309161073
Carside,R-NSGA-II,5,47,27.878404689214914,3.8529671710434568,11.528129819577956
Carside,R-NSGA-II,5,47,27.875394475515456,3.8535705268156732,11.525272493383351
Carside,R-NSGA-II,5,47,27.958572900813294,3.850653406567624,11.524132130496541
Carside,R-NSGA-II,5,47,27.86769977679884,3.8535477545637034,11.527170584349872
Carside,R-NSGA-II,5,47,27.934362274088873,3.85070956357908,11.530377229160436
Carside,R-NSGA-II,5,47,27.906290885963813,3.852557491868386,11.522152138940836
Carside,R-NSGA-II,5,47,27.879511502935827,3.853624910600145,11.52309061696532
Carside,R-NSGA-II,5,47,27.968804354832194,3.8499474136439935,11.528796439654176
Carside,R-NSGA-II,5,47,27.886143432136812,3.852271165842983,11.530930671502047
Carside,R-NSGA-II,5,47,27.85544588707976,3.8553173348023235,11.526033221210792
Carside,R-NSGA-II,5,47,27.901996073502186,3.852481172110698,11.525685556305241
Carside,R-NSGA-II,5,47,27.902011337403117,3.8524751174498197,11.525638568557694
Carside,R-NSGA-II,5,47,27.945463095591727,3.851492837877332,11.5215803819719
Carside,R-NSGA-II,5,47,27.965236250801706,3.85129758856049,11.52203175553111
Carside,R-NSGA-II,5,47,27.901231714835937,3.852481395686773,11.52567704876472
Carside,R-NSGA-II,5,47,27.90548969968392,3.8522445510863554,11.525592774097884
Carside,R-NSGA-II,5,47,27.972905866666675,3.8496428956999673,11.52710194066669
Carside,R-NSGA-II,5,47,27.905540167448436,3.852242652645838,11.52558840432929
Carside,R-NSGA-II,5,47,27.86237966464515,3.8540617570068134,11.524175697803216
Carside,R-NSGA-II,5,47,27.905172140300593,3.8522461478032426,11.525608926481258
Carside,R-NSGA-II,5,47,27.901231715460696,3.852481395686773,11.525608311854915
Carside,R-NSGA-II,5,47,27.905086524561277,3.8522445510863554,11.525614496817422
Carside,R-NSGA-II,5,47,27.918212191030868,3.852001623545908,11.524752997813586
Carside,R-NSGA-II,5,47,27.97693389734179,3.8507967766076887,11.522891913246191
Carside,R-NSGA-II,5,47,27.901448131948538,3.8524273237182536,11.525686683077227
Carside,R-NSGA-II,5,47,27.85408066227083,3.856303291010279,11.525221728593964
Carside,R-NSGA-II,5,47,27.901474168485194,3.852424221862337,11.52568564097733
Carside,R-NSGA-II,5,47,27.91916077802641,3.851976561474432,11.524708049660621
Carside,R-NSGA-II,5,47,27.853879891427784,3.8540074564995574,11.526333618524308
Carside,R-NSGA-II,5,47,27.91920388286163,3.851986114905038,11.524674032180945
Carside,R-NSGA-II,5,47,27.916101087047775,3.8526409822408247,11.520641387946501
Carside,R-NSGA-II,5,47,27.902570146383674,3.8523147825507085,11.525700426660077
Carside,R-NSGA-II,5,47,27.902619161473496,3.8523128842249243,11.525696123049961
Carside,R-NSGA-II,5,47,27.90257328426752,3.852314117680689,11.525696545908154
Carside,R-NSGA-II,5,47,27.902597598969813,3.852311085922298,11.525696545908154
Carside,R-NSGA-II,5,47,27.91839226770613,3.85199266946318,11.524635709627503
Carside,R-NSGA-II,5,47,27.897303670839282,3.853275193733278,11.520508783879196
Carside,R-NSGA-II,5,47,27.868536971543712,3.8529239722187953,11.53122399897337
Carside,R-NSGA-II,5,47,27.91684916107062,3.8521289512955024,11.524477164642686
Carside,R-NSGA-II,5,47,27.902056058511512,3.8523425220644,11.525596959686192
Carside,R-NSGA-II,5,47,27.902052526761423,3.852332923982805,11.525603779868838
Carside,R-NSGA-II,5,47,27.883554190504917,3.855044018243875,11.520502343900269
Carside,R-NSGA-II,5,47,27.90204283765168,3.8523330638538447,11.525598748187889
Carside,R-NSGA-II,5,47,27.98785811618576,3.849945560473651,11.523628351497837
Carside,R-NSGA-II,5,47,27.903169952356773,3.8522397201854215,11.52567704876472
Carside,R-NSGA-II,5,47,27.84078612317649,3.8562327739721556,11.52624233333416
Carside,R-NSGA-II,5,47,27.90949137742374,3.8520353553907865,11.525271689316643
Carside,R-NSGA-II,5,47,27.880115657190775,3.853823112610526,11.520679258152562
Carside,R-NSGA-II,5,47,27.897340217940194,3.85238393121435,11.52682646498167
Carside,R-NSGA-II,5,47,27.899863189599746,3.8522406998945473,11.527607500732
Carside,R-NSGA-II,5,47,27.90057662307366,3.852654871551419,11.524991343304224
Carside,R-NSGA-II,5,47,27.960715023212007,3.851436953713403,11.520282342468466
Carside,R-NSGA-II,5,47,27.90028285615079,3.8526590497910744,11.525012751513577
Carside,R-NSGA-II,5,47,27.900265455232503,3.8526590497910744,11.525014216326202
Carside,R-NSGA-II,5,47,27.92949026812308,3.8511226852318567,11.53399371616051
Carside,R-NSGA-II,5,47,27.900241698589028,3.85265952616635,11.525003109722089
Carside,R-NSGA-II,5,47,27.90024132816258,3.85265952616635,11.5250031568321
Carside,R-NSGA-II,5,47,27.92449039380732,3.852314117680689,11.519332376895711
Carside,R-NSGA-II,5,47,27.900209817173906,3.85265952616635,11.525005431546973
Carside,R-NSGA-II,5,47,27.90021489234044,3.852662677899093,11.524924263561756
Carside,R-NSGA-II,5,47,27.863255323113236,3.8557177664494406,11.520790900542867
Carside,R-NSGA-II,5,47,27.9002409288771,3.8526595760431763,11.524923222025024
Carside,R-NSGA-II,5,47,27.897494756206747,3.8524840505955673,11.525767924850374
Carside,R-NSGA-II,5,47,27.83274756807181,3.8557637537021727,11.528442197382642
Carside,R-NSGA-II,5,47,27.942396295011648,3.8519622405632186,11.518880138036995
Carside,R-NSGA-II,5,47,27.897494995685868,3.8524840505955673,11.525763344070953
Carside,R-NSGA-II,5,47,27.868457447556995,3.8527125508216464,11.533109746000559
Carside,R-NSGA-II,5,47,27.902103017334515,3.8526508556365506,11.524614425166193
Carside,R-NSGA-II,5,47,27.903994082760835,3.8548470701920516,11.51836114388804
Carside,R-NSGA-II,5,47,27.90885998954271,3.8520675565118956,11.524949346664958
Carside,R-NSGA-II,5,47,27.89451103602375,3.852740499046521,11.52543864466429
Carside,R-NSGA-II,5,47,27.894265765082636,3.8527411170274277,11.525466726144238
Carside,R-NSGA-II,5,47,27.893603361781174,3.8536440384236856,11.51887155931685
Carside,R-NSGA-II,5,47,27.909574725841658,3.852064097580142,11.52471697911668
Carside,R-NSGA-II,5,47,27.87066015158529,3.856420241446861,11.519664450190895
Carside,R-NSGA-II,5,47,27.902734588548768,3.8522488651906253,11.524933043229478
Carside,R-NSGA-II,5,47,28.023364894542226,3.851153798273325,11.522551433456698
Carside,R-NSGA-II,5,47,27.88895273538199,3.852910747956636,11.525769045522841
Carside,R-NSGA-II,5,47,27.923898402926255,3.851837946346987,11.523819062906597
Carside,R-NSGA-II,5,47,27.84390450280444,3.8537310514720073,11.531644700821623
Carside,R-NSGA-II,5,47,27.918188106791934,3.8567556296724854,11.517671182341747
Carside,R-NSGA-II,5,47,27.91091975697527,3.8522748969549556,11.523718180104655
Carside,R-NSGA-II,5,47,27.87914458866109,3.8522811626817925,11.5342240658338
Carside,R-NSGA-II,5,47,27.9144872800847,3.852167182176513,11.523627047753145
Carside,R-NSGA-II,5,47,27.92261020443967,3.853194090030654,11.517901792979377
Carside,R-NSGA-II,5,47,27.84220896062796,3.855044018243875,11.532218741426608
Carside,R-NSGA-II,5,47,27.888522835456026,3.8553762333077257,11.518267324871225
Carside,R-NSGA-II,5,47,27.912232815901053,3.852259620368737,11.523626865969078
Carside,R-NSGA-II,5,47,27.90934729497143,3.85233192148322,11.523605947269004
Carside,R-NSGA-II,6,48,27.90574830933427,3.852791307042839,11.525097226628585
Carside,R-NSGA-II,6,48,27.918417109764157,3.852125940598825,11.525475264486975
Carside,R-NSGA-II,6,48,27.907484499128174,3.852330742995241,11.52643746374802
Carside,R-NSGA-II,6,48,27.91206814263738,3.852566206346765,11.523800264135527
Carside,R-NSGA-II,6,48,27.894393479785606,3.852800243101378,11.526386610162579
Carside,R-NSGA-II,6,48,27.93570198968171,3.851466985071304,11.524970021346855
Carside,R-NSGA-II,6,48,27.932057202339752,3.852124560981024,11.523046944879027
Carside,R-NSGA-II,6,48,27.94101959655048,3.851117732562027,11.527255946134758
Carside,R-NSGA-II,6,48,27.915624567878982,3.8518931147254656,11.530025012912226
Carside,R-NSGA-II,6,48,27.918442054783167,3.8525658404119,11.522469287632635
Carside,R-NSGA-II,6,48,27.895367818752142,3.8521982184076835,11.52907846841548
Carside,R-NSGA-II,6,48,27.875851190528845,3.8530048471186733,11.527211194822755
Carside,R-NSGA-II,6,48,27.913153572739255,3.852390016161652,11.525335873124462
Carside,R-NSGA-II,6,48,27.87636866282489,3.8532944253748127,11.524446676167614
Carside,R-NSGA-II,6,48,27.90952690108675,3.852525941185104,11.525300431911763
Carside,R-NSGA-II,6,48,27.946003229349937,3.851746826248503,11.521826909681534
Carside,R-NSGA-II,6,48,27.911611406600752,3.852406517011557,11.52542422980449
Carside,R-NSGA-II,6,48,27.907547378504802,3.8525576887286754,11.525508995126835
Carside,R-NSGA-II,6,48,27.96103423029969,3.8506122153935336,11.527984340727343
Carside,R-NSGA-II,6,48,27.931269631971468,3.8524501293415967,11.52055890631377
Carside,R-NSGA-II,6,48,27.902689664684956,3.8527911089616946,11.525329733332374
Carside,R-NSGA-II,6,48,27.860662986896678,3.8543420081760247,11.52719448808845
Carside,R-NSGA-II,6,48,27.90677497099145,3.8525292537854066,11.525535574009783
Carside,R-NSGA-II,6,48,27.886111143610403,3.853247222397747,11.522089128602072
Carside,R-NSGA-II,6,48,27.910596466728954,3.8523065910491914,11.525817680488409
Carside,R-NSGA-II,6,48,27.97709845260071,3.850647272216346,11.52721651786304
Carside,R-NSGA-II,6,48,27.897000579736325,3.8521516931284516,11.531661789074189
Carside,R-NSGA-II,6,48,27.90275826768028,3.8527687268620183,11.525365712673423
Carside,R-NSGA-II,6,48,27.90456868243434,3.8527002425711925,11.525238459111176
Carside,R-NSGA-II,6,48,27.86728077295235,3.8531413530008427,11.528343613183491
Carside,R-NSGA-II,6,48,27.96123680405026,3.8510950956017234,11.52250904968962
Carside,R-NSGA-II,6,48,27.905246866402585,3.852615767842223,11.525428768766329
Carside,R-NSGA-II,6,48,27.909252820888092,3.8523514939517907,11.525824134935029
Carside,R-NSGA-II,6,48,27.858708580682205,3.8549741389306855,11.524488053756315
Carside,R-NSGA-II,6,48,27.902468865955726,3.8527687268620183,11.525374940620548
Carside,R-NSGA-II,6,48,27.909296805034742,3.852423467373207,11.525390536332285
Carside,R-NSGA-II,6,48,27.90898252328712,3.8524238252612597,11.525409732678934
Carside,R-NSGA-II,6,48,27.87783150818072,3.8541685441710762,11.521028025545434
Carside,R-NSGA-II,6,48,27.908583965632918,3.852432391155288,11.525445271017691
Carside,R-NSGA-II,6,48,27.903183474894096,3.852751676279951,11.525221141431405
Carside,R-NSGA-II,6,48,27.871892356935472,3.855940102435151,11.52104713720643
Carside,R-NSGA-II,6,48,27.908717079405925,3.8524235767221717,11.52544140449601
Carside,R-NSGA-II,6,48,27.910253350469798,3.852740150856175,11.519506972970888
Carside,R-NSGA-II,6,48,27.90730289584116,3.85247029755755,11.525516233029904
Carside,R-NSGA-II,6,48,27.90766805755674,3.852446906265709,11.525514605495143
Carside,R-NSGA-II,6,48,27.907624125942466,3.852447349497446,11.525517173290574
Carside,R-NSGA-II,6,48,27.907516155619025,3.8524516154735498,11.525519895510456
Carside,R-NSGA-II,6,48,27.88267028155546,3.8524516154735498,11.532580030915584
Carside,R-NSGA-II,6,48,27.90752793158251,3.8524516154735498,11.525516549284983
Carside,R-NSGA-II,6,48,27.84684506973949,3.854970946247035,11.527887824266662
Carside,R-NSGA-II,6,48,27.90763812271383,3.8524472899345,11.52551333715905
Carside,R-NSGA-II,6,48,27.978025965987698,3.8501611307922037,11.524205905723417
Carside,R-NSGA-II,6,48,27.888696644628187,3.853137357230254,11.520071263960428
Carside,R-NSGA-II,6,48,27.90763860719827,3.8524472617085586,11.52551331512707
Carside,R-NSGA-II,6,48,27.90763601609748,3.8524473607314684,11.525513366725814
Carside,R-NSGA-II,6,48,27.907385741675814,3.852457102254915,11.525515246946414
Carside,R-NSGA-II,6,48,27.907397517639296,3.852457102254915,11.525511900720943
Carside,R-NSGA-II,6,48,27.901016974391958,3.8528105524872642,11.525431469764472
Carside,R-NSGA-II,6,48,27.907431809951248,3.852454223478986,11.525516232798218
Carside,R-NSGA-II,6,48,27.90745112427868,3.8524501293415967,11.52552007736395
Carside,R-NSGA-II,6,48,27.900943512551073,3.8528144597702125,11.525420919567626
Carside,R-NSGA-II,6,48,27.932400400273924,3.8521167296889307,11.518470734632123
Carside,R-NSGA-II,6,48,27.90082913704153,3.8528168622614634,11.525434113654773
Carside,R-NSGA-II,6,48,27.91136752077994,3.8554076732902125,11.517116436493675
Carside,R-NSGA-II,6,48,27.907330437191433,3.852451068008032,11.525534054971406
Carside,R-NSGA-II,6,48,27.907800038530972,3.8524333880910255,11.525512463345708
Carside,R-NSGA-II,6,48,27.90772875516071,3.852435989327406,11.525513328724841
Carside,R-NSGA-II,6,48,27.956861518628077,3.8515970829861863,11.518735619497875
Carside,R-NSGA-II,6,48,27.907115463373344,3.8524556882141425,11.525538725188255
Carside,R-NSGA-II,6,48,27.844864393714918,3.8534848947397866,11.529813153820745
Carside,R-NSGA-II,6,48,27.907537498380478,3.8524378497056238,11.52552819642702
Carside,R-NSGA-II,6,48,27.90720064260239,3.8524473741363527,11.525553693941553
Carside,R-NSGA-II,6,48,27.889774597098672,3.855938971694337,11.517719008571257
Carside,R-NSGA-II,6,48,27.907200158122365,3.852447402362303,11.52555323108378
Carside,R-NSGA-II,6,48,27.93140383759058,3.8552135226977255,11.516398989347213
Carside,R-NSGA-II,6,48,27.90720064260681,3.8524473741363527,11.525553209053303
Carside,R-NSGA-II,6,48,27.905268419703773,3.852534477137583,11.525576913750195
Carside,R-NSGA-II,6,48,27.91069333077926,3.8530766175220688,11.517524841827917
Carside,R-NSGA-II,6,48,27.9069294343324,3.8524585269362306,11.525558513143231
Carside,R-NSGA-II,6,48,27.90770259881083,3.8524781133429986,11.5253044891158
Carside,R-NSGA-II,6,48,27.907693995114258,3.85243828275368,11.525472871366844
Carside,R-NSGA-II,6,48,27.904822323388085,3.8525479965787905,11.52551059361698
Carside,R-NSGA-II,6,48,27.90409544195697,3.8525659225184654,11.525563423873523
Carside,R-NSGA-II,6,48,27.90376542464573,3.85257743899794,11.525567696449404
Carside,R-NSGA-II,6,48,27.90349025248735,3.852572804797819,11.525607274151994
Carside,R-NSGA-II,6,48,27.93175827778376,3.8526524276707343,11.516948815921715
Carside,R-NSGA-II,6,48,27.902689500488396,3.8526185426409185,11.525577015078277
Carside,R-NSGA-II,6,48,27.923798307364866,3.8517942466010706,11.526078064629267
Carside,R-NSGA-II,6,48,27.90294681466991,3.85254930947069,11.525821209853001
Carside,R-NSGA-II,6,48,27.90319712404779,3.852597084697582,11.525471712063185
Carside,R-NSGA-II,6,48,27.83714495878602,3.854466789341563,11.531724424806587
Carside,R-NSGA-II,6,48,27.901483691970025,3.8526618353709856,11.525579663871085
Carside,R-NSGA-II,6,48,27.97053487909593,3.85163893820431,11.517520140190019
Carside,R-NSGA-II,6,48,27.92690430603891,3.851915335949301,11.524941110255082
Carside,R-NSGA-II,6,48,27.947389065774757,3.8521972006407132,11.516591303151221
Carside,R-NSGA-II,6,48,27.901650882922947,3.852638291221155,11.525627208147695
Carside,R-NSGA-II,6,48,27.90063572451686,3.8527116993356274,11.525520183766865
Carside,R-NSGA-II,6,48,27.835043956482423,3.8535656509809195,11.531746413929554
Carside,R-NSGA-II,6,48,27.998800386896637,3.8513574842529867,11.51809957276081
Carside,R-NSGA-II,6,48,27.903166973163056,3.8524986246693156,11.525866318927019
Carside,R-NSGA-II,7,49,27.923270584516576,3.8524769132296175,11.52352583425192
Carside,R-NSGA-II,7,49,27.916009417521792,3.852413901311259,11.52495019179509
Carside,R-NSGA-II,7,49,27.916006255032535,3.852323404104786,11.528225562995518
Carside,R-NSGA-II,7,49,27.928805621164187,3.8523015588692515,11.522953275132055
Carside,R-NSGA-II,7,49,27.9281414598421,3.8519080978265863,11.52477010572117
Carside,R-NSGA-II,7,49,27.917068536005623,3.8526507041465083,11.52248460178214
Carside,R-NSGA-II,7,49,27.90861546778558,3.8525312830441862,11.525139977769083
Carside,R-NSGA-II,7,49,27.941620484480318,3.8520998113667937,11.52245006951947
Carside,R-NSGA-II,7,49,27.90049757543836,3.852667863903644,11.526399009124752
Carside,R-NSGA-II,7,49,27.896031519365962,3.8530850310414912,11.525140972728025
Carside,R-NSGA-II,7,49,27.920909050064044,3.8548280033693447,11.518000762139913
Carside,R-NSGA-II,7,49,27.934531434895604,3.8513613074516813,11.527864282314379
Carside,R-NSGA-II,7,49,27.94060012545984,3.8513460383846803,11.524926567803586
Carside,R-NSGA-II,7,49,27.943966416016206,3.851412844236662,11.52386835808872
Carside,R-NSGA-II,7,49,27.893998414909266,3.8528086086785995,11.526082980792264
Carside,R-NSGA-II,7,49,27.94968351073099,3.851301484533462,11.524604805736644
Carside,R-NSGA-II,7,49,27.919267998311454,3.8528228663057824,11.519823856105628
Carside,R-NSGA-II,7,49,27.896063941023392,3.8529227500754883,11.523198456236283
Carside,R-NSGA-II,7,49,27.91035584478695,3.856107055986344,11.517739379213458
Carside,R-NSGA-II,7,49,27.912674052109438,3.852693612848592,11.520179983297757
Carside,R-NSGA-II,7,49,27.909368975512187,3.853006637498831,11.519202108608932
Carside,R-NSGA-II,7,49,27.87445324955856,3.854907862037399,11.526083114976366
Carside,R-NSGA-II,7,49,27.88698487309384,3.852821025255335,11.529071050803228
Carside,R-NSGA-II,7,49,27.87415665829774,3.856416234609005,11.525202113568323
Carside,R-NSGA-II,7,49,27.912476012417773,3.8557003210368133,11.516573514687963
Carside,R-NSGA-II,7,49,27.88796356967874,3.8534233727578897,11.521738668214578
Carside,R-NSGA-II,7,49,27.923874423797844,3.853831338258923,11.516503934285023
Carside,R-NSGA-II,7,49,27.893255726215692,3.853264342261932,11.520498760847406
Carside,R-NSGA-II,7,49,27.880635910642003,3.853000994573788,11.527024156626464
Carside,R-NSGA-II,7,49,27.878977686264633,3.854260442899092,11.522127154429597
Carside,R-NSGA-II,7,49,27.881706152231573,3.8532408740303716,11.52347368891195
Carside,R-NSGA-II,7,49,27.92707206922921,3.853359266166265,11.51656239378816
Carside,R-NSGA-II,7,49,27.915882106458405,3.8569599464254845,11.516206615292285
Carside,R-NSGA-II,7,49,27.916077205927863,3.852410626666024,11.524951400291839
Carside,R-NSGA-II,7,49,27.91599831571945,3.852323404104786,11.528227807721311
Carside,R-NSGA-II,7,49,27.876069092099744,3.8552201550953744,11.52198133174724
Carside,R-NSGA-II,7,49,27.915204313650797,3.852420002971719,11.525143454611896
Carside,R-NSGA-II,7,49,27.8799659415062,3.8530374091662245,11.529116841266227
Carside,R-NSGA-II,7,49,27.915952267501655,3.8524077806274595,11.524959270751456
Carside,R-NSGA-II,7,49,27.919131186946235,3.852305505703681,11.524717897266324
Carside,R-NSGA-II,7,49,27.919050329182475,3.8523047054951975,11.524730680954276
Carside,R-NSGA-II,7,49,27.889246056446993,3.854260442899092,11.519204169763334
Carside,R-NSGA-II,7,49,27.919539016835976,3.8522782556623167,11.524783935464816
Carside,R-NSGA-II,7,49,27.9198337077868,3.852268362853269,11.524779796309723
Carside,R-NSGA-II,7,49,27.915630595249944,3.8523226228310112,11.52833833860333
Carside,R-NSGA-II,7,49,27.962996361668537,3.851301484533462,11.520850578756239
Carside,R-NSGA-II,7,49,27.915622655936854,3.8523226228310112,11.528340583329122
Carside,R-NSGA-II,7,49,27.93164082471709,3.8526347322166115,11.517049151113053
Carside,R-NSGA-II,7,49,27.892210585364687,3.8566368562777398,11.518195201341264
Carside,R-NSGA-II,7,49,27.912074925033394,3.85253351139429,11.524842430376747
Carside,R-NSGA-II,7,49,27.916418084844405,3.852323404104786,11.52498136702872
Carside,R-NSGA-II,7,49,27.944361436796193,3.8522177211522,11.51749370191374
Carside,R-NSGA-II,7,49,27.916006283281472,3.852323404104786,11.52512388040813
Carside,R-NSGA-II,7,49,27.91600628329498,3.852323404104786,11.525122397444232
Carside,R-NSGA-II,7,49,27.901153028223277,3.8532937164106946,11.518020441136713
Carside,R-NSGA-II,7,49,27.915825628313616,3.8523234928190746,11.52516615664454
Carside,R-NSGA-II,7,49,27.872527392582256,3.85342114155457,11.526574398881017
Carside,R-NSGA-II,7,49,27.913673182395918,3.852408646521755,11.525159425742958
Carside,R-NSGA-II,7,49,27.888993511232986,3.852392527243806,11.532707722703329
Carside,R-NSGA-II,7,49,27.914652689368392,3.852325909347749,11.525246504158481
Carside,R-NSGA-II,7,49,27.876437108071002,3.8565931685010284,11.520312309987984
Carside,R-NSGA-II,7,49,27.916296722078535,3.8522681041597027,11.525157641121233
Carside,R-NSGA-II,7,49,27.866688576345165,3.854088454684495,11.52703380790966
Carside,R-NSGA-II,7,49,27.941300127962414,3.853385201815354,11.515149282692295
Carside,R-NSGA-II,7,49,27.92814145988651,3.8519080978265863,11.524765228964352
Carside,R-NSGA-II,7,49,27.912676981236327,3.8523235321471168,11.525418183505145
Carside,R-NSGA-II,7,49,27.870715389879386,3.8570853883538327,11.522251038927035
Carside,R-NSGA-II,7,49,27.908435558917272,3.8525312830441862,11.525219048572536
Carside,R-NSGA-II,7,49,27.917161593747974,3.8521413361762487,11.525150053309172
Carside,R-NSGA-II,7,49,27.908203666235774,3.8525312830441862,11.525281050072627
Carside,R-NSGA-II,7,49,27.978923057405208,3.851659082522339,11.519537598982962
Carside,R-NSGA-II,7,49,27.922015006118205,3.852496348011346,11.521835621680383
Carside,R-NSGA-II,7,49,27.86612740538212,3.8565931685010284,11.52324187650752
Carside,R-NSGA-II,7,49,27.862247654184056,3.8564433710196626,11.526068673372128
Carside,R-NSGA-II,7,49,27.95746662081874,3.851911225122663,11.51690115003096
Carside,R-NSGA-II,7,49,27.99141283910503,3.8512005019412827,11.523273841912463
Carside,R-NSGA-II,7,49,27.86035705246991,3.8550936492779924,11.52731823249174
Carside,R-NSGA-II,7,49,27.895309527103187,3.853095926175112,11.524790883569056
Carside,R-NSGA-II,7,49,27.86331630412728,3.853931974944424,11.527956568024031
Carside,R-NSGA-II,7,49,27.932102519831457,3.851361758861485,11.528069979140865
Carside,R-NSGA-II,7,49,27.974954915935623,3.850355293106679,11.524207057725354
Carside,R-NSGA-II,7,49,27.87262540185184,3.852845963678775,11.530683403860099
Carside,R-NSGA-II,7,49,27.866742620756202,3.8531929902277824,11.528209524361142
Carside,R-NSGA-II,7,49,27.94158091532754,3.8513439750076652,11.524703162123712
Carside,R-NSGA-II,7,49,27.94648798014761,3.8524458558220736,11.515341140319928
Carside,R-NSGA-II,7,49,27.892550657563252,3.8530836446253103,11.525458889951825
Carside,R-NSGA-II,7,49,27.89202945958164,3.8531011346773654,11.525466192758063
Carside,R-NSGA-II,7,49,27.89421072549908,3.852896989064103,11.525453881153197
Carside,R-NSGA-II,7,49,27.97280426841189,3.8535098599767443,11.514506703895522
Carside,R-NSGA-II,7,49,27.856474670814272,3.856630555349843,11.52359255571679
Carside,R-NSGA-II,7,49,27.915208460087417,3.850989501615386,11.537128976642713
Carside,R-NSGA-II,7,49,27.85798400879131,3.8570886685505337,11.520836979451513
Carside,R-NSGA-II,7,49,27.89940449861993,3.8514626066130417,11.537632535232646
Carside,R-NSGA-II,7,49,27.920007890530194,3.8528228663057824,11.519613619896393
Carside,R-NSGA-II,7,49,27.85006963044697,3.853375124013391,11.529130734847422
Carside,R-NSGA-II,7,49,27.84324058805305,3.8570687993484465,11.526345017680018
Carside,R-NSGA-II,7,49,27.920497273705976,3.8528039169981674,11.519607177276267
Carside,R-NSGA-II,7,49,27.851797914915032,3.853202133870621,11.532319222647043
Carside,R-NSGA-II,7,49,27.86520123668349,3.852670525114019,11.537829661107121
Carside,R-NSGA-II,7,49,27.89114600718473,3.8529006659557714,11.525705214769932
Carside,R-NSGA-II,8,50,27.917629126799792,3.8524486532040174,11.524946905764114
Carside,R-NSGA-II,8,50,27.90918749574697,3.8525901305491823,11.524691563940419
Carside,R-NSGA-II,8,50,27.92510339681939,3.851881545905261,11.52370779216956
Carside,R-NSGA-II,8,50,27.9448459715351,3.8513359112792998,11.524393165544456
Carside,R-NSGA-II,8,50,27.934735382638845,3.8512366089758507,11.528318867875138
Carside,R-NSGA-II,8,50,27.917324551952916,3.8525783076498303,11.52179627920526
Carside,R-NSGA-II,8,50,27.913853989796074,3.851828508020941,11.526822590739236
Carside,R-NSGA-II,8,50,27.93416091414895,3.8516663251238072,11.522686585758454
Carside,R-NSGA-II,8,50,27.931137197295335,3.8523482237647784,11.520580332308473
Carside,R-NSGA-II,8,50,27.92227988318423,3.852692131327117,11.52047532371499
Carside,R-NSGA-II,8,50,27.899775038313496,3.8526582454192564,11.52632873644949
Carside,R-NSGA-II,8,50,27.943670445801438,3.8507079647136444,11.52711695249883
Carside,R-NSGA-II,8,50,27.903082263980522,3.852679648690457,11.522218666714313
Carside,R-NSGA-II,8,50,27.89433706057294,3.8525916292286797,11.528990911903897
Carside,R-NSGA-II,8,50,27.90768492798065,3.8528655167491417,11.520190935189428
Carside,R-NSGA-II,8,50,27.94531921566392,3.851703349326551,11.519675366742927
Carside,R-NSGA-II,8,50,27.928515130575768,3.852658085716048,11.518168152994853
Carside,R-NSGA-II,8,50,27.96485178822067,3.8510326189469066,11.522806463968255
Carside,R-NSGA-II,8,50,27.885253126852298,3.853029593635653,11.526527602144935
Carside,R-NSGA-II,8,50,27.89051527002952,3.853100104194857,11.522394781135231
Carside,R-NSGA-II,8,50,27.88596959796155,3.853166427378007,11.524173923476141
Carside,R-NSGA-II,8,50,27.958758400529373,3.85135044390396,11.520219751324833
Carside,R-NSGA-II,8,50,27.897363103130463,3.852769972546112,11.521113950195424
Carside,R-NSGA-II,8,50,27.964294120718154,3.850342507926309,11.52628821212927
Carside,R-NSGA-II,8,50,27.89919797977191,3.851844481885523,11.531079079078843
Carside,R-NSGA-II,8,50,27.968361026368605,3.85054763625352,11.524059080589243
Carside,R-NSGA-II,8,50,27.903065006079817,3.8547988853643593,11.517146000681485
Carside,R-NSGA-II,8,50,27.925966425807008,3.852962648959493,11.516294405667287
Carside,R-NSGA-II,8,50,27.89352719495636,3.8547570636502364,11.518025604277279
Carside,R-NSGA-II,8,50,27.87860883714073,3.8528924947675485,11.528000083212751
Carside,R-NSGA-II,8,50,27.95185516522223,3.8519520027603367,11.517090689868038
Carside,R-NSGA-II,8,50,27.879617226178375,3.855570795809173,11.52074349817616
Carside,R-NSGA-II,8,50,27.922555523644117,3.855337632433546,11.51474354811114
Carside,R-NSGA-II,8,50,27.87218167080084,3.8551630891064104,11.523693783995665
Carside,R-NSGA-II,8,50,27.870033139215224,3.8547051691270755,11.527228428841301
Carside,R-NSGA-II,8,50,27.917556537867533,3.852451494951507,11.524944709607453
Carside,R-NSGA-II,8,50,27.97815830623586,3.851566804943847,11.519505205836115
Carside,R-NSGA-II,8,50,27.913915544000183,3.8524489808695863,11.525262844853305
Carside,R-NSGA-II,8,50,27.906871975693296,3.8525929856196757,11.524861401905797
Carside,R-NSGA-II,8,50,27.88004361680587,3.8533486033721167,11.52135675824385
Carside,R-NSGA-II,8,50,27.906852830932216,3.8525751680328315,11.524898909720996
Carside,R-NSGA-II,8,50,27.88591096241807,3.8520462639872743,11.53168798613751
Carside,R-NSGA-II,8,50,27.94044616823437,3.8525830436356983,11.515176814601615
Carside,R-NSGA-II,8,50,27.906700135406492,3.8525758165931228,11.524934008815944
Carside,R-NSGA-II,8,50,27.905781248854876,3.8526393898952223,11.524953279124976
Carside,R-NSGA-II,8,50,27.90655883438538,3.8525847400677504,11.524880393725507
Carside,R-NSGA-II,8,50,27.906482940156604,3.8525775609672017,11.524901970124215
Carside,R-NSGA-II,8,50,27.98709320522191,3.8500123725329134,11.524083948915013
Carside,R-NSGA-II,8,50,27.90626574439663,3.8525871638406888,11.524937262873124
Carside,R-NSGA-II,8,50,27.878443116786627,3.8559694530201045,11.518097282294974
Carside,R-NSGA-II,8,50,27.866128796810614,3.85321055572744,11.528098366827265
Carside,R-NSGA-II,8,50,27.906283726279142,3.8525849217108115,11.524937164635508
Carside,R-NSGA-II,8,50,27.90626876796525,3.8525849235912855,11.52493877390082
Carside,R-NSGA-II,8,50,27.861967841270957,3.855298189057483,11.524543570461107
Carside,R-NSGA-II,8,50,27.906174503849037,3.8525889121442334,11.524914442069635
Carside,R-NSGA-II,8,50,27.90611179726586,3.852584033255114,11.524943745203956
Carside,R-NSGA-II,8,50,27.906068621158383,3.852579747657749,11.524986507052521
Carside,R-NSGA-II,8,50,27.86693376661076,3.852834856141641,11.529664123217442
Carside,R-NSGA-II,8,50,27.9058816479211,3.8525980490885634,11.524948520908154
Carside,R-NSGA-II,8,50,27.905760142192364,3.8525882789127,11.525079588459855
Carside,R-NSGA-II,8,50,27.953214983866363,3.8548742668754046,11.512375359333696
Carside,R-NSGA-II,8,50,28.002152754658752,3.851155046518885,11.522036351126303
Carside,R-NSGA-II,8,50,27.9059802009283,3.852582972355991,11.524964398335667
Carside,R-NSGA-II,8,50,27.905678957914017,3.8525821794872908,11.52511234543452
Carside,R-NSGA-II,8,50,27.858926089787406,3.8559781780048747,11.52389015331936
Carside,R-NSGA-II,8,50,27.9056640177081,3.85258241863915,11.525113048344735
Carside,R-NSGA-II,8,50,27.90553555070441,3.8525958678827052,11.525086767075257
Carside,R-NSGA-II,8,50,27.905566097634978,3.8525841932439837,11.52513072497338
Carside,R-NSGA-II,8,50,27.905718578098547,3.852591525873211,11.524991693774101
Carside,R-NSGA-II,8,50,27.90576651175548,3.85258588874117,11.524971823117962
Carside,R-NSGA-II,8,50,27.905800888026327,3.8525817294978957,11.524978196203868
Carside,R-NSGA-II,8,50,27.856436640273103,3.8542666965575694,11.528061236808075
Carside,R-NSGA-II,8,50,27.905374991704925,3.8525971098484204,11.524994338782651
Carside,R-NSGA-II,8,50,27.905372789545158,3.8525971098484204,11.524994976667028
Carside,R-NSGA-II,8,50,27.85435985055154,3.855164652194996,11.527574676170154
Carside,R-NSGA-II,8,50,27.90481319103752,3.8526067360271194,11.525136771787016
Carside,R-NSGA-II,8,50,27.904812945927095,3.852606744271907,11.525136730106253
Carside,R-NSGA-II,8,50,27.869802141835287,3.8521011714420186,11.533329797445937
Carside,R-NSGA-II,8,50,27.904762756706127,3.8526084324855487,11.52513745593311
Carside,R-NSGA-II,8,50,27.854813805357942,3.8532705951749566,11.529932782018838
Carside,R-NSGA-II,8,50,27.851670613922888,3.853545471128615,11.528219815819309
Carside,R-NSGA-II,8,50,27.904997635835365,3.8525965896092766,11.525050315898715
Carside,R-NSGA-II,8,50,27.85857453614832,3.8528647407345433,11.5322701977602
Carside,R-NSGA-II,8,50,27.847895046084815,3.8559869124190684,11.525242470136224
Carside,R-NSGA-II,8,50,27.904345367970713,3.8526193190146616,11.525058290710904
Carside,R-NSGA-II,8,50,27.90354282270118,3.8526177422278565,11.525184675532568
Carside,R-NSGA-II,8,50,27.931516993171723,3.851222401408081,11.52878695264711
Carside,R-NSGA-II,8,50,27.844553328961197,3.8556013333941235,11.528106500576229
Carside,R-NSGA-II,8,50,27.86028791300435,3.852803778395417,11.53443642341536
Carside,R-NSGA-II,8,50,27.918643038024932,3.8526924588916818,11.520788984569064
Carside,R-NSGA-II,8,50,27.93624642835331,3.852107561803348,11.52053528992322
Carside,R-NSGA-II,8,50,27.84528559572512,3.854621660918671,11.53024894925376
Carside,R-NSGA-II,8,50,27.845545410482377,3.853634142582226,11.529501113980945
Carside,R-NSGA-II,8,50,28.01030774067841,3.8511979311095765,11.517207933761782
Carside,R-NSGA-II,8,50,27.897677754543185,3.8524289697382743,11.526535073020709
Carside,R-NSGA-II,8,50,27.846243854132073,3.8533826509630718,11.532342581844869
Carside,R-NSGA-II,8,50,27.946758333698224,3.8506044327248796,11.527074327793345
Carside,R-NSGA-II,8,50,27.993020971284018,3.84798734736485,11.531603798732071
Carside,R-NSGA-II,8,50,28.02177031192608,3.8547051691270755,11.514394027271987
Carside,R-NSGA-II,8,50,27.9058331276919,3.8528924947675485,11.520331012357044
Carside,R-NSGA-II,9,51,27.878009040404674,3.855395800377621,11.52293302762823
Carside,R-NSGA-II,9,51,27.881175963193932,3.8553786878269736,11.520855062466875
Carside,R-NSGA-II,9,51,27.88228197886462,3.8537322528309694,11.524769799118914
Carside,R-NSGA-II,9,51,27.95021029064367,3.8560269086803975,11.516077988093965
Carside,R-NSGA-II,9,51,27.894081046229108,3.8532301402598135,11.524126435727247
Carside,R-NSGA-II,9,51,27.875409530045648,3.855706898498367,11.520645291039086
Carside,R-NSGA-II,9,51,27.875435357294315,3.854046596499765,11.523933942516395
Carside,R-NSGA-II,9,51,27.891220605671105,3.8550468151122477,11.518333809783837
Carside,R-NSGA-II,9,51,27.8846838006715,3.856155659921409,11.518915492523824
Carside,R-NSGA-II,9,51,27.930362696274358,3.8562545382834825,11.515860630583344
Carside,R-NSGA-II,9,51,27.88310228622423,3.853386789381706,11.524981760852853
Carside,R-NSGA-II,9,51,27.901950972060916,3.8531377462375915,11.52183748391374
Carside,R-NSGA-II,9,51,27.890954625080393,3.85392387984697,11.52000257084583
Carside,R-NSGA-II,9,51,27.873406880773835,3.853746186163806,11.525524372193036
Carside,R-NSGA-II,9,51,27.889841972867337,3.853053525643529,11.525130374255522
Carside,R-NSGA-II,9,51,27.88405128816182,3.853732032460326,11.521515616016012
Carside,R-NSGA-II,9,51,27.90590510071862,3.8530374148511948,11.520642680832847
Carside,R-NSGA-II,9,51,27.874707776799635,3.853400611609885,11.525154024255698
Carside,R-NSGA-II,9,51,27.85641070154743,3.8565490092158448,11.524301081067545
Carside,R-NSGA-II,9,51,27.905510963458145,3.852412619949496,11.525509123399505
Carside,R-NSGA-II,9,51,27.924641940400225,3.8528059113489785,11.519556824986282
Carside,R-NSGA-II,9,51,27.878149830660465,3.85306988491856,11.525410052224148
Carside,R-NSGA-II,9,51,27.915729417470672,3.8524325363659675,11.522299313857863
Carside,R-NSGA-II,9,51,27.89805562793003,3.853785523023249,11.517889229222085
Carside,R-NSGA-II,9,51,27.9237585864595,3.852433020825547,11.521429030015177
Carside,R-NSGA-II,9,51,27.88293236839995,3.852814125947497,11.526626822508376
Carside,R-NSGA-II,9,51,27.90559817228444,3.852412075304808,11.523178914032513
Carside,R-NSGA-II,9,51,27.847849298472163,3.855474173244061,11.525630360775814
Carside,R-NSGA-II,9,51,27.8941998407589,3.8524385089950344,11.525708820139396
Carside,R-NSGA-II,9,51,27.85956806373976,3.856785684730095,11.521515247330774
Carside,R-NSGA-II,9,51,27.905992633961183,3.8521543395269813,11.528256929342344
Carside,R-NSGA-II,9,51,27.929586057228484,3.852061944228918,11.52310829247146
Carside,R-NSGA-II,9,51,27.908059343496078,3.8520947960847387,11.525687335027676
Carside,R-NSGA-II,9,51,27.926140611216848,3.851933522396384,11.52479788745796
Carside,R-NSGA-II,9,51,27.858907749037385,3.8536362821009056,11.525806649543373
Carside,R-NSGA-II,9,51,27.86691355824071,3.853152036904384,11.52929697466805
Carside,R-NSGA-II,9,51,27.88642028924391,3.8523905440665307,11.526582975476789
Carside,R-NSGA-II,9,51,27.881743190341737,3.8527864008078927,11.531590168946284
Carside,R-NSGA-II,9,51,27.948641495100492,3.852442466994931,11.51902718211142
Carside,R-NSGA-II,9,51,27.897926997168817,3.8521232225899547,11.52868836449698
Carside,R-NSGA-II,9,51,27.891047011056305,3.852271554817259,11.52915023308695
Carside,R-NSGA-II,9,51,27.929958571571508,3.853030912969348,11.516539012122886
Carside,R-NSGA-II,9,51,27.85916453641105,3.853289050567107,11.526847947142322
Carside,R-NSGA-II,9,51,27.908906673369906,3.851978582594091,11.523243619432609
Carside,R-NSGA-II,9,51,27.933503442569897,3.85251996844692,11.518010192125578
Carside,R-NSGA-II,9,51,27.915474137359677,3.851708341534931,11.526198870098808
Carside,R-NSGA-II,9,51,27.882250042687577,3.853733559684065,11.524749419790417
Carside,R-NSGA-II,9,51,27.907531033805302,3.851935740456964,11.531041269195061
Carside,R-NSGA-II,9,51,27.889768061713553,3.8532876471304784,11.525002606064245
Carside,R-NSGA-II,9,51,27.843699255965785,3.8547781332445883,11.531285500203266
Carside,R-NSGA-II,9,51,27.889817965515963,3.853281424709524,11.525004105716967
Carside,R-NSGA-II,9,51,27.946171187657942,3.8516166732328845,11.523811641700522
Carside,R-NSGA-II,9,51,27.849713489494658,3.857571832812312,11.524841913246195
Carside,R-NSGA-II,9,51,27.9378364437601,3.85134635834849,11.525357356616569
Carside,R-NSGA-II,9,51,27.882432531765694,3.8534011555190117,11.524988813537867
Carside,R-NSGA-II,9,51,27.933244619564498,3.851285938435208,11.527847287200785
Carside,R-NSGA-II,9,51,27.96045219399134,3.85259762204309,11.516235734067655
Carside,R-NSGA-II,9,51,27.889642098552347,3.853057682322289,11.525156418110118
Carside,R-NSGA-II,9,51,27.94079815813503,3.8512308939016235,11.52715598783233
Carside,R-NSGA-II,9,51,27.889818885971565,3.853053525643529,11.525130915631891
Carside,R-NSGA-II,9,51,27.88981888597364,3.853053525643529,11.525130687393984
Carside,R-NSGA-II,9,51,27.839623369056824,3.8574620884984085,11.528491358298272
Carside,R-NSGA-II,9,51,27.889620374928136,3.853057610816835,11.52516056683894
Carside,R-NSGA-II,9,51,27.96246486089222,3.851718778239654,11.520470176533085
Carside,R-NSGA-II,9,51,27.88918638639573,3.8530692124132964,11.525128518138285
Carside,R-NSGA-II,9,51,27.845145559802855,3.854004794962519,11.533093717648056
Carside,R-NSGA-II,9,51,27.952466544285237,3.851446297697083,11.521658840233734
Carside,R-NSGA-II,9,51,27.928006905870436,3.8511400206755115,11.52885476777378
Carside,R-NSGA-II,9,51,27.874379967583177,3.8534414855770245,11.525154024255698
Carside,R-NSGA-II,9,51,27.896818979771197,3.851935740456964,11.534079374332915
Carside,R-NSGA-II,9,51,27.91513445888784,3.8512395298667963,11.530054773867093
Carside,R-NSGA-II,9,51,27.890468767428672,3.852814125947497,11.524484524392458
Carside,R-NSGA-II,9,51,27.959533879472144,3.851274253432641,11.521196525627467
Carside,R-NSGA-II,9,51,27.889844469203744,3.852814125947497,11.524662794556534
Carside,R-NSGA-II,9,51,27.860463653106244,3.852628975276924,11.533232541277027
Carside,R-NSGA-II,9,51,27.956456905665373,3.850972761841986,11.52435583827775
Carside,R-NSGA-II,9,51,27.90551078670164,3.852412619949496,11.525509131421984
Carside,R-NSGA-II,9,51,27.82351170551232,3.8568084244656373,11.531576419869413
Carside,R-NSGA-II,9,51,27.903905406698644,3.852435795096453,11.525631011932907
Carside,R-NSGA-II,9,51,27.964805438976295,3.851138058200302,11.519052504278697
Carside,R-NSGA-II,9,51,27.988628477687232,3.8515240313987102,11.518379057088804
Carside,R-NSGA-II,9,51,27.915641904151233,3.8524325363659675,11.522303285839705
Carside,R-NSGA-II,9,51,27.85250505906952,3.859090652915558,11.520558533905511
Carside,R-NSGA-II,9,51,27.961199230512698,3.850567248096201,11.52308448968967
Carside,R-NSGA-II,9,51,27.975437691830585,3.8515452966993826,11.515839838927272
Carside,R-NSGA-II,9,51,27.836827203547042,3.8591830529480506,11.52479721851713
Carside,R-NSGA-II,9,51,27.95325279107855,3.850345046169278,11.531557713324412
Carside,R-NSGA-II,9,51,27.882772578789965,3.852814026140904,11.526673926760488
Carside,R-NSGA-II,9,51,27.89935853807846,3.8523793996507614,11.526041027987839
Carside,R-NSGA-II,9,51,27.85527045262026,3.852435795096453,11.53945172055764
Carside,R-NSGA-II,9,51,27.875248899397683,3.8530462773849576,11.526437555676152
Carside,R-NSGA-II,9,51,28.02320816304655,3.8531377462375915,11.511632507128235
Carside,R-NSGA-II,9,51,27.997868370587838,3.8497834420061485,11.522290763764882
Carside,R-NSGA-II,9,51,28.028000225834866,3.851134227333788,11.511330723793115
Carside,R-NSGA-II,9,51,27.878785362005413,3.8528466044906695,11.525556343752854
Carside,R-NSGA-II,9,51,28.033642334556795,3.8495465882929976,11.520578288575408
Carside,R-NSGA-II,9,51,27.836471942117768,3.861816334685695,11.524236070859667
Carside,R-NSGA-II,9,51,28.07427558057727,3.853643030905757,11.507606747399187
Carside,R-NSGA-II,9,51,28.03604937410519,3.8485734257914723,11.522520525624781
Carside,R-NSGA-II,9,51,27.93093522695316,3.851961422397513,11.52412163864206
Carside,R-NSGA-II,10,52,27.903626607407194,3.852633606467517,11.525319643508944
Carside,R-NSGA-II,10,52,27.925677884074112,3.851890677369164,11.525175606324062
Carside,R-NSGA-II,10,52,27.893607083147053,3.852718043549075,11.526606622274693
Carside,R-NSGA-II,10,52,27.94285310207725,3.8517155606069204,11.524620163666249
Carside,R-NSGA-II,10,52,27.907339614169842,3.8519384672187704,11.52707449322924
Carside,R-NSGA-II,10,52,27.878237964305427,3.853474401470019,11.525675555630501
Carside,R-NSGA-II,10,52,27.903045748276643,3.852633606467517,11.525345857104618
Carside,R-NSGA-II,10,52,27.91334744747324,3.8526390740640326,11.522664184969463
Carside,R-NSGA-II,10,52,27.901803254149677,3.852656581393536,11.525489452912563
Carside,R-NSGA-II,10,52,27.90276971303901,3.852633606467517,11.525392478269186
Carside,R-NSGA-II,10,52,27.903846576048842,3.8526140663709736,11.52521497890605
Carside,R-NSGA-II,10,52,27.877290606182555,3.853228410967919,11.527611931448373
Carside,R-NSGA-II,10,52,27.901108281708456,3.852656581393536,11.525520813563627
Carside,R-NSGA-II,10,52,27.885306600208672,3.8534795053127353,11.523609310152274
Carside,R-NSGA-II,10,52,27.898320447013965,3.852708562371046,11.525713569287788
Carside,R-NSGA-II,10,52,27.89861472174062,3.8526955811965498,11.525681141490253
Carside,R-NSGA-II,10,52,27.898613986246886,3.8526955811965498,11.525681174678217
Carside,R-NSGA-II,10,52,27.89526953862812,3.8527512908750574,11.526372841363974
Carside,R-NSGA-II,10,52,27.895422174638437,3.852922806942055,11.525373191849114
Carside,R-NSGA-II,10,52,27.894117800271175,3.852951640014008,11.525575391926736
Carside,R-NSGA-II,10,52,27.94457657984813,3.8510074713833284,11.525892130641694
Carside,R-NSGA-II,10,52,27.893735959907282,3.852951640014008,11.525592245702354
Carside,R-NSGA-II,10,52,27.895702220411593,3.852896402617949,11.525331612406243
Carside,R-NSGA-II,10,52,27.950547913275933,3.851009222013698,11.524075654949925
Carside,R-NSGA-II,10,52,27.925737646383073,3.8518900701583294,11.525136410670129
Carside,R-NSGA-II,10,52,27.932261917305933,3.850947206927919,11.529797589800392
Carside,R-NSGA-II,10,52,27.894003607417208,3.852902643936702,11.525618262644436
Carside,R-NSGA-II,10,52,27.8947846807755,3.852878116178879,11.525429127647364
Carside,R-NSGA-II,10,52,27.922467715693276,3.851909788184862,11.525203039913144
Carside,R-NSGA-II,10,52,27.873464861919377,3.853042526914784,11.529406024485933
Carside,R-NSGA-II,10,52,27.89310447419431,3.8529526803767853,11.525526928531058
Carside,R-NSGA-II,10,52,27.8950546783459,3.8528444506894663,11.525391173498626
Carside,R-NSGA-II,10,52,27.862835838214664,3.8536023489291535,11.526473202613587
Carside,R-NSGA-II,10,52,27.891580866097957,3.8529383473881267,11.525922048447978
Carside,R-NSGA-II,10,52,27.901684143685053,3.852989299731852,11.521384648789757
Carside,R-NSGA-II,10,52,27.898123664411305,3.852827955742555,11.524797989070699
Carside,R-NSGA-II,10,52,27.916959993038105,3.8526336834217183,11.521037824267882
Carside,R-NSGA-II,10,52,27.89212872691625,3.8529526803767853,11.525598300886891
Carside,R-NSGA-II,10,52,27.892685707556176,3.852744744610443,11.52662804763909
Carside,R-NSGA-II,10,52,27.89141732865943,3.852971706093065,11.525613604173255
Carside,R-NSGA-II,10,52,27.891368315869098,3.852971706093065,11.525622139263065
Carside,R-NSGA-II,10,52,27.902602978811277,3.8518149560406263,11.53168303930976
Carside,R-NSGA-II,10,52,27.89112247754619,3.8529809355075093,11.525622886622095
Carside,R-NSGA-II,10,52,27.891073009274493,3.8529809355075093,11.525627070705367
Carside,R-NSGA-II,10,52,27.929281764215425,3.851879774496545,11.521197628112091
Carside,R-NSGA-II,10,52,27.891073464797405,3.8529809355075093,11.525626856044056
Carside,R-NSGA-II,10,52,27.95682848496779,3.85108204200756,11.522684257112914
Carside,R-NSGA-II,10,52,27.891068524432733,3.8529809367698573,11.525627085958066
Carside,R-NSGA-II,10,52,27.89047408791281,3.8546309467247952,11.520407073903057
Carside,R-NSGA-II,10,52,27.875898458982675,3.853646596243537,11.522042820173503
Carside,R-NSGA-II,10,52,27.891581070788877,3.8529383221755973,11.525648752252614
Carside,R-NSGA-II,10,52,27.951331407954388,3.8501655161103145,11.528240872302966
Carside,R-NSGA-II,10,52,27.890688981115545,3.8529545227958764,11.52582813530168
Carside,R-NSGA-II,10,52,27.863721656588634,3.8549809722655533,11.522490238795381
Carside,R-NSGA-II,10,52,27.89057972406536,3.852998320546554,11.525655540782871
Carside,R-NSGA-II,10,52,27.96025604771763,3.8501623726643466,11.525704883057085
Carside,R-NSGA-II,10,52,27.891011882465087,3.8529553735295194,11.525715723523824
Carside,R-NSGA-II,10,52,27.89905353620078,3.8529044428753108,11.524343529550395
Carside,R-NSGA-II,10,52,27.857982741334496,3.8535641799647764,11.529489970452367
Carside,R-NSGA-II,10,52,27.89128221952825,3.852955039193633,11.52562435327043
Carside,R-NSGA-II,10,52,27.923687266592424,3.851007260838685,11.531831638449415
Carside,R-NSGA-II,10,52,27.890582079693814,3.8529779986741097,11.525690335802953
Carside,R-NSGA-II,10,52,27.89055674140968,3.8529785943712658,11.52569234227894
Carside,R-NSGA-II,10,52,27.890648940408102,3.8529779986741097,11.525662988808644
Carside,R-NSGA-II,10,52,27.882879791046516,3.853697303440912,11.520574885343486
Carside,R-NSGA-II,10,52,27.8904452466019,3.8529807786717734,11.525705577874513
Carside,R-NSGA-II,10,52,27.89044231788934,3.8529807786717734,11.525705635864641
Carside,R-NSGA-II,10,52,27.886063278337545,3.8565700510482848,11.519752997094344
Carside,R-NSGA-II,10,52,27.890820034844168,3.8529664931098413,11.525654196358692
Carside,R-NSGA-II,10,52,27.916359962681568,3.852855641238661,11.519310353797914
Carside,R-NSGA-II,10,52,27.890717874643762,3.852971693173564,11.525661495091843
Carside,R-NSGA-II,10,52,27.85631431588716,3.853478381812134,11.530899444608568
Carside,R-NSGA-II,10,52,27.848812012357424,3.8574640961685094,11.523992206024129
Carside,R-NSGA-II,10,52,27.89071852269911,3.852968601018349,11.52566396074797
Carside,R-NSGA-II,10,52,27.89201298541583,3.8528842156034737,11.525649283330143
Carside,R-NSGA-II,10,52,27.958471520889425,3.8510875236166022,11.520803793094407
Carside,R-NSGA-II,10,52,27.8375591797002,3.8551732011568913,11.527857727537945
Carside,R-NSGA-II,10,52,27.896173795939784,3.8529456358741965,11.524598351568233
Carside,R-NSGA-II,10,52,27.890178619590262,3.85298117067233,11.525708342698227
Carside,R-NSGA-II,10,52,27.841749800771222,3.8574589925212455,11.526058154056123
Carside,R-NSGA-II,10,52,27.890120904986244,3.852980222981002,11.525725812824959
Carside,R-NSGA-II,10,52,27.94965250527135,3.851727581416568,11.519560239912858
Carside,R-NSGA-II,10,52,27.86676891602914,3.8529809355075093,11.532509557141923
Carside,R-NSGA-II,10,52,27.893399991008284,3.8529578453171602,11.525010238850438
Carside,R-NSGA-II,10,52,27.890784995670543,3.8530112977859954,11.52540651751529
Carside,R-NSGA-II,10,52,27.985349160890554,3.8517155606069204,11.520514854099023
Carside,R-NSGA-II,10,52,27.896173796238443,3.8529456358741965,11.524565499954932
Carside,R-NSGA-II,10,52,27.890026753645188,3.8529809355075093,11.525715564208916
Carside,R-NSGA-II,10,52,27.979867037940316,3.8503023542670074,11.522355786331993
Carside,R-NSGA-II,10,52,27.89002675253098,3.8529809355075093,11.525715564303159
Carside,R-NSGA-II,10,52,27.90779049000277,3.853317207146297,11.51816154003803
Carside,R-NSGA-II,10,52,27.830981020829135,3.8565372842925028,11.52661830090161
Carside,R-NSGA-II,10,52,27.890026677218778,3.8529809355075093,11.52571557067315
Carside,R-NSGA-II,10,52,27.89002667610457,3.8529809355075093,11.525715570767392
Carside,R-NSGA-II,10,52,27.910819048468426,3.8544715687066224,11.517504924942559
Carside,R-NSGA-II,10,52,27.93478788948631,3.852859278643877,11.517408198623034
Carside,R-NSGA-II,10,52,27.89002539361668,3.8529809355075093,11.525715759346282
Carside,R-NSGA-II,10,52,27.889992821472955,3.8529809355075093,11.525718068372104
Carside,R-NSGA-II,10,52,27.9915803159882,3.850304788896341,11.52135890229346
Carside,R-NSGA-II,10,52,27.889427713366686,3.8529901526743284,11.5258497177781
Carside,R-NSGA-II,11,53,27.86808131381612,3.854769139471728,11.52493237959489
Carside,R-NSGA-II,11,53,27.864929495935534,3.8544775356705085,11.527363550442331
Carside,R-NSGA-II,11,53,27.889180230470892,3.85308440474319,11.52464479913392
Carside,R-NSGA-II,11,53,27.863431067584543,3.8568711024400066,11.524198217667514
Carside,R-NSGA-II,11,53,27.881314169652224,3.852856436872086,11.52800158335327
Carside,R-NSGA-II,11,53,27.881600975927277,3.852824555883424,11.526267525401035
Carside,R-NSGA-II,11,53,27.90604873839291,3.8524354844966213,11.52469924254439
Carside,R-NSGA-II,11,53,27.860419255624727,3.855010251174428,11.525176931415869
Carside,R-NSGA-II,11,53,27.845418822734963,3.8571085028243823,11.52557674357917
Carside,R-NSGA-II,11,53,27.85522422167388,3.8551443743987734,11.525774913318287
Carside,R-NSGA-II,11,53,27.92095632019388,3.8517381543215947,11.525164881405914
Carside,R-NSGA-II,11,53,27.854645603853516,3.85519128821186,11.525814469905047
Carside,R-NSGA-II,11,53,27.88918023049821,3.85308440474319,11.524641793541765
Carside,R-NSGA-II,11,53,27.87681454973407,3.853728699579569,11.524103265993002
Carside,R-NSGA-II,11,53,27.902439158726217,3.8528696141034695,11.522082744602045
Carside,R-NSGA-II,11,53,27.878140793775607,3.854997897057195,11.520909696828664
Carside,R-NSGA-II,11,53,27.877280558774952,3.853399793288362,11.525007419088539
Carside,R-NSGA-II,11,53,27.897541661383944,3.8528004740223665,11.524725739172432
Carside,R-NSGA-II,11,53,27.932629771962503,3.8515032816844044,11.526775429344829
Carside,R-NSGA-II,11,53,27.89360588886818,3.8529427053771417,11.524504497753302
Carside,R-NSGA-II,11,53,27.880725798015412,3.8526929094445603,11.530300947446037
Carside,R-NSGA-II,11,53,27.893473642631776,3.8527692484622915,11.525318902018967
Carside,R-NSGA-II,11,53,27.896424906612673,3.8528374689076195,11.524602292994604
Carside,R-NSGA-II,11,53,27.90138261039444,3.852799717914256,11.52430383951544
Carside,R-NSGA-II,11,53,27.89597281284584,3.852837212700106,11.524640630063601
Carside,R-NSGA-II,11,53,27.89438156424719,3.852736804822801,11.525312919409522
Carside,R-NSGA-II,11,53,27.91705499245682,3.8520946267550813,11.523039644997194
Carside,R-NSGA-II,11,53,27.896473847489574,3.8528978426704668,11.524307891795978
Carside,R-NSGA-II,11,53,27.888889459947023,3.853580580621529,11.521168954400277
Carside,R-NSGA-II,11,53,27.896764833823596,3.852889467454655,11.524288927988337
Carside,R-NSGA-II,11,53,27.896546943769216,3.852889467454655,11.524307863172073
Carside,R-NSGA-II,11,53,27.895936453849878,3.852889467454655,11.524353217708232
Carside,R-NSGA-II,11,53,27.897306389473535,3.8528817197829874,11.52424799435817
Carside,R-NSGA-II,11,53,27.903121201979943,3.8526499472717695,11.524650795536452
Carside,R-NSGA-II,11,53,27.903030747883147,3.852649943887605,11.524654941075763
Carside,R-NSGA-II,11,53,27.901513856164215,3.852639012806859,11.524845463067097
Carside,R-NSGA-II,11,53,27.900622610308787,3.8526406611993136,11.524895345422252
Carside,R-NSGA-II,11,53,27.88876220088981,3.8528691881397767,11.525224928678469
Carside,R-NSGA-II,11,53,27.903898150157445,3.8526238483672666,11.524639956579886
Carside,R-NSGA-II,11,53,27.890602405752265,3.8528615191968205,11.52497235097955
Carside,R-NSGA-II,11,53,27.922477494491492,3.8514401846180895,11.530064014101079
Carside,R-NSGA-II,11,53,27.90311161358231,3.852651456401379,11.524555203171735
Carside,R-NSGA-II,11,53,27.89520496250376,3.852772827321947,11.524788228465127
Carside,R-NSGA-II,11,53,27.947337500760725,3.8513869786611656,11.5236585064157
Carside,R-NSGA-II,11,53,27.87117490774183,3.853544078607387,11.525138164247945
Carside,R-NSGA-II,11,53,27.899170007075355,3.8528688179576474,11.524035749074656
Carside,R-NSGA-II,11,53,27.85928872135673,3.858160120985633,11.522202925167996
Carside,R-NSGA-II,11,53,27.904796473314494,3.852947149159795,11.519951610816928
Carside,R-NSGA-II,11,53,27.894272085636022,3.8528518036122064,11.524512587065988
Carside,R-NSGA-II,11,53,27.903872181728453,3.8526517615563387,11.524446585161055
Carside,R-NSGA-II,11,53,27.875882075003073,3.8574840169773186,11.519864541619242
Carside,R-NSGA-II,11,53,27.890200559223974,3.8527927170213,11.525276358344193
Carside,R-NSGA-II,11,53,27.903866270861094,3.8526463859381277,11.52445078371555
Carside,R-NSGA-II,11,53,27.88828517062874,3.8527500112353414,11.52593845332446
Carside,R-NSGA-II,11,53,27.850576592774207,3.8549667154000717,11.527562681356123
Carside,R-NSGA-II,11,53,27.882564896055985,3.8549751753847716,11.518470919147077
Carside,R-NSGA-II,11,53,27.93659391945575,3.8517272633031,11.520760947904034
Carside,R-NSGA-II,11,53,27.90183537847117,3.852627978280859,11.524677246713974
Carside,R-NSGA-II,11,53,27.90435985286071,3.852636586651744,11.524415028229917
Carside,R-NSGA-II,11,53,27.870063182304307,3.8527914644015455,11.533254330575913
Carside,R-NSGA-II,11,53,27.904785952672924,3.85262762828511,11.524408247806104
Carside,R-NSGA-II,11,53,27.89188177131989,3.853469818988862,11.518691314322876
Carside,R-NSGA-II,11,53,27.902850103264843,3.852548334391452,11.52492921138266
Carside,R-NSGA-II,11,53,27.90217102298316,3.852701412105189,11.52430383951544
Carside,R-NSGA-II,11,53,27.894596961978753,3.852618478431779,11.525540169231306
Carside,R-NSGA-II,11,53,27.89256704487331,3.8528596715268866,11.524529643964168
Carside,R-NSGA-II,11,53,27.96057642752559,3.8505583122577787,11.523997432544759
Carside,R-NSGA-II,11,53,27.87160636628741,3.8534413057261996,11.525245946513289
Carside,R-NSGA-II,11,53,27.977302981495246,3.8512703349548287,11.521608434253464
Carside,R-NSGA-II,11,53,27.903706895159363,3.8525652020465087,11.524654891839145
Carside,R-NSGA-II,11,53,27.90538689141296,3.8525473801533314,11.524584580641466
Carside,R-NSGA-II,11,53,27.889328887372226,3.851893858949296,11.533588606130948
Carside,R-NSGA-II,11,53,27.88615957179525,3.8572978157579993,11.517974162489773
Carside,R-NSGA-II,11,53,27.902921142961343,3.8525483206101927,11.52479231999175
Carside,R-NSGA-II,11,53,27.904308312742323,3.852550175597297,11.52465497156043
Carside,R-NSGA-II,11,53,27.924711015947178,3.8546300159907876,11.516811747660281
Carside,R-NSGA-II,11,53,27.903902754914114,3.8525150032074973,11.524781814183328
Carside,R-NSGA-II,11,53,27.903916074509432,3.8525390145232636,11.52465511987764
Carside,R-NSGA-II,11,53,27.903916142590013,3.8525390135443853,11.524655114719657
Carside,R-NSGA-II,11,53,27.95157375716737,3.8515890369939276,11.519212877363465
Carside,R-NSGA-II,11,53,27.889374611668938,3.8526524237960396,11.525976285691335
Carside,R-NSGA-II,11,53,27.93124219707478,3.8522644102074497,11.517973246388252
Carside,R-NSGA-II,11,53,27.90301876780592,3.8524998017814887,11.52480747712972
Carside,R-NSGA-II,11,53,27.904120075316477,3.852490689688633,11.524723435103324
Carside,R-NSGA-II,11,53,27.913015370047358,3.8510683122881804,11.534093116543485
Carside,R-NSGA-II,11,53,27.982564811397896,3.8501128693391746,11.521908231986178
Carside,R-NSGA-II,11,53,27.904879654445544,3.852593178277273,11.524198260557519
Carside,R-NSGA-II,11,53,27.948741299439046,3.8522438244691966,11.516019720226257
Carside,R-NSGA-II,11,53,27.898239801622758,3.852677792298745,11.524307793431491
Carside,R-NSGA-II,11,53,27.997762574202472,3.8545077340393012,11.514636325947492
Carside,R-NSGA-II,11,53,27.841891021687925,3.852980331782144,11.537340970029824
Carside,R-NSGA-II,11,53,27.905859452411224,3.852458959634532,11.524592494947061
Carside,R-NSGA-II,11,53,28.04095560799382,3.8549890249590666,11.51240026172854
Carside,R-NSGA-II,11,53,27.90005948550177,3.852872087995104,11.523511374313198
Carside,R-NSGA-II,11,53,28.039355399087814,3.8523966387361614,11.512764660570328
Carside,R-NSGA-II,11,53,27.89716445613904,3.8525187167857746,11.525098177094748
Carside,R-NSGA-II,11,53,27.892949249852016,3.8524686051885233,11.527836425463818
Carside,R-NSGA-II,11,53,28.050176527875998,3.8522686958720294,11.50956995353398
Carside,R-NSGA-II,11,53,27.873343879275307,3.851643411568151,11.55053484152563
Carside,R-NSGA-II,11,53,27.89475030917034,3.852571265744963,11.525073444099888
Carside,R-NSGA-II,12,54,27.94326749660469,3.8562103096593607,11.517862079529646
Carside,R-NSGA-II,12,54,27.870992185837196,3.855605389355991,11.52308877951512
Carside,R-NSGA-II,12,54,27.865292931800816,3.8557641003822485,11.52461643306689
Carside,R-NSGA-II,12,54,27.89873100889684,3.8559148176534634,11.518629071701891
Carside,R-NSGA-II,12,54,27.873796736841502,3.8546632382267716,11.523061116646016
Carside,R-NSGA-II,12,54,27.86809689094365,3.8549633040431166,11.523212176637422
Carside,R-NSGA-II,12,54,27.86826623062804,3.8546875046481017,11.524566418264481
Carside,R-NSGA-II,12,54,27.88709376462487,3.854572123581272,11.519558943418081
Carside,R-NSGA-II,12,54,27.85823803340853,3.854739290762659,11.525715074273608
Carside,R-NSGA-II,12,54,27.85445475156967,3.856288731339283,11.526035948553762
Carside,R-NSGA-II,12,54,27.85493763379648,3.854930394248935,11.527579578915933
Carside,R-NSGA-II,12,54,27.945315514631382,3.8545735071955933,11.516464891965613
Carside,R-NSGA-II,12,54,27.875155036064385,3.854767649543754,11.520081204350632
Carside,R-NSGA-II,12,54,27.844683612290034,3.855979808577107,11.527820998287996
Carside,R-NSGA-II,12,54,27.88440423333412,3.8535367808052925,11.522762575859
Carside,R-NSGA-II,12,54,27.88109270747358,3.8533882116504405,11.525441341889216
Carside,R-NSGA-II,12,54,27.900198539129512,3.8536373235480847,11.519438488483026
Carside,R-NSGA-II,12,54,27.88806104625713,3.853274764955304,11.524399603583955
Carside,R-NSGA-II,12,54,27.896768649822867,3.853081573719552,11.525560508490653
Carside,R-NSGA-II,12,54,27.867076544325077,3.8535501960940803,11.527721888298272
Carside,R-NSGA-II,12,54,27.845556939323554,3.85661844369136,11.523053608658172
Carside,R-NSGA-II,12,54,27.910797224128324,3.8534078827158114,11.518910866422505
Carside,R-NSGA-II,12,54,27.857804081990224,3.8537650645130115,11.527120595342879
Carside,R-NSGA-II,12,54,27.87710032207776,3.8532530789447237,11.526913453107042
Carside,R-NSGA-II,12,54,27.882027772896297,3.8531978921495775,11.529374772360406
Carside,R-NSGA-II,12,54,27.885422796607042,3.853535440443265,11.520032356542128
Carside,R-NSGA-II,12,54,27.887187999036566,3.8530004291227558,11.526434847338855
Carside,R-NSGA-II,12,54,27.898551155474564,3.852742728361881,11.525961259251687
Carside,R-NSGA-II,12,54,27.85045930067249,3.8538876651898524,11.53050318209949
Carside,R-NSGA-II,12,54,27.903884890333423,3.8526727992011054,11.524721339667872
Carside,R-NSGA-II,12,54,27.904169045369446,3.8527629684673177,11.522665072776896
Carside,R-NSGA-II,12,54,27.90745334809958,3.8530370823599243,11.519613309988976
Carside,R-NSGA-II,12,54,27.88307120941667,3.8527846386455322,11.528065971736918
Carside,R-NSGA-II,12,54,27.871102232773953,3.85561601982044,11.52301655037208
Carside,R-NSGA-II,12,54,27.89721088107749,3.852577413371179,11.527162200788865
Carside,R-NSGA-II,12,54,27.984319993844863,3.8533882116504405,11.517166308893243
Carside,R-NSGA-II,12,54,27.917388265455063,3.8526958661711905,11.520515288980619
Carside,R-NSGA-II,12,54,27.878239264139673,3.854576206025222,11.521913913665838
Carside,R-NSGA-II,12,54,27.85310198070541,3.853445274002335,11.53046785118246
Carside,R-NSGA-II,12,54,27.878238035771925,3.854576206025222,11.521914017088108
Carside,R-NSGA-II,12,54,27.90825067795351,3.8523490435368313,11.525764835585205
Carside,R-NSGA-II,12,54,27.99128668632784,3.8558980649192485,11.512259257731746
Carside,R-NSGA-II,12,54,27.926348240824325,3.8522337255430523,11.524050786864896
Carside,R-NSGA-II,12,54,27.894846839874265,3.8523513049495266,11.529845000789926
Carside,R-NSGA-II,12,54,27.890666801531694,3.853386049398471,11.522400217389348
Carside,R-NSGA-II,12,54,27.87917904490316,3.8533806036747738,11.52618444342877
Carside,R-NSGA-II,12,54,27.878854805046014,3.8583573416121557,11.518766280776411
Carside,R-NSGA-II,12,54,27.885152012424463,3.8532879057879676,11.52461890802139
Carside,R-NSGA-II,12,54,27.93487179604746,3.8522451231756563,11.520291066457094
Carside,R-NSGA-II,12,54,27.873731961973704,3.8526820095288694,11.533083260943766
Carside,R-NSGA-II,12,54,27.885537911450466,3.853274764955304,11.524554746510558
Carside,R-NSGA-II,12,54,27.936085490147256,3.8518960110574554,11.52401576618038
Carside,R-NSGA-II,12,54,27.896978016508008,3.8530533477661484,11.525562142781157
Carside,R-NSGA-II,12,54,27.88359448961512,3.8532758836952765,11.525185816242102
Carside,R-NSGA-II,12,54,27.889258844082377,3.8522731001715544,11.531905272017795
Carside,R-NSGA-II,12,54,27.89657360066546,3.8530533777416314,11.525576766331147
Carside,R-NSGA-II,12,54,27.86160344442452,3.8585285485643315,11.520975670316599
Carside,R-NSGA-II,12,54,27.853385972129008,3.8530568949851562,11.534782422241395
Carside,R-NSGA-II,12,54,27.895919930724784,3.853053063637418,11.525716757802986
Carside,R-NSGA-II,12,54,27.84373643737449,3.8585285485643315,11.526052698199683
Carside,R-NSGA-II,12,54,27.87229199992209,3.8535028508485136,11.525247388200054
Carside,R-NSGA-II,12,54,27.94222391423912,3.8521725913147415,11.518027368528044
Carside,R-NSGA-II,12,54,27.883072051716056,3.8532858116348487,11.524685637856589
Carside,R-NSGA-II,12,54,27.86754651440175,3.8526103130014957,11.535083983516225
Carside,R-NSGA-II,12,54,27.898416186207122,3.8530004291227558,11.525542273562838
Carside,R-NSGA-II,12,54,27.931202536523802,3.851568404339254,11.525532585380656
Carside,R-NSGA-II,12,54,27.87107215990195,3.8535014667761645,11.525306520334905
Carside,R-NSGA-II,12,54,27.87622545692596,3.853347599535848,11.526491016331807
Carside,R-NSGA-II,12,54,27.893564754940197,3.8531367721462546,11.523759721362106
Carside,R-NSGA-II,12,54,27.938674171539557,3.8517051515331118,11.521579689639161
Carside,R-NSGA-II,12,54,27.8749576642955,3.8535885022546768,11.522592805587106
Carside,R-NSGA-II,12,54,27.923798349391408,3.8514670052410733,11.527500586295996
Carside,R-NSGA-II,12,54,27.87366203099539,3.853418915378109,11.525510420929454
Carside,R-NSGA-II,12,54,27.898473849362727,3.8519227260693976,11.534453785420908
Carside,R-NSGA-II,12,54,28.011357944840718,3.8524117167545535,11.516949058208338
Carside,R-NSGA-II,12,54,27.901425767238944,3.853474532826347,11.519442844604251
Carside,R-NSGA-II,12,54,28.011617280554905,3.85401102408666,11.510767884035648
Carside,R-NSGA-II,12,54,27.901970150846072,3.85295016623922,11.524718230691686
Carside,R-NSGA-II,12,54,27.935685217748297,3.851279253459015,11.526472236815163
Carside,R-NSGA-II,12,54,27.878568934808936,3.8532502622958105,11.526317869583425
Carside,R-NSGA-II,12,54,27.870090758216392,3.852281394267048,11.537433786655622
Carside,R-NSGA-II,12,54,27.91326963609712,3.8513157720675464,11.531846292563312
Carside,R-NSGA-II,12,54,27.871199123373245,3.8533931847493874,11.527779158826384
Carside,R-NSGA-II,12,54,27.954724372667254,3.851234288368556,11.521576808285388
Carside,R-NSGA-II,12,54,27.96046878213233,3.8512805776873873,11.519904895130082
Carside,R-NSGA-II,12,54,27.953172144393044,3.8507924506646583,11.523940550948403
Carside,R-NSGA-II,12,54,27.877072974859512,3.853253470019161,11.526915531909928
Carside,R-NSGA-II,12,54,27.88826612895107,3.8530528886929063,11.526086501423515
Carside,R-NSGA-II,12,54,27.96852376917898,3.8506157462072776,11.521765762376099
Carside,R-NSGA-II,12,54,27.888225723066437,3.8530528886929063,11.52608896477605
Carside,R-NSGA-II,12,54,28.00450716805742,3.8510063506544605,11.518433357384868
Carside,R-NSGA-II,12,54,27.8354543600082,3.8600994628384093,11.52300490347432
Carside,R-NSGA-II,12,54,27.876737060823345,3.8532468854720237,11.526933009194558
Carside,R-NSGA-II,12,54,27.874381101483788,3.8533232511537476,11.528933095431281
Carside,R-NSGA-II,12,54,27.88840902546577,3.8530354668535955,11.526086238904597
Carside,R-NSGA-II,12,54,27.970946994200435,3.850283341867097,11.524902592561169
Carside,R-NSGA-II,12,54,27.888596581965537,3.8530325761752295,11.526072123229486
Carside,R-NSGA-II,12,54,27.98761407568141,3.8501972780111795,11.522560485558873
Carside,R-NSGA-II,12,54,28.028646249167707,3.85074253555158,11.516178558008765
Carside,R-NSGA-II,12,54,27.88263000725474,3.8530561927938893,11.526529748431852
Carside,R-NSGA-II,13,55,27.920238738660426,3.8525494820981323,11.523055846691168
Carside,R-NSGA-II,13,55,27.898409916331065,3.852880169687163,11.52598025810958
Carside,R-NSGA-II,13,55,27.913571434030676,3.852360568142606,11.526226350008843
Carside,R-NSGA-II,13,55,27.9050161339145,3.852709303203119,11.524720896543815
Carside,R-NSGA-II,13,55,27.891772121379557,3.853452343340206,11.5233853675986
Carside,R-NSGA-II,13,55,27.88580637409899,3.8532897402252653,11.526616151393565
Carside,R-NSGA-II,13,55,27.908933894123848,3.8532360305926954,11.520572225284738
Carside,R-NSGA-II,13,55,27.906883458089897,3.8527018320470643,11.522807015353932
Carside,R-NSGA-II,13,55,27.94171570898464,3.8552830339555753,11.51648655702371
Carside,R-NSGA-II,13,55,27.92328719208858,3.8526294283924734,11.521041247534107
Carside,R-NSGA-II,13,55,27.915835208887742,3.8521564842572946,11.524429177340325
Carside,R-NSGA-II,13,55,27.87937412539374,3.855256561121015,11.521520095375996
Carside,R-NSGA-II,13,55,27.871909627542603,3.855316928957523,11.523815720225592
Carside,R-NSGA-II,13,55,27.887315875158443,3.8530592553134144,11.525410029965837
Carside,R-NSGA-II,13,55,27.933637365273803,3.851923345907656,11.523587091039538
Carside,R-NSGA-II,13,55,27.9293721459939,3.8541933569168494,11.516984910867347
Carside,R-NSGA-II,13,55,27.888975311116287,3.8535834429093345,11.521567745536991
Carside,R-NSGA-II,13,55,27.902602140222534,3.853463030293153,11.519805132862398
Carside,R-NSGA-II,13,55,27.882784203668646,3.8553432279732753,11.519924609475796
Carside,R-NSGA-II,13,55,27.93637166843692,3.8516343485967615,11.525297641919254
Carside,R-NSGA-II,13,55,27.882580505434433,3.853638565509023,11.522425563421972
Carside,R-NSGA-II,13,55,27.88888205164292,3.85520262158583,11.51886223750429
Carside,R-NSGA-II,13,55,27.931910818685374,3.8525494820981323,11.519717193749688
Carside,R-NSGA-II,13,55,27.876990810545163,3.8535053492312445,11.524573518968165
Carside,R-NSGA-II,13,55,27.893981537590076,3.8532503788127404,11.520923128654752
Carside,R-NSGA-II,13,55,27.902367877147856,3.853761582988015,11.518621577466426
Carside,R-NSGA-II,13,55,27.872914887822503,3.853984058090135,11.523663977461425
Carside,R-NSGA-II,13,55,27.91944418031877,3.8518094345535054,11.53031237116033
Carside,R-NSGA-II,13,55,27.869061345310644,3.8564057415065482,11.522606420910408
Carside,R-NSGA-II,13,55,27.916562423912644,3.8535610743396504,11.517540829472821
Carside,R-NSGA-II,13,55,27.872181504577718,3.853420154173214,11.526601030842022
Carside,R-NSGA-II,13,55,27.955059887859846,3.853827352360789,11.516432964577067
Carside,R-NSGA-II,13,55,27.890126620881162,3.852576050186239,11.530793921784976
Carside,R-NSGA-II,13,55,27.898046990491995,3.8528922648328634,11.525985343670804
Carside,R-NSGA-II,13,55,27.947045277888186,3.8514348845564066,11.523934191686363
Carside,R-NSGA-II,13,55,27.864189498752385,3.85400526038977,11.526555269418457
Carside,R-NSGA-II,13,55,27.917680535241402,3.8525910623537123,11.522964811780588
Carside,R-NSGA-II,13,55,27.912279709718177,3.8518108772741435,11.531389089222571
Carside,R-NSGA-II,13,55,27.922655724946104,3.852564787294199,11.52237327703697
Carside,R-NSGA-II,13,55,27.924052754030317,3.852419076570205,11.523004839111097
Carside,R-NSGA-II,13,55,27.867853129154838,3.8535548426332165,11.52847393338201
Carside,R-NSGA-II,13,55,27.8899983540294,3.8534538802995453,11.52346022890819
Carside,R-NSGA-II,13,55,27.888609273270742,3.855558596565866,11.517543630822807
Carside,R-NSGA-II,13,55,27.89316020432769,3.854122871369977,11.517836360525584
Carside,R-NSGA-II,13,55,27.888772512581873,3.853535784961035,11.522894945415866
Carside,R-NSGA-II,13,55,27.907875516045408,3.85326414523568,11.517816093881756
Carside,R-NSGA-II,13,55,27.88699216174706,3.8534759705384913,11.523654023462491
Carside,R-NSGA-II,13,55,27.888776499207523,3.853535727885744,11.52286035017944
Carside,R-NSGA-II,13,55,27.876030258017423,3.855703025727572,11.518957633072791
Carside,R-NSGA-II,13,55,27.888237659327807,3.8535357848030514,11.522945288774288
Carside,R-NSGA-II,13,55,27.910309041176557,3.8527135219574844,11.522036339559453
Carside,R-NSGA-II,13,55,27.944879145097552,3.8510929761690234,11.525212688632408
Carside,R-NSGA-II,13,55,27.888374920718153,3.853519635990787,11.522917225095028
Carside,R-NSGA-II,13,55,27.867858073224223,3.856907185436478,11.521120007300038
Carside,R-NSGA-II,13,55,27.941147570348647,3.85261994714754,11.517392472336695
Carside,R-NSGA-II,13,55,27.9099174483081,3.8531133929479346,11.520542060371609
Carside,R-NSGA-II,13,55,27.885640923771486,3.8535566865839694,11.523384654150096
Carside,R-NSGA-II,13,55,27.88427020665985,3.853556268107943,11.523812940520717
Carside,R-NSGA-II,13,55,27.948716833072336,3.850913250589986,11.52737618694366
Carside,R-NSGA-II,13,55,27.92635517171432,3.852450412561515,11.521472772985334
Carside,R-NSGA-II,13,55,27.956259532720477,3.8510609386412225,11.523499067704382
Carside,R-NSGA-II,13,55,27.915691401660556,3.8521564842572946,11.524441290315636
Carside,R-NSGA-II,13,55,27.855851624484767,3.854062240670078,11.528692412051754
Carside,R-NSGA-II,13,55,27.91576018910517,3.851300120790802,11.531407009042628
Carside,R-NSGA-II,13,55,27.87241612217946,3.852827665070535,11.531088898274547
Carside,R-NSGA-II,13,55,27.90979308842422,3.8524240885500687,11.523378146869124
Carside,R-NSGA-II,13,55,27.880064172764843,3.853494478305518,11.526190956832703
Carside,R-NSGA-II,13,55,27.947342789387278,3.851212105525454,11.52156641553167
Carside,R-NSGA-II,13,55,27.88807341270391,3.8530217288469117,11.525309186275162
Carside,R-NSGA-II,13,55,27.88521933005829,3.8534192048077687,11.523671902533925
Carside,R-NSGA-II,13,55,27.889775078824837,3.853089316578192,11.523815720225592
Carside,R-NSGA-II,13,55,27.953320590362786,3.8519250014125332,11.518120734282963
Carside,R-NSGA-II,13,55,27.879889829525833,3.8534646722202544,11.526233748952345
Carside,R-NSGA-II,13,55,27.899480285633672,3.8519234343288464,11.533947114994174
Carside,R-NSGA-II,13,55,27.861425143875525,3.8569458305986823,11.520107479599474
Carside,R-NSGA-II,13,55,27.91763477090458,3.852162753051229,11.52326821259458
Carside,R-NSGA-II,13,55,27.888729110059558,3.852946992877955,11.52501309872326
Carside,R-NSGA-II,13,55,27.84479969152807,3.856662745424191,11.526410542739445
Carside,R-NSGA-II,13,55,27.88769302071316,3.8531680470143557,11.523769178466967
Carside,R-NSGA-II,13,55,27.967218157831866,3.851890908969004,11.51759797563971
Carside,R-NSGA-II,13,55,27.85276490423577,3.857096222417873,11.521825479565548
Carside,R-NSGA-II,13,55,27.884922952625075,3.852353591390894,11.534765275854
Carside,R-NSGA-II,13,55,27.867949593021688,3.8552742454792033,11.524527922762529
Carside,R-NSGA-II,13,55,27.884349148391212,3.8530113459858852,11.527210331982307
Carside,R-NSGA-II,13,55,27.96515707988204,3.8510929761690234,11.519443864455424
Carside,R-NSGA-II,13,55,27.89624325637142,3.8536919875470943,11.519943671911497
Carside,R-NSGA-II,13,55,27.989104811512725,3.853165368863718,11.514053294661881
Carside,R-NSGA-II,13,55,27.849649693715076,3.8535886197835465,11.535023988115231
Carside,R-NSGA-II,13,55,27.837192875985362,3.853947505538742,11.533033295723543
Carside,R-NSGA-II,13,55,27.84166081429867,3.8537178957253544,11.534373139591183
Carside,R-NSGA-II,13,55,27.88221164182558,3.8530284353097763,11.527048077296303
Carside,R-NSGA-II,13,55,27.881817762465655,3.8530529132305924,11.527052390027794
Carside,R-NSGA-II,13,55,27.98090875924998,3.8518120289773465,11.514331740061099
Carside,R-NSGA-II,13,55,27.924431108759514,3.8526243246550225,11.519891565429967
Carside,R-NSGA-II,13,55,27.829864872267645,3.85518631132472,11.534374790431634
Carside,R-NSGA-II,13,55,27.881573913843706,3.8530592553134144,11.527042024998801
Carside,R-NSGA-II,13,55,27.997632321318093,3.8497459400259775,11.523185069117995
Carside,R-NSGA-II,13,55,27.81974005189517,3.8570383187890345,11.531576762447457
Carside,R-NSGA-II,13,55,28.006349369263656,3.850062618663219,11.518632539841072
Carside,R-NSGA-II,13,55,27.87759764025281,3.8533239462730844,11.526369073694362
Carside,R-NSGA-II,14,56,27.91456272077477,3.851984195438674,11.525995357365183
Carside,R-NSGA-II,14,56,27.907117944210967,3.8525256098399705,11.523494653035613
Carside,R-NSGA-II,14,56,27.89636118224305,3.8523923751154983,11.526960920455176
Carside,R-NSGA-II,14,56,27.93440902659816,3.851399187075164,11.524435647111936
Carside,R-NSGA-II,14,56,27.892694567381326,3.854098046493983,11.52162369853869
Carside,R-NSGA-II,14,56,27.91987037929837,3.852371278541731,11.521364968041746
Carside,R-NSGA-II,14,56,27.889574803086756,3.8530877338869294,11.523143391585782
Carside,R-NSGA-II,14,56,27.883864321830064,3.8529028407101547,11.525405039088573
Carside,R-NSGA-II,14,56,27.92575885344571,3.8515805035551054,11.526429701554203
Carside,R-NSGA-II,14,56,27.926014108527934,3.851553812552035,11.52642688915148
Carside,R-NSGA-II,14,56,27.925254563320827,3.851553812552035,11.526462051564742
Carside,R-NSGA-II,14,56,27.941308606646547,3.8561298950479515,11.51790765769464
Carside,R-NSGA-II,14,56,27.90343487275598,3.8524528065582784,11.524785372141157
Carside,R-NSGA-II,14,56,27.90950619074405,3.851995951474796,11.526212084034658
Carside,R-NSGA-II,14,56,27.90743864216095,3.8522764482911036,11.524614753717213
Carside,R-NSGA-II,14,56,27.904882180704288,3.852407886364793,11.524472611159414
Carside,R-NSGA-II,14,56,27.906871351088824,3.8523067243390696,11.52448921693026
Carside,R-NSGA-II,14,56,27.90685485858491,3.8523061250391817,11.524489526641162
Carside,R-NSGA-II,14,56,27.90751548547627,3.852295009203604,11.524401534404806
Carside,R-NSGA-II,14,56,27.9068083047285,3.8523067243390696,11.524494542882781
Carside,R-NSGA-II,14,56,27.909048032255516,3.851332724019372,11.529161795898574
Carside,R-NSGA-II,14,56,27.906962464869146,3.852306146886804,11.524440815010244
Carside,R-NSGA-II,14,56,27.907286507067237,3.8522980776126734,11.524398247504063
Carside,R-NSGA-II,14,56,27.94609681146469,3.8506732219651227,11.52636822789648
Carside,R-NSGA-II,14,56,27.90588409928138,3.852340062543129,11.524495957360383
Carside,R-NSGA-II,14,56,27.88259979262597,3.8526126705484423,11.528686221025584
Carside,R-NSGA-II,14,56,27.904084140169026,3.8523622379085705,11.5248072787065
Carside,R-NSGA-II,14,56,27.91365048223197,3.852097966619663,11.524109739343922
Carside,R-NSGA-II,14,56,27.908935486605632,3.8521849104412293,11.524538952846562
Carside,R-NSGA-II,14,56,27.90857333310514,3.853647133556021,11.519096771373464
Carside,R-NSGA-II,14,56,27.908429236563716,3.8524895386413194,11.523410807233567
Carside,R-NSGA-II,14,56,27.867886693913608,3.8559641189508946,11.52397490052714
Carside,R-NSGA-II,14,56,27.90986747380903,3.852250680664685,11.524028497348977
Carside,R-NSGA-II,14,56,27.906119556065356,3.8522131795209233,11.524922187922815
Carside,R-NSGA-II,14,56,27.90549750932621,3.8522331335004463,11.524931215593675
Carside,R-NSGA-II,14,56,27.90347658444581,3.8523936057999184,11.524581912639782
Carside,R-NSGA-II,14,56,27.90065431357327,3.8524638495442645,11.524936012544037
Carside,R-NSGA-II,14,56,27.944664373231134,3.851551627295178,11.520413584404132
Carside,R-NSGA-II,14,56,27.90494336511905,3.8522509107853007,11.524817568817621
Carside,R-NSGA-II,14,56,27.867291641557202,3.853537419536897,11.52586738828299
Carside,R-NSGA-II,14,56,27.90009202708536,3.8524788780393533,11.524949391638202
Carside,R-NSGA-II,14,56,27.904943365131032,3.8522509107853007,11.524816250152828
Carside,R-NSGA-II,14,56,27.9006615734079,3.8524673841231376,11.52481966155742
Carside,R-NSGA-II,14,56,27.911490249947036,3.85180857812832,11.52630440326563
Carside,R-NSGA-II,14,56,27.904534949714087,3.8522764482911036,11.524739921727496
Carside,R-NSGA-II,14,56,27.90015923261671,3.852298037097906,11.526301824313396
Carside,R-NSGA-II,14,56,27.97525843918281,3.851073073156231,11.522784826960926
Carside,R-NSGA-II,14,56,27.90250045554797,3.8521712467679134,11.526357726620416
Carside,R-NSGA-II,14,56,27.925670765066368,3.8514149492771756,11.526832934380925
Carside,R-NSGA-II,14,56,27.902178801840314,3.852175870540683,11.526382073807218
Carside,R-NSGA-II,14,56,27.963328532094277,3.850231236456607,11.525169795700343
Carside,R-NSGA-II,14,56,27.925848576137188,3.851402077329804,11.526826633698555
Carside,R-NSGA-II,14,56,27.904136483006504,3.8521971856620563,11.525057502183369
Carside,R-NSGA-II,14,56,27.921580323975657,3.8517476299057867,11.524181333911686
Carside,R-NSGA-II,14,56,27.901531732603715,3.8523129969458574,11.525032208581296
Carside,R-NSGA-II,14,56,27.86875945611612,3.8530493258615537,11.530255673659958
Carside,R-NSGA-II,14,56,27.90229152579366,3.852123278857458,11.526378735331434
Carside,R-NSGA-II,14,56,27.94484258258052,3.8502098752137828,11.530603569287607
Carside,R-NSGA-II,14,56,27.916781424915172,3.8517599133994422,11.524623245664067
Carside,R-NSGA-II,14,56,27.87212619490642,3.8559377455731276,11.520493318892438
Carside,R-NSGA-II,14,56,27.8997564688984,3.8526168966981142,11.523959916153434
Carside,R-NSGA-II,14,56,27.898256982023337,3.852435595396782,11.525156716139547
Carside,R-NSGA-II,14,56,27.898271707081644,3.8524337593545988,11.525156716139547
Carside,R-NSGA-II,14,56,27.88246614924483,3.8521831304134357,11.533289952182718
Carside,R-NSGA-II,14,56,27.92928967435391,3.851291111753871,11.526499805917199
Carside,R-NSGA-II,14,56,27.85097816520225,3.8572781224227826,11.526586756466973
Carside,R-NSGA-II,14,56,27.89766423351025,3.852444534968254,11.525203437228111
Carside,R-NSGA-II,14,56,27.896366255104436,3.8523717671795787,11.526759090175347
Carside,R-NSGA-II,14,56,27.897233967500167,3.852298177118532,11.52707737026882
Carside,R-NSGA-II,14,56,27.93687676650312,3.8502987911814484,11.533136914560178
Carside,R-NSGA-II,14,56,27.897234265704775,3.852298139935913,11.52707737026882
Carside,R-NSGA-II,14,56,27.89699976069553,3.852324231416636,11.526440867457499
Carside,R-NSGA-II,14,56,27.997723631845453,3.850796068708946,11.523888790809949
Carside,R-NSGA-II,14,56,27.983757314864544,3.851072243529065,11.520519053829124
Carside,R-NSGA-II,14,56,27.905104351470566,3.8520131631534045,11.525217867395085
Carside,R-NSGA-II,14,56,27.850558998070362,3.8535110749928645,11.528456297374934
Carside,R-NSGA-II,14,56,27.896725525325643,3.8524980706069707,11.524877228758282
Carside,R-NSGA-II,14,56,27.89301323655268,3.852516823766929,11.52657129646433
Carside,R-NSGA-II,14,56,27.89355425107973,3.852477544242116,11.526489987692578
Carside,R-NSGA-II,14,56,27.845071238645136,3.854796891047257,11.528589846743337
Carside,R-NSGA-II,14,56,27.98069389649981,3.8496869561547387,11.525627498081661
Carside,R-NSGA-II,14,56,27.894287662005283,3.8526167213542575,11.524920119328891
Carside,R-NSGA-II,14,56,27.933242178023743,3.851237752826788,11.525569975301007
Carside,R-NSGA-II,14,56,27.935277217913715,3.851220698998671,11.525434966838274
Carside,R-NSGA-II,14,56,27.892492303922385,3.852516823766929,11.52661535499944
Carside,R-NSGA-II,14,56,27.84988188097167,3.853488031676572,11.531222062704327
Carside,R-NSGA-II,14,56,27.892915961383597,3.852474975854503,11.526969342743456
Carside,R-NSGA-II,14,56,27.85761334579642,3.8592551660540275,11.521735135486125
Carside,R-NSGA-II,14,56,27.848986646842523,3.859254957108151,11.524201317652263
Carside,R-NSGA-II,14,56,27.894089564440332,3.8523936057999184,11.527226131395787
Carside,R-NSGA-II,14,56,28.003900249526005,3.850028039328893,11.521183156068668
Carside,R-NSGA-II,14,56,27.894081693717617,3.8523936057999184,11.527226796308483
Carside,R-NSGA-II,14,56,27.893208271612167,3.852439631374077,11.527086417421323
Carside,R-NSGA-II,14,56,27.841983405214588,3.8545219287190124,11.534222904685581
Carside,R-NSGA-II,14,56,27.897445908134,3.8523110313059847,11.525258819280445
Carside,R-NSGA-II,14,56,27.83453760817366,3.860104259927514,11.524340934199916
Carside,R-NSGA-II,14,56,27.89708539916324,3.852309715733749,11.525333933233746
Carside,R-NSGA-II,14,56,28.015328452129364,3.853159616372122,11.513609773551337
Carside,R-NSGA-II,14,56,27.891091362013935,3.8525457306058133,11.52648094633415
Carside,R-NSGA-II,14,56,28.0669549422119,3.8524337593545988,11.517531207188933
Carside,R-NSGA-II,15,57,27.869925765954672,3.8550580581791767,11.524696486619408
Carside,R-NSGA-II,15,57,27.858586782259437,3.8552777145075336,11.526272210834582
Carside,R-NSGA-II,15,57,27.87660532787285,3.855131340876509,11.521824625360345
Carside,R-NSGA-II,15,57,27.881241188419626,3.853413082490011,11.525465111332235
Carside,R-NSGA-II,15,57,27.879451242152474,3.853697927377319,11.523716822818447
Carside,R-NSGA-II,15,57,27.89024770504,3.854694274167129,11.52009850588465
Carside,R-NSGA-II,15,57,27.896254402224912,3.8530731461801366,11.523434135994677
Carside,R-NSGA-II,15,57,27.89380338356646,3.8527832392280894,11.525728554630057
Carside,R-NSGA-II,15,57,27.899833552978237,3.8535206168135407,11.521096698120687
Carside,R-NSGA-II,15,57,27.86318462570916,3.8537437011774394,11.52790128068099
Carside,R-NSGA-II,15,57,27.86416032034929,3.8537716521559564,11.525020666071157
Carside,R-NSGA-II,15,57,27.87896238929944,3.8555960850205486,11.519803532777217
Carside,R-NSGA-II,15,57,27.847454946883445,3.855774160038352,11.524948524075478
Carside,R-NSGA-II,15,57,27.911021359637843,3.8526811831193593,11.522860687951866
Carside,R-NSGA-II,15,57,27.86356909181784,3.8550429274164264,11.526372178326781
Carside,R-NSGA-II,15,57,27.86356909181808,3.8550429274164264,11.526372152237833
Carside,R-NSGA-II,15,57,27.84338610534176,3.8556339655366036,11.526731067014882
Carside,R-NSGA-II,15,57,27.863192004333364,3.8554963935612876,11.524079196560148
Carside,R-NSGA-II,15,57,27.894210277343767,3.855984699162474,11.518322714805873
Carside,R-NSGA-II,15,57,27.859445513872473,3.855570084326241,11.524577119873513
Carside,R-NSGA-II,15,57,27.87824357861245,3.855023682749611,11.521433819791294
Carside,R-NSGA-II,15,57,27.861509430585716,3.855764093578652,11.52107736629858
Carside,R-NSGA-II,15,57,27.865051717466688,3.855107225229303,11.523217501636317
Carside,R-NSGA-II,15,57,27.86489621487613,3.855126614579747,11.523217501636317
Carside,R-NSGA-II,15,57,27.88179308935031,3.853769135605691,11.520814442820669
Carside,R-NSGA-II,15,57,27.854706780214073,3.8554899650082364,11.526078769390102
Carside,R-NSGA-II,15,57,27.880966920290348,3.852688991451002,11.528380360611585
Carside,R-NSGA-II,15,57,27.8557176662655,3.855570084326241,11.524866067043554
Carside,R-NSGA-II,15,57,27.92211972950586,3.855376561897385,11.516927956951978
Carside,R-NSGA-II,15,57,27.878987536983697,3.853695706227812,11.523757530164115
Carside,R-NSGA-II,15,57,27.872224225525127,3.855219429522065,11.521539720717664
Carside,R-NSGA-II,15,57,27.85427800602464,3.854912218800757,11.527525390987531
Carside,R-NSGA-II,15,57,27.908164928245725,3.854746668687546,11.517488050877171
Carside,R-NSGA-II,15,57,27.8574239694318,3.853521421117313,11.529714889713112
Carside,R-NSGA-II,15,57,27.88126820102279,3.8535251032925832,11.523880696164653
Carside,R-NSGA-II,15,57,27.896589152249234,3.8523275206753644,11.530010313245725
Carside,R-NSGA-II,15,57,27.881418083631605,3.8535099445826866,11.523912007265546
Carside,R-NSGA-II,15,57,27.8541630327991,3.85491386392765,11.52753178238618
Carside,R-NSGA-II,15,57,27.907045337650725,3.8520378390082706,11.525451327372572
Carside,R-NSGA-II,15,57,27.882645026075195,3.8535098482025396,11.523576012012642
Carside,R-NSGA-II,15,57,27.93812136562291,3.852341805711836,11.521373995184355
Carside,R-NSGA-II,15,57,27.852015594479163,3.8555489829144953,11.525944133669283
Carside,R-NSGA-II,15,57,27.837297783623498,3.856581476268217,11.526597099742087
Carside,R-NSGA-II,15,57,27.88289301428273,3.8534458699089598,11.52377928390067
Carside,R-NSGA-II,15,57,27.894953075928854,3.853545587872646,11.519252967349331
Carside,R-NSGA-II,15,57,27.8904764267449,3.8546674193645694,11.520090634505541
Carside,R-NSGA-II,15,57,27.889705434737284,3.8531506305747216,11.524167363029683
Carside,R-NSGA-II,15,57,27.922320937270342,3.8518974065600897,11.523968361019739
Carside,R-NSGA-II,15,57,27.919141328679448,3.8516926429094314,11.527599260555395
Carside,R-NSGA-II,15,57,27.891594456710173,3.8529571175368393,11.525226085545341
Carside,R-NSGA-II,15,57,27.866464877204574,3.8531276828370875,11.531519121353154
Carside,R-NSGA-II,15,57,27.872493919626955,3.853504742474966,11.526111578125173
Carside,R-NSGA-II,15,57,27.890520292089274,3.853103810614649,11.524149155672255
Carside,R-NSGA-II,15,57,27.877923710408226,3.853279950530995,11.526285056008895
Carside,R-NSGA-II,15,57,27.903325335782135,3.852864100052204,11.519647850428601
Carside,R-NSGA-II,15,57,27.878729871748146,3.8532511731159675,11.526073725473726
Carside,R-NSGA-II,15,57,27.836388330979382,3.8552254617591495,11.531226327194432
Carside,R-NSGA-II,15,57,27.89047447653231,3.8529571175368393,11.525277153741127
Carside,R-NSGA-II,15,57,27.92430718853329,3.8524943019563387,11.519832515988623
Carside,R-NSGA-II,15,57,27.885087233920306,3.853182043576239,11.524554433023084
Carside,R-NSGA-II,15,57,27.901873082736913,3.8558449320561228,11.51636377201802
Carside,R-NSGA-II,15,57,27.874653190364214,3.8535360265989804,11.52466633247757
Carside,R-NSGA-II,15,57,27.88756836709221,3.8529713963058896,11.526033737905369
Carside,R-NSGA-II,15,57,27.894631465158096,3.8566006841348393,11.516731553630434
Carside,R-NSGA-II,15,57,27.88371585229607,3.853085998009476,11.525935076051432
Carside,R-NSGA-II,15,57,27.87251050940678,3.85364439242489,11.524533034572492
Carside,R-NSGA-II,15,57,27.929531997782323,3.854334381528103,11.515893622970708
Carside,R-NSGA-II,15,57,27.876915396684687,3.8534216062100097,11.524737887095945
Carside,R-NSGA-II,15,57,27.916755155760782,3.85315009550033,11.517558393077216
Carside,R-NSGA-II,15,57,27.87545500341424,3.853335722059396,11.526184164939188
Carside,R-NSGA-II,15,57,27.8961764540983,3.8529286257029316,11.524133560503678
Carside,R-NSGA-II,15,57,27.956136372092725,3.8515103765835352,11.523345226059483
Carside,R-NSGA-II,15,57,27.875726983106336,3.853584276330116,11.523982684663125
Carside,R-NSGA-II,15,57,27.88797883542444,3.852926334584028,11.526350315929836
Carside,R-NSGA-II,15,57,27.896492161130475,3.852081284202346,11.532601588080707
Carside,R-NSGA-II,15,57,27.87104471228456,3.8538609743709613,11.523699654149468
Carside,R-NSGA-II,15,57,27.850367874168036,3.857707211442428,11.520808474433903
Carside,R-NSGA-II,15,57,27.876158649458077,3.8532894998465177,11.526385003004922
Carside,R-NSGA-II,15,57,27.91015077539134,3.8513572478761895,11.52958278999991
Carside,R-NSGA-II,15,57,27.89129864800729,3.85305663423004,11.523906337149338
Carside,R-NSGA-II,15,57,27.868330313264668,3.853583043836521,11.526627303009565
Carside,R-NSGA-II,15,57,27.83481656015995,3.857959362080602,11.52495156281394
Carside,R-NSGA-II,15,57,27.901484796551202,3.8528587502678464,11.52363506472367
Carside,R-NSGA-II,15,57,27.931765983085764,3.8526085032239745,11.517639249848067
Carside,R-NSGA-II,15,57,27.93622276869773,3.851061529031975,11.525042196298875
Carside,R-NSGA-II,15,57,27.901448084214003,3.8528587502678464,11.523636766198909
Carside,R-NSGA-II,15,57,27.929949175317784,3.85101575001325,11.527166287540817
Carside,R-NSGA-II,15,57,27.95759956199344,3.8515320391972865,11.520881993934477
Carside,R-NSGA-II,15,57,27.89385930679177,3.852781679175789,11.525727147352098
Carside,R-NSGA-II,15,57,27.893476342663632,3.852869339749675,11.524750049132884
Carside,R-NSGA-II,15,57,27.99188028660913,3.8534087538286586,11.516303146704342
Carside,R-NSGA-II,15,57,27.868713140890268,3.8535579045267636,11.526217200489288
Carside,R-NSGA-II,15,57,27.871822575213173,3.853753843487261,11.52372759435658
Carside,R-NSGA-II,15,57,27.939183198012497,3.850778182090443,11.529259689983007
Carside,R-NSGA-II,15,57,27.86918753408742,3.8536467147463243,11.524979740039921
Carside,R-NSGA-II,15,57,27.833324326596376,3.854993428068164,11.535210946470514
Carside,R-NSGA-II,15,57,27.889216811095622,3.8529683102809495,11.524677173569614
Carside,R-NSGA-II,15,57,27.977975939694083,3.851738182108814,11.519257887232255
Carside,R-NSGA-II,15,57,27.89830280329904,3.8531319827275547,11.52240960876896
Carside,R-NSGA-II,15,57,27.856931252343646,3.852885259522733,11.53526712380063
Carside,R-NSGA-II,16,58,27.91552305925804,3.8524121938782354,11.524839810333273
Carside,R-NSGA-II,16,58,27.91000611001466,3.8523298304144005,11.525885913035145
Carside,R-NSGA-II,16,58,27.930851583258466,3.8518842890101173,11.524623396197175
Carside,R-NSGA-II,16,58,27.926291817648252,3.851596484790101,11.526128206846204
Carside,R-NSGA-II,16,58,27.905139832275193,3.852137458269938,11.52735383158976
Carside,R-NSGA-II,16,58,27.938061788112503,3.8513607143726816,11.525065161864562
Carside,R-NSGA-II,16,58,27.895766498718512,3.852458932649989,11.527200493686609
Carside,R-NSGA-II,16,58,27.895224459944767,3.8527873164170896,11.52452409788004
Carside,R-NSGA-II,16,58,27.922824289953127,3.8513582395883312,11.528925202496382
Carside,R-NSGA-II,16,58,27.94956206600193,3.851088173330352,11.524641917547806
Carside,R-NSGA-II,16,58,27.918638469533526,3.852135806792259,11.5219846584604
Carside,R-NSGA-II,16,58,27.93012703441635,3.8509543818665573,11.52731253722298
Carside,R-NSGA-II,16,58,27.898747555154287,3.852145200784627,11.529465589400306
Carside,R-NSGA-II,16,58,27.95122857491703,3.8514405546520565,11.522980571979124
Carside,R-NSGA-II,16,58,27.911780782105073,3.851624839797891,11.529985132834849
Carside,R-NSGA-II,16,58,27.918515660409,3.852360180078066,11.524337735648581
Carside,R-NSGA-II,16,58,27.898656239523948,3.8524724859866883,11.523147216657659
Carside,R-NSGA-II,16,58,27.915660767508164,3.852191792607762,11.52552447895063
Carside,R-NSGA-II,16,58,27.91704040090009,3.8521499430639308,11.52545703285884
Carside,R-NSGA-II,16,58,27.885325091351127,3.852699368956084,11.52752658407114
Carside,R-NSGA-II,16,58,27.880982783889664,3.853122764650809,11.526513479879087
Carside,R-NSGA-II,16,58,27.913476004434994,3.8523694989804445,11.524923317412219
Carside,R-NSGA-II,16,58,27.91301810636462,3.852384895174196,11.524929734663797
Carside,R-NSGA-II,16,58,27.916745993380456,3.8521499430639308,11.525482043784917
Carside,R-NSGA-II,16,58,27.91691963441243,3.852151371267498,11.525393475751622
Carside,R-NSGA-II,16,58,27.91360921522641,3.8523010884773217,11.525131568215272
Carside,R-NSGA-II,16,58,27.91363957880231,3.852226006744941,11.52561537895747
Carside,R-NSGA-II,16,58,27.9134531017768,3.852232247832798,11.525618117913481
Carside,R-NSGA-II,16,58,27.914462903560075,3.8522635532433025,11.525129312001946
Carside,R-NSGA-II,16,58,27.916688106176508,3.8521110550890487,11.525488553484788
Carside,R-NSGA-II,16,58,27.91554998477958,3.8522720396893333,11.524738183602702
Carside,R-NSGA-II,16,58,27.905214354241735,3.8530512402561867,11.520783094651838
Carside,R-NSGA-II,16,58,27.915130043438687,3.8524133651738426,11.52090438819538
Carside,R-NSGA-II,16,58,27.915684708389794,3.8521923681520125,11.525115575893253
Carside,R-NSGA-II,16,58,27.91396781119806,3.852208354094795,11.52540573401469
Carside,R-NSGA-II,16,58,27.900511996198837,3.851973330518786,11.531179677421044
Carside,R-NSGA-II,16,58,27.909338882865274,3.8523290531816037,11.526014683723123
Carside,R-NSGA-II,16,58,27.913935607398145,3.852208354094795,11.52540846962551
Carside,R-NSGA-II,16,58,27.88776506842919,3.853046913691338,11.522366477793378
Carside,R-NSGA-II,16,58,27.91510021280046,3.852200871495776,11.525174175288559
Carside,R-NSGA-II,16,58,27.91517749764806,3.852200871495776,11.52515357642896
Carside,R-NSGA-II,16,58,27.868463631002424,3.854241974774954,11.525694761303047
Carside,R-NSGA-II,16,58,27.877049430245272,3.8543830281781104,11.522366477793378
Carside,R-NSGA-II,16,58,27.914381772532497,3.8522251215431336,11.52518375855712
Carside,R-NSGA-II,16,58,27.914381593818796,3.8522251215431336,11.525183766590217
Carside,R-NSGA-II,16,58,27.961392879885246,3.850779293604591,11.524063515685757
Carside,R-NSGA-II,16,58,27.878074612825102,3.8531501901202683,11.523521723470973
Carside,R-NSGA-II,16,58,27.913839253081626,3.8522436473648263,11.525196498475216
Carside,R-NSGA-II,16,58,27.909338883194717,3.8523290531816037,11.525978513968463
Carside,R-NSGA-II,16,58,27.94041027461285,3.851702069351854,11.520343564815015
Carside,R-NSGA-II,16,58,27.914664675764552,3.8522052874624575,11.525188180827502
Carside,R-NSGA-II,16,58,27.961734295892693,3.8503902044597864,11.525805622049608
Carside,R-NSGA-II,16,58,27.91220530914632,3.8523010884773217,11.525194632540787
Carside,R-NSGA-II,16,58,27.873968589049387,3.8528690996458086,11.528320253598421
Carside,R-NSGA-II,16,58,27.9107578308554,3.852267362144077,11.525831814520544
Carside,R-NSGA-II,16,58,27.91188102489861,3.85223259955558,11.525688588247471
Carside,R-NSGA-II,16,58,27.86756620944105,3.854494459792846,11.52363159959138
Carside,R-NSGA-II,16,58,27.91443975341808,3.8525344451361496,11.519416575837102
Carside,R-NSGA-II,16,58,27.910093759839118,3.8522595359135994,11.52611902666134
Carside,R-NSGA-II,16,58,27.896897871109648,3.853057138845368,11.520048033693826
Carside,R-NSGA-II,16,58,27.91236068465257,3.8521939708777864,11.525787845123187
Carside,R-NSGA-II,16,58,27.95995137460476,3.8510640204775997,11.521556083853554
Carside,R-NSGA-II,16,58,27.91179511786787,3.852226006744941,11.525698202228668
Carside,R-NSGA-II,16,58,27.912075862150008,3.8521939708777864,11.52582173461131
Carside,R-NSGA-II,16,58,27.912044052962095,3.8521939708777864,11.52582442989331
Carside,R-NSGA-II,16,58,27.897961279451053,3.854313818238353,11.518745450207938
Carside,R-NSGA-II,16,58,27.915700092581986,3.8520856847725615,11.52552869560593
Carside,R-NSGA-II,16,58,27.860006780413638,3.855296444923182,11.525694761303047
Carside,R-NSGA-II,16,58,27.907984516664257,3.8537930473357527,11.518284380694903
Carside,R-NSGA-II,16,58,27.914261482171913,3.8521242371445132,11.525629672215228
Carside,R-NSGA-II,16,58,27.91571250079617,3.8520841376136854,11.52552869560593
Carside,R-NSGA-II,16,58,27.87945703462638,3.8524179513838237,11.530456157529402
Carside,R-NSGA-II,16,58,27.911035185924362,3.852226006744941,11.525835774737338
Carside,R-NSGA-II,16,58,27.86533110844197,3.8533928057036597,11.527694912180289
Carside,R-NSGA-II,16,58,27.860598070256664,3.8542252831060706,11.527623344289452
Carside,R-NSGA-II,16,58,27.91104757553251,3.85222446190602,11.525835774737338
Carside,R-NSGA-II,16,58,27.931106756788676,3.85183023909932,11.524638187231016
Carside,R-NSGA-II,16,58,27.913061256529332,3.852127931245988,11.525723599235292
Carside,R-NSGA-II,16,58,27.931924540357915,3.851892772781918,11.524234260545498
Carside,R-NSGA-II,16,58,27.863659757823477,3.8555002522383828,11.522591975590919
Carside,R-NSGA-II,16,58,27.90815342573332,3.852267362144077,11.52605213392442
Carside,R-NSGA-II,16,58,27.880222843076155,3.8544513813434094,11.519925564885826
Carside,R-NSGA-II,16,58,27.92957169257628,3.851755724802544,11.524915699550977
Carside,R-NSGA-II,16,58,27.93179926309631,3.852288457445842,11.51828358889803
Carside,R-NSGA-II,16,58,27.90514731202125,3.85234299314824,11.526247898105096
Carside,R-NSGA-II,16,58,27.857589720763677,3.8543240667247454,11.526146491252597
Carside,R-NSGA-II,16,58,27.90785830676127,3.8521976682344072,11.526176772670041
Carside,R-NSGA-II,16,58,27.911585968705385,3.852792330763127,11.518315609682631
Carside,R-NSGA-II,16,58,27.90943598420586,3.8521201035006096,11.526272867866853
Carside,R-NSGA-II,16,58,27.877414168531175,3.8535392450801162,11.520811699199948
Carside,R-NSGA-II,16,58,27.904391464707214,3.8523240621767965,11.526452521300458
Carside,R-NSGA-II,16,58,27.855917367707796,3.855526603649851,11.523796369290984
Carside,R-NSGA-II,16,58,27.904648600846908,3.852346247452276,11.525825211587986
Carside,R-NSGA-II,16,58,27.90325203829956,3.852333085063209,11.52644616684717
Carside,R-NSGA-II,16,58,27.875699717259145,3.855476713785258,11.519323076531226
Carside,R-NSGA-II,16,58,27.902770404392207,3.8523430008242534,11.526450454813885
Carside,R-NSGA-II,16,58,27.988799322844766,3.8521958848817275,11.51911726705037
Carside,R-NSGA-II,16,58,27.855259559611785,3.8533067687372005,11.528652840470123
Carside,R-NSGA-II,16,58,27.902649072735876,3.8523420668876147,11.526513401352057
Carside,R-NSGA-II,16,58,27.902327822352287,3.8523430008242534,11.526576359841748
Carside,R-NSGA-II,17,59,27.901721705721016,3.852934599481312,11.523841568792616
Carside,R-NSGA-II,17,59,27.914681844137473,3.8524668639798634,11.523809404289988
Carside,R-NSGA-II,17,59,27.911685372542934,3.8522724960244985,11.527043970889899
Carside,R-NSGA-II,17,59,27.894947132172625,3.852923742112755,11.525206798669226
Carside,R-NSGA-II,17,59,27.888307663980303,3.85334402204485,11.524059148278136
Carside,R-NSGA-II,17,59,27.887444660158852,3.8559402993172953,11.52007437354972
Carside,R-NSGA-II,17,59,27.919896276729116,3.8519830935291006,11.525605754467765
Carside,R-NSGA-II,17,59,27.91021716125466,3.852864286506213,11.52116686554071
Carside,R-NSGA-II,17,59,27.931662764883807,3.852315937589703,11.521508088714931
Carside,R-NSGA-II,17,59,27.901445922819057,3.8529351891289094,11.523887670129483
Carside,R-NSGA-II,17,59,27.901070694765565,3.8529449562639186,11.52389024006748
Carside,R-NSGA-II,17,59,27.897440218683336,3.8530676222202223,11.523978369015111
Carside,R-NSGA-II,17,59,27.897447386572754,3.853066729045567,11.523978501344146
Carside,R-NSGA-II,17,59,27.897447386602025,3.853066729045567,11.5239752803804
Carside,R-NSGA-II,17,59,27.90864444573667,3.8520920011620445,11.528519821281119
Carside,R-NSGA-II,17,59,27.89664531112586,3.853102527534531,11.523982828669691
Carside,R-NSGA-II,17,59,27.901481161725698,3.8528824728209603,11.523995224350584
Carside,R-NSGA-II,17,59,27.90053643169642,3.8527943930988746,11.52489459968319
Carside,R-NSGA-II,17,59,27.939373706130866,3.8518494822071165,11.523287215926562
Carside,R-NSGA-II,17,59,27.901116093582605,3.8528814683343353,11.523998606976054
Carside,R-NSGA-II,17,59,27.89649320102854,3.8545583576022846,11.518735246635647
Carside,R-NSGA-II,17,59,27.900930478709373,3.852885318517719,11.524005872978762
Carside,R-NSGA-II,17,59,27.894764572321062,3.8531741008267866,11.521532815615663
Carside,R-NSGA-II,17,59,27.902330012470628,3.8528523854988923,11.523856074721397
Carside,R-NSGA-II,17,59,27.901066970970838,3.852885318517719,11.523967088053812
Carside,R-NSGA-II,17,59,27.901013739021135,3.8536865819581863,11.519258123998299
Carside,R-NSGA-II,17,59,27.901626033859788,3.8528169133200247,11.524284079604776
Carside,R-NSGA-II,17,59,27.901180939027707,3.852873705888476,11.523998724210067
Carside,R-NSGA-II,17,59,27.91976570733759,3.8554023218734965,11.516460768310807
Carside,R-NSGA-II,17,59,27.9020614450937,3.852850669879365,11.523897196476705
Carside,R-NSGA-II,17,59,27.917269274636542,3.8528307278191445,11.519516377955824
Carside,R-NSGA-II,17,59,27.902245151595213,3.852835842915439,11.523932009755452
Carside,R-NSGA-II,17,59,27.91606055823764,3.8524239746987727,11.520715094752205
Carside,R-NSGA-II,17,59,27.8978800655162,3.8530093024014955,11.523997102759015
Carside,R-NSGA-II,17,59,27.897889680812064,3.8530093024014955,11.523992994327449
Carside,R-NSGA-II,17,59,27.88136075573464,3.8528624318278215,11.526273566931929
Carside,R-NSGA-II,17,59,27.897889680812852,3.8530093024014955,11.523992907298307
Carside,R-NSGA-II,17,59,27.897805870714734,3.8530121101235864,11.523994168766585
Carside,R-NSGA-II,17,59,27.90093501201814,3.8531769685923667,11.519763283758401
Carside,R-NSGA-II,17,59,27.940078704583456,3.8514685121914782,11.524387821094741
Carside,R-NSGA-II,17,59,27.90136165794039,3.8528186235720514,11.524234755565827
Carside,R-NSGA-II,17,59,27.898352428813464,3.852320901297914,11.530951723598852
Carside,R-NSGA-II,17,59,27.96969060526278,3.855326890125269,11.515910448716312
Carside,R-NSGA-II,17,59,27.90250021094344,3.8527707909487012,11.524208500482324
Carside,R-NSGA-II,17,59,27.90144197947449,3.852836094150321,11.524023383277852
Carside,R-NSGA-II,17,59,27.881622982576935,3.8528056589755213,11.530203153357357
Carside,R-NSGA-II,17,59,27.900566211445213,3.852811189978228,11.524456473426657
Carside,R-NSGA-II,17,59,27.860806929896235,3.854604168009176,11.528983266972961
Carside,R-NSGA-II,17,59,27.9015496435734,3.852835842915439,11.523996071880767
Carside,R-NSGA-II,17,59,27.86449000507097,3.856277553110393,11.522538895021146
Carside,R-NSGA-II,17,59,27.9015496435761,3.852835842915439,11.523995774823973
Carside,R-NSGA-II,17,59,27.900393029680263,3.8528169133200247,11.524459151190175
Carside,R-NSGA-II,17,59,27.901186338960535,3.852843858122317,11.524027211015131
Carside,R-NSGA-II,17,59,27.902628698030462,3.8528283809131283,11.523742261728543
Carside,R-NSGA-II,17,59,27.90040958447832,3.8528584209657,11.5241171104485
Carside,R-NSGA-II,17,59,27.871814464494697,3.8529538278467257,11.527232742666165
Carside,R-NSGA-II,17,59,27.901951073723858,3.8528179255404984,11.52396462230362
Carside,R-NSGA-II,17,59,27.89878578240937,3.8528205047646535,11.524950803969361
Carside,R-NSGA-II,17,59,27.857013716048108,3.856292726791653,11.524281134302253
Carside,R-NSGA-II,17,59,27.899995532874833,3.8528220454890665,11.524487840384978
Carside,R-NSGA-II,17,59,27.863306515452447,3.854147317068175,11.523202929364313
Carside,R-NSGA-II,17,59,27.90156951386895,3.8528183733488497,11.524001212234568
Carside,R-NSGA-II,17,59,27.853528539069874,3.855420090538344,11.525489592565842
Carside,R-NSGA-II,17,59,27.899516926398842,3.8528707839355048,11.524189923456522
Carside,R-NSGA-II,17,59,27.866006236329202,3.8535961533797765,11.523317720122932
Carside,R-NSGA-II,17,59,27.903191678687772,3.8527696465545467,11.523886721052069
Carside,R-NSGA-II,17,59,27.944603789802667,3.851910228925426,11.51881308093307
Carside,R-NSGA-II,17,59,27.897750186031583,3.8529060193307245,11.524453118469083
Carside,R-NSGA-II,17,59,27.89806371509613,3.8528274174698214,11.525002146679075
Carside,R-NSGA-II,17,59,27.851655437960638,3.854634611500129,11.526599649889356
Carside,R-NSGA-II,17,59,27.896437987215222,3.8529060193307245,11.52492810570928
Carside,R-NSGA-II,17,59,27.928682740337937,3.852641686898322,11.516915672844641
Carside,R-NSGA-II,17,59,27.900910329052472,3.8528267364441233,11.524045666349105
Carside,R-NSGA-II,17,59,27.87476766026445,3.8569221716056132,11.518458026063186
Carside,R-NSGA-II,17,59,27.859153088930356,3.853558360565026,11.530572864236916
Carside,R-NSGA-II,17,59,27.898315042775675,3.8529390354457913,11.524005484336993
Carside,R-NSGA-II,17,59,27.951244528509363,3.8528439479760648,11.515926038269196
Carside,R-NSGA-II,17,59,27.90207990281986,3.8527723682030923,11.524037454189767
Carside,R-NSGA-II,17,59,27.984439643673785,3.855175807774707,11.51467214923893
Carside,R-NSGA-II,17,59,27.89862413978483,3.8529194235753805,11.523980476606537
Carside,R-NSGA-II,17,59,27.963896903749973,3.8511179759298257,11.521401688870723
Carside,R-NSGA-II,17,59,27.898608978126983,3.8529194895361485,11.523983976845159
Carside,R-NSGA-II,17,59,27.972470397712133,3.8528109810751676,11.516245368617689
Carside,R-NSGA-II,17,59,27.89508991044694,3.8529128364040854,11.525200015851448
Carside,R-NSGA-II,17,59,27.867033003399964,3.8528246230983934,11.53381599054027
Carside,R-NSGA-II,17,59,27.83906356858866,3.856170900644322,11.530287329310251
Carside,R-NSGA-II,17,59,27.89500610034961,3.8529156435931586,11.525201190175606
Carside,R-NSGA-II,17,59,27.967580366697497,3.8513116550920996,11.517833475849727
Carside,R-NSGA-II,17,59,27.894996885659385,3.852915548463181,11.525203835912208
Carside,R-NSGA-II,17,59,27.89843367083789,3.852901694693035,11.52404261633934
Carside,R-NSGA-II,17,59,28.011484735300627,3.8529122339751667,11.514309830171154
Carside,R-NSGA-II,17,59,28.004999699751263,3.8495055190267404,11.521652351896593
Carside,R-NSGA-II,17,59,27.89853049619502,3.8528646369413573,11.524255801406692
Carside,R-NSGA-II,17,59,27.89834950836414,3.8528400873125745,11.524479760276593
Carside,R-NSGA-II,17,59,27.834468067099277,3.8600131669462643,11.522541347062417
Carside,R-NSGA-II,17,59,27.82172671504052,3.8594391897851326,11.527905203580678
Carside,R-NSGA-II,17,59,27.894673199681534,3.8529230505696868,11.525213745518121
Carside,R-NSGA-II,17,59,27.896972452280924,3.8528636251794,11.524750325914802
Carside,R-NSGA-II,17,59,27.836805895643238,3.853028879693217,11.540475094541893
Carside,R-NSGA-II,17,59,27.897995012399537,3.8528400873125745,11.524505448284934
Carside,R-NSGA-II,18,60,27.90206964219579,3.852298774613715,11.52622046006854
Carside,R-NSGA-II,18,60,27.892432263243347,3.852921428442824,11.525271940725254
Carside,R-NSGA-II,18,60,27.922532294559996,3.8517620600595546,11.52516650498475
Carside,R-NSGA-II,18,60,27.867822606519237,3.8543600391094337,11.52628079788939
Carside,R-NSGA-II,18,60,27.878582490912862,3.8530674128236044,11.526168415915972
Carside,R-NSGA-II,18,60,27.891171660128432,3.852225922762572,11.527388593651922
Carside,R-NSGA-II,18,60,27.90862141772331,3.8525233280714084,11.524138503387611
Carside,R-NSGA-II,18,60,27.88228311779011,3.8535598684645094,11.524520067521642
Carside,R-NSGA-II,18,60,27.925871687916562,3.8513370842751216,11.528333222793467
Carside,R-NSGA-II,18,60,27.887052466124644,3.8526443886240282,11.528887824831784
Carside,R-NSGA-II,18,60,27.907027685623625,3.8517944571352505,11.52921615554863
Carside,R-NSGA-II,18,60,27.934380839614015,3.8511811334384176,11.525230277844962
Carside,R-NSGA-II,18,60,27.923845608630398,3.852068692673627,11.52357788814474
Carside,R-NSGA-II,18,60,27.869533541013702,3.8529773090145936,11.527291187721541
Carside,R-NSGA-II,18,60,27.86588321439741,3.854479854050877,11.52469165653211
Carside,R-NSGA-II,18,60,27.856991849273516,3.85448993739995,11.52770809805277
Carside,R-NSGA-II,18,60,27.958936975061853,3.8508350908018825,11.526035242488636
Carside,R-NSGA-II,18,60,27.894626768785766,3.852784395087494,11.523420105571164
Carside,R-NSGA-II,18,60,27.848126535388705,3.8559326933217957,11.526792686898096
Carside,R-NSGA-II,18,60,27.905477334566264,3.852680826774654,11.522671432192432
Carside,R-NSGA-II,18,60,27.866491059962886,3.852989795213053,11.529501723443484
Carside,R-NSGA-II,18,60,27.85851958555272,3.8562252180936065,11.523463111296243
Carside,R-NSGA-II,18,60,27.842006473825116,3.854895495926291,11.528118846684997
Carside,R-NSGA-II,18,60,27.96597183598206,3.8500314546416816,11.527509967859558
Carside,R-NSGA-II,18,60,27.87009981089856,3.8547894282891573,11.522382965556698
Carside,R-NSGA-II,18,60,27.888777884275274,3.851926453703147,11.530894014894404
Carside,R-NSGA-II,18,60,27.91506999317884,3.8512822953299444,11.53115479340218
Carside,R-NSGA-II,18,60,27.948847428902834,3.8514634471393694,11.522401387914032
Carside,R-NSGA-II,18,60,27.881358491703427,3.854520852660703,11.521725973623198
Carside,R-NSGA-II,18,60,27.900179119462255,3.8531751816791164,11.521511726111793
Carside,R-NSGA-II,18,60,27.976005543112553,3.8509348126031733,11.523417195755467
Carside,R-NSGA-II,18,60,27.90805462400763,3.8521435562943185,11.525774230583746
Carside,R-NSGA-II,18,60,27.8902686251741,3.8528202017349336,11.5256295036435
Carside,R-NSGA-II,18,60,27.909080243326287,3.8523937956781547,11.521684645069582
Carside,R-NSGA-II,18,60,27.910471651665414,3.8518815661774832,11.526059145392875
Carside,R-NSGA-II,18,60,27.91145633606221,3.8518500706852863,11.52604077031354
Carside,R-NSGA-II,18,60,27.855610436460346,3.858169285753983,11.523675242583872
Carside,R-NSGA-II,18,60,27.897336062747527,3.8524492271806956,11.525493298397238
Carside,R-NSGA-II,18,60,27.886802639456164,3.852781212221412,11.526070931436507
Carside,R-NSGA-II,18,60,27.87454960363031,3.8527107500531548,11.531555663005115
Carside,R-NSGA-II,18,60,27.897699816623682,3.8526040550999854,11.5250109472133
Carside,R-NSGA-II,18,60,27.8863211573252,3.8556965631409463,11.520690377961206
Carside,R-NSGA-II,18,60,27.922557671136627,3.8517620600595546,11.525165355540244
Carside,R-NSGA-II,18,60,27.882009319149805,3.853014996845121,11.525911402037154
Carside,R-NSGA-II,18,60,27.92622180667918,3.852267887206463,11.520919884698944
Carside,R-NSGA-II,18,60,27.867822070927833,3.8543600391094337,11.526280843213181
Carside,R-NSGA-II,18,60,27.87020051388659,3.8547796438953132,11.520895058997793
Carside,R-NSGA-II,18,60,27.95706149956584,3.8510926015596754,11.521359456639036
Carside,R-NSGA-II,18,60,27.88226195813771,3.853070667371358,11.525686971091705
Carside,R-NSGA-II,18,60,27.85599571679764,3.8533103499349983,11.531979298674152
Carside,R-NSGA-II,18,60,27.891840869713427,3.852550206366726,11.525326450578518
Carside,R-NSGA-II,18,60,27.878129052266406,3.8531942020809433,11.525863734911184
Carside,R-NSGA-II,18,60,27.879667891230802,3.853102026090666,11.525749850566338
Carside,R-NSGA-II,18,60,27.891183452152966,3.852224452339512,11.527473044568119
Carside,R-NSGA-II,18,60,27.879618741207103,3.852361117818818,11.533306858153672
Carside,R-NSGA-II,18,60,27.83549562606231,3.856104121952019,11.531939697379096
Carside,R-NSGA-II,18,60,27.90866632748831,3.85252174249254,11.52413794644529
Carside,R-NSGA-II,18,60,27.949424939029036,3.8515841138107887,11.520036919184971
Carside,R-NSGA-II,18,60,27.908878325722053,3.852516786624607,11.524117529606546
Carside,R-NSGA-II,18,60,27.913206595872207,3.852921428442824,11.519375270758658
Carside,R-NSGA-II,18,60,27.879482273915908,3.8530339196267125,11.525859089434762
Carside,R-NSGA-II,18,60,27.913175543014994,3.85225528535429,11.524271798533277
Carside,R-NSGA-II,18,60,27.876896401780304,3.8531065252486267,11.52603603791556
Carside,R-NSGA-II,18,60,27.8884802134627,3.8558289737133937,11.519121948485555
Carside,R-NSGA-II,18,60,27.89826600201433,3.852600698444999,11.524475322460955
Carside,R-NSGA-II,18,60,27.8750441805775,3.8530975263935874,11.526628415228096
Carside,R-NSGA-II,18,60,27.89083071329965,3.85456497103541,11.519071331135617
Carside,R-NSGA-II,18,60,27.911959552199136,3.8523715606868576,11.524036672679106
Carside,R-NSGA-II,18,60,27.896938977747446,3.853278387281041,11.518965811696146
Carside,R-NSGA-II,18,60,27.917848750288634,3.852258440564392,11.523927539316007
Carside,R-NSGA-II,18,60,27.886844476410364,3.853165723110418,11.524332925081339
Carside,R-NSGA-II,18,60,27.85002484724331,3.853061671689512,11.53341202667016
Carside,R-NSGA-II,18,60,27.873861564721206,3.8561640977208715,11.518960237371985
Carside,R-NSGA-II,18,60,27.883146988832042,3.853164242269112,11.524651435949181
Carside,R-NSGA-II,18,60,27.886694676771114,3.8531657226153864,11.524339528592277
Carside,R-NSGA-II,18,60,27.92962854914801,3.8521920603733775,11.518778189693897
Carside,R-NSGA-II,18,60,28.009366838307155,3.8488674638921756,11.524087997532693
Carside,R-NSGA-II,18,60,27.932353583181325,3.851538240828183,11.52462556816375
Carside,R-NSGA-II,18,60,27.919049357112733,3.8523342103805076,11.523618558411156
Carside,R-NSGA-II,18,60,27.93234179119693,3.851539711250692,11.524537205155704
Carside,R-NSGA-II,18,60,27.98368852034508,3.8498410193044146,11.52094358390536
Carside,R-NSGA-II,18,60,27.86801359012513,3.8533515296196064,11.526708461233971
Carside,R-NSGA-II,18,60,27.914854928034867,3.8528984314015347,11.518303887466834
Carside,R-NSGA-II,18,60,27.901845269653258,3.8523509701896526,11.52419635242724
Carside,R-NSGA-II,18,60,27.825816223023644,3.856043845408226,11.533353967345036
Carside,R-NSGA-II,18,60,27.8817666977356,3.852773428566272,11.529048658314771
Carside,R-NSGA-II,18,60,28.006886131258355,3.849217491753059,11.522016157250754
Carside,R-NSGA-II,18,60,28.02170061578822,3.8507638277777247,11.52053071582005
Carside,R-NSGA-II,18,60,27.908889939941904,3.8525269334867547,11.523481551070596
Carside,R-NSGA-II,18,60,27.887589170269646,3.8567492487672737,11.51780323285281
Carside,R-NSGA-II,18,60,27.954581607568787,3.851240992186941,11.518332295447994
Carside,R-NSGA-II,18,60,27.861606277870422,3.8537845523153504,11.526293270154154
Carside,R-NSGA-II,18,60,27.865002195638834,3.8545112905353895,11.524705361729538
Carside,R-NSGA-II,18,60,27.92408346235288,3.852719635846929,11.517077925773037
Carside,R-NSGA-II,18,60,27.945122105364128,3.8519782162378213,11.517252727288371
Carside,R-NSGA-II,18,60,27.856633622115467,3.854501899714725,11.527713945638542
Carside,R-NSGA-II,18,60,27.973095924308605,3.851282649958902,11.517528232409173
Carside,R-NSGA-II,18,60,27.881203754793074,3.8527320659006135,11.529443963318034
Carside,R-NSGA-II,18,60,27.8630571565783,3.853176151764237,11.527588366143672
Carside,R-NSGA-II,18,60,28.039069047313262,3.8489866066809086,11.521842303431207
Carside,R-NSGA-II,19,61,27.9235894622726,3.852193926377353,11.525192557384116
Carside,R-NSGA-II,19,61,27.90921761072024,3.852492290407138,11.525208262504849
Carside,R-NSGA-II,19,61,27.917432222375588,3.852454180670635,11.523270418399772
Carside,R-NSGA-II,19,61,27.896297748093897,3.8526632780255143,11.526747545125382
Carside,R-NSGA-II,19,61,27.90132559391305,3.852784384366484,11.523677527648315
Carside,R-NSGA-II,19,61,27.90550599420441,3.852246287047016,11.529148240419776
Carside,R-NSGA-II,19,61,27.87171774130078,3.8557553816148116,11.525535677526168
Carside,R-NSGA-II,19,61,27.93920594242961,3.851552496064607,11.524960886580537
Carside,R-NSGA-II,19,61,27.883495106291704,3.8531835970900703,11.52688608005873
Carside,R-NSGA-II,19,61,27.912083066319262,3.851757584277948,11.527061715266303
Carside,R-NSGA-II,19,61,27.911102868991254,3.852803644471643,11.521192126610122
Carside,R-NSGA-II,19,61,27.91332641468843,3.852399846191399,11.524903759777192
Carside,R-NSGA-II,19,61,27.89070707468047,3.852692094396154,11.52881658420372
Carside,R-NSGA-II,19,61,27.870803313928242,3.8545829233071323,11.526930791738355
Carside,R-NSGA-II,19,61,27.910148355064326,3.8524715068476842,11.525104315431243
Carside,R-NSGA-II,19,61,27.910696501579302,3.852448264785317,11.525137034846875
Carside,R-NSGA-II,19,61,27.88766643656469,3.8533496281801476,11.522814134298802
Carside,R-NSGA-II,19,61,27.91081507040738,3.8524470270893163,11.5251108649597
Carside,R-NSGA-II,19,61,27.91064272622342,3.852448264785317,11.525139453099442
Carside,R-NSGA-II,19,61,27.941303574972636,3.8512663380871404,11.528636383061523
Carside,R-NSGA-II,19,61,27.91061462463743,3.852448754900801,11.52514075559963
Carside,R-NSGA-II,19,61,27.910617638528265,3.852448264785317,11.525140581281345
Carside,R-NSGA-II,19,61,27.910594875617257,3.852448264785317,11.52514695755243
Carside,R-NSGA-II,19,61,27.910041704753098,3.8524668588225466,11.525149320453622
Carside,R-NSGA-II,19,61,27.875300883921806,3.854538575936803,11.52279856196677
Carside,R-NSGA-II,19,61,27.948730587708944,3.85152761813581,11.523049118352045
Carside,R-NSGA-II,19,61,27.91060289254727,3.8524479555184574,11.525141481361805
Carside,R-NSGA-II,19,61,27.910073049109428,3.852465492967504,11.525138577040146
Carside,R-NSGA-II,19,61,27.9205744577041,3.851552496064607,11.530248936352642
Carside,R-NSGA-II,19,61,27.909848096169178,3.8524702546470757,11.52515803984324
Carside,R-NSGA-II,19,61,27.89704839152247,3.8531524392119283,11.521005920320361
Carside,R-NSGA-II,19,61,27.91033870383124,3.8524526338917537,11.5251454914971
Carside,R-NSGA-II,19,61,27.910699486039753,3.8524410731826184,11.525139494329188
Carside,R-NSGA-II,19,61,27.924779414041208,3.8521473759126503,11.520953309168345
Carside,R-NSGA-II,19,61,27.91067138445377,3.852441563298102,11.525140796829374
Carside,R-NSGA-II,19,61,27.909615085802937,3.8524708023843166,11.525173012716273
Carside,R-NSGA-II,19,61,27.876357271453774,3.855550547434901,11.52134741956289
Carside,R-NSGA-II,19,61,27.91009093993151,3.8524529206004945,11.525161829904178
Carside,R-NSGA-II,19,61,27.910271433996687,3.852443271434587,11.525176388629617
Carside,R-NSGA-II,19,61,27.9072887955275,3.852547074955282,11.525208372157524
Carside,R-NSGA-II,19,61,27.910079371670605,3.852448264785317,11.525170350524562
Carside,R-NSGA-II,19,61,27.91010295644027,3.8524479555184574,11.52516364929911
Carside,R-NSGA-II,19,61,27.91005383683594,3.8524480038763596,11.525171431114117
Carside,R-NSGA-II,19,61,27.909527978358287,3.852462350117872,11.525204494061587
Carside,R-NSGA-II,19,61,27.910075788878814,3.852446815216529,11.525174009219285
Carside,R-NSGA-II,19,61,27.90999808486159,3.852446815216529,11.525196459856048
Carside,R-NSGA-II,19,61,27.90999519052464,3.852446815216529,11.525197211101359
Carside,R-NSGA-II,19,61,27.90928620114232,3.8524704196760617,11.52520725965946
Carside,R-NSGA-II,19,61,27.910178706381902,3.8524433606313964,11.52517252942025
Carside,R-NSGA-II,19,61,27.89190088270677,3.8523276340196206,11.530755973441751
Carside,R-NSGA-II,19,61,27.909248082826434,3.8524704741376476,11.525217086911844
Carside,R-NSGA-II,19,61,27.909270850168074,3.852471546298557,11.525200672273545
Carside,R-NSGA-II,19,61,27.909998084889295,3.852446815216529,11.525193417770573
Carside,R-NSGA-II,19,61,27.861703448118117,3.8565322666428954,11.524768291658116
Carside,R-NSGA-II,19,61,27.9102882223006,3.8524391669880877,11.525169782844888
Carside,R-NSGA-II,19,61,27.869131632620483,3.8532882237112958,11.528047730248744
Carside,R-NSGA-II,19,61,27.910080532884265,3.852443325569279,11.52519005336313
Carside,R-NSGA-II,19,61,27.94271321094135,3.851869774772225,11.520021012691656
Carside,R-NSGA-II,19,61,27.910631180017123,3.8524537028097123,11.524953240947454
Carside,R-NSGA-II,19,61,27.906440675335226,3.853150327585097,11.51884751233791
Carside,R-NSGA-II,19,61,27.906773752681268,3.8525548455251895,11.525255087478708
Carside,R-NSGA-II,19,61,27.88941415659438,3.8561094943669207,11.51851392157726
Carside,R-NSGA-II,19,61,27.910418907120132,3.8524541180666927,11.524969759317646
Carside,R-NSGA-II,19,61,27.912011531885877,3.85239533258214,11.525018402832668
Carside,R-NSGA-II,19,61,27.90983543080149,3.852443414289673,11.525213121902851
Carside,R-NSGA-II,19,61,27.90983506080993,3.8524434173620734,11.525213151327428
Carside,R-NSGA-II,19,61,27.91202342384728,3.855978511214624,11.516711107485378
Carside,R-NSGA-II,19,61,27.90959311492734,3.8524529206004945,11.525201301326376
Carside,R-NSGA-II,19,61,27.868375182269173,3.8563562879885116,11.52127216589928
Carside,R-NSGA-II,19,61,27.90867581302918,3.8524786581473482,11.52526041247516
Carside,R-NSGA-II,19,61,27.90985191500617,3.8524434128536353,11.525204666296693
Carside,R-NSGA-II,19,61,27.877670859668356,3.852621468345925,11.53115263569523
Carside,R-NSGA-II,19,61,27.909850942143994,3.852443426769747,11.525204387463898
Carside,R-NSGA-II,19,61,27.85384636466086,3.855037976371534,11.527151815409761
Carside,R-NSGA-II,19,61,27.893836341701135,3.8536647233814145,11.518334058676999
Carside,R-NSGA-II,19,61,27.909857708176794,3.852443185088012,11.525204409511378
Carside,R-NSGA-II,19,61,27.878308881370423,3.856622103642505,11.519166037490887
Carside,R-NSGA-II,19,61,27.90983506447519,3.85244341748368,11.525205434068148
Carside,R-NSGA-II,19,61,27.909693429146575,3.852447946706712,11.525182387725856
Carside,R-NSGA-II,19,61,27.880882106218575,3.8545017419367262,11.518877362923348
Carside,R-NSGA-II,19,61,27.97205563272707,3.8515701499651396,11.520495148909742
Carside,R-NSGA-II,19,61,27.909523695192526,3.8524437319555047,11.525238169952722
Carside,R-NSGA-II,19,61,27.90952354511702,3.8524437319555047,11.525238176702082
Carside,R-NSGA-II,19,61,27.932685185497835,3.852940765820724,11.516954703989626
Carside,R-NSGA-II,19,61,27.909539543135097,3.852443732299716,11.525230529038984
Carside,R-NSGA-II,19,61,27.856188285687953,3.8537392346116977,11.528239932064931
Carside,R-NSGA-II,19,61,27.910356065931953,3.852393054549543,11.525203518562579
Carside,R-NSGA-II,19,61,27.90243239371116,3.852691921509577,11.52531783155652
Carside,R-NSGA-II,19,61,27.923546881655916,3.85230625447193,11.517911202847497
Carside,R-NSGA-II,19,61,27.91035114290032,3.8523891020521033,11.52520372553473
Carside,R-NSGA-II,19,61,27.932656040041127,3.856027295519666,11.514925486105941
Carside,R-NSGA-II,19,61,27.901105698375478,3.8527727168028436,11.525108674976737
Carside,R-NSGA-II,19,61,27.963689518010835,3.8498745266249426,11.526968548647673
Carside,R-NSGA-II,19,61,27.90113678135651,3.8527717399496573,11.52510432238585
Carside,R-NSGA-II,19,61,27.976027386851545,3.8511461948458194,11.51873365338529
Carside,R-NSGA-II,19,61,27.89975152465732,3.8528244726349374,11.52522586280211
Carside,R-NSGA-II,19,61,27.842852106103713,3.8549939720561124,11.53160287215736
Carside,R-NSGA-II,19,61,27.90117190195938,3.8527975192396666,11.524881529800552
Carside,R-NSGA-II,19,61,27.854864314413362,3.859274698406053,11.52520755475102
Carside,R-NSGA-II,19,61,27.90010583937293,3.852806111866312,11.525123080045287
Carside,R-NSGA-II,20,62,27.908172057677223,3.8527477075517935,11.523882931083044
Carside,R-NSGA-II,20,62,27.918867728105777,3.852125116954295,11.525957930857107
Carside,R-NSGA-II,20,62,27.916537690953124,3.852531051759204,11.52208041353829
Carside,R-NSGA-II,20,62,27.900700356884105,3.8525619697283773,11.5253770263424
Carside,R-NSGA-II,20,62,27.93721737522918,3.85206836359566,11.522871660116895
Carside,R-NSGA-II,20,62,27.891098998082356,3.853187930515881,11.523899315471212
Carside,R-NSGA-II,20,62,27.90060819563945,3.8524076711738755,11.52827812710628
Carside,R-NSGA-II,20,62,27.898207518972526,3.852969246534846,11.522433122747852
Carside,R-NSGA-II,20,62,27.867611384223235,3.855705061498946,11.525731501336114
Carside,R-NSGA-II,20,62,27.894278504471245,3.853471785414997,11.52082276120876
Carside,R-NSGA-II,20,62,27.871596200027764,3.856796725247953,11.524644230712987
Carside,R-NSGA-II,20,62,27.942100674029607,3.851604743559468,11.52431455244717
Carside,R-NSGA-II,20,62,27.92842644117103,3.852281592366896,11.520629999283905
Carside,R-NSGA-II,20,62,27.882031004632598,3.8530543894464127,11.525873718809828
Carside,R-NSGA-II,20,62,27.90332908962006,3.8530568588051337,11.519992379212344
Carside,R-NSGA-II,20,62,27.914374477824154,3.851690053938959,11.528698254819204
Carside,R-NSGA-II,20,62,27.926859789669244,3.852644692087485,11.519124017392238
Carside,R-NSGA-II,20,62,27.880983681351015,3.8529536409076117,11.527678436446736
Carside,R-NSGA-II,20,62,27.90477560883644,3.85274610858851,11.524456959927555
Carside,R-NSGA-II,20,62,27.904149672331727,3.8527451682914373,11.524636998511713
Carside,R-NSGA-II,20,62,27.910764679579835,3.852675456295029,11.523377754963661
Carside,R-NSGA-II,20,62,27.910612736665783,3.852683171556625,11.523299668362338
Carside,R-NSGA-II,20,62,27.912473889078715,3.852482705004296,11.524267213022544
Carside,R-NSGA-II,20,62,27.910936490480662,3.852651742231391,11.523387031414046
Carside,R-NSGA-II,20,62,27.90552746275795,3.852683061740783,11.524368171681143
Carside,R-NSGA-II,20,62,27.90581229679638,3.852672482163958,11.524348833425327
Carside,R-NSGA-II,20,62,27.88310195943823,3.8538030031584563,11.520622564081847
Carside,R-NSGA-II,20,62,27.905850086546163,3.852648411554563,11.524363559162316
Carside,R-NSGA-II,20,62,27.90420053491652,3.8527491108531273,11.523715651427842
Carside,R-NSGA-II,20,62,27.94347740542326,3.852115760934268,11.519584355116807
Carside,R-NSGA-II,20,62,27.904645856153312,3.8525301696129692,11.52545814717629
Carside,R-NSGA-II,20,62,27.902973524461324,3.8527810608590713,11.52374773040594
Carside,R-NSGA-II,20,62,27.933905841066938,3.8533847837407764,11.516606845160329
Carside,R-NSGA-II,20,62,27.9029753921924,3.8527810608590713,11.523747185835454
Carside,R-NSGA-II,20,62,27.902948978696415,3.8527810608590713,11.523748147664406
Carside,R-NSGA-II,20,62,27.872615780770772,3.853800810353746,11.52288520306076
Carside,R-NSGA-II,20,62,27.8864688320215,3.855844077297063,11.51810996095968
Carside,R-NSGA-II,20,62,27.903276368393946,3.852780549935203,11.523662652672293
Carside,R-NSGA-II,20,62,27.900722223436585,3.852745610046726,11.524602922101153
Carside,R-NSGA-II,20,62,27.909199159366352,3.8530918337025897,11.518091863215531
Carside,R-NSGA-II,20,62,27.90781212831964,3.852447670264229,11.524737527773848
Carside,R-NSGA-II,20,62,27.907788526053128,3.852441844329697,11.524739564032984
Carside,R-NSGA-II,20,62,27.86789496750214,3.85358681996845,11.528075941311666
Carside,R-NSGA-II,20,62,27.91363820313633,3.8525517323463156,11.522693909597251
Carside,R-NSGA-II,20,62,27.916055483974503,3.8522826318942975,11.52395005076011
Carside,R-NSGA-II,20,62,27.899680481332055,3.852748063414096,11.5246004764347
Carside,R-NSGA-II,20,62,27.95167316566993,3.8516113581995457,11.520840976351053
Carside,R-NSGA-II,20,62,27.90056547540712,3.852676252211589,11.524793611516335
Carside,R-NSGA-II,20,62,27.901598000727095,3.85257996235347,11.525165653669696
Carside,R-NSGA-II,20,62,27.901599367937617,3.852579791878368,11.525165630560462
Carside,R-NSGA-II,20,62,27.893049145367918,3.852289940289792,11.53206601642781
Carside,R-NSGA-II,20,62,27.858470501659014,3.8561935587517557,11.524766115461643
Carside,R-NSGA-II,20,62,27.901976242035765,3.8525690754714166,11.524692483669702
Carside,R-NSGA-II,20,62,27.900409273203962,3.8525658782965237,11.525398340074478
Carside,R-NSGA-II,20,62,27.94422295012884,3.8538030031584563,11.515338199883683
Carside,R-NSGA-II,20,62,27.918596412740555,3.8526835804307322,11.517675499957146
Carside,R-NSGA-II,20,62,27.899412403409528,3.8525888155913273,11.52556936254453
Carside,R-NSGA-II,20,62,27.859468533518122,3.853760532458452,11.52603637963345
Carside,R-NSGA-II,20,62,27.937217375238305,3.85206836359566,11.522870656763065
Carside,R-NSGA-II,20,62,27.87724105986043,3.852807170033073,11.53233141889953
Carside,R-NSGA-II,20,62,27.898665514541165,3.8526710683496277,11.524912462009748
Carside,R-NSGA-II,20,62,27.94009474863187,3.8506891887344716,11.529116986670285
Carside,R-NSGA-II,20,62,27.899467377145882,3.8525732234802454,11.525674036068866
Carside,R-NSGA-II,20,62,27.89881871574548,3.8527491108531273,11.524171088711972
Carside,R-NSGA-II,20,62,27.922752680426736,3.8523297795896854,11.522297628614274
Carside,R-NSGA-II,20,62,27.861248730968754,3.8534414146749647,11.529875955279227
Carside,R-NSGA-II,20,62,27.94478593355735,3.8523696159239353,11.516353926561775
Carside,R-NSGA-II,20,62,27.90894945833215,3.852787900957844,11.521808334305188
Carside,R-NSGA-II,20,62,27.954582369161923,3.850418022732379,11.52778036132877
Carside,R-NSGA-II,20,62,27.898719444459328,3.8525801746913104,11.525787876904689
Carside,R-NSGA-II,20,62,27.990623221261632,3.85217742402515,11.518864233374492
Carside,R-NSGA-II,20,62,27.896827775865518,3.8527712057886694,11.52457419342883
Carside,R-NSGA-II,20,62,27.84911462980296,3.857090633685853,11.52611605256487
Carside,R-NSGA-II,20,62,27.89723605306179,3.8527905571180296,11.524223864349045
Carside,R-NSGA-II,20,62,27.923138853056138,3.852337030838024,11.522076982264533
Carside,R-NSGA-II,20,62,27.968767196013328,3.850710431167422,11.522686060882979
Carside,R-NSGA-II,20,62,27.89538948994222,3.8526520227515677,11.526694316109154
Carside,R-NSGA-II,20,62,27.86731638688563,3.852823402195971,11.533466260428945
Carside,R-NSGA-II,20,62,27.887787495539186,3.853409657291463,11.523516527075444
Carside,R-NSGA-II,20,62,27.917741919631787,3.852649293914501,11.520985826596363
Carside,R-NSGA-II,20,62,27.984234613282933,3.8527347212722916,11.514690625184322
Carside,R-NSGA-II,20,62,27.84383704892033,3.853800810353746,11.531004259355393
Carside,R-NSGA-II,20,62,27.895348210525825,3.8527140840251204,11.52485869350864
Carside,R-NSGA-II,20,62,27.83533602413543,3.856179974808537,11.527850388137345
Carside,R-NSGA-II,20,62,27.90811236290607,3.851825634984946,11.539094354693276
Carside,R-NSGA-II,20,62,27.97104929806684,3.8496508045822266,11.530738486441273
Carside,R-NSGA-II,20,62,27.886632015652797,3.853286563630464,11.524170194681979
Carside,R-NSGA-II,20,62,27.9058890598685,3.8529299906654124,11.521225106521715
Carside,R-NSGA-II,20,62,27.99605287161654,3.851179400311882,11.517460452488386
Carside,R-NSGA-II,20,62,27.989569595106822,3.849997308744922,11.522406051254983
Carside,R-NSGA-II,20,62,27.89754404730503,3.852482705004296,11.528509619793407
Carside,R-NSGA-II,20,62,27.88559197470362,3.853188215663026,11.524307001174797
Carside,R-NSGA-II,20,62,27.98914340827086,3.850415820092363,11.518977947246604
Carside,R-NSGA-II,20,62,28.011342950416257,3.850117105865533,11.520239560888912
Carside,R-NSGA-II,20,62,27.88544183946724,3.8531908717802024,11.524321107633277
Carside,R-NSGA-II,20,62,27.888330733933813,3.852883077334467,11.525347846460058
Carside,R-NSGA-II,20,62,28.01104225413357,3.851179898853666,11.51420774292042
Carside,R-NSGA-II,20,62,27.83618437375607,3.860431648388802,11.520635855187678
Carside,R-NSGA-II,20,62,27.88400860852407,3.8531881651658346,11.52475931171685
Carside,R-NSGA-II,20,62,27.83256506943642,3.860860792822246,11.52719871011287
